2048 16888 244
0 2
0 8
0 16
0 32
0 64
0 256
1 0
1 3
1 5
1 9
1 17
1 33
1 129
1 257
1 513
2 0
2 3
2 6
2 10
2 18
2 34
2 66
2 258
2 514
3 1
3 7
3 19
3 35
3 67
3 131
3 259
3 515
3 1027
4 0
4 5
4 12
4 36
4 68
4 132
4 260
5 1
5 4
5 7
5 13
5 21
5 37
5 69
5 133
5 261
5 517
5 1029
6 2
6 4
6 7
6 14
6 22
6 38
6 70
6 134
6 1030
7 3
7 6
7 15
7 23
7 39
7 263
7 1031
8 9
8 10
8 12
8 40
8 72
8 136
8 264
8 520
9 1
9 11
9 13
9 25
9 41
9 73
9 137
9 521
10 2
10 8
10 11
10 14
10 26
10 42
10 74
10 138
10 522
10 1034
11 3
11 9
11 10
11 15
11 27
11 43
11 75
11 139
11 267
11 523
11 1035
12 13
12 14
12 28
12 76
12 140
12 268
12 1036
13 9
13 15
13 29
13 45
13 77
13 141
13 269
13 525
13 1037
14 12
14 15
14 30
14 46
14 142
14 526
14 1038
15 7
15 11
15 13
15 14
15 31
15 47
15 79
15 143
15 271
15 527
15 1039
16 0
16 18
16 20
16 48
16 144
16 528
16 1040
17 1
17 16
17 19
17 21
17 25
17 81
17 145
17 529
17 1041
18 2
18 16
18 22
18 26
18 50
18 82
18 146
18 274
18 530
19 3
19 18
19 23
19 27
19 275
19 1043
20 4
20 16
20 21
20 22
20 28
20 52
20 84
20 148
20 276
20 532
20 1044
21 23
21 29
21 53
21 85
21 149
21 533
21 1045
22 6
22 18
22 20
22 23
22 86
22 150
22 278
22 534
22 1046
23 7
23 19
23 22
23 31
23 55
23 87
23 535
23 1047
24 8
24 16
24 26
24 28
24 56
24 88
24 152
24 280
24 536
24 1048
25 9
25 17
25 24
25 27
25 29
25 89
25 153
25 1049
26 18
26 24
26 27
26 58
26 90
26 154
26 282
26 538
26 1050
27 19
27 25
27 26
27 31
27 59
27 91
27 155
27 283
27 539
27 1051
28 20
28 24
28 29
28 30
28 60
28 92
28 156
28 284
28 540
28 1052
29 13
29 28
29 61
29 541
29 1053
30 22
30 26
30 28
30 31
30 62
30 94
30 158
30 286
30 542
30 1054
31 15
31 27
31 29
31 63
31 159
31 287
31 1055
32 0
32 33
32 34
32 40
32 48
32 96
32 288
33 32
33 35
33 37
33 41
33 49
33 97
33 545
34 35
34 38
34 50
34 98
34 162
34 290
34 546
34 1058
35 3
35 33
35 34
35 39
35 51
35 99
35 163
35 291
35 547
36 32
36 37
36 38
36 44
36 100
36 164
36 292
36 548
37 5
37 36
37 53
37 101
37 165
37 549
38 6
38 34
38 46
38 102
38 166
38 550
38 1062
39 7
39 35
39 37
39 38
39 47
39 55
39 103
39 167
39 295
39 551
39 1063
40 8
40 41
40 42
40 44
40 56
40 104
40 296
40 552
40 1064
41 9
41 33
41 43
41 45
41 57
41 105
41 169
41 297
41 553
41 1065
42 10
42 34
42 40
42 43
42 46
42 106
42 170
42 554
42 1066
43 11
43 35
43 41
43 42
43 47
43 171
43 1067
44 12
44 40
44 45
44 46
44 108
44 172
44 556
44 1068
45 13
45 37
45 41
45 47
45 61
45 109
45 173
45 301
45 1069
46 14
46 42
46 44
46 62
46 110
46 174
46 302
46 558
46 1070
47 15
47 39
47 43
47 46
47 63
47 111
47 303
47 559
48 16
48 32
48 49
48 50
48 52
48 112
48 176
48 304
48 560
49 17
49 33
49 48
49 51
49 53
49 57
49 113
49 305
49 561
49 1073
50 18
50 34
50 48
50 51
50 54
50 58
50 114
50 178
50 306
50 1074
51 19
51 49
51 55
51 115
51 179
51 307
51 563
51 1075
52 36
52 48
52 53
52 54
52 60
52 116
52 180
52 308
52 1076
53 21
53 37
53 49
53 52
53 55
53 61
53 117
53 181
53 309
53 565
53 1077
54 22
54 38
54 50
54 55
54 62
54 118
54 182
54 310
54 1078
55 39
55 51
55 63
55 119
55 311
55 567
55 1079
56 24
56 48
56 57
56 58
56 60
56 120
56 184
56 312
57 25
57 41
57 56
57 59
57 61
57 185
57 313
57 569
57 1081
58 26
58 42
58 56
58 314
58 570
58 1082
59 43
59 51
59 57
59 58
59 63
59 123
59 187
59 1083
60 28
60 44
60 52
60 124
60 188
60 316
60 572
60 1084
61 29
61 45
61 53
61 60
61 125
61 189
61 317
61 1085
62 30
62 58
62 60
62 63
62 190
62 318
62 574
62 1086
63 47
63 55
63 59
63 61
63 127
63 191
63 319
63 575
63 1087
64 0
64 65
64 66
64 68
64 72
64 192
64 320
64 576
65 1
65 64
65 67
65 69
65 73
65 81
65 97
65 321
65 1089
66 64
66 67
66 70
66 82
66 98
66 194
66 322
66 578
66 1090
67 3
67 65
67 66
67 71
67 83
67 99
67 195
67 323
67 579
67 1091
68 64
68 69
68 70
68 76
68 100
68 196
68 324
69 65
69 68
69 71
69 77
69 85
69 197
69 325
69 1093
70 6
70 71
70 78
70 86
70 102
70 198
70 582
70 1094
71 7
71 67
71 69
71 79
71 87
71 103
71 327
71 583
71 1095
72 64
72 73
72 74
72 88
72 104
72 328
72 1096
73 9
73 65
73 89
73 201
73 329
73 585
73 1097
74 10
74 66
74 75
74 78
74 90
74 330
74 586
74 1098
75 67
75 73
75 107
75 203
75 331
75 1099
76 68
76 72
76 77
76 78
76 204
76 332
76 588
77 69
77 73
77 76
77 79
77 93
77 109
77 205
77 333
77 1101
78 14
78 70
78 74
78 76
78 94
78 334
78 590
78 1102
79 71
79 75
79 78
79 95
79 111
79 207
79 335
79 1103
80 16
80 64
80 84
80 88
80 112
80 336
80 592
80 1104
81 17
81 65
81 80
81 83
81 85
81 89
81 113
81 337
81 593
81 1105
82 66
82 80
82 86
82 90
82 114
82 594
83 19
83 82
83 87
83 91
83 115
83 211
83 595
83 1107
84 20
84 68
84 80
84 85
84 86
84 92
84 116
84 340
84 596
84 1108
85 69
85 81
85 84
85 117
85 213
85 597
86 22
86 70
86 82
86 84
86 87
86 94
86 598
86 1110
87 83
87 85
87 86
87 95
87 215
87 343
87 599
87 1111
88 24
88 80
88 89
88 90
88 120
88 216
88 344
88 600
88 1112
89 25
89 73
89 81
89 91
89 93
89 121
89 217
89 345
89 601
89 1113
90 26
90 74
90 88
90 91
90 94
90 218
90 602
90 1114
91 75
91 83
91 89
91 90
91 95
91 123
91 219
91 347
91 603
91 1115
92 28
92 76
92 84
92 88
92 93
92 94
92 124
92 220
92 348
92 604
92 1116
93 29
93 77
93 85
93 92
93 95
93 125
93 221
93 1117
94 30
94 78
94 90
94 92
94 95
94 222
94 350
94 1118
95 31
95 223
95 351
95 1119
96 64
96 97
96 98
96 100
96 104
96 112
96 224
96 608
96 1120
97 33
97 65
97 99
97 101
97 105
97 113
97 225
97 353
97 609
97 1121
98 66
98 96
98 106
98 114
98 610
99 35
99 67
99 97
99 98
99 107
99 115
99 227
99 355
99 611
99 1123
100 36
100 96
100 101
100 102
100 108
100 116
100 228
100 356
100 612
100 1124
101 37
101 69
101 97
101 100
101 103
101 109
101 117
101 229
101 357
101 613
101 1125
102 98
102 100
102 110
102 118
102 230
102 358
102 614
102 1126
103 39
103 99
103 102
103 111
103 119
103 231
103 359
103 615
103 1127
104 40
104 72
104 96
104 105
104 108
104 120
104 232
104 616
104 1128
105 41
105 73
105 97
105 104
105 107
105 109
105 233
105 617
105 1129
106 42
106 74
106 98
106 104
106 107
106 110
106 234
106 362
106 618
107 43
107 75
107 99
107 105
107 106
107 111
107 123
107 363
107 619
107 1131
108 44
108 76
108 104
108 109
108 110
108 124
108 236
108 620
108 1132
109 45
109 77
109 105
109 111
109 125
109 237
109 365
109 621
109 1133
110 78
110 102
110 106
110 108
110 111
110 126
110 238
110 366
110 622
111 79
111 107
111 110
111 239
111 367
111 623
111 1135
112 80
112 96
112 116
112 368
112 624
112 1136
113 49
113 97
113 112
113 115
113 117
113 241
113 625
113 1137
114 82
114 112
114 118
114 242
114 370
114 1138
115 83
115 99
115 113
115 114
115 123
115 243
115 371
115 1139
116 84
116 117
116 372
116 628
116 1140
117 53
117 101
117 116
117 119
117 125
117 245
117 373
117 1141
118 54
118 86
118 114
118 116
118 126
118 246
118 630
118 1142
119 55
119 87
119 103
119 115
119 117
119 118
119 127
119 247
119 375
119 631
119 1143
120 88
120 104
120 112
120 121
120 124
120 248
120 376
120 632
120 1144
121 57
121 105
121 113
121 120
121 123
121 249
121 377
121 633
121 1145
122 58
122 90
122 106
122 114
122 120
122 123
122 126
122 378
123 59
123 91
123 107
123 115
123 122
123 379
123 1147
124 60
124 92
124 116
124 120
124 125
124 126
124 380
124 636
124 1148
125 61
125 93
125 109
125 117
125 121
125 127
125 253
125 637
125 1149
126 62
126 94
126 118
126 122
126 124
126 254
126 382
126 638
127 63
127 95
127 111
127 119
127 123
127 125
127 126
127 383
127 639
127 1151
128 0
128 130
128 132
128 136
128 144
128 384
128 640
129 128
129 131
129 137
129 145
129 161
129 193
129 385
129 641
130 2
130 128
130 131
130 134
130 138
130 146
130 162
130 194
130 386
130 642
131 129
131 135
131 139
131 147
131 163
131 195
131 387
131 643
131 1155
132 128
132 133
132 134
132 140
132 164
132 388
132 644
132 1156
133 5
133 129
133 132
133 135
133 141
133 149
133 165
133 197
133 389
133 645
134 6
134 130
134 132
134 135
134 142
134 198
134 390
134 646
135 7
135 131
135 134
135 143
135 151
135 647
135 1159
136 137
136 138
136 140
136 152
136 168
136 200
136 392
136 648
136 1160
137 129
137 139
137 141
137 169
137 201
137 393
137 649
137 1161
138 130
138 136
138 139
138 142
138 154
138 170
138 650
138 1162
139 11
139 137
139 138
139 143
139 155
139 203
139 395
139 651
139 1163
140 136
140 141
140 142
140 156
140 204
140 396
140 652
140 1164
141 13
141 133
141 137
141 140
141 157
141 205
141 397
141 653
142 14
142 134
142 143
142 158
142 174
142 398
142 654
143 135
143 139
143 141
143 175
143 655
144 16
144 145
144 146
144 148
144 152
144 176
144 208
144 400
144 656
144 1168
145 17
145 129
145 144
145 149
145 153
145 209
145 657
145 1169
146 18
146 144
146 147
146 150
146 210
146 402
146 1170
147 19
147 145
147 146
147 151
147 179
147 211
148 20
148 132
148 149
148 150
148 156
148 212
148 404
148 660
148 1172
149 133
149 145
149 148
149 151
149 157
149 405
149 661
149 1173
150 134
150 148
150 151
150 182
150 214
150 662
150 1174
151 23
151 147
151 149
151 159
151 183
151 215
151 407
151 663
151 1175
152 24
152 144
152 153
152 154
152 156
152 184
152 216
152 408
152 664
152 1176
153 25
153 137
153 152
153 155
153 157
153 185
153 217
153 1177
154 138
154 146
154 158
154 186
154 218
154 410
154 666
154 1178
155 139
155 147
155 154
155 159
155 219
155 411
155 667
156 28
156 148
156 152
156 157
156 220
156 412
156 668
157 29
157 149
157 153
157 156
157 159
157 189
157 221
157 413
157 1181
158 142
158 150
158 156
158 159
158 190
158 414
158 670
158 1182
159 143
159 151
159 158
159 191
159 223
159 415
159 671
159 1183
160 32
160 128
160 164
160 168
160 176
160 416
160 672
161 33
161 129
161 160
161 165
161 169
161 177
161 225
161 417
161 673
162 160
162 163
162 166
162 170
162 178
162 226
162 418
162 1186
163 35
163 161
163 162
163 167
163 171
163 227
163 419
163 675
163 1187
164 160
164 165
164 166
164 172
164 180
164 228
164 676
164 1188
165 37
165 161
165 167
165 181
165 229
166 38
166 134
166 162
166 164
166 167
166 174
166 230
166 422
166 678
166 1190
167 135
167 163
167 166
167 175
167 183
167 231
167 423
167 679
167 1191
168 40
168 136
168 160
168 170
168 172
168 184
168 424
168 680
168 1192
169 41
169 137
169 168
169 171
169 185
169 425
169 681
169 1193
170 42
170 138
170 168
170 171
170 174
170 186
170 234
170 682
170 1194
171 43
171 139
171 163
171 169
171 170
171 175
171 235
171 427
171 683
172 140
172 168
172 173
172 174
172 188
172 236
172 428
172 1196
173 141
173 165
173 169
173 175
173 189
173 237
174 46
174 190
174 238
175 47
175 143
175 171
175 173
175 174
175 191
175 239
175 687
175 1199
176 48
176 177
176 178
176 180
176 240
176 432
176 688
176 1200
177 49
177 145
177 176
177 181
177 185
177 241
177 689
177 1201
178 50
178 146
178 179
178 182
178 186
178 242
178 434
178 690
178 1202
179 147
179 163
179 177
179 187
179 435
179 1203
180 148
180 164
180 176
180 181
180 182
180 692
180 1204
181 149
181 165
181 180
181 245
181 437
181 1205
182 54
182 150
182 166
182 178
182 180
182 183
182 190
182 246
182 438
182 694
183 55
183 151
183 179
183 181
183 182
183 191
183 439
183 695
183 1207
184 56
184 152
184 168
184 176
184 185
184 248
184 440
184 1208
185 57
185 153
185 177
185 189
185 249
185 441
185 697
185 1209
186 58
186 154
186 170
186 178
186 184
186 250
186 442
186 1210
187 155
187 171
187 179
187 185
187 186
187 251
187 699
187 1211
188 60
188 156
188 172
188 180
188 184
188 190
188 252
188 444
188 700
188 1212
189 61
189 157
189 173
189 181
189 185
189 188
189 253
189 445
189 701
189 1213
190 62
190 158
190 174
190 186
190 191
190 254
190 446
190 702
191 63
191 175
191 187
191 189
191 190
191 255
191 447
191 703
192 64
192 128
192 194
192 196
192 200
192 208
192 224
192 448
192 1216
193 65
193 129
193 192
193 197
193 201
193 209
193 225
193 449
193 705
194 66
194 192
194 195
194 202
194 450
194 1218
195 131
195 193
195 199
195 203
195 211
195 451
195 707
195 1219
196 132
196 192
196 197
196 198
196 204
196 212
196 228
196 452
196 708
196 1220
197 69
197 133
197 193
197 196
197 199
197 205
197 213
197 229
197 453
198 70
198 134
198 194
198 196
198 199
198 206
198 214
198 230
198 454
198 710
198 1222
199 71
199 135
199 195
199 207
199 231
199 455
199 711
199 1223
200 72
200 136
200 192
200 201
200 216
200 232
200 456
200 712
200 1224
201 200
201 203
201 205
201 217
201 233
201 457
201 713
201 1225
202 74
202 138
202 194
202 200
202 203
202 206
202 458
202 1226
203 202
203 207
203 219
203 235
203 459
203 715
203 1227
204 140
204 196
204 200
204 205
204 206
204 220
204 236
204 716
204 1228
205 77
205 141
205 201
205 204
205 207
205 461
205 717
206 78
206 142
206 198
206 202
206 204
206 207
206 222
206 238
206 462
206 718
207 143
207 199
207 203
207 206
207 239
207 1231
208 80
208 144
208 192
208 210
208 212
208 240
208 464
209 81
209 145
209 193
209 208
209 211
209 213
209 241
209 465
210 82
210 146
210 194
210 208
210 211
210 214
210 466
211 83
211 147
211 195
211 209
211 210
211 215
211 219
211 243
211 467
211 723
212 84
212 148
212 213
212 214
212 220
212 244
212 468
212 724
212 1236
213 85
213 149
213 197
213 215
213 221
213 245
213 469
213 725
213 1237
214 86
214 150
214 198
214 210
214 215
214 222
214 246
214 726
214 1238
215 151
215 199
215 213
215 214
215 223
215 471
215 727
215 1239
216 88
216 152
216 200
216 208
216 217
216 218
216 248
216 472
216 1240
217 153
217 209
217 216
217 219
217 221
217 249
217 473
217 729
217 1241
218 90
218 202
218 210
218 219
218 222
218 250
219 91
219 217
219 218
219 223
219 475
219 731
219 1243
220 92
220 156
220 204
220 212
220 216
220 221
220 222
220 252
220 476
220 1244
221 93
221 157
221 205
221 220
221 223
221 253
221 1245
222 158
222 214
222 218
222 220
222 223
222 478
222 734
222 1246
223 95
223 159
223 207
223 219
223 221
223 222
223 255
223 1247
224 96
224 160
224 192
224 225
224 226
224 228
224 232
224 240
224 480
224 736
224 1248
225 97
225 161
225 193
225 227
225 229
225 233
225 241
225 481
225 737
225 1249
226 98
226 162
226 194
226 227
226 230
226 242
226 482
226 738
226 1250
227 163
227 195
227 225
227 235
227 243
227 483
227 739
227 1251
228 100
228 196
228 224
228 229
228 236
228 244
228 484
228 740
228 1252
229 228
229 231
229 245
229 485
229 741
229 1253
230 102
230 166
230 198
230 226
230 228
230 238
230 246
230 742
230 1254
231 103
231 167
231 199
231 227
231 230
231 239
231 247
231 1255
232 104
232 168
232 200
232 224
232 488
232 744
232 1256
233 169
233 201
233 225
233 232
233 235
233 237
233 249
233 489
233 745
233 1257
234 106
234 170
234 202
234 226
234 232
234 235
234 250
234 490
234 746
234 1258
235 107
235 203
235 227
235 233
235 239
235 491
235 747
235 1259
236 172
236 204
236 232
236 492
236 748
237 173
237 205
237 229
237 233
237 236
237 239
237 493
237 749
237 1261
238 110
238 174
238 206
238 230
238 234
238 236
238 239
238 494
238 1262
239 111
239 231
239 235
239 238
239 495
239 751
240 112
240 176
240 208
240 224
240 241
240 242
240 244
240 248
240 752
240 1264
241 209
241 225
241 240
241 249
241 497
241 753
241 1265
242 114
242 178
242 210
242 226
242 243
242 246
242 250
243 115
243 179
243 211
243 227
243 241
243 242
243 247
243 499
243 755
243 1267
244 116
244 180
244 240
244 245
244 252
244 500
244 756
244 1268
245 117
245 213
245 229
245 241
245 247
245 253
245 501
245 757
245 1269
246 182
246 214
246 242
246 244
246 247
246 254
246 502
246 1270
247 183
247 215
247 231
247 243
247 245
247 246
247 759
248 216
248 232
248 240
248 250
248 504
248 760
249 185
249 217
249 233
249 248
249 251
249 253
249 1273
250 122
250 186
250 242
250 762
250 1274
251 123
251 187
251 219
251 235
251 243
251 249
251 250
251 255
251 507
251 763
251 1275
252 124
252 220
252 236
252 248
252 253
252 254
252 764
253 189
253 221
253 237
253 245
253 765
253 1277
254 126
254 222
254 238
254 246
254 250
254 252
254 766
255 127
255 191
255 223
255 239
255 247
255 251
255 253
255 254
255 767
255 1279
256 0
256 257
256 258
256 260
256 264
256 384
256 1280
257 256
257 259
257 261
257 265
257 273
257 289
257 321
257 385
257 769
257 1281
258 2
258 256
258 259
258 262
258 274
258 290
258 386
258 1282
259 263
259 267
259 275
259 291
259 323
259 387
259 771
259 1283
260 256
260 276
260 324
260 388
260 772
260 1284
261 5
261 257
261 260
261 263
261 269
261 277
261 293
261 325
261 1285
262 6
262 260
262 270
262 278
262 294
262 326
262 390
262 774
262 1286
263 7
263 262
263 271
263 279
263 295
263 327
263 391
263 775
263 1287
264 256
264 266
264 268
264 280
264 328
264 392
264 776
264 1288
265 9
265 264
265 267
265 269
265 281
265 297
265 329
265 777
265 1289
266 10
266 258
266 264
266 270
266 282
266 330
266 394
266 778
266 1290
267 11
267 259
267 265
267 266
267 271
267 299
267 331
267 395
267 779
268 260
268 269
268 270
268 284
268 300
268 332
268 396
268 780
269 13
269 261
269 268
269 271
269 397
269 781
269 1293
270 14
270 271
270 286
270 302
270 334
270 1294
271 15
271 263
271 270
271 287
271 335
271 399
271 783
271 1295
272 16
272 256
272 273
272 274
272 276
272 280
272 304
272 336
272 400
272 1296
273 17
273 272
273 277
273 281
273 337
273 785
274 18
274 258
274 272
274 275
274 278
274 282
274 306
274 786
274 1298
275 19
275 259
275 273
275 283
275 307
275 339
275 403
275 787
275 1299
276 260
276 272
276 277
276 284
276 340
276 404
276 788
276 1300
277 21
277 261
277 273
277 276
277 285
277 309
277 341
277 789
277 1301
278 22
278 262
278 274
278 276
278 286
278 310
278 342
278 790
278 1302
279 23
279 263
279 275
279 277
279 278
279 311
279 791
279 1303
280 24
280 264
280 281
280 282
280 284
280 312
280 344
280 408
280 792
281 25
281 265
281 273
281 280
281 285
281 313
281 345
281 409
281 793
281 1305
282 266
282 280
282 286
282 314
282 1306
283 267
283 275
283 281
283 282
283 287
283 315
283 347
283 795
283 1307
284 268
284 280
284 285
284 286
284 316
284 412
284 796
284 1308
285 29
285 269
285 281
285 287
285 317
285 797
285 1309
286 30
286 270
286 278
286 282
286 284
286 287
286 350
286 414
286 798
286 1310
287 271
287 279
287 285
287 286
287 319
287 351
287 415
287 799
288 256
288 289
288 290
288 296
288 304
288 352
288 416
288 800
289 33
289 291
289 293
289 305
289 353
289 417
289 801
289 1313
290 258
290 288
290 291
290 294
290 298
290 354
290 418
290 1314
291 290
291 295
291 299
291 307
291 355
291 1315
292 260
292 288
292 293
292 294
292 300
292 356
292 420
292 804
292 1316
293 37
293 261
293 289
293 292
293 295
293 301
293 309
293 357
293 421
293 805
293 1317
294 38
294 292
294 295
294 310
294 358
294 806
294 1318
295 39
295 263
295 291
295 294
295 303
295 311
295 359
295 423
295 807
295 1319
296 40
296 264
296 288
296 297
296 298
296 300
296 312
296 360
296 424
296 808
297 289
297 296
297 299
297 301
297 313
297 361
297 425
297 809
297 1321
298 42
298 266
298 290
298 296
298 299
298 302
298 314
298 362
298 810
299 43
299 267
299 297
299 298
299 363
299 811
299 1323
300 44
300 296
300 301
300 302
300 364
300 428
300 1324
301 45
301 269
301 293
301 297
301 300
301 317
301 365
301 429
301 1325
302 46
302 294
302 300
302 303
302 318
302 366
302 430
302 1326
303 271
303 295
303 299
303 301
303 367
303 815
304 48
304 288
304 305
304 308
304 312
304 368
304 432
304 816
304 1328
305 49
305 273
305 304
305 307
305 309
305 369
305 433
305 817
306 290
306 304
306 307
306 310
306 314
306 434
306 818
306 1330
307 275
307 291
307 311
307 371
307 819
307 1331
308 52
308 276
308 292
308 309
308 310
308 316
308 372
308 436
308 820
308 1332
309 53
309 293
309 305
309 308
309 311
309 317
309 437
310 54
310 278
310 294
310 306
310 374
310 438
310 1334
311 279
311 309
311 310
311 319
311 375
311 439
311 823
311 1335
312 56
312 280
312 296
312 304
312 313
312 314
312 316
312 376
312 440
312 1336
313 57
313 297
313 305
313 315
313 377
313 825
313 1337
314 58
314 282
314 298
314 306
314 315
314 318
314 378
314 826
314 1338
315 59
315 283
315 299
315 307
315 313
315 314
315 319
315 443
315 827
315 1339
316 284
316 300
316 312
316 380
316 444
316 1340
317 61
317 301
317 309
317 313
317 316
317 319
317 829
317 1341
318 286
318 302
318 310
318 314
318 316
318 319
318 382
318 446
318 830
318 1342
319 287
319 303
319 311
319 315
319 318
319 383
319 447
319 831
319 1343
320 256
320 321
320 322
320 324
320 336
320 352
320 832
321 65
321 257
321 323
321 325
321 329
321 337
321 353
321 449
321 833
322 66
322 258
322 320
322 326
322 330
322 338
322 354
322 450
322 834
322 1346
323 321
323 322
323 327
323 355
323 451
323 835
323 1347
324 260
324 325
324 326
324 332
324 356
324 452
324 836
324 1348
325 261
325 321
325 327
325 333
325 453
325 1349
326 70
326 262
326 322
326 324
326 327
326 334
326 358
326 454
326 838
327 323
327 325
327 326
327 335
327 343
327 455
327 839
327 1351
328 264
328 320
328 329
328 332
328 344
328 360
328 456
328 840
328 1352
329 265
329 321
329 328
329 333
329 345
329 361
329 457
329 1353
330 74
330 322
330 328
330 331
330 334
330 346
330 362
330 842
330 1354
331 75
331 267
331 323
331 329
331 335
331 347
331 459
331 843
331 1355
332 76
332 324
332 328
332 333
332 334
332 348
332 364
332 844
332 1356
333 77
333 269
333 325
333 329
333 349
333 365
333 461
333 845
333 1357
334 270
334 326
334 350
334 366
334 846
334 1358
335 79
335 271
335 327
335 331
335 333
335 334
335 351
335 367
335 463
336 337
336 338
336 340
336 368
336 848
336 1360
337 81
337 273
337 321
337 849
338 82
338 274
338 322
338 342
338 466
338 850
338 1362
339 83
339 323
339 337
339 338
339 343
339 371
339 467
339 851
339 1363
340 276
340 324
340 336
340 341
340 342
340 348
340 468
340 852
341 85
341 325
341 337
341 340
341 343
341 349
341 1365
342 86
342 278
342 326
342 340
342 343
342 350
342 470
342 854
342 1366
343 87
343 279
343 327
343 339
343 342
343 351
343 375
343 471
344 88
344 280
344 328
344 336
344 345
344 346
344 376
344 472
344 856
344 1368
345 281
345 337
345 344
345 349
345 377
345 473
345 857
345 1369
346 90
346 282
346 338
346 344
346 350
346 378
346 474
346 1370
347 331
347 339
347 345
347 346
347 351
347 379
347 475
347 859
347 1371
348 284
348 332
348 340
348 344
348 349
348 350
348 380
348 476
348 860
348 1372
349 93
349 285
349 345
349 348
349 477
349 1373
350 94
350 286
350 342
350 346
350 348
350 351
350 382
350 478
350 862
350 1374
351 95
351 335
351 349
351 350
351 383
352 96
352 288
352 320
352 354
352 356
352 360
352 368
352 864
352 1376
353 97
353 289
353 352
353 369
353 481
353 865
353 1377
354 98
354 290
354 352
354 358
354 362
354 370
354 482
354 866
354 1378
355 99
355 291
355 353
355 354
355 359
355 363
355 371
355 483
355 867
355 1379
356 324
356 352
356 364
356 372
356 868
356 1380
357 101
357 293
357 325
357 353
357 356
357 365
357 373
357 869
357 1381
358 326
358 354
358 356
358 359
358 366
358 374
358 486
358 1382
359 295
359 327
359 355
359 357
359 358
359 367
359 375
359 487
359 871
359 1383
360 104
360 328
360 361
360 362
360 364
360 376
360 488
360 872
360 1384
361 105
361 297
361 353
361 360
361 363
361 365
361 873
361 1385
362 106
362 298
362 330
362 354
362 360
362 363
362 366
362 378
362 874
362 1386
363 107
363 299
363 331
363 355
363 361
363 362
363 367
363 491
363 875
364 108
364 300
364 332
364 356
364 360
364 365
364 366
364 380
364 492
364 876
364 1388
365 333
365 357
365 361
365 364
365 367
365 381
365 493
365 877
366 110
366 302
366 334
366 358
366 362
366 364
366 382
367 111
367 303
367 359
367 363
367 365
367 366
367 1391
368 304
368 336
368 369
368 496
368 880
368 1392
369 113
369 305
369 337
369 353
369 371
369 373
369 497
369 1393
370 114
370 306
370 338
370 354
370 368
370 374
370 378
370 882
370 1394
371 115
371 369
371 370
371 375
371 499
371 883
372 116
372 340
372 356
372 368
372 373
372 884
372 1396
373 309
373 341
373 357
373 375
373 381
373 501
373 885
373 1397
374 118
374 342
374 370
374 372
374 375
374 382
374 502
374 886
374 1398
375 311
375 359
375 371
375 373
375 383
375 887
375 1399
376 312
376 344
376 368
376 377
376 380
376 504
376 888
376 1400
377 121
377 313
377 345
377 361
377 369
377 376
377 379
377 381
377 889
377 1401
378 122
378 314
378 346
378 362
378 370
378 376
378 379
378 382
378 1402
379 123
379 315
379 363
379 371
379 377
379 378
379 383
379 507
379 891
379 1403
380 316
380 348
380 364
380 372
380 376
380 382
380 508
380 892
381 125
381 317
381 349
381 373
381 377
381 380
381 383
381 893
381 1405
382 126
382 318
382 350
382 380
382 383
382 510
382 894
382 1406
383 351
383 367
383 375
383 379
383 381
383 382
383 511
383 895
383 1407
384 256
384 385
384 388
384 400
384 416
384 1408
385 129
385 257
385 384
385 387
385 393
385 417
385 897
385 1409
386 384
386 387
386 418
386 450
386 898
386 1410
387 131
387 259
387 385
387 386
387 391
387 395
387 403
387 419
387 451
387 899
387 1411
388 132
388 260
388 384
388 390
388 396
388 404
388 420
388 452
388 900
389 261
389 385
389 388
389 405
389 453
389 901
389 1413
390 134
390 262
390 386
390 388
390 391
390 398
390 422
390 1414
391 135
391 263
391 389
391 390
391 399
391 407
391 423
391 455
391 903
391 1415
392 264
392 384
392 393
392 394
392 396
392 408
392 456
392 1416
393 265
393 392
393 395
393 425
393 457
393 905
393 1417
394 138
394 266
394 386
394 395
394 398
394 410
394 426
394 458
394 906
394 1418
395 139
395 387
395 394
395 399
395 907
395 1419
396 140
396 268
396 388
396 392
396 397
396 412
396 460
396 908
397 141
397 269
397 389
397 393
397 396
397 413
397 429
397 461
397 909
398 270
398 396
398 399
398 430
398 462
398 1422
399 143
399 395
399 397
399 398
399 415
399 911
399 1423
400 144
400 384
400 401
400 402
400 408
400 432
400 464
400 912
400 1424
401 145
401 273
401 385
401 400
401 403
401 409
401 913
402 274
402 386
402 400
402 434
402 914
402 1426
403 147
403 275
403 387
403 401
403 402
403 407
403 435
403 467
403 915
403 1427
404 276
404 388
404 400
404 405
404 412
404 436
404 468
404 916
405 149
405 277
405 389
405 401
405 404
405 413
405 437
405 469
405 917
406 150
406 278
406 390
406 402
406 404
406 407
406 414
406 438
406 470
406 918
406 1430
407 151
407 279
407 391
407 403
407 405
407 415
407 439
407 471
407 919
407 1431
408 152
408 280
408 392
408 400
408 409
408 410
408 412
408 440
408 472
408 920
409 153
409 393
409 401
409 408
409 411
409 413
409 441
409 473
409 1433
410 154
410 282
410 394
410 402
410 411
410 442
411 155
411 283
411 395
411 403
411 410
411 415
411 443
411 475
411 1435
412 156
412 396
412 404
412 413
412 414
412 444
412 476
412 924
412 1436
413 157
413 285
413 397
413 405
413 409
413 415
413 925
414 398
414 410
414 412
414 446
414 478
414 926
414 1438
415 287
415 399
415 407
415 414
415 447
415 479
415 1439
416 288
416 417
416 418
416 420
416 424
416 432
416 480
416 928
417 289
417 385
417 416
417 419
417 421
417 425
417 481
418 162
418 290
418 419
418 422
418 426
418 434
418 482
418 930
418 1442
419 163
419 291
419 417
419 418
419 423
419 427
419 435
419 483
419 931
419 1443
420 164
420 388
420 421
420 422
420 428
420 436
420 484
420 932
420 1444
421 165
421 389
421 417
421 420
421 423
421 429
421 437
421 485
421 933
421 1445
422 166
422 294
422 418
422 438
422 486
422 934
422 1446
423 167
423 419
423 421
423 422
423 935
423 1447
424 296
424 392
424 416
424 425
424 426
424 428
424 488
424 936
424 1448
425 297
425 393
425 417
425 424
425 427
425 429
425 489
425 937
425 1449
426 170
426 394
426 418
426 427
426 490
426 938
426 1450
427 171
427 299
427 395
427 419
427 425
427 426
427 431
427 443
427 491
427 939
427 1451
428 396
428 420
428 424
428 429
428 430
428 492
428 940
429 173
429 301
429 397
429 425
429 431
429 445
429 493
429 941
429 1453
430 174
430 302
430 398
430 422
430 426
430 428
430 431
430 446
430 494
430 1454
431 175
431 303
431 399
431 423
431 429
431 430
431 447
431 495
431 943
431 1455
432 176
432 304
432 400
432 433
432 434
432 440
432 496
432 944
432 1456
433 177
433 401
433 417
433 432
433 437
433 441
433 497
433 945
433 1457
434 178
434 402
434 438
434 946
434 1458
435 179
435 307
435 403
435 419
435 433
435 434
435 443
435 499
435 1459
436 180
436 308
436 404
436 432
436 437
436 438
436 444
436 500
436 1460
437 181
437 309
437 405
437 433
437 436
437 439
437 445
437 501
437 949
437 1461
438 182
438 310
438 422
438 434
438 436
438 439
438 446
438 502
438 950
438 1462
439 183
439 311
439 423
439 435
439 437
439 438
439 447
439 951
439 1463
440 184
440 408
440 424
440 432
440 441
440 442
440 444
440 504
440 952
440 1464
441 185
441 313
441 409
441 425
441 433
441 443
441 505
441 953
442 186
442 314
442 426
442 434
442 440
442 443
442 506
442 1466
443 187
443 315
443 427
443 435
443 441
443 442
443 447
443 507
443 955
443 1467
444 316
444 412
444 428
444 436
444 440
444 445
444 508
445 189
445 317
445 413
445 429
445 437
445 441
445 444
445 447
445 509
445 957
445 1469
446 190
446 318
446 442
446 444
446 447
446 958
446 1470
447 319
447 415
447 431
447 439
447 445
447 511
447 959
447 1471
448 320
448 384
448 449
448 450
448 452
448 456
448 464
448 480
448 960
448 1472
449 321
449 385
449 451
449 457
449 465
449 481
449 961
449 1473
450 194
450 386
450 451
450 454
450 466
450 482
450 962
451 323
451 450
451 459
451 467
451 483
452 324
452 388
452 448
452 454
452 468
452 484
452 1476
453 197
453 325
453 389
453 449
453 452
453 455
453 461
453 469
453 485
453 965
453 1477
454 198
454 390
454 450
454 455
454 470
454 486
454 966
454 1478
455 391
455 451
455 453
455 454
455 463
455 471
455 487
455 967
455 1479
456 200
456 328
456 458
456 460
456 488
456 968
457 201
457 449
457 456
457 459
457 461
457 489
457 969
457 1481
458 202
458 330
458 450
458 462
458 474
458 490
458 970
458 1482
459 203
459 395
459 457
459 458
459 475
459 491
459 971
459 1483
460 204
460 332
460 452
460 456
460 461
460 462
460 476
460 1484
461 205
461 333
461 397
461 453
461 457
461 460
461 463
461 477
461 493
461 973
461 1485
462 334
462 398
462 454
462 458
462 463
462 478
462 494
462 974
462 1486
463 207
463 335
463 399
463 455
463 459
463 461
463 462
463 479
463 1487
464 336
464 448
464 465
464 466
464 468
464 472
464 496
464 1488
465 209
465 337
465 401
465 449
465 464
465 467
465 977
465 1489
466 210
466 402
466 450
466 464
466 467
466 470
466 498
466 978
466 1490
467 211
467 403
467 451
467 465
467 466
467 471
467 475
467 499
467 979
467 1491
468 340
468 404
468 452
468 464
468 470
468 476
468 500
468 980
468 1492
469 213
469 341
469 405
469 453
469 465
469 468
469 471
469 477
469 501
469 981
469 1493
470 214
470 342
470 406
470 454
470 466
470 468
470 471
470 982
470 1494
471 215
471 407
471 455
471 503
471 983
472 216
472 408
472 456
472 464
472 473
472 474
472 476
472 504
473 457
473 465
473 475
473 477
473 505
473 985
473 1497
474 218
474 346
474 410
474 466
474 475
474 478
474 506
474 986
474 1498
475 219
475 347
475 411
475 459
475 467
475 473
475 507
475 987
476 348
476 412
476 460
476 478
476 508
476 1500
477 221
477 349
477 413
477 461
477 469
477 473
477 476
477 509
477 989
478 222
478 350
478 462
478 470
478 474
478 510
478 990
478 1502
479 223
479 351
479 415
479 463
479 471
479 475
479 477
479 478
479 991
479 1503
480 224
480 352
480 416
480 482
480 484
480 488
480 496
481 417
481 449
481 480
481 485
481 489
481 993
482 354
482 418
482 480
482 483
482 486
482 490
482 498
482 994
482 1506
483 227
483 419
483 481
483 482
483 487
483 491
483 499
483 995
484 228
484 356
484 452
484 480
484 485
484 486
484 492
485 357
485 421
485 453
485 487
485 493
485 501
485 997
485 1509
486 230
486 358
486 422
486 482
486 487
486 502
486 998
486 1510
487 231
487 359
487 423
487 483
487 485
487 486
487 495
487 999
487 1511
488 232
488 360
488 456
488 480
488 489
488 490
488 492
488 504
488 1000
488 1512
489 361
489 457
489 481
489 488
489 491
489 493
489 505
489 1001
489 1513
490 362
490 458
490 482
490 491
490 506
491 483
491 489
491 490
491 507
491 1003
492 236
492 428
492 460
492 493
492 494
492 508
493 429
493 461
493 485
493 489
493 495
493 509
493 1005
493 1517
494 238
494 366
494 430
494 462
494 486
494 490
494 492
494 495
494 510
494 1006
494 1518
495 239
495 367
495 463
495 491
495 493
495 494
495 511
495 1007
495 1519
496 240
496 368
496 432
496 480
496 497
496 1008
496 1520
497 241
497 433
497 465
497 481
497 496
497 505
497 1009
497 1521
498 242
498 370
498 434
498 482
498 496
498 499
498 502
498 1010
499 243
499 371
499 435
499 467
499 483
499 497
499 507
499 1523
500 244
500 372
500 436
500 468
500 484
500 496
500 501
500 502
500 508
500 1524
501 245
501 437
501 485
501 497
501 500
501 503
501 509
501 1013
501 1525
502 374
502 438
502 470
502 498
502 500
502 510
502 1014
502 1526
503 247
503 375
503 439
503 487
503 499
503 501
503 502
503 511
503 1015
503 1527
504 248
504 440
504 488
504 496
504 505
504 506
504 1016
505 249
505 377
505 441
505 473
505 489
505 497
505 504
505 507
505 509
505 1017
505 1529
506 250
506 378
506 442
506 474
506 490
506 498
506 504
506 507
506 510
506 1018
507 443
507 475
507 499
507 505
507 506
507 511
508 252
508 380
508 444
508 476
508 492
508 500
508 504
508 509
508 1532
509 253
509 381
509 477
509 493
509 501
509 508
509 511
509 1021
509 1533
510 254
510 382
510 446
510 478
510 506
510 508
510 1022
510 1534
511 255
511 383
511 479
511 495
511 503
511 507
511 510
511 1023
511 1535
512 0
512 513
512 514
512 516
512 528
512 544
512 576
512 640
512 1536
513 1
513 512
513 515
513 529
513 641
513 1537
514 2
514 512
514 515
514 518
514 530
514 546
514 642
514 770
514 1538
515 519
515 523
515 547
515 579
515 643
515 771
515 1539
516 4
516 517
516 524
516 532
516 548
516 580
516 644
516 772
516 1540
517 5
517 513
517 516
517 533
517 549
517 645
517 773
518 6
518 516
518 519
518 526
518 582
518 646
518 774
518 1542
519 7
519 517
519 518
519 527
519 535
519 583
519 775
519 1543
520 8
520 512
520 521
520 524
520 552
520 584
520 648
520 776
521 9
521 513
521 520
521 525
521 537
521 649
521 777
521 1545
522 10
522 514
522 520
522 523
522 526
522 538
522 554
522 650
522 778
522 1546
523 11
523 515
523 521
523 522
523 527
523 555
523 587
523 651
523 779
523 1547
524 12
524 516
524 525
524 526
524 540
524 556
524 588
524 652
524 780
524 1548
525 13
525 517
525 524
525 541
525 557
525 589
525 653
525 781
525 1549
526 14
526 518
526 522
526 527
526 542
526 590
526 654
526 782
527 15
527 523
527 525
527 526
527 543
527 591
527 1551
528 512
528 529
528 530
528 532
528 536
528 560
528 592
528 784
528 1552
529 513
529 528
529 531
529 533
529 537
529 561
529 593
529 785
529 1553
530 18
530 528
530 531
530 534
530 538
530 562
530 594
530 658
530 786
530 1554
531 19
531 515
531 529
531 535
531 563
531 659
531 787
531 1555
532 20
532 516
532 533
532 534
532 540
532 564
532 596
532 788
532 1556
533 517
533 532
533 535
533 541
533 597
533 661
533 1557
534 22
534 518
534 532
534 535
534 566
534 598
534 790
534 1558
535 519
535 533
535 534
535 543
535 599
535 663
535 791
535 1559
536 520
536 537
536 538
536 540
536 568
536 600
536 792
536 1560
537 25
537 529
537 536
537 539
537 541
537 569
537 601
537 665
537 793
538 26
538 530
538 539
538 542
538 602
538 666
538 794
538 1562
539 523
539 531
539 537
539 543
539 603
539 667
539 795
540 532
540 536
540 541
540 604
540 668
540 1564
541 29
541 525
541 537
541 543
541 573
541 605
541 669
541 797
541 1565
542 30
542 534
542 538
542 540
542 574
542 606
542 1566
543 31
543 527
543 535
543 541
543 542
543 575
543 607
543 671
543 799
543 1567
544 32
544 545
544 546
544 548
544 552
544 608
544 672
544 800
544 1568
545 513
545 549
545 561
545 609
545 673
545 801
545 1569
546 34
546 544
546 547
546 550
546 554
546 562
546 610
546 674
546 802
546 1570
547 515
547 545
547 546
547 555
547 611
547 675
547 803
547 1571
548 549
548 556
548 564
548 612
548 804
548 1572
549 548
549 551
549 557
549 613
549 677
550 38
550 518
550 546
550 548
550 558
550 614
550 678
550 806
551 39
551 519
551 547
551 549
551 550
551 559
551 567
551 615
551 807
551 1575
552 40
552 520
552 544
552 568
552 616
552 680
552 808
552 1576
553 521
553 545
553 552
553 555
553 569
553 617
553 681
553 809
553 1577
554 42
554 522
554 546
554 552
554 555
554 558
554 570
554 618
554 682
554 810
554 1578
555 43
555 523
555 547
555 553
555 554
555 559
555 571
555 1579
556 44
556 552
556 557
556 572
556 684
556 812
556 1580
557 45
557 553
557 559
557 573
557 621
557 685
557 813
558 46
558 526
558 554
558 556
558 559
558 622
558 686
558 1582
559 47
559 527
559 555
559 558
559 687
559 815
559 1583
560 48
560 544
560 561
560 562
560 564
560 624
560 816
560 1584
561 49
561 563
561 569
561 689
561 817
561 1585
562 50
562 530
562 546
562 560
562 563
562 570
562 626
562 690
562 818
562 1586
563 51
563 547
563 561
563 562
563 567
563 571
563 691
563 819
563 1587
564 52
564 532
564 565
564 566
564 572
564 628
564 692
564 1588
565 533
565 549
565 561
565 564
565 567
565 573
565 693
565 1589
566 54
566 534
566 550
566 562
566 564
566 567
566 630
567 535
567 565
567 575
567 631
567 695
567 823
567 1591
568 56
568 536
568 560
568 569
568 570
568 572
568 632
568 696
569 537
569 553
569 568
569 573
569 633
569 697
570 58
570 538
570 554
570 571
570 574
570 634
570 698
570 826
570 1594
571 59
571 539
571 555
571 563
571 569
571 570
571 635
571 699
571 827
571 1595
572 60
572 540
572 564
572 568
572 573
572 574
572 636
572 700
572 828
572 1596
573 61
573 557
573 565
573 569
573 572
573 637
573 701
573 829
574 62
574 542
574 558
574 566
574 572
574 638
574 702
574 830
574 1598
575 63
575 543
575 559
575 571
575 573
575 574
575 639
575 703
575 831
575 1599
576 64
576 512
576 577
576 580
576 584
576 608
576 704
576 832
576 1600
577 65
577 513
577 579
577 581
577 585
577 593
577 609
577 833
577 1601
578 514
578 576
578 579
578 582
578 594
578 610
578 706
579 67
579 577
579 578
579 583
579 587
579 611
579 707
580 68
580 581
580 582
580 588
580 596
580 612
580 708
580 836
580 1604
581 69
581 517
581 577
581 583
581 589
581 597
581 709
581 837
581 1605
582 518
582 578
582 580
582 583
582 590
582 598
582 838
582 1606
583 71
583 519
583 579
583 581
583 582
583 599
583 615
583 839
583 1607
584 72
584 520
584 576
584 585
584 586
584 588
584 600
584 616
584 712
584 840
584 1608
585 73
585 521
585 601
585 617
585 1609
586 74
586 522
586 578
586 587
586 590
586 842
587 75
587 579
587 585
587 586
587 603
587 619
587 715
588 524
588 580
588 584
588 589
588 590
588 604
588 620
588 716
588 1612
589 77
589 525
589 581
589 585
589 588
589 605
589 621
589 845
589 1613
590 526
590 582
590 586
590 588
590 591
590 606
590 622
590 718
590 846
591 79
591 527
591 583
591 587
591 589
591 590
591 607
591 623
591 719
591 847
591 1615
592 80
592 576
592 593
592 594
592 596
592 600
592 848
592 1616
593 529
593 577
593 592
593 595
593 597
593 625
593 721
593 849
594 530
594 598
594 602
594 722
594 1618
595 83
595 531
595 579
595 593
595 594
595 599
595 627
595 723
595 1619
596 84
596 532
596 580
596 598
596 628
596 724
596 852
596 1620
597 85
597 533
597 581
597 593
597 596
597 605
597 629
597 853
597 1621
598 534
598 582
598 594
598 599
598 606
598 726
598 854
599 583
599 595
599 597
599 631
599 727
599 855
599 1623
600 88
600 592
600 602
600 604
600 728
600 856
600 1624
601 89
601 537
601 585
601 593
601 600
601 605
601 729
601 857
601 1625
602 90
602 586
602 594
602 603
602 606
602 634
602 730
602 858
602 1626
603 91
603 539
603 587
603 595
603 601
603 602
603 607
603 731
603 859
603 1627
604 92
604 588
604 596
604 600
604 636
604 732
604 1628
605 93
605 541
605 589
605 604
605 607
605 637
605 861
605 1629
606 94
606 542
606 590
606 598
606 604
606 607
606 638
606 734
606 862
606 1630
607 95
607 543
607 591
607 599
607 603
607 605
607 606
607 639
607 735
608 96
608 544
608 609
608 610
608 612
608 616
608 624
608 736
608 864
608 1632
609 608
609 611
609 613
609 737
609 1633
610 98
610 578
610 608
610 611
610 618
610 626
610 866
611 547
611 579
611 609
611 610
611 615
611 619
611 627
611 867
611 1635
612 100
612 548
612 608
612 613
612 614
612 628
612 740
612 1636
613 101
613 581
613 609
613 612
613 615
613 621
613 629
613 741
613 869
613 1637
614 550
614 582
614 610
614 615
614 622
614 742
614 870
615 103
615 551
615 583
615 611
615 613
615 623
615 631
615 743
615 871
615 1639
616 617
616 618
616 620
616 744
616 872
617 553
617 585
617 609
617 616
617 619
617 633
617 745
617 1641
618 106
618 586
618 610
618 622
618 634
618 746
618 874
618 1642
619 107
619 555
619 587
619 617
619 618
619 623
619 635
619 747
619 875
619 1643
620 108
620 556
620 612
620 616
620 621
620 636
620 748
620 876
620 1644
621 557
621 589
621 613
621 617
621 620
621 877
621 1645
622 614
622 618
622 620
622 750
622 878
622 1646
623 559
623 615
623 619
623 621
623 622
623 639
623 751
623 879
623 1647
624 560
624 592
624 626
624 628
624 632
624 752
625 113
625 561
625 593
625 609
625 624
625 629
625 753
625 881
625 1649
626 114
626 562
626 594
626 610
626 624
626 627
626 634
626 754
626 1650
627 115
627 563
627 595
627 611
627 625
627 626
627 631
627 635
627 755
627 883
627 1651
628 116
628 564
628 596
628 612
628 624
628 630
628 636
628 756
628 884
629 117
629 565
629 597
629 628
629 631
629 637
629 757
629 885
629 1653
630 566
630 598
630 614
630 626
630 628
630 631
630 758
630 1654
631 119
631 599
631 615
631 627
631 630
631 639
631 759
631 887
631 1655
632 568
632 600
632 616
632 633
632 634
632 636
633 121
633 569
633 601
633 617
633 625
633 635
633 637
633 761
633 889
634 122
634 570
634 602
634 618
634 626
634 632
634 635
634 638
634 890
634 1658
635 123
635 571
635 603
635 627
635 633
635 634
635 639
635 763
636 604
636 620
636 628
636 632
636 637
636 638
636 764
636 892
636 1660
637 573
637 605
637 621
637 629
637 633
637 639
637 893
638 126
638 574
638 606
638 622
638 630
638 636
638 639
638 1662
639 127
639 607
639 623
639 635
639 767
640 512
640 641
640 642
640 644
640 648
640 672
640 704
640 896
640 1664
641 129
641 640
641 643
641 645
641 649
641 657
641 705
641 897
642 130
642 514
642 640
642 643
642 646
642 650
642 658
642 1666
643 131
643 641
643 642
643 647
643 659
643 675
643 707
643 899
643 1667
644 132
644 640
644 645
644 652
644 676
644 900
644 1668
645 133
645 517
645 641
645 644
645 647
645 653
645 661
645 709
645 901
645 1669
646 134
646 518
646 642
646 644
646 647
646 662
646 710
646 1670
647 135
647 519
647 643
647 645
647 646
647 679
647 903
647 1671
648 136
648 652
648 664
648 712
648 904
649 137
649 641
649 648
649 651
649 653
649 681
649 713
649 905
649 1673
650 138
650 642
650 648
650 651
650 654
650 666
650 682
650 714
650 906
650 1674
651 139
651 523
651 643
651 649
651 650
651 667
651 683
651 715
651 907
651 1675
652 524
652 644
652 648
652 654
652 684
652 716
652 908
652 1676
653 141
653 525
653 649
653 652
653 669
653 685
653 717
653 909
653 1677
654 526
654 646
654 650
654 652
654 655
654 686
654 910
654 1678
655 527
655 647
655 651
655 653
655 654
655 671
655 719
655 911
655 1679
656 528
656 640
656 657
656 658
656 660
656 664
656 720
656 1680
657 145
657 529
657 656
657 659
657 661
657 665
657 721
657 913
657 1681
658 146
658 642
658 656
658 662
658 1682
659 147
659 531
659 643
659 657
659 658
659 663
659 667
659 691
659 723
659 1683
660 148
660 532
660 644
660 656
660 661
660 662
660 692
660 724
660 916
660 1684
661 149
661 533
661 660
661 669
661 693
661 725
661 917
661 1685
662 534
662 646
662 663
662 670
662 918
662 1686
663 151
663 535
663 647
663 659
663 661
663 662
663 671
663 695
663 727
663 919
663 1687
664 152
664 536
664 648
664 656
664 665
664 666
664 696
664 920
665 153
665 649
665 657
665 664
665 669
665 697
665 729
665 921
665 1689
666 154
666 538
666 650
666 658
666 664
666 698
666 922
667 155
667 651
667 665
667 666
667 671
667 699
667 731
667 923
668 540
668 652
668 660
668 664
668 700
668 732
668 924
668 1692
669 157
669 541
669 653
669 668
669 671
669 733
669 925
670 158
670 542
670 654
670 662
670 666
670 668
670 671
670 702
670 734
670 926
671 543
671 655
671 667
671 669
671 670
671 703
671 735
671 927
672 160
672 640
672 674
672 676
672 680
672 688
672 736
672 928
672 1696
673 545
673 641
673 672
673 675
673 677
673 1697
674 162
674 546
674 642
674 672
674 675
674 678
674 682
674 690
674 738
674 930
675 547
675 643
675 673
675 674
675 679
675 683
675 931
676 164
676 548
676 644
676 672
676 678
676 684
676 692
676 740
676 932
676 1700
677 165
677 549
677 645
677 676
677 693
677 741
677 933
677 1701
678 550
678 646
678 674
678 679
678 686
678 694
678 934
678 1702
679 551
679 647
679 675
679 677
679 687
679 743
679 935
680 168
680 648
680 672
680 682
680 684
680 696
680 744
680 936
680 1704
681 169
681 553
681 649
681 673
681 680
681 683
681 745
681 937
681 1705
682 170
682 674
682 686
682 698
682 1706
683 555
683 675
683 681
683 682
683 687
683 747
683 939
683 1707
684 172
684 652
684 680
684 685
684 686
684 748
684 940
684 1708
685 173
685 557
685 653
685 677
685 681
685 684
685 687
685 701
685 749
686 174
686 558
686 678
686 682
686 684
686 687
686 702
686 750
686 942
687 175
687 559
687 655
687 679
687 683
687 686
687 703
687 751
687 943
687 1711
688 176
688 560
688 656
688 690
688 692
689 177
689 561
689 657
689 673
689 688
689 691
689 945
690 178
690 562
690 658
690 674
690 691
690 694
690 698
690 754
690 946
690 1714
691 179
691 563
691 659
691 675
691 689
691 695
691 755
691 947
691 1715
692 180
692 564
692 688
692 694
692 700
692 756
692 1716
693 181
693 565
693 661
693 677
693 689
693 692
693 695
693 701
693 757
693 949
693 1717
694 182
694 566
694 662
694 690
694 692
694 695
694 702
694 758
695 183
695 663
695 679
695 691
695 693
695 703
695 759
695 951
695 1719
696 184
696 664
696 680
696 688
696 697
696 700
696 760
696 1720
697 185
697 665
697 681
697 689
697 696
697 699
697 761
697 953
697 1721
698 186
698 570
698 666
698 682
698 690
698 696
698 699
698 702
698 954
698 1722
699 683
699 691
699 697
699 703
699 763
699 1723
700 188
700 572
700 684
700 692
700 696
700 701
700 702
700 764
700 956
701 573
701 669
701 685
701 697
701 703
701 765
701 957
701 1725
702 190
702 670
702 694
702 700
702 766
702 958
702 1726
703 191
703 687
703 695
703 699
703 702
703 767
703 959
703 1727
704 192
704 576
704 708
704 712
704 720
704 736
704 960
704 1728
705 193
705 577
705 641
705 704
705 709
705 721
705 737
705 961
705 1729
706 194
706 642
706 704
706 707
706 710
706 738
706 962
707 195
707 579
707 643
707 705
707 706
707 711
707 715
707 739
707 963
707 1731
708 196
708 644
708 709
708 710
708 716
708 724
708 740
708 964
708 1732
709 197
709 581
709 645
709 705
709 708
709 711
709 741
709 965
709 1733
710 198
710 582
710 646
710 711
710 726
710 742
710 966
710 1734
711 583
711 647
711 709
711 727
711 743
711 967
711 1735
712 584
712 648
712 704
712 714
712 716
712 728
712 744
713 201
713 585
713 649
713 705
713 712
713 715
713 717
713 729
713 745
713 969
713 1737
714 202
714 586
714 706
714 712
714 715
714 718
714 730
714 746
714 970
714 1738
715 203
715 587
715 707
715 713
715 714
715 719
715 731
715 747
715 971
715 1739
716 652
716 708
716 712
716 717
716 748
716 972
716 1740
717 205
717 589
717 709
717 713
717 719
717 733
717 749
717 973
717 1741
718 590
718 654
718 710
718 714
718 716
718 719
718 734
718 974
718 1742
719 207
719 591
719 655
719 711
719 715
719 718
719 735
719 751
719 975
719 1743
720 208
720 592
720 656
720 704
720 721
720 722
720 724
720 976
720 1744
721 209
721 705
721 720
721 723
721 725
721 729
721 1745
722 210
722 658
722 706
722 720
722 723
722 730
722 754
722 978
722 1746
723 211
723 707
723 721
723 731
723 979
723 1747
724 212
724 596
724 660
724 708
724 720
724 725
724 756
724 1748
725 213
725 597
725 661
725 709
725 727
725 733
725 757
725 981
726 214
726 662
726 722
726 724
726 727
726 734
726 758
726 982
727 599
727 663
727 723
727 725
727 983
727 1751
728 216
728 600
728 664
728 720
728 730
728 732
728 760
728 984
729 217
729 665
729 713
729 721
729 728
729 731
729 733
729 761
729 985
730 218
730 602
730 666
730 722
730 728
730 734
730 986
731 219
731 603
731 723
731 730
731 735
731 763
731 987
731 1755
732 220
732 668
732 716
732 724
732 733
732 734
732 764
732 1756
733 221
733 605
733 669
733 729
733 735
733 989
733 1757
734 606
734 670
734 718
734 726
734 730
734 732
734 766
734 990
735 223
735 607
735 671
735 727
735 731
735 733
735 734
735 767
735 991
735 1759
736 672
736 737
736 738
736 740
736 744
736 992
736 1760
737 609
737 673
737 736
737 739
737 741
737 745
737 753
737 1761
738 610
738 674
738 706
738 739
738 742
738 746
738 994
738 1762
739 227
739 611
739 675
739 707
739 737
739 738
739 743
739 747
739 755
739 1763
740 228
740 612
740 676
740 708
740 736
740 742
740 756
740 1764
741 613
741 677
741 709
741 737
741 740
741 743
742 230
742 614
742 678
742 710
742 738
742 740
742 750
742 758
742 998
743 231
743 615
743 679
743 711
743 742
743 1767
744 712
744 736
744 745
744 746
744 748
744 760
744 1000
744 1768
745 617
745 681
745 737
745 744
745 747
745 749
745 761
745 1001
745 1769
746 234
746 682
746 744
746 747
746 750
746 762
746 1002
746 1770
747 235
747 619
747 683
747 715
747 739
747 746
747 751
747 763
747 1003
748 236
748 684
748 740
748 744
748 749
748 764
748 1004
748 1772
749 621
749 685
749 741
749 748
749 751
749 1005
749 1773
750 238
750 686
750 718
750 746
750 748
750 751
750 766
750 1006
750 1774
751 239
751 687
751 719
751 743
751 750
751 767
751 1007
752 240
752 624
752 688
752 720
752 736
752 753
752 754
752 756
752 760
752 1008
752 1776
753 625
753 689
753 721
753 737
753 752
753 755
753 757
753 761
753 1009
753 1777
754 242
754 626
754 690
754 722
754 738
754 755
754 758
754 762
754 1010
754 1778
755 243
755 691
755 723
755 739
755 753
755 754
755 763
755 1779
756 628
756 692
756 724
756 752
756 758
756 1012
756 1780
757 629
757 693
757 725
757 741
757 753
757 756
757 759
757 765
757 1013
758 246
758 630
758 726
758 742
758 756
758 766
758 1014
758 1782
759 247
759 631
759 727
759 743
759 755
759 758
759 767
759 1015
759 1783
760 248
760 632
760 744
760 752
760 761
760 762
760 764
760 1016
760 1784
761 249
761 633
761 729
761 753
761 760
761 763
761 765
761 1017
761 1785
762 250
762 634
762 698
762 730
762 754
762 760
762 1786
763 699
763 731
763 747
763 755
763 762
763 1787
764 252
764 700
764 732
764 748
764 756
764 760
764 765
764 1020
764 1788
765 253
765 637
765 701
765 733
765 749
765 761
765 764
765 1021
766 254
766 638
766 702
766 750
766 758
766 762
766 764
766 767
766 1022
766 1790
767 639
767 703
767 735
767 751
767 763
767 765
767 766
767 1023
767 1791
768 256
768 512
768 769
768 770
768 772
768 784
768 800
768 832
768 896
768 1792
769 513
769 777
769 785
769 801
769 897
769 1793
770 258
770 768
770 771
770 774
770 802
770 834
770 898
770 1794
771 259
771 515
771 769
771 775
771 779
771 787
771 803
771 899
772 516
772 768
772 773
772 774
772 788
772 804
772 836
772 900
772 1796
773 261
773 769
773 772
773 775
773 781
773 789
773 901
773 1797
774 262
774 518
774 770
774 772
774 775
774 790
774 806
774 1798
775 263
775 519
775 771
775 783
775 839
775 903
775 1799
776 520
776 768
776 777
776 778
776 780
776 792
776 808
776 840
776 904
777 776
777 779
777 781
777 793
777 841
777 905
777 1801
778 266
778 770
778 776
778 782
778 794
778 842
778 906
778 1802
779 523
779 771
779 777
779 778
779 795
779 811
779 843
779 907
779 1803
780 268
780 524
780 772
780 776
780 781
780 796
780 812
780 844
780 908
780 1804
781 269
781 773
781 777
781 780
781 783
781 797
781 813
781 845
782 270
782 774
782 778
782 780
782 783
782 798
782 814
782 910
783 271
783 527
783 779
783 799
783 1807
784 272
784 528
784 785
784 786
784 788
784 792
784 816
784 912
784 1808
785 529
785 784
785 787
785 789
785 817
785 849
785 1809
786 530
786 770
786 787
786 790
786 794
786 850
786 914
787 275
787 771
787 785
787 791
787 795
787 819
787 851
787 915
787 1811
788 276
788 532
788 772
788 784
788 789
788 796
788 820
788 852
788 916
788 1812
789 533
789 773
789 788
789 797
789 853
789 917
789 1813
790 278
790 774
790 786
790 788
790 791
790 798
790 822
790 854
790 918
790 1814
791 535
791 775
791 787
791 789
791 790
791 799
791 855
791 919
791 1815
792 536
792 784
792 796
792 824
792 856
792 920
793 537
793 777
793 785
793 792
793 797
793 825
793 857
793 921
793 1817
794 282
794 538
794 778
794 786
794 792
794 858
794 1818
795 283
795 779
795 787
795 793
795 794
795 799
795 923
795 1819
796 540
796 788
796 797
796 798
796 828
796 860
796 924
796 1820
797 541
797 781
797 789
797 793
797 799
797 829
797 861
797 1821
798 286
798 542
798 782
798 794
798 796
798 830
798 862
798 926
798 1822
799 287
799 543
799 783
799 795
799 798
799 831
799 927
799 1823
800 544
800 801
800 802
800 808
800 928
800 1824
801 289
801 545
801 769
801 803
801 805
801 865
801 929
801 1825
802 290
802 546
802 770
802 800
802 803
802 806
802 810
802 818
802 866
802 930
802 1826
803 291
803 547
803 801
803 807
803 811
803 819
803 867
803 931
803 1827
804 292
804 548
804 800
804 805
804 868
804 932
804 1828
805 293
805 549
805 773
805 801
805 804
805 813
805 821
805 869
805 933
805 1829
806 550
806 802
806 804
806 822
806 870
806 934
806 1830
807 295
807 775
807 803
807 805
807 806
807 815
807 823
807 935
807 1831
808 296
808 776
808 800
808 809
808 812
808 872
808 936
808 1832
809 297
809 553
809 777
809 801
809 808
809 811
809 813
809 873
809 937
809 1833
810 298
810 778
810 802
810 808
810 811
810 826
810 874
810 1834
811 299
811 555
811 779
811 803
811 815
811 827
811 1835
812 300
812 780
812 804
812 814
812 828
812 940
813 301
813 781
813 805
813 812
813 815
813 829
813 877
813 941
813 1837
814 302
814 558
814 782
814 806
814 810
814 830
814 878
814 942
814 1838
815 303
815 559
815 783
815 811
815 813
815 814
815 879
815 943
815 1839
816 304
816 560
816 800
816 817
816 818
816 820
816 944
816 1840
817 305
817 785
817 801
817 816
817 819
817 821
817 825
817 881
817 945
817 1841
818 562
818 786
818 802
818 816
818 819
818 946
819 307
819 803
819 818
819 883
820 564
820 788
820 804
820 816
820 821
820 822
820 828
820 948
820 1844
821 309
821 565
821 789
821 805
821 817
821 823
821 829
821 885
821 949
822 310
822 566
822 790
822 806
822 818
822 820
822 823
822 830
822 950
822 1846
823 311
823 567
823 791
823 819
823 831
823 887
823 951
823 1847
824 312
824 568
824 792
824 808
824 816
824 825
824 826
824 828
824 888
824 952
825 313
825 569
825 809
825 824
825 827
825 829
825 889
825 953
825 1849
826 314
826 570
826 794
826 810
826 818
826 827
826 830
826 890
826 954
826 1850
827 315
827 571
827 795
827 819
827 825
827 826
827 891
827 955
827 1851
828 316
828 572
828 796
828 820
828 824
828 829
828 892
828 956
829 317
829 573
829 813
829 828
829 831
829 1853
830 318
830 574
830 798
830 814
830 822
830 826
830 828
830 831
830 894
830 1854
831 319
831 575
831 799
831 815
831 823
831 827
831 829
831 830
831 895
831 959
832 320
832 576
832 768
832 833
832 834
832 836
832 840
832 848
832 864
832 960
832 1856
833 577
833 769
833 832
833 835
833 841
833 849
833 865
833 961
833 1857
834 578
834 832
834 838
834 842
834 850
834 866
834 1858
835 579
835 771
835 833
835 834
835 839
835 843
835 851
835 867
835 963
835 1859
836 324
836 580
836 832
836 844
836 852
836 868
836 964
837 325
837 581
837 773
837 833
837 836
837 839
837 845
837 853
837 869
837 965
838 326
838 774
838 834
838 836
838 846
838 854
838 966
839 327
839 583
839 775
839 837
839 838
839 847
839 855
839 871
839 1863
840 584
840 832
840 841
840 844
840 856
840 872
840 1864
841 329
841 585
841 777
841 833
841 845
841 857
841 873
841 969
842 330
842 778
842 834
842 840
842 843
842 846
842 858
842 874
842 1866
843 587
843 779
843 835
843 841
843 847
843 971
843 1867
844 332
844 588
844 780
844 836
844 840
844 860
844 876
844 972
845 589
845 837
845 841
845 844
845 861
845 877
845 1869
846 334
846 590
846 782
846 844
846 847
846 878
846 974
847 335
847 783
847 839
847 843
847 845
847 846
847 879
847 975
848 336
848 592
848 784
848 832
848 849
848 850
848 852
848 856
848 880
848 1872
849 785
849 833
849 853
849 857
849 881
849 1873
850 594
850 834
850 851
850 882
850 1874
851 339
851 595
851 787
851 835
851 849
851 850
851 855
851 859
851 883
851 1875
852 340
852 596
852 853
852 860
852 884
852 980
852 1876
853 341
853 597
853 789
853 849
853 852
853 855
853 861
853 885
853 981
853 1877
854 342
854 838
854 850
854 852
854 855
854 862
854 982
854 1878
855 343
855 599
855 791
855 839
855 851
855 854
855 863
855 887
855 983
856 600
856 792
856 848
856 857
856 858
856 888
856 1880
857 345
857 601
857 793
857 856
857 859
857 861
857 985
857 1881
858 346
858 602
858 794
858 850
858 856
858 859
858 862
858 890
858 1882
859 603
859 795
859 843
859 851
859 857
859 858
859 891
859 987
859 1883
860 604
860 796
860 852
860 856
860 862
860 1884
861 349
861 605
861 797
861 845
861 853
861 857
861 860
861 989
862 350
862 606
862 846
862 854
862 858
862 860
862 894
862 990
862 1886
863 351
863 607
863 799
863 847
863 855
863 859
863 861
863 862
863 991
863 1887
864 352
864 608
864 800
864 832
864 866
864 880
864 992
864 1888
865 353
865 609
865 833
865 864
865 869
865 873
865 993
865 1889
866 610
866 834
866 867
866 874
866 882
866 1890
867 355
867 803
867 835
867 865
867 866
867 883
867 995
867 1891
868 356
868 612
868 804
868 836
868 864
868 870
868 884
868 996
869 357
869 613
869 805
869 865
869 868
869 871
869 877
869 997
869 1893
870 358
870 614
870 838
870 866
870 868
870 871
870 886
870 998
870 1894
871 359
871 807
871 839
871 867
871 869
871 870
871 879
871 887
871 999
871 1895
872 360
872 616
872 840
872 864
872 873
872 876
872 888
872 1896
873 361
873 617
873 809
873 872
873 875
873 889
873 1001
873 1897
874 618
874 810
874 866
874 872
874 875
874 878
874 1898
875 363
875 619
875 811
875 843
875 867
875 873
875 874
875 879
875 891
875 1003
875 1899
876 364
876 620
876 812
876 868
876 872
876 877
876 878
876 1004
877 365
877 621
877 813
877 845
877 873
877 879
877 893
877 1005
878 366
878 622
878 846
878 870
878 876
878 1006
878 1902
879 367
879 623
879 815
879 875
879 877
879 878
879 895
879 1007
879 1903
880 368
880 624
880 816
880 848
880 864
880 888
880 1008
881 369
881 625
881 849
881 865
881 880
881 883
881 885
881 1009
881 1905
882 370
882 626
882 818
882 850
882 880
882 886
882 890
882 1906
883 627
883 867
883 882
883 891
883 1011
883 1907
884 372
884 628
884 820
884 852
884 868
884 880
884 885
884 886
884 1012
884 1908
885 373
885 629
885 853
885 869
885 881
885 884
885 887
885 1013
886 374
886 630
886 822
886 854
886 870
886 882
886 884
886 894
886 1014
887 631
887 855
887 871
887 883
887 886
887 895
887 1015
887 1911
888 376
888 632
888 856
888 872
888 1016
888 1912
889 825
889 857
889 873
889 881
889 888
889 891
889 893
889 1017
889 1913
890 378
890 634
890 826
890 858
890 874
890 882
890 888
890 891
890 894
890 1018
890 1914
891 379
891 635
891 827
891 883
891 890
891 895
891 1019
892 860
892 876
892 884
892 888
892 893
892 894
892 1916
893 637
893 829
893 861
893 877
893 885
893 889
893 1021
893 1917
894 638
894 830
894 878
894 886
894 895
894 1022
894 1918
895 639
895 863
895 879
895 887
895 893
895 894
895 1023
895 1919
896 384
896 640
896 768
896 904
896 912
896 928
896 960
896 1920
897 896
897 901
897 913
897 929
897 961
897 1921
898 386
898 642
898 896
898 899
898 906
898 914
898 930
898 962
898 1922
899 387
899 643
899 897
899 903
899 907
899 931
899 1923
900 772
900 896
900 901
900 916
900 932
900 964
901 389
901 645
901 773
901 897
901 900
901 903
901 909
901 933
901 965
901 1925
902 390
902 646
902 774
902 898
902 900
902 910
902 918
902 934
902 966
903 647
903 775
903 899
903 902
903 911
903 935
904 392
904 648
904 776
904 896
904 905
904 908
904 920
904 936
904 968
904 1928
905 393
905 777
905 897
905 904
905 907
905 921
905 937
905 969
905 1929
906 394
906 650
906 904
906 907
906 910
906 938
906 970
906 1930
907 395
907 651
907 779
907 899
907 923
907 939
907 971
907 1931
908 652
908 780
908 900
908 904
908 909
908 910
908 924
908 972
908 1932
909 397
909 781
909 905
909 908
909 911
909 925
909 973
909 1933
910 398
910 654
910 782
910 902
910 911
910 926
910 942
910 974
910 1934
911 399
911 783
911 903
911 907
911 910
911 927
911 943
911 975
912 656
912 784
912 896
912 913
912 914
912 1936
913 401
913 657
913 785
913 912
913 915
913 917
913 921
913 945
913 1937
914 402
914 658
914 786
914 912
914 915
914 946
914 978
915 403
915 659
915 787
915 899
915 919
915 923
915 979
915 1939
916 660
916 788
916 912
916 917
916 918
916 1940
917 661
917 901
917 913
917 919
917 925
917 949
917 981
918 406
918 790
918 914
918 926
918 950
918 982
918 1942
919 663
919 791
919 903
919 915
919 917
919 918
919 951
919 983
919 1943
920 408
920 664
920 904
920 912
920 922
920 924
920 952
920 1944
921 409
921 793
921 905
921 913
921 920
921 923
921 925
921 953
921 985
922 410
922 794
922 906
922 914
922 926
922 986
922 1946
923 411
923 667
923 795
923 907
923 915
923 921
923 922
923 955
923 987
923 1947
924 412
924 796
924 908
924 916
924 920
924 925
924 956
924 988
924 1948
925 413
925 797
925 909
925 917
925 921
925 924
925 927
925 957
925 989
925 1949
926 414
926 670
926 910
926 918
926 922
926 924
926 927
926 958
926 990
926 1950
927 415
927 671
927 799
927 911
927 919
927 923
927 926
927 991
927 1951
928 672
928 800
928 929
928 930
928 932
928 936
928 944
928 992
928 1952
929 417
929 673
929 801
929 897
929 928
929 931
929 933
929 945
930 802
930 928
930 931
930 934
930 938
930 994
930 1954
931 675
931 803
931 899
931 929
931 930
931 935
931 995
931 1955
932 420
932 804
932 928
932 933
932 934
932 940
932 948
932 996
932 1956
933 677
933 805
933 901
933 929
933 932
933 935
933 941
933 949
933 997
934 422
934 678
934 902
934 932
934 942
934 950
934 998
934 1958
935 679
935 807
935 934
935 943
935 951
935 999
935 1959
936 424
936 680
936 928
936 937
936 938
936 940
936 952
936 1000
936 1960
937 681
937 809
937 905
937 929
937 936
937 939
937 941
937 953
937 1001
937 1961
938 426
938 682
938 810
938 906
938 930
938 936
938 939
938 942
938 954
938 1002
938 1962
939 427
939 683
939 811
939 931
939 937
939 1003
939 1963
940 908
940 936
940 941
940 956
940 1004
940 1964
941 429
941 685
941 813
941 909
941 933
941 937
941 940
941 943
941 957
941 1005
941 1965
942 430
942 686
942 910
942 934
942 938
942 940
942 943
942 958
942 1006
943 431
943 687
943 815
943 911
943 935
943 939
943 941
943 959
944 688
944 816
944 912
944 928
944 946
944 948
944 952
944 1008
945 817
945 913
945 944
945 947
945 949
945 953
945 1009
945 1969
946 434
946 690
946 914
946 930
946 944
946 950
946 954
946 1970
947 435
947 691
947 819
947 915
947 931
947 945
947 946
947 951
947 955
947 1011
947 1971
948 436
948 692
948 820
948 916
948 932
948 944
948 949
948 950
948 956
948 1012
949 693
949 821
949 917
949 933
949 948
949 951
949 957
949 1013
949 1973
950 438
950 694
950 822
950 946
950 951
950 958
950 1014
950 1974
951 695
951 823
951 935
951 949
951 950
951 959
951 1015
952 696
952 824
952 953
952 954
952 956
952 1016
952 1976
953 441
953 697
953 825
953 921
953 937
953 952
953 957
953 1977
954 442
954 698
954 922
954 938
954 952
954 955
954 1018
954 1978
955 699
955 827
955 923
955 939
955 947
955 953
955 954
955 959
955 1979
956 444
956 948
956 952
956 957
956 958
956 1980
957 829
957 925
957 949
957 953
957 1021
957 1981
958 446
958 702
958 830
958 926
958 942
958 954
958 956
958 959
958 1022
959 447
959 703
959 831
959 927
959 951
959 955
959 957
959 1023
959 1983
960 448
960 704
960 832
960 964
960 976
961 449
961 833
961 897
961 960
961 963
961 969
961 977
961 993
961 1985
962 450
962 706
962 834
962 898
962 960
962 963
962 966
962 970
962 978
962 994
962 1986
963 451
963 835
963 899
963 961
963 962
963 967
963 971
963 979
963 995
963 1987
964 452
964 900
964 965
964 966
964 972
964 980
964 996
965 709
965 837
965 901
965 961
965 967
965 973
965 981
965 997
965 1989
966 454
966 710
966 838
966 974
966 998
967 839
967 903
967 965
967 966
967 975
967 999
967 1991
968 456
968 712
968 840
968 904
968 960
968 970
968 972
968 984
968 1000
968 1992
969 713
969 905
969 961
969 968
969 971
969 973
969 1993
970 458
970 714
970 842
970 906
970 962
970 968
970 971
970 974
970 986
970 1002
971 459
971 715
971 843
971 907
971 963
971 969
971 970
971 975
971 987
971 1003
971 1995
972 460
972 716
972 844
972 908
972 964
972 968
972 974
972 988
972 1996
973 461
973 717
973 845
973 909
973 969
973 972
973 975
973 989
974 462
974 718
974 846
974 910
974 966
974 970
974 972
974 1006
974 1998
975 463
975 847
975 967
975 971
975 973
975 974
975 991
975 1007
975 1999
976 464
976 848
976 912
976 960
976 977
976 978
976 984
976 1008
976 2000
977 465
977 721
977 849
977 913
977 976
977 979
977 981
977 985
977 1009
977 2001
978 466
978 850
978 962
978 976
978 982
978 986
978 1010
978 2002
979 467
979 723
979 851
979 915
979 977
979 978
979 983
979 2003
980 468
980 724
980 852
980 916
980 964
980 976
980 981
980 982
980 988
980 2004
981 725
981 853
981 965
981 983
981 1013
981 2005
982 726
982 854
982 966
982 980
982 983
982 990
982 1014
982 2006
983 471
983 855
983 919
983 967
983 979
983 981
983 982
983 991
983 2007
984 472
984 728
984 856
984 920
984 968
984 976
984 985
984 988
984 2008
985 473
985 857
985 921
985 969
985 984
985 987
985 989
985 1017
985 2009
986 858
986 922
986 970
986 978
986 984
986 990
986 2010
987 731
987 971
987 979
987 986
987 991
987 2011
988 476
988 732
988 860
988 924
988 980
988 984
988 989
988 1020
989 477
989 733
989 861
989 925
989 973
989 981
989 988
989 991
989 2013
990 478
990 734
990 862
990 926
990 974
990 982
990 988
990 991
990 1022
991 479
991 735
991 863
991 927
991 975
991 983
991 1023
991 2015
992 480
992 736
992 864
992 928
992 960
992 993
992 994
992 1008
992 2016
993 481
993 737
993 865
993 929
993 992
993 995
993 997
993 1001
993 1009
993 2017
994 482
994 738
994 866
994 962
994 992
994 995
994 998
994 1002
994 1010
994 2018
995 739
995 931
995 963
995 993
995 994
995 999
995 1003
995 1011
995 2019
996 484
996 740
996 932
996 964
996 992
996 997
996 998
996 1012
997 485
997 741
997 869
997 933
997 993
997 999
997 1005
997 1013
997 2021
998 486
998 742
998 870
998 934
998 966
998 996
998 999
998 1014
998 2022
999 743
999 871
999 935
999 995
999 1007
999 1015
999 2023
1000 488
1000 872
1000 936
1000 968
1000 992
1000 1001
1000 1002
1000 2024
1001 489
1001 745
1001 873
1001 937
1001 969
1001 1000
1001 1003
1001 1005
1001 1017
1001 2025
1002 490
1002 746
1002 874
1002 938
1002 970
1002 994
1002 1000
1002 1003
1002 1006
1002 1018
1003 491
1003 875
1003 939
1003 971
1003 995
1003 1002
1003 1019
1003 2027
1004 492
1004 748
1004 940
1004 972
1004 996
1004 1000
1004 1005
1004 1006
1004 1020
1004 2028
1005 493
1005 973
1005 997
1005 1004
1005 1007
1005 1021
1005 2029
1006 494
1006 750
1006 942
1006 974
1006 998
1006 1004
1006 1007
1006 1022
1006 2030
1007 495
1007 943
1007 975
1007 999
1007 1003
1007 1023
1007 2031
1008 496
1008 752
1008 880
1008 944
1008 992
1008 1010
1008 1012
1008 2032
1009 497
1009 753
1009 945
1009 977
1009 993
1009 1008
1009 1011
1009 1013
1009 1017
1009 2033
1010 498
1010 882
1010 946
1010 978
1010 994
1010 1008
1010 1011
1010 1014
1010 2034
1011 499
1011 755
1011 883
1011 947
1011 979
1011 995
1011 1009
1011 1010
1011 1015
1011 1019
1012 500
1012 756
1012 980
1012 996
1012 1008
1012 1013
1012 1014
1012 2036
1013 501
1013 757
1013 885
1013 949
1013 997
1013 1015
1013 1021
1013 2037
1014 758
1014 886
1014 982
1014 998
1014 1012
1014 1022
1015 759
1015 887
1015 951
1015 983
1015 1013
1015 1014
1015 1023
1016 504
1016 888
1016 952
1016 984
1016 1000
1016 1008
1016 1017
1016 1018
1016 1020
1016 2040
1017 761
1017 889
1017 953
1017 1001
1017 1009
1017 2041
1018 506
1018 762
1018 986
1018 1002
1018 1010
1018 1016
1018 1019
1018 1022
1018 2042
1019 507
1019 763
1019 891
1019 955
1019 987
1019 1003
1019 1011
1019 1017
1019 1018
1020 508
1020 764
1020 892
1020 956
1020 988
1020 1004
1020 1012
1020 1016
1020 1021
1020 2044
1021 765
1021 893
1021 957
1021 989
1021 1017
1021 1020
1021 2045
1022 510
1022 766
1022 894
1022 1006
1022 1018
1022 1020
1022 2046
1023 767
1023 959
1023 991
1023 1015
1023 1019
1023 1021
1023 1022
1023 2047
1024 0
1024 1025
1024 1026
1024 1028
1024 1032
1024 1056
1024 1152
1024 1280
1024 1536
1025 1
1025 1057
1025 1089
1025 1153
1025 1537
1026 2
1026 1024
1026 1027
1026 1030
1026 1034
1026 1042
1026 1090
1026 1154
1026 1282
1026 1538
1027 1025
1027 1026
1027 1031
1027 1043
1027 1059
1027 1091
1027 1155
1027 1283
1027 1539
1028 4
1028 1024
1028 1029
1028 1030
1028 1036
1028 1044
1028 1060
1028 1092
1028 1156
1028 1284
1029 5
1029 1025
1029 1028
1029 1031
1029 1045
1029 1061
1029 1093
1029 1157
1029 1541
1030 1026
1030 1038
1030 1046
1030 1094
1030 1158
1030 1286
1030 1542
1031 7
1031 1027
1031 1029
1031 1030
1031 1039
1031 1047
1031 1063
1031 1159
1031 1287
1031 1543
1032 8
1032 1024
1032 1033
1032 1034
1032 1036
1032 1048
1032 1064
1032 1096
1032 1160
1032 1288
1032 1544
1033 9
1033 1025
1033 1035
1033 1037
1033 1049
1033 1097
1033 1289
1033 1545
1034 10
1034 1026
1034 1032
1034 1035
1034 1038
1034 1050
1034 1098
1034 1290
1034 1546
1035 11
1035 1027
1035 1033
1035 1051
1035 1067
1035 1099
1035 1163
1035 1291
1036 12
1036 1028
1036 1032
1036 1037
1036 1038
1036 1052
1036 1100
1036 1292
1037 13
1037 1029
1037 1039
1037 1053
1037 1069
1037 1101
1037 1165
1037 1293
1037 1549
1038 1030
1038 1034
1038 1036
1038 1039
1038 1054
1038 1070
1038 1102
1038 1166
1038 1550
1039 15
1039 1035
1039 1037
1039 1038
1039 1071
1039 1103
1039 1167
1039 1295
1040 16
1040 1024
1040 1041
1040 1042
1040 1044
1040 1072
1040 1168
1041 17
1041 1025
1041 1045
1041 1049
1041 1169
1041 1297
1041 1553
1042 18
1042 1026
1042 1040
1042 1043
1042 1046
1042 1106
1042 1170
1042 1298
1042 1554
1043 19
1043 1027
1043 1041
1043 1042
1043 1047
1043 1075
1043 1107
1043 1299
1044 1028
1044 1040
1044 1045
1044 1046
1044 1052
1044 1076
1044 1172
1045 21
1045 1029
1045 1041
1045 1044
1045 1047
1045 1053
1045 1077
1045 1109
1045 1173
1045 1301
1045 1557
1046 22
1046 1030
1046 1042
1046 1047
1046 1054
1046 1078
1046 1110
1046 1174
1046 1302
1046 1558
1047 23
1047 1031
1047 1043
1047 1045
1047 1055
1047 1111
1047 1175
1047 1303
1047 1559
1048 24
1048 1040
1048 1050
1048 1080
1048 1112
1048 1176
1048 1560
1049 1048
1049 1051
1049 1053
1049 1081
1049 1113
1049 1177
1049 1305
1049 1561
1050 1034
1050 1042
1050 1048
1050 1051
1050 1054
1050 1114
1050 1306
1050 1562
1051 1035
1051 1043
1051 1050
1051 1083
1051 1115
1051 1179
1051 1307
1051 1563
1052 1036
1052 1048
1052 1053
1052 1054
1052 1084
1052 1116
1052 1180
1052 1308
1052 1564
1053 29
1053 1037
1053 1045
1053 1049
1053 1052
1053 1055
1053 1085
1053 1117
1053 1181
1053 1309
1053 1565
1054 1046
1054 1050
1054 1055
1054 1086
1054 1182
1054 1310
1055 1039
1055 1047
1055 1051
1055 1053
1055 1087
1055 1119
1055 1183
1055 1311
1055 1567
1056 32
1056 1057
1056 1058
1056 1064
1056 1120
1056 1184
1056 1312
1056 1568
1057 33
1057 1025
1057 1056
1057 1059
1057 1061
1057 1065
1057 1073
1057 1121
1057 1313
1057 1569
1058 34
1058 1026
1058 1056
1058 1059
1058 1066
1058 1074
1058 1122
1058 1186
1058 1314
1058 1570
1059 35
1059 1027
1059 1057
1059 1063
1059 1067
1059 1075
1059 1123
1059 1187
1059 1315
1059 1571
1060 36
1060 1028
1060 1056
1060 1061
1060 1068
1060 1076
1060 1316
1060 1572
1061 37
1061 1029
1061 1057
1061 1060
1061 1063
1061 1077
1061 1317
1061 1573
1062 38
1062 1030
1062 1058
1062 1060
1062 1078
1062 1126
1062 1190
1062 1318
1063 39
1063 1031
1063 1062
1063 1071
1063 1127
1063 1191
1063 1319
1063 1575
1064 40
1064 1065
1064 1066
1064 1068
1064 1192
1064 1320
1065 41
1065 1033
1065 1057
1065 1064
1065 1067
1065 1081
1065 1577
1066 42
1066 1034
1066 1058
1066 1064
1066 1067
1066 1070
1066 1082
1066 1130
1066 1194
1066 1322
1066 1578
1067 43
1067 1035
1067 1059
1067 1066
1067 1071
1067 1083
1067 1195
1067 1323
1067 1579
1068 1036
1068 1060
1068 1069
1068 1070
1068 1132
1068 1196
1069 45
1069 1037
1069 1061
1069 1065
1069 1068
1069 1085
1069 1133
1069 1325
1069 1581
1070 46
1070 1062
1070 1071
1070 1086
1070 1134
1070 1198
1070 1582
1071 47
1071 1039
1071 1069
1071 1070
1071 1135
1071 1199
1071 1327
1071 1583
1072 48
1072 1056
1072 1074
1072 1076
1072 1080
1072 1136
1072 1328
1072 1584
1073 1041
1073 1072
1073 1075
1073 1077
1073 1137
1073 1201
1073 1329
1073 1585
1074 50
1074 1042
1074 1058
1074 1075
1074 1078
1074 1082
1074 1138
1074 1202
1074 1330
1074 1586
1075 51
1075 1043
1075 1059
1075 1074
1075 1079
1075 1083
1075 1139
1075 1203
1075 1331
1076 1044
1076 1060
1076 1077
1076 1084
1076 1140
1076 1204
1076 1332
1076 1588
1077 53
1077 1045
1077 1073
1077 1076
1077 1079
1077 1085
1077 1205
1077 1333
1077 1589
1078 1062
1078 1074
1078 1076
1078 1086
1078 1142
1078 1206
1078 1334
1078 1590
1079 55
1079 1047
1079 1063
1079 1075
1079 1077
1079 1078
1079 1087
1079 1143
1079 1207
1079 1591
1080 56
1080 1064
1080 1072
1080 1084
1080 1208
1080 1336
1081 57
1081 1049
1081 1065
1081 1073
1081 1080
1081 1083
1081 1209
1081 1337
1081 1593
1082 58
1082 1050
1082 1074
1082 1080
1082 1083
1082 1086
1082 1146
1082 1338
1082 1594
1083 1067
1083 1075
1083 1081
1083 1082
1083 1087
1083 1147
1083 1211
1083 1339
1083 1595
1084 1068
1084 1076
1084 1080
1084 1085
1084 1086
1084 1148
1084 1212
1084 1340
1084 1596
1085 61
1085 1053
1085 1069
1085 1081
1085 1149
1085 1341
1085 1597
1086 62
1086 1070
1086 1082
1086 1084
1086 1087
1086 1150
1086 1214
1086 1598
1087 63
1087 1071
1087 1079
1087 1083
1087 1085
1087 1086
1087 1151
1087 1215
1087 1599
1088 64
1088 1024
1088 1089
1088 1090
1088 1096
1088 1104
1088 1120
1088 1216
1088 1600
1089 65
1089 1091
1089 1097
1089 1121
1089 1217
1089 1345
1089 1601
1090 1026
1090 1088
1090 1091
1090 1094
1090 1098
1090 1122
1090 1218
1090 1346
1091 67
1091 1090
1091 1095
1091 1099
1091 1107
1091 1123
1091 1219
1091 1603
1092 68
1092 1088
1092 1093
1092 1100
1092 1124
1092 1220
1092 1604
1093 69
1093 1029
1093 1089
1093 1092
1093 1095
1093 1109
1093 1125
1093 1349
1094 1030
1094 1090
1094 1092
1094 1102
1094 1222
1094 1606
1095 1031
1095 1091
1095 1093
1095 1094
1095 1103
1095 1111
1095 1127
1095 1223
1095 1351
1095 1607
1096 72
1096 1088
1096 1097
1096 1098
1096 1128
1096 1224
1096 1352
1096 1608
1097 1096
1097 1099
1097 1101
1097 1129
1097 1225
1097 1353
1097 1609
1098 1034
1098 1099
1098 1130
1098 1354
1099 75
1099 1035
1099 1091
1099 1097
1099 1131
1099 1227
1099 1355
1100 76
1100 1036
1100 1096
1100 1101
1100 1102
1100 1116
1100 1132
1100 1228
1100 1612
1101 77
1101 1093
1101 1097
1101 1103
1101 1133
1101 1357
1101 1613
1102 1038
1102 1094
1102 1098
1102 1100
1102 1103
1102 1118
1102 1134
1102 1358
1102 1614
1103 1039
1103 1095
1103 1099
1103 1135
1103 1231
1103 1359
1104 80
1104 1040
1104 1112
1104 1136
1104 1360
1104 1616
1105 81
1105 1041
1105 1089
1105 1104
1105 1107
1105 1109
1105 1113
1105 1137
1105 1233
1105 1617
1106 82
1106 1090
1106 1104
1106 1110
1106 1114
1106 1138
1106 1234
1106 1362
1106 1618
1107 83
1107 1043
1107 1106
1107 1111
1107 1115
1107 1139
1107 1235
1107 1363
1107 1619
1108 1044
1108 1092
1108 1104
1108 1110
1108 1116
1108 1140
1108 1364
1108 1620
1109 85
1109 1045
1109 1108
1109 1111
1109 1141
1109 1237
1109 1365
1110 86
1110 1046
1110 1094
1110 1106
1110 1108
1110 1366
1110 1622
1111 1047
1111 1109
1111 1110
1111 1143
1111 1239
1111 1367
1112 1048
1112 1096
1112 1104
1112 1113
1112 1114
1112 1116
1112 1144
1112 1240
1113 1097
1113 1105
1113 1112
1113 1115
1113 1117
1113 1145
1113 1241
1114 90
1114 1098
1114 1115
1114 1118
1114 1146
1114 1242
1114 1370
1114 1626
1115 1051
1115 1099
1115 1107
1115 1113
1115 1114
1115 1119
1115 1147
1115 1243
1115 1371
1115 1627
1116 1052
1116 1108
1116 1117
1116 1118
1116 1244
1116 1372
1116 1628
1117 93
1117 1053
1117 1101
1117 1109
1117 1113
1117 1119
1117 1149
1117 1245
1117 1373
1117 1629
1118 94
1118 1054
1118 1110
1118 1119
1118 1150
1118 1246
1118 1630
1119 95
1119 1103
1119 1111
1119 1117
1119 1118
1119 1151
1119 1631
1120 96
1120 1056
1120 1122
1120 1124
1120 1136
1120 1248
1120 1376
1120 1632
1121 97
1121 1089
1121 1120
1121 1123
1121 1125
1121 1129
1121 1137
1121 1249
1121 1633
1122 98
1122 1058
1122 1126
1122 1138
1122 1250
1122 1378
1122 1634
1123 99
1123 1121
1123 1122
1123 1127
1123 1139
1123 1379
1123 1635
1124 100
1124 1060
1124 1092
1124 1120
1124 1126
1124 1132
1124 1140
1124 1252
1124 1636
1125 1061
1125 1093
1125 1121
1125 1124
1125 1141
1125 1253
1125 1637
1126 102
1126 1062
1126 1094
1126 1122
1126 1124
1126 1127
1126 1142
1126 1382
1126 1638
1127 103
1127 1095
1127 1125
1127 1126
1127 1143
1127 1255
1127 1383
1127 1639
1128 1064
1128 1096
1128 1120
1128 1130
1128 1256
1128 1384
1128 1640
1129 105
1129 1065
1129 1097
1129 1121
1129 1128
1129 1133
1129 1145
1129 1257
1129 1385
1129 1641
1130 106
1130 1066
1130 1098
1130 1122
1130 1128
1130 1134
1130 1146
1130 1258
1130 1642
1131 107
1131 1067
1131 1099
1131 1123
1131 1129
1131 1130
1131 1135
1131 1259
1131 1387
1131 1643
1132 1124
1132 1128
1132 1133
1132 1148
1132 1260
1132 1388
1132 1644
1133 109
1133 1125
1133 1129
1133 1132
1133 1135
1133 1149
1133 1261
1133 1389
1133 1645
1134 110
1134 1070
1134 1102
1134 1126
1134 1132
1134 1390
1134 1646
1135 1071
1135 1127
1135 1131
1135 1134
1135 1263
1135 1391
1136 1072
1136 1104
1136 1120
1136 1137
1136 1138
1136 1140
1136 1144
1136 1392
1137 113
1137 1105
1137 1121
1137 1139
1137 1145
1137 1265
1137 1393
1137 1649
1138 114
1138 1106
1138 1136
1138 1139
1138 1142
1138 1266
1138 1394
1139 1107
1139 1143
1139 1147
1139 1267
1139 1395
1139 1651
1140 116
1140 1141
1140 1142
1140 1148
1140 1268
1140 1396
1141 1077
1141 1109
1141 1137
1141 1140
1141 1143
1141 1269
1141 1397
1141 1653
1142 118
1142 1078
1142 1110
1142 1138
1142 1140
1142 1150
1142 1270
1142 1398
1142 1654
1143 119
1143 1079
1143 1127
1143 1139
1143 1142
1143 1151
1143 1271
1143 1399
1143 1655
1144 120
1144 1080
1144 1112
1144 1128
1144 1136
1144 1145
1144 1146
1144 1148
1144 1272
1144 1400
1144 1656
1145 121
1145 1081
1145 1113
1145 1129
1145 1137
1145 1144
1145 1149
1145 1273
1145 1401
1146 122
1146 1082
1146 1114
1146 1130
1146 1138
1146 1144
1146 1147
1146 1150
1146 1274
1146 1402
1146 1658
1147 123
1147 1083
1147 1115
1147 1131
1147 1139
1147 1145
1147 1146
1147 1151
1147 1275
1147 1403
1147 1659
1148 124
1148 1084
1148 1116
1148 1132
1148 1140
1148 1144
1148 1149
1148 1150
1148 1276
1148 1404
1148 1660
1149 1085
1149 1117
1149 1133
1149 1141
1149 1145
1149 1151
1149 1277
1149 1661
1150 126
1150 1134
1150 1142
1150 1146
1150 1148
1150 1151
1150 1278
1150 1406
1150 1662
1151 127
1151 1119
1151 1135
1151 1147
1151 1149
1151 1150
1151 1279
1151 1663
1152 128
1152 1024
1152 1154
1152 1156
1152 1160
1152 1168
1152 1184
1152 1216
1152 1664
1153 129
1153 1152
1153 1157
1153 1161
1153 1169
1153 1185
1153 1217
1153 1665
1154 130
1154 1155
1154 1158
1154 1162
1154 1170
1154 1186
1154 1410
1154 1666
1155 131
1155 1153
1155 1154
1155 1159
1155 1163
1155 1171
1155 1219
1155 1411
1156 132
1156 1152
1156 1157
1156 1158
1156 1164
1156 1188
1156 1220
1156 1412
1156 1668
1157 133
1157 1029
1157 1153
1157 1156
1157 1159
1157 1173
1157 1189
1157 1413
1157 1669
1158 134
1158 1030
1158 1154
1158 1159
1158 1166
1158 1174
1158 1222
1158 1670
1159 135
1159 1031
1159 1155
1159 1157
1159 1158
1159 1167
1159 1175
1159 1191
1159 1223
1159 1415
1159 1671
1160 136
1160 1032
1160 1152
1160 1162
1160 1192
1160 1416
1160 1672
1161 137
1161 1033
1161 1153
1161 1160
1161 1165
1161 1177
1161 1225
1161 1417
1161 1673
1162 138
1162 1034
1162 1154
1162 1160
1162 1163
1162 1194
1162 1418
1163 139
1163 1155
1163 1161
1163 1179
1163 1195
1163 1419
1163 1675
1164 140
1164 1036
1164 1156
1164 1160
1164 1165
1164 1166
1164 1180
1164 1196
1164 1228
1164 1420
1165 141
1165 1157
1165 1164
1165 1167
1165 1181
1165 1197
1165 1229
1165 1677
1166 142
1166 1158
1166 1162
1166 1164
1166 1167
1166 1182
1166 1230
1166 1422
1166 1678
1167 143
1167 1163
1167 1166
1167 1183
1167 1231
1167 1679
1168 144
1168 1152
1168 1169
1168 1172
1168 1200
1168 1424
1168 1680
1169 1041
1169 1153
1169 1171
1169 1173
1169 1201
1169 1425
1169 1681
1170 1042
1170 1168
1170 1171
1170 1174
1170 1178
1170 1202
1170 1234
1170 1426
1171 147
1171 1043
1171 1155
1171 1169
1171 1170
1171 1175
1171 1203
1171 1235
1171 1427
1171 1683
1172 148
1172 1156
1172 1173
1172 1174
1172 1204
1172 1236
1172 1428
1173 149
1173 1045
1173 1169
1173 1172
1173 1175
1173 1181
1173 1205
1173 1237
1173 1429
1173 1685
1174 150
1174 1046
1174 1158
1174 1172
1174 1182
1174 1206
1174 1238
1174 1430
1174 1686
1175 1047
1175 1171
1175 1173
1175 1174
1175 1207
1175 1431
1175 1687
1176 152
1176 1160
1176 1168
1176 1177
1176 1178
1176 1180
1176 1240
1176 1432
1176 1688
1177 153
1177 1161
1177 1169
1177 1179
1177 1181
1177 1209
1177 1433
1177 1689
1178 1050
1178 1162
1178 1182
1178 1210
1178 1242
1178 1434
1179 155
1179 1051
1179 1171
1179 1177
1179 1178
1179 1183
1179 1211
1179 1243
1179 1435
1179 1691
1180 156
1180 1052
1180 1164
1180 1172
1180 1176
1180 1182
1180 1212
1180 1244
1180 1692
1181 1053
1181 1165
1181 1173
1181 1177
1181 1180
1181 1183
1181 1213
1181 1245
1181 1437
1181 1693
1182 158
1182 1054
1182 1174
1182 1183
1182 1214
1182 1246
1182 1694
1183 159
1183 1055
1183 1175
1183 1179
1183 1181
1183 1182
1183 1215
1183 1247
1183 1439
1184 160
1184 1152
1184 1186
1184 1188
1184 1200
1184 1248
1184 1440
1185 161
1185 1057
1185 1153
1185 1184
1185 1187
1185 1189
1185 1193
1185 1201
1185 1441
1186 162
1186 1058
1186 1154
1186 1184
1186 1187
1186 1194
1186 1202
1186 1442
1186 1698
1187 1059
1187 1155
1187 1185
1187 1195
1187 1203
1187 1699
1188 164
1188 1060
1188 1156
1188 1184
1188 1189
1188 1190
1188 1196
1188 1204
1188 1252
1188 1700
1189 165
1189 1061
1189 1185
1189 1188
1189 1197
1189 1205
1189 1253
1189 1445
1190 166
1190 1062
1190 1158
1190 1186
1190 1198
1190 1206
1190 1446
1190 1702
1191 1063
1191 1187
1191 1189
1191 1190
1191 1207
1191 1255
1192 168
1192 1184
1192 1193
1192 1194
1192 1196
1192 1208
1192 1256
1192 1448
1192 1704
1193 169
1193 1065
1193 1161
1193 1185
1193 1197
1193 1209
1193 1257
1193 1449
1193 1705
1194 170
1194 1066
1194 1186
1194 1192
1194 1198
1194 1210
1194 1450
1194 1706
1195 171
1195 1067
1195 1163
1195 1187
1195 1193
1195 1194
1195 1199
1195 1211
1195 1259
1195 1451
1195 1707
1196 1068
1196 1164
1196 1188
1196 1197
1196 1212
1196 1452
1196 1708
1197 173
1197 1069
1197 1193
1197 1196
1197 1199
1197 1213
1197 1261
1197 1453
1197 1709
1198 174
1198 1166
1198 1190
1198 1196
1198 1199
1198 1214
1198 1710
1199 175
1199 1167
1199 1191
1199 1195
1199 1198
1199 1215
1199 1263
1199 1711
1200 176
1200 1072
1200 1184
1200 1201
1200 1204
1200 1208
1200 1264
1200 1712
1201 1073
1201 1169
1201 1185
1201 1200
1201 1203
1201 1209
1201 1265
1201 1457
1201 1713
1202 1074
1202 1170
1202 1200
1202 1206
1202 1210
1202 1266
1202 1458
1202 1714
1203 179
1203 1075
1203 1187
1203 1201
1203 1202
1203 1207
1203 1267
1203 1459
1203 1715
1204 1076
1204 1205
1204 1206
1204 1268
1204 1460
1204 1716
1205 1077
1205 1173
1205 1201
1205 1204
1205 1207
1205 1269
1205 1461
1205 1717
1206 182
1206 1078
1206 1202
1206 1204
1206 1207
1206 1270
1206 1462
1207 1079
1207 1191
1207 1203
1207 1205
1207 1215
1207 1271
1207 1463
1207 1719
1208 184
1208 1080
1208 1176
1208 1200
1208 1209
1208 1210
1208 1212
1208 1272
1208 1464
1208 1720
1209 1081
1209 1177
1209 1208
1209 1273
1209 1465
1209 1721
1210 186
1210 1082
1210 1178
1210 1194
1210 1202
1210 1208
1210 1214
1210 1274
1210 1466
1211 1179
1211 1195
1211 1203
1211 1209
1211 1210
1211 1215
1211 1275
1211 1467
1212 1084
1212 1180
1212 1196
1212 1204
1212 1213
1212 1276
1212 1468
1212 1724
1213 1085
1213 1205
1213 1209
1213 1212
1213 1277
1213 1469
1213 1725
1214 190
1214 1182
1214 1198
1214 1206
1214 1210
1214 1212
1214 1215
1214 1278
1214 1726
1215 191
1215 1199
1215 1207
1215 1211
1215 1213
1215 1214
1215 1279
1215 1727
1216 192
1216 1088
1216 1152
1216 1217
1216 1220
1216 1232
1216 1248
1216 1472
1216 1728
1217 193
1217 1089
1217 1153
1217 1219
1217 1221
1217 1225
1217 1233
1217 1249
1217 1473
1217 1729
1218 194
1218 1090
1218 1154
1218 1216
1218 1219
1218 1222
1218 1226
1218 1234
1218 1250
1218 1474
1218 1730
1219 1091
1219 1155
1219 1218
1219 1223
1219 1251
1219 1475
1219 1731
1220 1092
1220 1221
1220 1222
1220 1228
1220 1236
1220 1252
1220 1476
1220 1732
1221 197
1221 1093
1221 1157
1221 1217
1221 1220
1221 1223
1221 1229
1221 1237
1221 1253
1221 1733
1222 198
1222 1094
1222 1158
1222 1218
1222 1220
1222 1223
1222 1230
1222 1238
1222 1254
1222 1478
1223 1095
1223 1159
1223 1222
1223 1231
1223 1239
1223 1735
1224 200
1224 1096
1224 1160
1224 1216
1224 1226
1224 1240
1224 1256
1224 1736
1225 201
1225 1097
1225 1161
1225 1217
1225 1224
1225 1227
1225 1229
1225 1241
1225 1257
1225 1481
1226 202
1226 1098
1226 1162
1226 1218
1226 1224
1226 1227
1226 1230
1226 1242
1226 1738
1227 203
1227 1163
1227 1219
1227 1225
1227 1226
1227 1231
1227 1483
1227 1739
1228 204
1228 1220
1228 1224
1228 1230
1228 1244
1228 1484
1229 205
1229 1101
1229 1165
1229 1221
1229 1225
1229 1228
1229 1231
1229 1245
1230 206
1230 1102
1230 1166
1230 1226
1230 1231
1230 1246
1230 1486
1230 1742
1231 207
1231 1223
1231 1227
1231 1229
1231 1230
1231 1263
1232 208
1232 1104
1232 1168
1232 1216
1232 1236
1232 1240
1232 1264
1233 209
1233 1105
1233 1169
1233 1217
1233 1232
1233 1235
1233 1237
1233 1241
1233 1745
1234 210
1234 1106
1234 1170
1234 1232
1234 1235
1234 1238
1234 1266
1234 1746
1235 211
1235 1219
1235 1233
1235 1234
1235 1239
1235 1243
1235 1491
1235 1747
1236 1108
1236 1172
1236 1220
1236 1232
1236 1237
1236 1238
1236 1244
1236 1492
1237 1109
1237 1221
1237 1233
1237 1239
1237 1245
1237 1269
1237 1493
1237 1749
1238 1110
1238 1222
1238 1234
1238 1239
1238 1246
1238 1270
1238 1750
1239 215
1239 1111
1239 1175
1239 1223
1239 1235
1239 1237
1239 1238
1239 1247
1239 1271
1239 1495
1239 1751
1240 216
1240 1112
1240 1176
1240 1224
1240 1241
1240 1242
1240 1244
1240 1496
1240 1752
1241 217
1241 1177
1241 1225
1241 1233
1241 1240
1241 1243
1241 1245
1241 1273
1241 1753
1242 218
1242 1178
1242 1226
1242 1234
1242 1240
1242 1246
1242 1274
1242 1498
1242 1754
1243 219
1243 1115
1243 1227
1243 1241
1243 1242
1243 1275
1243 1499
1244 1180
1244 1236
1244 1245
1244 1246
1244 1276
1244 1500
1245 221
1245 1117
1245 1241
1245 1277
1245 1757
1246 222
1246 1118
1246 1182
1246 1238
1246 1244
1246 1247
1246 1278
1246 1502
1246 1758
1247 223
1247 1119
1247 1183
1247 1231
1247 1239
1247 1243
1247 1245
1247 1279
1247 1759
1248 1120
1248 1250
1248 1252
1248 1256
1249 225
1249 1121
1249 1185
1249 1217
1249 1248
1249 1251
1249 1253
1249 1505
1249 1761
1250 226
1250 1122
1250 1186
1250 1218
1250 1248
1250 1251
1250 1254
1250 1258
1250 1762
1251 227
1251 1123
1251 1187
1251 1219
1251 1250
1251 1259
1251 1267
1251 1507
1251 1763
1252 228
1252 1124
1252 1220
1252 1253
1252 1254
1252 1260
1252 1508
1253 229
1253 1189
1253 1249
1253 1252
1253 1261
1253 1269
1253 1509
1254 230
1254 1126
1254 1190
1254 1222
1254 1250
1254 1252
1254 1262
1254 1270
1254 1510
1255 1127
1255 1191
1255 1223
1255 1251
1255 1253
1255 1254
1255 1263
1255 1271
1255 1511
1256 232
1256 1128
1256 1224
1256 1248
1256 1257
1256 1258
1256 1260
1256 1272
1256 1768
1257 1129
1257 1225
1257 1249
1257 1259
1257 1261
1257 1273
1257 1513
1257 1769
1258 1130
1258 1194
1258 1226
1258 1250
1258 1256
1258 1259
1258 1262
1258 1274
1258 1514
1258 1770
1259 1131
1259 1227
1259 1251
1259 1257
1259 1258
1259 1515
1259 1771
1260 236
1260 1132
1260 1196
1260 1228
1260 1252
1260 1256
1260 1261
1260 1276
1260 1516
1260 1772
1261 237
1261 1133
1261 1229
1261 1257
1261 1260
1261 1263
1261 1277
1261 1517
1261 1773
1262 1134
1262 1198
1262 1230
1262 1254
1262 1258
1262 1260
1262 1263
1262 1278
1262 1518
1263 239
1263 1135
1263 1199
1263 1231
1263 1255
1263 1259
1263 1279
1263 1519
1263 1775
1264 240
1264 1136
1264 1232
1264 1248
1264 1266
1264 1268
1264 1272
1264 1520
1264 1776
1265 241
1265 1201
1265 1233
1265 1249
1265 1264
1265 1267
1265 1269
1265 1273
1265 1521
1265 1777
1266 242
1266 1202
1266 1234
1266 1250
1266 1264
1266 1270
1266 1274
1266 1778
1267 243
1267 1139
1267 1203
1267 1235
1267 1251
1267 1265
1267 1266
1267 1271
1267 1275
1267 1779
1268 1204
1268 1236
1268 1252
1268 1264
1268 1269
1268 1270
1268 1276
1268 1524
1269 1141
1269 1205
1269 1237
1269 1253
1269 1265
1269 1271
1269 1277
1269 1525
1270 1142
1270 1206
1270 1238
1270 1268
1270 1271
1270 1278
1270 1782
1271 247
1271 1143
1271 1207
1271 1239
1271 1269
1271 1270
1271 1783
1272 248
1272 1144
1272 1208
1272 1240
1272 1256
1272 1264
1272 1273
1272 1274
1272 1276
1273 1209
1273 1241
1273 1257
1273 1272
1273 1277
1274 250
1274 1242
1274 1258
1274 1266
1274 1272
1274 1275
1274 1278
1274 1530
1274 1786
1275 1147
1275 1243
1275 1259
1275 1267
1275 1273
1275 1274
1275 1279
1275 1531
1275 1787
1276 252
1276 1148
1276 1212
1276 1260
1276 1268
1276 1272
1276 1277
1276 1278
1276 1532
1276 1788
1277 1149
1277 1213
1277 1245
1277 1269
1277 1273
1277 1279
1277 1789
1278 254
1278 1150
1278 1214
1278 1246
1278 1262
1278 1270
1278 1274
1278 1279
1278 1534
1279 255
1279 1151
1279 1247
1279 1263
1279 1271
1279 1275
1279 1278
1279 1535
1280 1024
1280 1281
1280 1284
1280 1288
1280 1296
1280 1344
1280 1408
1280 1792
1281 257
1281 1025
1281 1280
1281 1283
1281 1285
1281 1289
1281 1297
1281 1313
1281 1345
1281 1409
1282 258
1282 1026
1282 1280
1282 1283
1282 1290
1282 1314
1282 1410
1283 259
1283 1027
1283 1281
1283 1282
1283 1291
1283 1299
1283 1315
1283 1795
1284 260
1284 1028
1284 1285
1284 1286
1284 1292
1284 1316
1284 1348
1284 1412
1285 1029
1285 1281
1285 1284
1285 1287
1285 1293
1285 1301
1285 1317
1285 1349
1285 1413
1285 1797
1286 1282
1286 1284
1286 1287
1286 1294
1286 1302
1286 1318
1286 1350
1286 1414
1286 1798
1287 263
1287 1031
1287 1283
1287 1286
1287 1295
1287 1303
1287 1351
1287 1415
1287 1799
1288 264
1288 1032
1288 1280
1288 1289
1288 1290
1288 1292
1288 1304
1288 1320
1288 1800
1289 265
1289 1291
1289 1293
1289 1305
1289 1353
1289 1417
1289 1801
1290 266
1290 1282
1290 1291
1290 1306
1290 1322
1290 1354
1290 1418
1290 1802
1291 267
1291 1035
1291 1283
1291 1290
1291 1355
1292 268
1292 1293
1292 1308
1292 1324
1292 1356
1292 1804
1293 269
1293 1285
1293 1292
1293 1309
1293 1325
1294 270
1294 1038
1294 1286
1294 1290
1294 1292
1294 1295
1294 1310
1294 1422
1295 271
1295 1287
1295 1291
1295 1293
1295 1294
1295 1311
1295 1327
1295 1359
1295 1423
1295 1807
1296 1040
1296 1280
1296 1298
1296 1300
1296 1304
1296 1328
1296 1360
1297 273
1297 1041
1297 1281
1297 1296
1297 1301
1297 1305
1297 1329
1297 1361
1297 1809
1298 274
1298 1042
1298 1282
1298 1296
1298 1299
1298 1302
1298 1306
1298 1362
1298 1426
1299 275
1299 1043
1299 1297
1299 1298
1299 1307
1299 1331
1299 1811
1300 276
1300 1044
1300 1284
1300 1296
1300 1302
1300 1308
1300 1428
1301 277
1301 1045
1301 1297
1301 1300
1301 1303
1301 1309
1301 1333
1301 1365
1301 1429
1301 1813
1302 278
1302 1046
1302 1286
1302 1300
1302 1303
1302 1334
1302 1430
1302 1814
1303 1047
1303 1287
1303 1299
1303 1301
1303 1311
1303 1335
1303 1431
1303 1815
1304 280
1304 1048
1304 1288
1304 1296
1304 1305
1304 1306
1304 1308
1304 1368
1304 1432
1305 281
1305 1289
1305 1297
1305 1304
1305 1307
1305 1309
1305 1337
1305 1369
1305 1433
1305 1817
1306 282
1306 1050
1306 1298
1306 1310
1306 1338
1306 1370
1306 1434
1306 1818
1307 283
1307 1051
1307 1291
1307 1305
1307 1306
1307 1311
1307 1339
1307 1435
1307 1819
1308 284
1308 1052
1308 1300
1308 1304
1308 1309
1308 1310
1308 1340
1308 1372
1308 1436
1308 1820
1309 285
1309 1293
1309 1301
1309 1305
1309 1308
1309 1341
1310 286
1310 1054
1310 1302
1310 1306
1310 1308
1310 1311
1310 1342
1310 1374
1311 287
1311 1055
1311 1303
1311 1307
1311 1309
1311 1310
1311 1343
1311 1375
1311 1823
1312 288
1312 1056
1312 1280
1312 1314
1312 1316
1312 1328
1313 289
1313 1057
1313 1281
1313 1312
1313 1315
1313 1321
1313 1329
1313 1377
1313 1441
1313 1825
1314 290
1314 1058
1314 1282
1314 1318
1314 1322
1314 1330
1314 1378
1314 1442
1315 1313
1315 1314
1315 1319
1315 1323
1315 1331
1315 1379
1315 1443
1315 1827
1316 1060
1316 1312
1316 1324
1316 1332
1316 1380
1316 1444
1317 293
1317 1285
1317 1313
1317 1316
1317 1319
1317 1333
1317 1381
1317 1829
1318 294
1318 1062
1318 1286
1318 1314
1318 1316
1318 1326
1318 1334
1318 1382
1318 1446
1318 1830
1319 295
1319 1287
1319 1317
1319 1318
1319 1327
1319 1335
1319 1383
1319 1447
1319 1831
1320 296
1320 1288
1320 1312
1320 1321
1320 1322
1320 1336
1320 1384
1320 1448
1321 297
1321 1065
1321 1289
1321 1320
1321 1325
1321 1337
1321 1385
1321 1449
1321 1833
1322 298
1322 1066
1322 1314
1322 1320
1322 1326
1322 1338
1322 1386
1322 1450
1322 1834
1323 1291
1323 1315
1323 1321
1323 1322
1323 1327
1323 1339
1323 1387
1323 1451
1323 1835
1324 300
1324 1068
1324 1292
1324 1316
1324 1320
1324 1325
1324 1326
1324 1340
1324 1388
1324 1452
1324 1836
1325 1293
1325 1317
1325 1324
1325 1327
1325 1341
1325 1389
1325 1837
1326 302
1326 1070
1326 1294
1326 1324
1326 1327
1326 1342
1326 1390
1326 1454
1326 1838
1327 303
1327 1295
1327 1319
1327 1323
1327 1325
1327 1326
1327 1391
1327 1839
1328 304
1328 1296
1328 1330
1328 1332
1328 1336
1328 1392
1328 1456
1329 305
1329 1297
1329 1313
1329 1328
1329 1331
1329 1337
1329 1393
1329 1457
1330 306
1330 1298
1330 1328
1330 1331
1330 1334
1330 1338
1330 1394
1330 1458
1331 307
1331 1299
1331 1315
1331 1329
1331 1330
1331 1335
1331 1339
1331 1459
1331 1843
1332 308
1332 1076
1332 1300
1332 1316
1332 1328
1332 1333
1332 1340
1332 1396
1332 1460
1333 309
1333 1077
1333 1317
1333 1329
1333 1335
1333 1341
1333 1397
1333 1461
1333 1845
1334 310
1334 1318
1334 1330
1334 1332
1334 1342
1334 1398
1334 1462
1334 1846
1335 311
1335 1079
1335 1303
1335 1319
1335 1331
1335 1333
1335 1334
1335 1343
1335 1463
1335 1847
1336 1304
1336 1320
1336 1337
1336 1338
1336 1340
1336 1400
1336 1464
1337 1081
1337 1329
1337 1339
1337 1401
1337 1465
1337 1849
1338 314
1338 1082
1338 1306
1338 1330
1338 1336
1338 1342
1338 1466
1339 1083
1339 1307
1339 1338
1339 1343
1339 1403
1339 1467
1339 1851
1340 1084
1340 1308
1340 1324
1340 1332
1340 1341
1340 1342
1340 1404
1340 1468
1340 1852
1341 317
1341 1085
1341 1309
1341 1325
1341 1333
1341 1337
1341 1343
1341 1405
1341 1469
1341 1853
1342 1086
1342 1326
1342 1334
1342 1338
1342 1340
1342 1406
1342 1854
1343 319
1343 1087
1343 1311
1343 1327
1343 1335
1343 1339
1343 1341
1343 1342
1343 1407
1343 1471
1344 320
1344 1088
1344 1345
1344 1346
1344 1348
1344 1376
1344 1856
1345 321
1345 1281
1345 1347
1345 1353
1345 1361
1345 1377
1345 1473
1345 1857
1346 322
1346 1282
1346 1344
1346 1350
1346 1354
1346 1362
1346 1378
1346 1858
1347 323
1347 1091
1347 1283
1347 1345
1347 1346
1347 1355
1347 1363
1347 1379
1347 1475
1347 1859
1348 1092
1348 1284
1348 1344
1348 1349
1348 1350
1348 1364
1348 1380
1348 1476
1348 1860
1349 325
1349 1093
1349 1285
1349 1345
1349 1348
1349 1351
1349 1357
1349 1365
1349 1381
1349 1477
1349 1861
1350 326
1350 1094
1350 1286
1350 1346
1350 1348
1350 1351
1350 1382
1350 1478
1350 1862
1351 327
1351 1095
1351 1287
1351 1347
1351 1349
1351 1367
1351 1479
1352 1288
1352 1344
1352 1353
1352 1356
1352 1368
1352 1480
1353 329
1353 1289
1353 1345
1353 1352
1353 1355
1353 1357
1353 1369
1353 1481
1353 1865
1354 1290
1354 1352
1354 1355
1354 1358
1354 1370
1354 1386
1354 1482
1354 1866
1355 331
1355 1291
1355 1347
1355 1354
1355 1371
1355 1387
1355 1867
1356 332
1356 1100
1356 1292
1356 1348
1356 1357
1356 1372
1356 1388
1356 1484
1356 1868
1357 1101
1357 1293
1357 1349
1357 1353
1357 1356
1357 1373
1357 1389
1357 1869
1358 334
1358 1102
1358 1294
1358 1350
1358 1354
1358 1356
1358 1374
1358 1390
1358 1870
1359 335
1359 1103
1359 1295
1359 1351
1359 1355
1359 1357
1359 1358
1359 1375
1359 1391
1359 1871
1360 336
1360 1104
1360 1344
1360 1361
1360 1364
1360 1488
1360 1872
1361 337
1361 1105
1361 1297
1361 1360
1361 1363
1361 1365
1361 1369
1361 1393
1361 1873
1362 1106
1362 1298
1362 1346
1362 1360
1362 1363
1362 1370
1362 1394
1362 1490
1362 1874
1363 339
1363 1107
1363 1299
1363 1361
1363 1362
1363 1371
1363 1395
1363 1491
1364 340
1364 1108
1364 1300
1364 1360
1364 1365
1364 1366
1364 1372
1364 1396
1364 1492
1364 1876
1365 341
1365 1301
1365 1367
1365 1373
1365 1397
1365 1493
1366 342
1366 1110
1366 1302
1366 1350
1366 1362
1366 1364
1366 1374
1366 1878
1367 343
1367 1303
1367 1363
1367 1365
1367 1366
1367 1375
1367 1399
1367 1495
1367 1879
1368 344
1368 1112
1368 1304
1368 1352
1368 1360
1368 1369
1368 1370
1368 1372
1368 1400
1368 1496
1368 1880
1369 345
1369 1113
1369 1305
1369 1361
1369 1368
1369 1371
1369 1373
1369 1497
1369 1881
1370 1306
1370 1354
1370 1368
1370 1371
1370 1374
1370 1402
1370 1498
1370 1882
1371 1115
1371 1307
1371 1355
1371 1363
1371 1369
1371 1370
1371 1403
1371 1499
1371 1883
1372 348
1372 1364
1372 1368
1372 1373
1372 1374
1372 1404
1372 1884
1373 349
1373 1309
1373 1357
1373 1365
1373 1372
1373 1375
1373 1405
1373 1501
1373 1885
1374 1118
1374 1310
1374 1366
1374 1375
1374 1406
1374 1502
1374 1886
1375 351
1375 1119
1375 1311
1375 1359
1375 1367
1375 1371
1375 1373
1375 1374
1375 1407
1375 1503
1375 1887
1376 352
1376 1312
1376 1378
1376 1380
1376 1384
1376 1504
1376 1888
1377 353
1377 1121
1377 1313
1377 1376
1377 1379
1377 1385
1377 1505
1377 1889
1378 354
1378 1122
1378 1376
1378 1382
1378 1386
1378 1890
1379 355
1379 1123
1379 1315
1379 1347
1379 1378
1379 1383
1379 1387
1379 1395
1380 1124
1380 1316
1380 1348
1380 1376
1380 1381
1380 1388
1380 1396
1380 1508
1380 1892
1381 357
1381 1125
1381 1377
1381 1380
1381 1383
1381 1389
1381 1397
1381 1509
1381 1893
1382 1126
1382 1378
1382 1380
1382 1383
1382 1390
1382 1398
1382 1510
1382 1894
1383 359
1383 1351
1383 1379
1383 1382
1383 1391
1383 1399
1384 360
1384 1128
1384 1352
1384 1376
1384 1385
1384 1388
1384 1400
1384 1512
1384 1896
1385 361
1385 1321
1385 1353
1385 1387
1385 1389
1385 1401
1385 1513
1385 1897
1386 362
1386 1130
1386 1354
1386 1384
1386 1387
1386 1402
1386 1514
1386 1898
1387 363
1387 1131
1387 1323
1387 1379
1387 1385
1387 1403
1388 364
1388 1132
1388 1380
1388 1384
1388 1389
1388 1390
1388 1404
1388 1516
1388 1900
1389 365
1389 1133
1389 1325
1389 1357
1389 1381
1389 1388
1389 1517
1389 1901
1390 366
1390 1134
1390 1326
1390 1358
1390 1382
1390 1386
1390 1388
1390 1391
1390 1518
1390 1902
1391 367
1391 1135
1391 1327
1391 1383
1391 1387
1391 1389
1391 1390
1391 1407
1391 1519
1391 1903
1392 368
1392 1136
1392 1360
1392 1376
1392 1396
1392 1400
1392 1904
1393 369
1393 1137
1393 1329
1393 1377
1393 1392
1393 1397
1393 1521
1393 1905
1394 370
1394 1138
1394 1330
1394 1362
1394 1378
1394 1392
1394 1398
1394 1402
1394 1522
1395 371
1395 1139
1395 1331
1395 1363
1395 1393
1395 1394
1395 1399
1395 1403
1395 1907
1396 1140
1396 1392
1396 1397
1396 1398
1396 1404
1397 373
1397 1141
1397 1365
1397 1393
1397 1396
1397 1399
1397 1405
1397 1909
1398 1142
1398 1334
1398 1366
1398 1382
1398 1394
1398 1396
1398 1406
1399 375
1399 1143
1399 1335
1399 1367
1399 1383
1399 1397
1399 1398
1399 1407
1400 376
1400 1144
1400 1368
1400 1384
1400 1401
1400 1402
1400 1404
1400 1528
1400 1912
1401 377
1401 1337
1401 1369
1401 1385
1401 1393
1401 1400
1401 1405
1401 1529
1401 1913
1402 378
1402 1146
1402 1338
1402 1370
1402 1386
1402 1400
1402 1403
1402 1406
1402 1530
1402 1914
1403 1147
1403 1339
1403 1371
1403 1387
1403 1395
1403 1401
1403 1402
1403 1531
1403 1915
1404 380
1404 1148
1404 1340
1404 1388
1404 1400
1404 1406
1404 1916
1405 381
1405 1149
1405 1341
1405 1373
1405 1389
1405 1401
1405 1404
1405 1917
1406 382
1406 1150
1406 1342
1406 1374
1406 1390
1406 1398
1406 1534
1406 1918
1407 383
1407 1151
1407 1391
1407 1399
1407 1403
1407 1405
1407 1406
1407 1919
1408 384
1408 1152
1408 1280
1408 1409
1408 1410
1408 1412
1408 1424
1408 1440
1409 385
1409 1153
1409 1408
1409 1413
1409 1417
1409 1425
1409 1921
1410 386
1410 1154
1410 1282
1410 1411
1410 1414
1410 1426
1411 1155
1411 1283
1411 1409
1411 1415
1411 1419
1411 1427
1411 1443
1411 1923
1412 388
1412 1156
1412 1413
1412 1414
1412 1444
1412 1476
1412 1924
1413 389
1413 1285
1413 1409
1413 1412
1413 1421
1413 1429
1413 1445
1413 1477
1413 1925
1414 390
1414 1158
1414 1286
1414 1412
1414 1415
1414 1422
1414 1446
1414 1926
1415 391
1415 1159
1415 1287
1415 1411
1415 1413
1415 1423
1415 1431
1415 1447
1415 1479
1415 1927
1416 392
1416 1288
1416 1408
1416 1418
1416 1432
1416 1448
1416 1928
1417 393
1417 1289
1417 1409
1417 1416
1417 1419
1417 1421
1417 1433
1417 1481
1417 1929
1418 394
1418 1162
1418 1410
1418 1419
1418 1422
1418 1450
1418 1930
1419 395
1419 1291
1419 1411
1419 1418
1419 1423
1419 1451
1419 1483
1419 1931
1420 396
1420 1164
1420 1292
1420 1412
1420 1416
1420 1421
1420 1422
1420 1436
1420 1452
1420 1484
1420 1932
1421 397
1421 1165
1421 1293
1421 1413
1421 1417
1421 1420
1421 1423
1421 1437
1421 1485
1421 1933
1422 1420
1422 1423
1422 1454
1422 1486
1422 1934
1423 1167
1423 1295
1423 1415
1423 1419
1423 1421
1423 1439
1423 1455
1423 1487
1424 400
1424 1296
1424 1408
1424 1425
1424 1426
1424 1428
1424 1488
1425 401
1425 1169
1425 1297
1425 1409
1425 1424
1425 1427
1425 1433
1425 1457
1425 1489
1425 1937
1426 402
1426 1170
1426 1410
1426 1424
1426 1427
1426 1430
1426 1434
1426 1458
1426 1938
1427 403
1427 1171
1427 1299
1427 1431
1427 1435
1427 1459
1427 1491
1428 404
1428 1172
1428 1412
1428 1424
1428 1430
1428 1436
1428 1492
1429 405
1429 1301
1429 1413
1429 1425
1429 1428
1429 1431
1429 1461
1429 1493
1429 1941
1430 406
1430 1302
1430 1414
1430 1428
1430 1431
1430 1438
1430 1462
1430 1494
1430 1942
1431 1415
1431 1429
1431 1439
1431 1495
1432 408
1432 1176
1432 1304
1432 1416
1432 1424
1432 1433
1432 1434
1432 1436
1432 1464
1432 1496
1432 1944
1433 1177
1433 1305
1433 1417
1433 1425
1433 1465
1433 1497
1433 1945
1434 410
1434 1178
1434 1306
1434 1418
1434 1438
1434 1466
1434 1498
1435 411
1435 1179
1435 1307
1435 1419
1435 1433
1435 1434
1435 1439
1435 1467
1435 1499
1435 1947
1436 412
1436 1180
1436 1308
1436 1420
1436 1428
1436 1432
1436 1437
1436 1438
1436 1468
1436 1500
1437 413
1437 1181
1437 1309
1437 1421
1437 1429
1437 1433
1437 1469
1437 1501
1437 1949
1438 414
1438 1182
1438 1310
1438 1422
1438 1434
1438 1439
1438 1470
1439 1183
1439 1311
1439 1423
1439 1431
1439 1435
1439 1437
1439 1438
1439 1471
1439 1503
1439 1951
1440 416
1440 1184
1440 1312
1440 1444
1440 1448
1440 1504
1440 1952
1441 417
1441 1185
1441 1313
1441 1409
1441 1440
1441 1445
1441 1449
1441 1457
1441 1505
1441 1953
1442 418
1442 1186
1442 1314
1442 1410
1442 1440
1442 1443
1442 1446
1442 1450
1442 1458
1442 1506
1442 1954
1443 419
1443 1187
1443 1315
1443 1411
1443 1441
1443 1447
1443 1451
1443 1459
1443 1507
1444 1188
1444 1412
1444 1440
1444 1445
1444 1446
1444 1452
1444 1460
1444 1508
1444 1956
1445 1317
1445 1441
1445 1444
1445 1447
1445 1453
1445 1461
1445 1957
1446 1190
1446 1414
1446 1442
1446 1444
1446 1447
1446 1454
1446 1462
1446 1958
1447 423
1447 1191
1447 1319
1447 1415
1447 1443
1447 1445
1447 1446
1447 1455
1447 1463
1447 1511
1447 1959
1448 1192
1448 1320
1448 1416
1448 1440
1448 1450
1448 1512
1448 1960
1449 1417
1449 1441
1449 1448
1449 1451
1449 1453
1449 1465
1449 1513
1449 1961
1450 1322
1450 1418
1450 1442
1450 1448
1450 1451
1450 1466
1450 1514
1450 1962
1451 1195
1451 1419
1451 1443
1451 1467
1451 1963
1452 428
1452 1196
1452 1324
1452 1420
1452 1444
1452 1448
1452 1453
1452 1454
1452 1468
1452 1964
1453 429
1453 1197
1453 1325
1453 1421
1453 1445
1453 1452
1453 1455
1453 1469
1453 1517
1453 1965
1454 430
1454 1198
1454 1422
1454 1446
1454 1450
1454 1452
1454 1455
1454 1470
1454 1966
1455 431
1455 1199
1455 1327
1455 1423
1455 1451
1455 1453
1455 1454
1455 1471
1455 1519
1455 1967
1456 432
1456 1200
1456 1424
1456 1440
1456 1457
1456 1458
1456 1460
1456 1464
1456 1520
1457 433
1457 1329
1457 1441
1457 1456
1457 1459
1457 1461
1457 1465
1457 1521
1457 1969
1458 434
1458 1202
1458 1330
1458 1426
1458 1456
1458 1459
1458 1466
1458 1522
1458 1970
1459 435
1459 1203
1459 1427
1459 1443
1459 1457
1459 1458
1459 1467
1459 1523
1459 1971
1460 1204
1460 1332
1460 1428
1460 1444
1460 1456
1460 1461
1460 1524
1460 1972
1461 1205
1461 1333
1461 1445
1461 1463
1461 1469
1461 1525
1461 1973
1462 438
1462 1206
1462 1334
1462 1430
1462 1458
1462 1460
1462 1463
1462 1526
1462 1974
1463 1207
1463 1335
1463 1431
1463 1459
1463 1461
1463 1462
1463 1471
1463 1527
1463 1975
1464 440
1464 1208
1464 1432
1464 1448
1464 1456
1464 1465
1464 1466
1464 1468
1464 1528
1464 1976
1465 441
1465 1337
1465 1457
1465 1464
1465 1467
1465 1529
1465 1977
1466 442
1466 1210
1466 1338
1466 1434
1466 1458
1466 1464
1466 1467
1466 1470
1466 1530
1466 1978
1467 443
1467 1211
1467 1339
1467 1435
1467 1465
1467 1466
1467 1471
1467 1531
1467 1979
1468 444
1468 1212
1468 1340
1468 1436
1468 1452
1468 1460
1468 1469
1468 1470
1468 1532
1468 1980
1469 445
1469 1213
1469 1453
1469 1461
1469 1465
1469 1468
1469 1471
1469 1533
1469 1981
1470 446
1470 1214
1470 1342
1470 1438
1470 1454
1470 1462
1470 1468
1470 1471
1471 447
1471 1215
1471 1439
1471 1455
1471 1467
1471 1469
1471 1535
1471 1983
1472 448
1472 1216
1472 1344
1472 1408
1472 1474
1472 1480
1472 1984
1473 449
1473 1217
1473 1409
1473 1472
1473 1475
1473 1477
1473 1481
1473 1489
1473 1505
1474 450
1474 1218
1474 1346
1474 1410
1474 1472
1474 1475
1474 1478
1474 1482
1474 1986
1475 451
1475 1219
1475 1347
1475 1411
1475 1474
1475 1479
1475 1483
1475 1987
1476 1220
1476 1472
1476 1477
1476 1478
1476 1484
1476 1508
1476 1988
1477 453
1477 1221
1477 1349
1477 1413
1477 1479
1477 1485
1477 1509
1477 1989
1478 1222
1478 1350
1478 1414
1478 1476
1478 1486
1478 1494
1478 1510
1478 1990
1479 455
1479 1223
1479 1351
1479 1415
1479 1478
1479 1487
1479 1495
1479 1511
1479 1991
1480 456
1480 1224
1480 1352
1480 1416
1480 1472
1480 1482
1480 1484
1480 1512
1480 1992
1481 1353
1481 1417
1481 1473
1481 1480
1481 1483
1481 1485
1481 1497
1481 1993
1482 1226
1482 1354
1482 1418
1482 1474
1482 1483
1482 1486
1482 1994
1483 459
1483 1355
1483 1419
1483 1475
1483 1481
1483 1487
1483 1499
1483 1515
1483 1995
1484 460
1484 1228
1484 1356
1484 1420
1484 1480
1484 1485
1484 1486
1484 1500
1484 1516
1485 461
1485 1229
1485 1357
1485 1421
1485 1477
1485 1481
1485 1484
1485 1487
1485 1501
1485 1997
1486 1358
1486 1422
1486 1478
1486 1482
1486 1484
1486 1487
1486 1518
1486 1998
1487 463
1487 1231
1487 1359
1487 1423
1487 1479
1487 1485
1487 1486
1487 1503
1487 1519
1487 1999
1488 464
1488 1232
1488 1360
1488 1424
1488 1472
1488 1492
1488 1496
1488 1520
1488 2000
1489 1233
1489 1361
1489 1425
1489 1473
1489 1488
1489 1491
1489 1497
1489 1521
1489 2001
1490 466
1490 1234
1490 1362
1490 1426
1490 1474
1490 1488
1490 1491
1490 1494
1490 2002
1491 467
1491 1235
1491 1363
1491 1475
1491 1489
1491 1495
1491 1523
1491 2003
1492 1364
1492 1428
1492 1476
1492 1488
1492 1493
1492 1494
1492 1500
1492 1524
1493 469
1493 1237
1493 1477
1493 1489
1493 1492
1493 1495
1493 1501
1493 1525
1493 2005
1494 1238
1494 1366
1494 1430
1494 1490
1494 1492
1494 1495
1494 1526
1494 2006
1495 471
1495 1367
1495 1431
1495 1491
1495 1494
1495 1527
1495 2007
1496 472
1496 1240
1496 1368
1496 1432
1496 1480
1496 1488
1496 1497
1496 1498
1496 1500
1496 1528
1496 2008
1497 1241
1497 1433
1497 1489
1497 1496
1497 1499
1497 1501
1497 1529
1498 1242
1498 1370
1498 1482
1498 1490
1498 1496
1498 1499
1498 1502
1498 1530
1499 475
1499 1243
1499 1435
1499 1483
1499 1491
1499 1497
1499 1498
1499 1531
1500 476
1500 1244
1500 1372
1500 1484
1500 1496
1500 1501
1500 1502
1500 1532
1500 2012
1501 477
1501 1245
1501 1373
1501 1485
1501 1493
1501 1503
1501 2013
1502 478
1502 1438
1502 1486
1502 1494
1502 1498
1502 1500
1503 479
1503 1247
1503 1375
1503 1439
1503 1487
1503 1495
1503 1499
1503 1502
1503 2015
1504 480
1504 1248
1504 1376
1504 1440
1504 1472
1504 1505
1504 1506
1504 1508
1504 1520
1504 2016
1505 481
1505 1249
1505 1441
1505 1473
1505 1504
1505 1507
1505 1513
1505 1521
1506 482
1506 1250
1506 1378
1506 1474
1506 1504
1506 1510
1506 2018
1507 483
1507 1251
1507 1379
1507 1443
1507 1475
1507 1505
1507 1506
1507 1511
1507 1515
1507 2019
1508 484
1508 1252
1508 1380
1508 1444
1508 1476
1508 1504
1508 1509
1508 1510
1508 1516
1508 1524
1509 485
1509 1381
1509 1445
1509 1477
1509 1505
1509 1511
1509 1517
1509 1525
1509 2021
1510 486
1510 1382
1510 1446
1510 1478
1510 1506
1510 1508
1510 1511
1510 1518
1510 1526
1510 2022
1511 1255
1511 1383
1511 1447
1511 1479
1511 1507
1511 1509
1511 1510
1511 1519
1511 2023
1512 1256
1512 1384
1512 1448
1512 1504
1512 1513
1512 1514
1512 1528
1512 2024
1513 1481
1513 1515
1513 1517
1513 2025
1514 490
1514 1258
1514 1386
1514 1482
1514 1506
1514 1515
1514 1530
1514 2026
1515 491
1515 1259
1515 1387
1515 1451
1515 1483
1515 1507
1515 1513
1515 1514
1515 1519
1515 1531
1515 2027
1516 492
1516 1260
1516 1452
1516 1508
1516 1512
1516 1517
1516 1532
1516 2028
1517 493
1517 1261
1517 1485
1517 1509
1517 1513
1517 1516
1517 2029
1518 494
1518 1262
1518 1390
1518 1454
1518 1486
1518 1510
1518 1514
1518 1516
1518 1519
1518 1534
1518 2030
1519 495
1519 1391
1519 1455
1519 1487
1519 1511
1519 1515
1519 1517
1519 1518
1519 2031
1520 1264
1520 1392
1520 1456
1520 1504
1520 1521
1520 1524
1520 1528
1520 2032
1521 497
1521 1393
1521 1457
1521 1489
1521 1505
1521 1520
1521 1523
1521 1525
1521 1529
1521 2033
1522 498
1522 1266
1522 1458
1522 1490
1522 1506
1522 1520
1522 1523
1522 1526
1522 1530
1522 2034
1523 499
1523 1267
1523 1395
1523 1459
1523 1491
1523 1507
1523 1521
1523 1527
1523 2035
1524 500
1524 1396
1524 1460
1524 1492
1524 1508
1524 1525
1524 1526
1524 1532
1524 2036
1525 1269
1525 1397
1525 1461
1525 1493
1525 1509
1525 1524
1525 1527
1525 1533
1525 2037
1526 502
1526 1270
1526 1398
1526 1494
1526 1510
1526 1524
1526 1527
1526 2038
1527 503
1527 1271
1527 1399
1527 1463
1527 1511
1527 1525
1527 1526
1527 1535
1527 2039
1528 504
1528 1272
1528 1464
1528 1512
1528 1520
1528 1529
1528 1532
1528 2040
1529 505
1529 1273
1529 1401
1529 1465
1529 1497
1529 1513
1529 1521
1529 1528
1529 1531
1529 1533
1530 506
1530 1498
1530 1514
1530 1528
1530 1534
1530 2042
1531 507
1531 1275
1531 1403
1531 1467
1531 1499
1531 1515
1531 1523
1531 1529
1531 1530
1531 2043
1532 508
1532 1404
1532 1468
1532 1516
1532 1524
1532 1533
1532 1534
1533 509
1533 1277
1533 1405
1533 1501
1533 1517
1533 1525
1533 1532
1533 1535
1533 2045
1534 510
1534 1278
1534 1406
1534 1470
1534 1502
1534 1518
1534 1526
1534 1532
1534 1535
1534 2046
1535 1279
1535 1407
1535 1471
1535 1503
1535 1519
1535 1531
1535 1533
1535 2047
1536 512
1536 1024
1536 1537
1536 1540
1536 1544
1536 1552
1536 1568
1536 1600
1536 1792
1537 513
1537 1539
1537 1545
1537 1553
1537 1569
1537 1665
1537 1793
1538 514
1538 1536
1538 1542
1538 1554
1538 1570
1538 1602
1538 1666
1538 1794
1539 1027
1539 1538
1539 1543
1539 1547
1539 1571
1539 1603
1539 1667
1539 1795
1540 516
1540 1028
1540 1536
1540 1541
1540 1542
1540 1556
1540 1604
1540 1668
1540 1796
1541 517
1541 1537
1541 1540
1541 1573
1541 1605
1541 1669
1541 1797
1542 518
1542 1540
1542 1550
1542 1558
1542 1670
1543 1031
1543 1539
1543 1541
1543 1542
1543 1551
1543 1559
1543 1575
1543 1607
1543 1799
1544 520
1544 1536
1544 1545
1544 1548
1544 1560
1544 1576
1544 1608
1544 1672
1545 521
1545 1537
1545 1544
1545 1547
1545 1549
1545 1577
1545 1609
1545 1801
1546 522
1546 1034
1546 1538
1546 1544
1546 1547
1546 1550
1546 1562
1546 1578
1546 1610
1546 1674
1546 1802
1547 523
1547 1035
1547 1539
1547 1546
1547 1563
1547 1579
1547 1611
1547 1675
1547 1803
1548 524
1548 1036
1548 1540
1548 1544
1548 1549
1548 1550
1548 1564
1548 1580
1548 1612
1548 1676
1548 1804
1549 1541
1549 1545
1549 1551
1549 1565
1549 1613
1549 1677
1549 1805
1550 526
1550 1546
1550 1551
1550 1582
1550 1678
1550 1806
1551 527
1551 1039
1551 1543
1551 1547
1551 1550
1551 1567
1551 1583
1551 1615
1551 1679
1551 1807
1552 528
1552 1040
1552 1536
1552 1553
1552 1554
1552 1556
1552 1560
1552 1584
1552 1616
1552 1680
1552 1808
1553 1041
1553 1555
1553 1585
1553 1681
1554 530
1554 1538
1554 1555
1554 1562
1554 1586
1554 1682
1554 1810
1555 1043
1555 1539
1555 1554
1555 1563
1555 1587
1555 1619
1555 1683
1555 1811
1556 532
1556 1044
1556 1588
1556 1684
1557 1541
1557 1553
1557 1556
1557 1565
1557 1589
1557 1621
1557 1813
1558 1542
1558 1554
1558 1556
1558 1559
1558 1590
1558 1622
1558 1686
1558 1814
1559 535
1559 1047
1559 1543
1559 1555
1559 1557
1559 1567
1559 1591
1559 1687
1559 1815
1560 536
1560 1048
1560 1544
1560 1561
1560 1562
1560 1564
1560 1592
1560 1688
1560 1816
1561 537
1561 1545
1561 1553
1561 1563
1561 1565
1561 1593
1561 1625
1561 1689
1561 1817
1562 538
1562 1050
1562 1546
1562 1554
1562 1560
1562 1563
1562 1566
1562 1594
1562 1626
1562 1690
1562 1818
1563 539
1563 1555
1563 1561
1563 1567
1563 1595
1563 1691
1563 1819
1564 1548
1564 1556
1564 1560
1564 1566
1564 1596
1564 1628
1564 1692
1564 1820
1565 1053
1565 1549
1565 1561
1565 1564
1565 1597
1565 1693
1565 1821
1566 1054
1566 1550
1566 1558
1566 1562
1566 1567
1566 1598
1566 1630
1566 1822
1567 543
1567 1055
1567 1559
1567 1563
1567 1565
1567 1566
1567 1599
1567 1695
1568 544
1568 1056
1568 1569
1568 1572
1568 1584
1568 1632
1568 1696
1569 545
1569 1537
1569 1571
1569 1573
1569 1577
1569 1633
1569 1697
1569 1825
1570 1568
1570 1574
1570 1578
1570 1586
1570 1826
1571 547
1571 1539
1571 1569
1571 1570
1571 1587
1571 1699
1571 1827
1572 1060
1572 1540
1572 1573
1572 1580
1572 1588
1572 1636
1572 1700
1572 1828
1573 549
1573 1061
1573 1581
1573 1589
1573 1637
1573 1701
1573 1829
1574 550
1574 1062
1574 1542
1574 1570
1574 1572
1574 1575
1574 1582
1574 1638
1574 1830
1575 1063
1575 1543
1575 1571
1575 1573
1575 1583
1575 1591
1575 1639
1575 1703
1575 1831
1576 1064
1576 1568
1576 1578
1576 1580
1576 1592
1576 1640
1576 1832
1577 553
1577 1545
1577 1576
1577 1579
1577 1581
1577 1593
1577 1641
1577 1705
1578 1066
1578 1546
1578 1576
1578 1579
1578 1582
1578 1642
1578 1706
1578 1834
1579 555
1579 1571
1579 1578
1579 1583
1579 1595
1579 1643
1579 1707
1579 1835
1580 556
1580 1068
1580 1548
1580 1572
1580 1581
1580 1582
1580 1596
1580 1644
1580 1708
1580 1836
1581 557
1581 1069
1581 1549
1581 1573
1581 1577
1581 1580
1581 1583
1581 1645
1581 1837
1582 1070
1582 1550
1582 1574
1582 1578
1582 1583
1582 1646
1582 1710
1582 1838
1583 559
1583 1551
1583 1579
1583 1581
1583 1582
1583 1711
1584 1072
1584 1552
1584 1568
1584 1585
1584 1588
1584 1592
1584 1648
1584 1712
1584 1840
1585 1553
1585 1569
1585 1584
1585 1587
1585 1589
1585 1593
1585 1649
1585 1713
1585 1841
1586 562
1586 1584
1586 1587
1586 1590
1586 1650
1586 1714
1586 1842
1587 563
1587 1075
1587 1555
1587 1586
1587 1591
1587 1595
1587 1651
1587 1715
1587 1843
1588 564
1588 1076
1588 1556
1588 1584
1588 1589
1588 1590
1588 1596
1588 1716
1588 1844
1589 1573
1589 1585
1589 1588
1589 1591
1589 1653
1589 1717
1589 1845
1590 566
1590 1078
1590 1558
1590 1574
1590 1586
1590 1588
1590 1591
1590 1654
1590 1718
1590 1846
1591 1575
1591 1589
1591 1599
1591 1655
1591 1719
1591 1847
1592 568
1592 1080
1592 1560
1592 1576
1592 1584
1592 1593
1592 1594
1592 1596
1592 1656
1592 1720
1593 569
1593 1081
1593 1561
1593 1577
1593 1585
1593 1597
1593 1657
1593 1721
1593 1849
1594 570
1594 1578
1594 1586
1594 1595
1594 1598
1594 1722
1594 1850
1595 1563
1595 1579
1595 1587
1595 1593
1595 1599
1596 1084
1596 1564
1596 1588
1596 1597
1596 1598
1596 1724
1596 1852
1597 573
1597 1085
1597 1565
1597 1581
1597 1589
1597 1596
1597 1661
1597 1853
1598 574
1598 1582
1598 1590
1598 1594
1598 1596
1598 1599
1598 1662
1598 1854
1599 1087
1599 1583
1599 1595
1599 1597
1599 1598
1599 1663
1599 1727
1600 576
1600 1536
1600 1602
1600 1604
1600 1632
1600 1856
1601 1089
1601 1537
1601 1600
1601 1605
1601 1609
1601 1617
1601 1729
1601 1857
1602 578
1602 1090
1602 1538
1602 1600
1602 1606
1602 1610
1602 1618
1602 1634
1602 1730
1602 1858
1603 579
1603 1539
1603 1601
1603 1602
1603 1607
1603 1611
1603 1619
1603 1635
1603 1731
1603 1859
1604 580
1604 1600
1604 1612
1604 1620
1604 1732
1604 1860
1605 581
1605 1093
1605 1541
1605 1601
1605 1604
1605 1607
1605 1613
1605 1637
1605 1733
1605 1861
1606 1094
1606 1542
1606 1602
1606 1604
1606 1607
1606 1622
1607 1095
1607 1543
1607 1603
1607 1606
1607 1623
1607 1735
1607 1863
1608 1096
1608 1544
1608 1600
1608 1609
1608 1610
1608 1640
1608 1736
1608 1864
1609 585
1609 1097
1609 1545
1609 1601
1609 1608
1609 1613
1609 1641
1609 1737
1609 1865
1610 586
1610 1098
1610 1546
1610 1608
1610 1611
1610 1626
1610 1642
1610 1738
1610 1866
1611 587
1611 1099
1611 1603
1611 1609
1611 1610
1611 1615
1611 1627
1611 1643
1611 1867
1612 588
1612 1100
1612 1548
1612 1608
1612 1613
1612 1628
1612 1644
1613 589
1613 1549
1613 1612
1613 1629
1614 590
1614 1550
1614 1606
1614 1610
1614 1612
1614 1615
1614 1630
1614 1646
1614 1742
1614 1870
1615 591
1615 1103
1615 1607
1615 1611
1615 1613
1615 1614
1615 1631
1615 1743
1615 1871
1616 1104
1616 1552
1616 1600
1616 1617
1616 1618
1616 1624
1616 1872
1617 593
1617 1105
1617 1553
1617 1601
1617 1616
1617 1619
1617 1621
1617 1649
1617 1745
1617 1873
1618 594
1618 1106
1618 1554
1618 1602
1618 1616
1618 1626
1618 1650
1618 1746
1618 1874
1619 595
1619 1617
1619 1618
1619 1623
1619 1651
1619 1747
1619 1875
1620 596
1620 1108
1620 1556
1620 1616
1620 1622
1620 1628
1620 1652
1621 597
1621 1109
1621 1557
1621 1605
1621 1617
1621 1620
1621 1623
1621 1629
1621 1653
1621 1749
1621 1877
1622 598
1622 1558
1622 1606
1622 1618
1622 1620
1622 1623
1622 1630
1622 1654
1622 1750
1622 1878
1623 599
1623 1111
1623 1559
1623 1622
1623 1631
1623 1655
1623 1751
1623 1879
1624 600
1624 1112
1624 1560
1624 1608
1624 1616
1624 1625
1624 1628
1624 1656
1624 1752
1624 1880
1625 601
1625 1113
1625 1609
1625 1617
1625 1624
1625 1627
1625 1629
1625 1657
1625 1753
1625 1881
1626 1114
1626 1562
1626 1618
1626 1624
1626 1627
1626 1630
1626 1658
1626 1754
1626 1882
1627 1563
1627 1611
1627 1619
1627 1625
1627 1626
1627 1631
1627 1755
1627 1883
1628 604
1628 1116
1628 1620
1628 1629
1628 1630
1628 1660
1628 1884
1629 1565
1629 1613
1629 1621
1629 1625
1629 1628
1629 1661
1629 1885
1630 1566
1630 1622
1630 1628
1630 1631
1630 1662
1630 1758
1631 607
1631 1119
1631 1567
1631 1615
1631 1627
1631 1629
1631 1630
1631 1663
1632 608
1632 1120
1632 1568
1632 1600
1632 1633
1632 1634
1632 1648
1632 1760
1632 1888
1633 1121
1633 1569
1633 1601
1633 1635
1633 1637
1633 1641
1633 1649
1633 1761
1633 1889
1634 610
1634 1122
1634 1570
1634 1602
1634 1638
1634 1642
1634 1650
1634 1890
1635 611
1635 1571
1635 1603
1635 1634
1635 1651
1635 1891
1636 612
1636 1572
1636 1604
1636 1632
1636 1637
1636 1638
1636 1652
1636 1764
1637 1125
1637 1573
1637 1605
1637 1633
1637 1639
1637 1645
1637 1653
1637 1765
1637 1893
1638 614
1638 1126
1638 1606
1638 1636
1638 1646
1638 1654
1638 1766
1638 1894
1639 1127
1639 1575
1639 1607
1639 1635
1639 1637
1639 1638
1639 1647
1639 1655
1639 1767
1640 616
1640 1128
1640 1576
1640 1608
1640 1632
1640 1641
1640 1642
1640 1656
1640 1768
1640 1896
1641 617
1641 1577
1641 1609
1641 1640
1641 1643
1641 1645
1641 1769
1641 1897
1642 618
1642 1130
1642 1578
1642 1610
1642 1634
1642 1643
1642 1658
1642 1770
1642 1898
1643 1131
1643 1579
1643 1611
1643 1635
1643 1647
1643 1659
1643 1771
1644 620
1644 1132
1644 1636
1644 1640
1644 1660
1644 1772
1644 1900
1645 621
1645 1133
1645 1613
1645 1641
1645 1644
1645 1647
1645 1661
1646 1134
1646 1614
1646 1638
1646 1642
1646 1644
1646 1647
1646 1662
1646 1774
1647 623
1647 1135
1647 1583
1647 1615
1647 1639
1647 1643
1647 1645
1647 1663
1647 1775
1648 624
1648 1136
1648 1584
1648 1616
1648 1632
1648 1649
1648 1650
1648 1652
1648 1656
1648 1776
1648 1904
1649 625
1649 1137
1649 1617
1649 1633
1649 1651
1649 1653
1649 1657
1649 1777
1649 1905
1650 626
1650 1138
1650 1586
1650 1618
1650 1634
1650 1648
1650 1658
1650 1778
1650 1906
1651 627
1651 1139
1651 1587
1651 1635
1651 1649
1651 1650
1651 1659
1651 1779
1651 1907
1652 628
1652 1140
1652 1588
1652 1620
1652 1636
1652 1648
1652 1653
1652 1780
1652 1908
1653 629
1653 1589
1653 1621
1653 1637
1653 1649
1653 1655
1653 1661
1653 1781
1653 1909
1654 630
1654 1142
1654 1590
1654 1622
1654 1650
1654 1652
1654 1655
1654 1782
1654 1910
1655 631
1655 1143
1655 1591
1655 1623
1655 1639
1655 1651
1655 1663
1655 1911
1656 632
1656 1144
1656 1592
1656 1624
1656 1648
1656 1657
1656 1658
1656 1784
1656 1912
1657 633
1657 1145
1657 1593
1657 1625
1657 1641
1657 1656
1657 1659
1657 1661
1657 1785
1657 1913
1658 634
1658 1594
1658 1626
1658 1650
1658 1656
1658 1659
1658 1662
1658 1786
1658 1914
1659 635
1659 1147
1659 1595
1659 1627
1659 1643
1659 1651
1659 1657
1659 1663
1659 1787
1659 1915
1660 1596
1660 1644
1660 1652
1660 1656
1660 1662
1660 1916
1661 637
1661 1149
1661 1597
1661 1629
1661 1653
1661 1657
1661 1660
1661 1663
1661 1789
1661 1917
1662 1598
1662 1630
1662 1646
1662 1654
1662 1658
1662 1660
1662 1790
1662 1918
1663 639
1663 1599
1663 1631
1663 1659
1663 1661
1663 1662
1663 1919
1664 640
1664 1536
1664 1665
1664 1666
1664 1680
1664 1696
1664 1728
1664 1920
1665 641
1665 1153
1665 1537
1665 1664
1665 1673
1665 1681
1665 1697
1665 1729
1665 1921
1666 1154
1666 1664
1666 1667
1666 1670
1666 1674
1666 1698
1666 1730
1666 1922
1667 643
1667 1155
1667 1665
1667 1666
1667 1671
1667 1683
1667 1699
1667 1731
1667 1923
1668 1156
1668 1540
1668 1664
1668 1669
1668 1670
1668 1676
1668 1700
1668 1732
1668 1924
1669 645
1669 1541
1669 1665
1669 1668
1669 1701
1669 1733
1669 1925
1670 646
1670 1158
1670 1542
1670 1668
1670 1678
1670 1686
1671 1159
1671 1543
1671 1669
1671 1670
1671 1679
1671 1687
1671 1703
1671 1735
1671 1927
1672 648
1672 1544
1672 1664
1672 1673
1672 1674
1672 1676
1672 1688
1672 1736
1672 1928
1673 649
1673 1545
1673 1672
1673 1675
1673 1689
1673 1705
1673 1929
1674 650
1674 1162
1674 1546
1674 1666
1674 1672
1674 1675
1674 1678
1674 1690
1674 1706
1674 1738
1674 1930
1675 651
1675 1163
1675 1667
1675 1673
1675 1674
1675 1679
1675 1691
1675 1707
1675 1739
1675 1931
1676 1164
1676 1677
1676 1678
1676 1692
1676 1708
1677 653
1677 1165
1677 1669
1677 1673
1677 1676
1677 1679
1677 1693
1677 1709
1677 1741
1677 1933
1678 654
1678 1166
1678 1550
1678 1674
1678 1676
1678 1679
1678 1694
1678 1742
1679 1167
1679 1675
1679 1677
1679 1678
1679 1695
1679 1743
1679 1935
1680 656
1680 1168
1680 1552
1680 1664
1680 1681
1680 1682
1680 1684
1680 1744
1681 657
1681 1169
1681 1665
1681 1680
1681 1685
1681 1689
1682 1170
1682 1554
1682 1666
1682 1680
1682 1683
1682 1686
1682 1690
1682 1714
1682 1746
1682 1938
1683 659
1683 1171
1683 1555
1683 1681
1683 1687
1683 1691
1683 1715
1684 1172
1684 1556
1684 1668
1684 1685
1684 1686
1684 1692
1684 1716
1684 1940
1685 661
1685 1173
1685 1557
1685 1669
1685 1681
1685 1684
1685 1687
1685 1693
1685 1749
1685 1941
1686 662
1686 1174
1686 1558
1686 1670
1686 1682
1686 1687
1686 1718
1686 1750
1686 1942
1687 1559
1687 1671
1687 1685
1687 1695
1687 1719
1687 1751
1688 664
1688 1680
1688 1692
1688 1752
1688 1944
1689 665
1689 1177
1689 1673
1689 1688
1689 1691
1689 1693
1689 1721
1689 1753
1689 1945
1690 666
1690 1178
1690 1674
1690 1688
1690 1694
1690 1722
1691 667
1691 1179
1691 1563
1691 1683
1691 1690
1691 1695
1691 1755
1691 1947
1692 1180
1692 1564
1692 1693
1692 1694
1692 1756
1692 1948
1693 669
1693 1685
1693 1695
1693 1725
1693 1949
1694 670
1694 1182
1694 1566
1694 1686
1694 1690
1694 1692
1694 1695
1694 1726
1694 1758
1695 671
1695 1183
1695 1679
1695 1687
1695 1693
1695 1694
1695 1759
1695 1951
1696 672
1696 1184
1696 1568
1696 1697
1696 1698
1696 1700
1696 1712
1697 673
1697 1185
1697 1569
1697 1665
1697 1696
1697 1713
1697 1761
1697 1953
1698 674
1698 1186
1698 1570
1698 1666
1698 1696
1698 1702
1698 1714
1699 675
1699 1187
1699 1571
1699 1667
1699 1697
1699 1698
1699 1703
1699 1707
1699 1763
1699 1955
1700 676
1700 1188
1700 1572
1700 1668
1700 1701
1700 1708
1700 1716
1701 677
1701 1189
1701 1669
1701 1697
1701 1700
1701 1703
1701 1717
1701 1765
1701 1957
1702 678
1702 1190
1702 1574
1702 1670
1702 1700
1702 1703
1702 1710
1702 1718
1702 1766
1702 1958
1703 679
1703 1191
1703 1575
1703 1699
1703 1701
1703 1702
1703 1711
1703 1767
1704 680
1704 1576
1704 1672
1704 1696
1704 1705
1704 1706
1704 1708
1704 1720
1704 1768
1705 1193
1705 1673
1705 1697
1705 1704
1705 1707
1705 1709
1705 1721
1705 1961
1706 682
1706 1194
1706 1578
1706 1674
1706 1698
1706 1704
1706 1707
1706 1710
1706 1722
1706 1770
1707 683
1707 1675
1707 1699
1707 1705
1707 1711
1707 1771
1707 1963
1708 684
1708 1196
1708 1676
1708 1700
1708 1709
1708 1724
1708 1772
1708 1964
1709 685
1709 1197
1709 1581
1709 1701
1709 1705
1709 1708
1709 1773
1709 1965
1710 686
1710 1198
1710 1582
1710 1678
1710 1702
1710 1708
1710 1711
1710 1726
1710 1774
1710 1966
1711 687
1711 1583
1711 1679
1711 1703
1711 1707
1711 1709
1711 1710
1711 1967
1712 688
1712 1200
1712 1584
1712 1680
1712 1696
1712 1716
1712 1720
1712 1776
1712 1968
1713 689
1713 1585
1713 1681
1713 1712
1713 1715
1713 1717
1713 1721
1713 1777
1713 1969
1714 690
1714 1202
1714 1586
1714 1682
1714 1712
1714 1715
1714 1722
1714 1778
1714 1970
1715 691
1715 1587
1715 1699
1715 1714
1715 1719
1715 1723
1715 1779
1715 1971
1716 692
1716 1204
1716 1588
1716 1684
1716 1712
1716 1724
1716 1972
1717 1205
1717 1685
1717 1716
1717 1719
1717 1725
1717 1781
1717 1973
1718 694
1718 1206
1718 1590
1718 1686
1718 1702
1718 1714
1718 1716
1718 1719
1718 1726
1718 1974
1719 695
1719 1207
1719 1687
1719 1703
1719 1715
1719 1718
1719 1975
1720 1688
1720 1704
1720 1712
1720 1722
1720 1724
1720 1784
1720 1976
1721 697
1721 1593
1721 1689
1721 1705
1721 1713
1721 1720
1721 1723
1721 1725
1721 1785
1721 1977
1722 1210
1722 1594
1722 1706
1722 1714
1722 1720
1722 1723
1722 1726
1722 1978
1723 1211
1723 1595
1723 1691
1723 1707
1723 1721
1723 1727
1723 1979
1724 700
1724 1596
1724 1692
1724 1708
1724 1716
1724 1720
1724 1725
1724 1726
1724 1788
1724 1980
1725 1213
1725 1597
1725 1709
1725 1717
1725 1724
1725 1981
1726 1214
1726 1598
1726 1694
1726 1710
1726 1722
1726 1724
1726 1727
1726 1982
1727 703
1727 1215
1727 1599
1727 1695
1727 1711
1727 1719
1727 1725
1727 1791
1727 1983
1728 704
1728 1216
1728 1600
1728 1664
1728 1729
1728 1730
1728 1732
1728 1736
1728 1744
1728 1760
1728 1984
1729 705
1729 1601
1729 1728
1729 1731
1729 1733
1729 1745
1729 1985
1730 706
1730 1218
1730 1666
1730 1738
1730 1746
1730 1762
1730 1986
1731 707
1731 1603
1731 1667
1731 1729
1731 1730
1731 1739
1731 1747
1731 1987
1732 708
1732 1220
1732 1604
1732 1668
1732 1728
1732 1733
1732 1740
1732 1764
1732 1988
1733 709
1733 1221
1733 1669
1733 1729
1733 1732
1733 1735
1733 1749
1733 1765
1734 710
1734 1222
1734 1606
1734 1670
1734 1730
1734 1732
1734 1750
1734 1766
1735 1223
1735 1607
1735 1731
1735 1734
1735 1743
1735 1991
1736 712
1736 1224
1736 1608
1736 1672
1736 1728
1736 1738
1736 1992
1737 713
1737 1225
1737 1609
1737 1673
1737 1729
1737 1736
1737 1739
1737 1741
1737 1753
1737 1769
1737 1993
1738 714
1738 1226
1738 1610
1738 1730
1738 1736
1738 1739
1738 1754
1739 715
1739 1227
1739 1611
1739 1675
1739 1743
1739 1771
1739 1995
1740 716
1740 1228
1740 1612
1740 1676
1740 1732
1740 1736
1740 1741
1740 1772
1740 1996
1741 717
1741 1229
1741 1613
1741 1677
1741 1733
1741 1737
1741 1740
1741 1773
1741 1997
1742 1614
1742 1734
1742 1738
1742 1740
1742 1743
1742 1758
1743 719
1743 1231
1743 1615
1743 1679
1743 1739
1743 1741
1743 1742
1743 1775
1744 1232
1744 1616
1744 1680
1744 1728
1744 1745
1744 1746
1744 1748
1744 1776
1745 721
1745 1233
1745 1681
1745 1729
1745 1744
1745 1749
1745 1777
1746 722
1746 1234
1746 1682
1746 1730
1746 1744
1746 1747
1746 1750
1746 1778
1746 2002
1747 723
1747 1619
1747 1683
1747 1745
1747 1751
1747 1755
1747 1779
1747 2003
1748 1236
1748 1620
1748 1684
1748 1732
1748 1744
1748 1749
1748 1750
1748 1756
1748 1780
1748 2004
1749 725
1749 1237
1749 1621
1749 1685
1749 1733
1749 1745
1749 1748
1749 1751
1749 1781
1749 2005
1750 726
1750 1686
1750 1734
1750 1746
1750 1748
1750 1751
1750 1758
1751 727
1751 1239
1751 1623
1751 1687
1751 1735
1751 1747
1751 1749
1751 1759
1751 1783
1751 2007
1752 728
1752 1240
1752 1624
1752 1688
1752 1736
1752 1744
1752 1756
1752 2008
1753 729
1753 1625
1753 1689
1753 1737
1753 1745
1753 1752
1753 1785
1753 2009
1754 730
1754 1242
1754 1626
1754 1690
1754 1738
1754 1746
1754 1752
1754 1755
1754 1758
1754 1786
1754 2010
1755 731
1755 1243
1755 1627
1755 1691
1755 1739
1755 1753
1755 1759
1755 1787
1755 2011
1756 732
1756 1244
1756 1628
1756 1692
1756 1740
1756 1748
1756 1752
1756 1757
1756 1758
1756 1788
1757 733
1757 1245
1757 1629
1757 1693
1757 1741
1757 1749
1757 1753
1757 1756
1757 1759
1757 2013
1758 734
1758 1246
1758 1630
1758 1694
1758 1750
1758 1754
1758 1756
1758 1759
1758 1790
1759 1631
1759 1743
1759 2015
1760 736
1760 1248
1760 1632
1760 1696
1760 1762
1760 1764
1760 1768
1760 1776
1760 2016
1761 737
1761 1633
1761 1729
1761 1760
1761 1765
1761 1769
1761 1777
1761 2017
1762 738
1762 1250
1762 1634
1762 1698
1762 1730
1762 1760
1762 1763
1762 1766
1762 1778
1762 2018
1763 739
1763 1251
1763 1635
1763 1699
1763 1731
1763 1761
1763 1762
1763 1771
1763 1779
1763 2019
1764 740
1764 1252
1764 1636
1764 1700
1764 1760
1764 1765
1764 1766
1764 1772
1764 2020
1765 741
1765 1253
1765 1637
1765 1701
1765 1733
1765 1761
1765 1764
1765 1767
1765 1773
1765 1781
1766 742
1766 1254
1766 1638
1766 1762
1766 1764
1766 1767
1766 2022
1767 743
1767 1255
1767 1703
1767 1735
1767 1763
1767 1765
1767 1775
1767 1783
1767 2023
1768 1256
1768 1640
1768 1704
1768 1736
1768 1769
1768 1772
1768 1784
1768 2024
1769 1257
1769 1641
1769 1705
1769 1761
1769 1773
1769 1785
1769 2025
1770 746
1770 1706
1770 1738
1770 1762
1770 1768
1770 1771
1770 1774
1771 747
1771 1259
1771 1643
1771 1707
1771 1739
1771 1763
1771 1769
1771 1770
1771 1775
1771 1787
1771 2027
1772 748
1772 1260
1772 1644
1772 1764
1772 1768
1772 1773
1772 1774
1772 1788
1772 2028
1773 1645
1773 1709
1773 1741
1773 1765
1773 1769
1773 1772
1773 1789
1773 2029
1774 750
1774 1262
1774 1646
1774 1710
1774 1742
1774 1766
1774 1770
1774 1772
1774 2030
1775 751
1775 1263
1775 1711
1775 1767
1775 1771
1775 1773
1775 1774
1775 2031
1776 1648
1776 1760
1776 1777
1776 1778
1776 1780
1776 1784
1776 2032
1777 753
1777 1265
1777 1713
1777 1745
1777 1779
1777 1781
1777 1785
1778 1650
1778 1746
1778 1779
1778 1782
1778 1786
1778 2034
1779 755
1779 1267
1779 1651
1779 1747
1779 1778
1779 1783
1779 1787
1779 2035
1780 756
1780 1268
1780 1652
1780 1716
1780 1748
1780 1764
1780 1776
1780 1781
1780 1782
1780 1788
1780 2036
1781 757
1781 1269
1781 1653
1781 1717
1781 1765
1781 1780
1781 1789
1781 2037
1782 1654
1782 1718
1782 1750
1782 1766
1782 1778
1782 1780
1782 1783
1782 1790
1782 2038
1783 1271
1783 1655
1783 1719
1783 1767
1783 1779
1783 1781
1783 1791
1783 2039
1784 760
1784 1272
1784 1656
1784 1720
1784 1752
1784 1776
1784 1785
1784 1786
1784 2040
1785 1273
1785 1657
1785 1769
1785 1777
1785 1784
1785 1787
1785 1789
1785 2041
1786 1274
1786 1658
1786 1722
1786 1754
1786 1770
1786 1778
1786 1784
1786 1787
1786 1790
1786 2042
1787 1723
1787 1755
1787 1779
1787 1786
1787 2043
1788 764
1788 1276
1788 1660
1788 1756
1788 1772
1788 1784
1788 1789
1788 1790
1788 2044
1789 765
1789 1661
1789 1725
1789 1757
1789 1773
1789 1781
1789 1785
1789 1788
1789 1791
1790 1278
1790 1726
1790 1774
1790 1782
1790 1786
1790 1791
1790 2046
1791 767
1791 1279
1791 1663
1791 1727
1791 1759
1791 1775
1791 1783
1791 1787
1791 1789
1791 1790
1791 2047
1792 768
1792 1280
1792 1536
1792 1793
1792 1794
1792 1796
1792 1800
1792 1808
1792 1856
1792 1920
1793 769
1793 1281
1793 1537
1793 1792
1793 1795
1793 1797
1793 1801
1793 1809
1793 1825
1793 1857
1793 1921
1794 770
1794 1282
1794 1810
1794 1826
1794 1858
1794 1922
1795 771
1795 1283
1795 1539
1795 1793
1795 1794
1795 1799
1795 1811
1795 1859
1795 1923
1796 772
1796 1284
1796 1540
1796 1798
1796 1812
1796 1828
1796 1860
1796 1924
1797 1793
1797 1796
1797 1799
1797 1805
1797 1861
1797 1925
1798 1286
1798 1542
1798 1794
1798 1796
1798 1799
1798 1806
1798 1814
1799 775
1799 1543
1799 1795
1799 1797
1799 1798
1799 1815
1799 1831
1799 1863
1799 1927
1800 776
1800 1544
1800 1792
1800 1802
1800 1804
1800 1816
1800 1832
1800 1864
1800 1928
1801 1545
1801 1793
1801 1800
1801 1805
1801 1833
1801 1865
1801 1929
1802 1546
1802 1794
1802 1803
1802 1806
1802 1834
1802 1866
1802 1930
1803 779
1803 1291
1803 1547
1803 1795
1803 1801
1803 1802
1803 1807
1803 1819
1803 1835
1803 1867
1804 1292
1804 1548
1804 1796
1804 1800
1804 1805
1804 1806
1804 1820
1804 1836
1804 1868
1804 1932
1805 781
1805 1293
1805 1549
1805 1797
1805 1801
1805 1804
1805 1807
1805 1821
1805 1837
1805 1933
1806 782
1806 1294
1806 1550
1806 1804
1806 1807
1806 1822
1806 1838
1806 1934
1807 783
1807 1799
1807 1803
1807 1805
1807 1806
1807 1823
1807 1839
1807 1935
1808 1296
1808 1552
1808 1809
1808 1810
1808 1812
1808 1816
1808 1872
1808 1936
1809 785
1809 1297
1809 1553
1809 1793
1809 1811
1809 1813
1809 1817
1809 1841
1809 1873
1809 1937
1810 786
1810 1298
1810 1554
1810 1794
1810 1808
1810 1811
1810 1818
1810 1842
1810 1874
1810 1938
1811 1555
1811 1795
1811 1809
1811 1810
1811 1815
1811 1819
1811 1843
1811 1939
1812 788
1812 1300
1812 1556
1812 1796
1812 1808
1812 1813
1812 1814
1812 1844
1812 1940
1813 789
1813 1301
1813 1797
1813 1809
1813 1812
1813 1815
1813 1821
1813 1845
1813 1877
1813 1941
1814 790
1814 1558
1814 1810
1814 1812
1814 1815
1814 1822
1814 1846
1814 1878
1814 1942
1815 791
1815 1303
1815 1559
1815 1811
1815 1813
1815 1814
1815 1823
1815 1847
1815 1879
1815 1943
1816 792
1816 1304
1816 1560
1816 1818
1816 1848
1817 1561
1817 1801
1817 1816
1817 1849
1817 1881
1817 1945
1818 794
1818 1306
1818 1562
1818 1802
1818 1819
1818 1822
1818 1850
1818 1946
1819 1307
1819 1563
1819 1811
1819 1817
1819 1823
1819 1851
1819 1883
1819 1947
1820 796
1820 1308
1820 1804
1820 1812
1820 1816
1820 1821
1820 1822
1820 1884
1820 1948
1821 797
1821 1309
1821 1805
1821 1813
1821 1817
1821 1820
1821 1823
1821 1853
1821 1885
1821 1949
1822 798
1822 1310
1822 1814
1822 1820
1822 1950
1823 799
1823 1567
1823 1807
1823 1815
1823 1819
1823 1822
1824 1312
1824 1568
1824 1792
1824 1825
1824 1828
1824 1832
1824 1840
1824 1888
1824 1952
1825 1569
1825 1827
1825 1829
1825 1833
1825 1841
1826 802
1826 1314
1826 1570
1826 1794
1826 1824
1826 1827
1826 1830
1826 1834
1826 1842
1826 1890
1827 803
1827 1315
1827 1571
1827 1795
1827 1826
1827 1831
1827 1835
1827 1843
1827 1891
1827 1955
1828 1316
1828 1796
1828 1824
1828 1829
1828 1830
1828 1836
1828 1844
1828 1892
1828 1956
1829 805
1829 1317
1829 1573
1829 1797
1829 1825
1829 1828
1829 1837
1829 1845
1829 1893
1830 806
1830 1318
1830 1574
1830 1798
1830 1831
1830 1838
1830 1846
1830 1894
1830 1958
1831 1575
1831 1799
1831 1829
1831 1830
1831 1847
1831 1895
1831 1959
1832 808
1832 1320
1832 1576
1832 1833
1832 1848
1832 1896
1832 1960
1833 809
1833 1321
1833 1577
1833 1801
1833 1832
1833 1835
1833 1849
1833 1897
1833 1961
1834 810
1834 1802
1834 1832
1834 1850
1834 1898
1834 1962
1835 811
1835 1579
1835 1803
1835 1833
1835 1834
1835 1839
1835 1851
1835 1899
1836 812
1836 1324
1836 1804
1836 1828
1836 1832
1836 1964
1837 1325
1837 1581
1837 1805
1837 1829
1837 1833
1837 1836
1837 1839
1837 1853
1837 1965
1838 1326
1838 1582
1838 1806
1838 1830
1838 1834
1838 1836
1838 1839
1838 1902
1838 1966
1839 815
1839 1583
1839 1807
1839 1831
1839 1837
1839 1855
1839 1903
1839 1967
1840 1328
1840 1808
1840 1824
1840 1841
1840 1842
1840 1844
1840 1848
1840 1904
1841 817
1841 1329
1841 1809
1841 1840
1841 1843
1841 1845
1841 1849
1841 1969
1842 818
1842 1330
1842 1586
1842 1810
1842 1826
1842 1840
1842 1843
1842 1846
1842 1970
1843 819
1843 1331
1843 1587
1843 1811
1843 1827
1843 1841
1843 1907
1844 820
1844 1332
1844 1588
1844 1812
1844 1828
1844 1840
1844 1845
1844 1846
1844 1852
1844 1908
1844 1972
1845 821
1845 1589
1845 1813
1845 1841
1845 1844
1845 1847
1845 1853
1845 1909
1845 1973
1846 822
1846 1814
1846 1844
1846 1847
1846 1910
1847 823
1847 1335
1847 1591
1847 1815
1847 1831
1847 1843
1847 1846
1847 1911
1847 1975
1848 824
1848 1336
1848 1592
1848 1832
1848 1849
1848 1850
1848 1852
1848 1912
1848 1976
1849 825
1849 1337
1849 1593
1849 1817
1849 1841
1849 1848
1849 1851
1849 1853
1849 1977
1850 1338
1850 1594
1850 1818
1850 1834
1850 1842
1850 1851
1850 1914
1850 1978
1851 827
1851 1339
1851 1595
1851 1835
1851 1843
1851 1849
1851 1855
1851 1915
1852 828
1852 1340
1852 1596
1852 1820
1852 1836
1852 1848
1852 1853
1852 1916
1852 1980
1853 829
1853 1341
1853 1597
1853 1821
1853 1837
1853 1855
1853 1917
1853 1981
1854 830
1854 1598
1854 1822
1854 1838
1854 1846
1854 1850
1854 1852
1854 1855
1854 1982
1855 831
1855 1343
1855 1599
1855 1823
1855 1839
1855 1847
1855 1851
1855 1853
1855 1854
1855 1919
1856 832
1856 1857
1856 1858
1856 1860
1856 1864
1856 1872
1856 1984
1857 833
1857 1601
1857 1793
1857 1856
1857 1861
1857 1865
1857 1873
1857 1985
1858 834
1858 1346
1858 1859
1858 1862
1858 1874
1858 1986
1859 1347
1859 1603
1859 1795
1859 1857
1859 1863
1859 1867
1859 1875
1859 1891
1860 836
1860 1348
1860 1796
1860 1856
1860 1861
1860 1868
1860 1876
1860 1892
1861 837
1861 1349
1861 1797
1861 1857
1861 1860
1861 1863
1861 1869
1861 1877
1861 1893
1861 1989
1862 838
1862 1350
1862 1606
1862 1798
1862 1858
1862 1860
1862 1863
1862 1870
1862 1878
1862 1894
1862 1990
1863 839
1863 1351
1863 1607
1863 1799
1863 1859
1863 1861
1863 1879
1864 840
1864 1352
1864 1608
1864 1800
1864 1865
1864 1868
1864 1896
1864 1992
1865 841
1865 1353
1865 1857
1865 1864
1865 1867
1865 1869
1865 1881
1865 1897
1866 842
1866 1354
1866 1610
1866 1858
1866 1864
1866 1870
1866 1882
1866 1898
1866 1994
1867 1611
1867 1803
1867 1859
1867 1865
1867 1866
1867 1871
1867 1883
1867 1899
1867 1995
1868 844
1868 1356
1868 1612
1868 1804
1868 1860
1868 1869
1868 1996
1869 845
1869 1357
1869 1613
1869 1805
1869 1861
1869 1865
1869 1868
1869 1871
1869 1997
1870 846
1870 1358
1870 1614
1870 1806
1870 1866
1870 1868
1870 1871
1870 1886
1870 1902
1871 847
1871 1807
1871 1863
1871 1867
1871 1887
1871 1903
1871 1999
1872 848
1872 1360
1872 1856
1872 1876
1872 1880
1872 1904
1872 2000
1873 849
1873 1617
1873 1809
1873 1857
1873 1872
1873 1875
1873 1881
1873 1905
1874 1618
1874 1810
1874 1872
1874 1875
1874 1882
1874 1906
1874 2002
1875 851
1875 1363
1875 1811
1875 1879
1875 1883
1875 2003
1876 1620
1876 1812
1876 1877
1876 1884
1876 1908
1876 2004
1877 853
1877 1365
1877 1873
1877 1879
1877 1909
1877 2005
1878 854
1878 1622
1878 1862
1878 1874
1878 1876
1878 2006
1879 855
1879 1367
1879 1815
1879 1863
1879 1877
1879 1878
1879 1887
1879 1911
1879 2007
1880 1816
1880 1864
1880 1872
1880 1881
1880 1882
1880 1912
1880 2008
1881 857
1881 1369
1881 1865
1881 1873
1881 1883
1881 1885
1881 2009
1882 858
1882 1626
1882 1818
1882 1874
1882 2010
1883 859
1883 1627
1883 1875
1883 1881
1883 1882
1883 1915
1883 2011
1884 1372
1884 1628
1884 1868
1884 1880
1884 1885
1884 1916
1884 2012
1885 861
1885 1821
1885 1869
1885 1877
1885 1881
1885 1884
1885 1887
1885 1917
1886 862
1886 1630
1886 1822
1886 1870
1886 1878
1886 1882
1886 1884
1886 1887
1886 2014
1887 863
1887 1375
1887 1631
1887 1823
1887 1871
1887 1879
1887 1883
1887 1885
1887 1886
1887 2015
1888 864
1888 1376
1888 1632
1888 1824
1888 1856
1888 1889
1888 1890
1888 1896
1888 1904
1888 2016
1889 865
1889 1377
1889 1825
1889 1857
1889 1893
1889 1897
1889 1905
1889 2017
1890 1826
1890 1858
1890 1894
1890 1898
1890 1906
1890 2018
1891 867
1891 1379
1891 1635
1891 1827
1891 1859
1891 1889
1891 1890
1891 1895
1891 1899
1891 1907
1891 2019
1892 868
1892 1380
1892 1636
1892 1828
1892 1888
1892 1893
1892 1894
1892 1900
1892 1908
1893 869
1893 1381
1893 1637
1893 1829
1893 1889
1893 1892
1893 1895
1893 1901
1893 2021
1894 1382
1894 1638
1894 1830
1894 1890
1894 1895
1894 1902
1894 2022
1895 871
1895 1383
1895 1639
1895 1831
1895 1863
1895 1891
1895 1893
1895 1894
1895 1903
1895 1911
1895 2023
1896 1384
1896 1864
1896 1897
1896 1898
1896 1912
1896 2024
1897 873
1897 1865
1897 1889
1897 1899
1897 1901
1897 2025
1898 874
1898 1642
1898 1866
1898 1890
1898 1899
1898 1902
1898 1914
1899 1387
1899 1643
1899 1835
1899 1867
1899 1897
1899 1915
1899 2027
1900 876
1900 1644
1900 1836
1900 1868
1900 1892
1900 1896
1901 877
1901 1389
1901 1645
1901 1837
1901 1869
1901 1893
1901 1900
1901 1917
1901 2029
1902 878
1902 1646
1902 1838
1902 1870
1902 1898
1902 1900
1902 1903
1902 1918
1902 2030
1903 879
1903 1391
1903 1647
1903 1871
1903 1895
1903 1899
1903 1901
1903 1902
1903 1919
1903 2031
1904 880
1904 1392
1904 1648
1904 1905
1904 1912
1905 1393
1905 1649
1905 1841
1905 1904
1905 1907
1905 1909
1905 2033
1906 882
1906 1394
1906 1842
1906 1874
1906 1890
1906 1904
1906 1907
1906 1910
1906 1914
1907 883
1907 1395
1907 1843
1907 1875
1907 1905
1907 1911
1907 2035
1908 884
1908 1396
1908 1652
1908 1892
1908 1904
1908 1909
1908 1910
1908 1916
1908 2036
1909 885
1909 1845
1909 1893
1909 1911
1909 2037
1910 886
1910 1398
1910 1654
1910 1846
1910 1878
1910 1894
1910 1908
1910 1911
1911 887
1911 1399
1911 1655
1911 1847
1911 1895
1911 1907
1912 1400
1912 1880
1912 1896
1912 1904
1912 1914
1913 1401
1913 1849
1913 1881
1913 1897
1913 1905
1913 1912
1913 1915
1913 1917
1913 2041
1914 1402
1914 1850
1914 1882
1914 1898
1914 1915
1914 1918
1914 2042
1915 891
1915 1403
1915 1659
1915 1883
1915 1899
1915 1907
1915 1919
1916 892
1916 1404
1916 1660
1916 1852
1916 1900
1916 1908
1916 1912
1916 1917
1916 1918
1916 2044
1917 893
1917 1405
1917 1661
1917 1853
1917 1885
1917 1901
1917 1909
1917 1916
1917 1919
1917 2045
1918 1406
1918 1662
1918 1854
1918 1886
1918 1910
1918 1916
1918 1919
1918 2046
1919 895
1919 1407
1919 1855
1919 1887
1919 1903
1919 1911
1919 1915
1919 1917
1919 1918
1919 2047
1920 1408
1920 1664
1920 1792
1920 1921
1920 1922
1920 1924
1920 1928
1920 1936
1920 1952
1920 1984
1921 897
1921 1665
1921 1793
1921 1920
1921 1925
1921 1929
1921 1937
1921 1953
1921 1985
1922 1410
1922 1666
1922 1794
1922 1920
1922 1923
1922 1926
1922 1930
1922 1938
1922 1954
1923 899
1923 1411
1923 1667
1923 1921
1923 1927
1923 1931
1923 1939
1923 1955
1923 1987
1924 900
1924 1668
1924 1796
1924 1925
1924 1926
1924 1932
1924 1940
1924 1988
1925 1413
1925 1669
1925 1797
1925 1924
1925 1927
1925 1933
1925 1941
1925 1957
1926 902
1926 1414
1926 1670
1926 1798
1926 1927
1926 1934
1926 1942
1926 1958
1926 1990
1927 903
1927 1415
1927 1671
1927 1799
1927 1923
1927 1926
1927 1935
1927 1943
1927 1959
1928 904
1928 1416
1928 1800
1928 1930
1928 1932
1928 1944
1928 1960
1928 1992
1929 905
1929 1417
1929 1801
1929 1921
1929 1928
1929 1961
1929 1993
1930 1418
1930 1674
1930 1802
1930 1928
1930 1931
1930 1934
1930 1946
1930 1962
1930 1994
1931 907
1931 1419
1931 1803
1931 1929
1931 1930
1931 1935
1931 1963
1931 1995
1932 908
1932 1420
1932 1676
1932 1804
1932 1924
1932 1928
1932 1933
1932 1934
1932 1948
1932 1964
1932 1996
1933 909
1933 1421
1933 1677
1933 1805
1933 1925
1933 1929
1933 1932
1933 1935
1933 1965
1933 1997
1934 910
1934 1422
1934 1678
1934 1806
1934 1930
1934 1932
1934 1935
1934 1950
1935 911
1935 1423
1935 1679
1935 1927
1935 1934
1935 1951
1935 1967
1936 1424
1936 1680
1936 1808
1936 1920
1936 1937
1936 1938
1936 2000
1937 913
1937 1425
1937 1681
1937 1939
1937 1941
1937 1945
1937 1969
1937 2001
1938 914
1938 1426
1938 1939
1938 1942
1938 1946
1938 1970
1938 2002
1939 1427
1939 1683
1939 1811
1939 1937
1939 1947
1939 1971
1939 2003
1940 916
1940 1428
1940 1684
1940 1812
1940 1936
1940 1941
1940 1942
1940 1948
1940 1972
1941 917
1941 1685
1941 1813
1941 1940
1941 1943
1941 1949
1941 1973
1941 2005
1942 918
1942 1686
1942 1814
1942 1926
1942 1938
1942 1940
1942 1950
1942 2006
1943 919
1943 1431
1943 1687
1943 1815
1943 1927
1943 1939
1943 1942
1943 1951
1943 1975
1943 2007
1944 920
1944 1688
1944 1816
1944 1936
1944 1945
1944 1946
1944 1948
1944 1976
1945 921
1945 1929
1945 1937
1945 1949
1945 1977
1945 2009
1946 922
1946 1434
1946 1690
1946 1818
1946 1944
1946 1947
1946 1950
1946 1978
1947 923
1947 1435
1947 1931
1947 1939
1947 1945
1947 1946
1947 1951
1947 1979
1948 1436
1948 1692
1948 1940
1948 1944
1948 1949
1948 1950
1948 1980
1949 925
1949 1437
1949 1821
1949 1933
1949 1941
1949 1945
1949 1948
1949 1951
1949 2013
1950 926
1950 1438
1950 1694
1950 1822
1950 1934
1950 1942
1950 1946
1950 1948
1950 1951
1950 2014
1951 1439
1951 1695
1951 1823
1951 1943
1951 1947
1951 1949
1951 1950
1951 2015
1952 928
1952 1440
1952 1696
1952 1953
1952 1954
1952 1956
1952 2016
1953 929
1953 1697
1953 1825
1953 1921
1953 1955
1953 1957
1953 1961
1953 1969
1953 2017
1954 930
1954 1698
1954 1826
1954 1922
1954 1952
1954 1955
1954 1958
1954 1962
1954 1970
1954 2018
1955 1443
1955 1699
1955 1827
1955 1953
1955 1954
1955 1959
1955 1963
1955 1971
1955 2019
1956 932
1956 1700
1956 1924
1956 2020
1957 933
1957 1701
1957 1829
1957 1925
1957 1953
1957 1956
1957 1959
1957 1965
1957 1973
1957 2021
1958 934
1958 1446
1958 1702
1958 1830
1958 1926
1958 1954
1958 1956
1958 1959
1958 1966
1958 1974
1959 935
1959 1703
1959 1927
1959 1955
1959 1957
1959 1958
1959 1967
1959 2023
1960 936
1960 1448
1960 1704
1960 1928
1960 1952
1960 1961
1960 1962
1960 1964
1960 1976
1961 937
1961 1449
1961 1705
1961 1929
1961 1953
1961 1963
1961 1977
1961 2025
1962 1450
1962 1706
1962 1834
1962 1930
1962 1960
1962 1963
1962 1966
1962 1978
1962 2026
1963 939
1963 1707
1963 1835
1963 1931
1963 1955
1963 1962
1963 1967
1963 1979
1963 2027
1964 940
1964 1452
1964 1708
1964 1836
1964 1932
1964 1956
1964 1960
1964 1965
1964 1966
1964 1980
1964 2028
1965 941
1965 1837
1965 1933
1965 1961
1965 1964
1965 1967
1965 1981
1965 2029
1966 942
1966 1454
1966 1934
1966 1958
1966 1962
1966 1967
1966 1982
1966 2030
1967 943
1967 1455
1967 1711
1967 1839
1967 1935
1967 1959
1967 1963
1967 1965
1967 1966
1967 1983
1967 2031
1968 944
1968 1456
1968 1712
1968 1840
1968 1936
1968 1952
1968 1969
1968 1970
1968 1972
1968 1976
1968 2032
1969 1457
1969 1713
1969 1841
1969 1937
1969 1953
1969 1968
1969 1971
1969 1973
1969 2033
1970 946
1970 1458
1970 1842
1970 1938
1970 1968
1970 1971
1970 1978
1970 2034
1971 947
1971 1459
1971 1715
1971 1843
1971 1969
1971 1970
1971 1979
1971 2035
1972 948
1972 1460
1972 1716
1972 1844
1972 1956
1972 1973
1972 1974
1972 1980
1972 2036
1973 949
1973 1461
1973 1717
1973 1957
1973 1975
1973 2037
1974 950
1974 1462
1974 1718
1974 1846
1974 1942
1974 1970
1974 1975
1974 1982
1975 951
1975 1847
1975 1959
1975 1971
1975 1973
1975 1974
1975 1983
1976 952
1976 1464
1976 1720
1976 1848
1976 1944
1976 1960
1976 1968
1976 1977
1976 1980
1976 2040
1977 953
1977 1465
1977 1721
1977 1969
1977 1976
1977 1979
1977 2041
1978 1466
1978 1722
1978 1946
1978 1962
1978 1976
1978 1979
1978 1982
1979 955
1979 1467
1979 1723
1979 1851
1979 1963
1979 1978
1979 1983
1980 1852
1980 1948
1980 1964
1980 1981
1980 1982
1980 2044
1981 1949
1981 1965
1981 1973
1981 1977
1982 958
1982 1470
1982 1726
1982 1854
1982 1950
1982 1966
1982 1974
1982 1978
1982 1980
1982 2046
1983 1471
1983 1727
1983 1855
1983 1951
1983 1967
1983 1981
1983 1982
1983 2047
1984 960
1984 1856
1984 1920
1984 1985
1984 1986
1984 1988
1984 1992
1984 2000
1984 2016
1985 961
1985 1473
1985 1857
1985 1921
1985 1984
1985 1987
1985 1989
1985 2001
1985 2017
1986 1474
1986 1730
1986 1922
1986 1984
1986 1987
1986 1994
1986 2002
1986 2018
1987 963
1987 1859
1987 1986
1987 1991
1987 2003
1987 2019
1988 964
1988 1476
1988 1732
1988 1860
1988 1924
1988 1984
1988 1989
1988 1990
1988 1996
1988 2004
1988 2020
1989 965
1989 1477
1989 1733
1989 1861
1989 1925
1989 1988
1989 1991
1989 1997
1989 2021
1990 966
1990 1734
1990 1986
1990 1988
1990 1991
1990 1998
1991 967
1991 1735
1991 1863
1991 1927
1991 1987
1991 1989
1991 2007
1991 2023
1992 1480
1992 1984
1992 1993
1992 1994
1992 2008
1992 2024
1993 969
1993 1737
1993 1865
1993 1929
1993 1985
1993 1992
1993 1995
1993 1997
1993 2009
1993 2025
1994 970
1994 1482
1994 1738
1994 1866
1994 1930
1994 1986
1994 1992
1994 2026
1995 971
1995 1483
1995 1739
1995 1867
1995 1931
1995 1987
1995 1993
1995 1994
1995 1999
1995 2027
1996 1484
1996 1740
1996 1992
1996 1997
1996 1998
1996 2012
1996 2028
1997 973
1997 1485
1997 1741
1997 2013
1998 1486
1998 1742
1998 1870
1998 1934
1998 1990
1998 1994
1998 1996
1998 2014
1999 975
1999 1487
1999 1743
1999 1935
1999 1991
1999 1995
1999 1997
1999 1998
1999 2015
1999 2031
2000 976
2000 1488
2000 1744
2000 1984
2000 2001
2000 2002
2000 2008
2000 2032
2001 977
2001 1489
2001 1745
2001 1873
2001 1937
2001 1985
2001 2000
2001 2003
2001 2005
2001 2033
2002 978
2002 1746
2002 1874
2002 1986
2002 2000
2002 2006
2002 2034
2003 979
2003 1491
2003 1939
2003 1987
2003 2001
2003 2002
2003 2007
2003 2011
2003 2035
2004 980
2004 1492
2004 1748
2004 1876
2004 1940
2004 2000
2004 2005
2004 2006
2004 2012
2004 2036
2005 981
2005 1493
2005 1877
2005 1941
2005 1989
2005 2007
2005 2037
2006 982
2006 1494
2006 1750
2006 1878
2006 1942
2006 1990
2006 2002
2006 2007
2006 2038
2007 983
2007 1495
2007 1751
2007 1879
2007 1991
2007 2005
2007 2006
2007 2015
2008 1496
2008 1752
2008 1880
2008 1944
2008 1992
2008 2009
2008 2010
2008 2012
2008 2040
2009 1497
2009 1753
2009 1945
2009 1993
2009 2001
2009 2011
2009 2013
2009 2041
2010 986
2010 1498
2010 1882
2010 1946
2010 1994
2010 2002
2010 2008
2010 2014
2010 2042
2011 987
2011 1499
2011 1883
2011 1947
2011 1995
2011 2003
2011 2009
2011 2010
2011 2015
2011 2043
2012 988
2012 1756
2012 1884
2012 1948
2012 1996
2012 2013
2012 2014
2012 2044
2013 989
2013 1757
2013 1885
2013 1949
2013 1997
2013 2005
2013 2009
2013 2012
2013 2015
2014 990
2014 1502
2014 1758
2014 2006
2014 2010
2014 2015
2014 2046
2015 991
2015 1503
2015 1887
2015 1951
2015 2007
2015 2011
2015 2013
2015 2014
2015 2047
2016 1504
2016 1888
2016 1952
2016 1984
2016 2018
2016 2020
2017 993
2017 1505
2017 1889
2017 1985
2017 2016
2017 2019
2017 2021
2017 2025
2018 1506
2018 1986
2018 2016
2018 2019
2018 2022
2018 2026
2019 995
2019 1763
2019 1891
2019 1955
2019 2017
2019 2018
2019 2027
2019 2035
2020 996
2020 1508
2020 1764
2020 1892
2020 1988
2020 2021
2020 2022
2020 2028
2020 2036
2021 1509
2021 1765
2021 1893
2021 2020
2021 2023
2021 2037
2022 1510
2022 1894
2022 1958
2022 1990
2022 2018
2022 2020
2022 2023
2022 2030
2023 999
2023 1511
2023 1767
2023 1895
2023 1959
2023 2019
2023 2021
2023 2022
2023 2031
2024 1768
2024 1896
2024 1960
2024 2016
2024 2025
2024 2026
2025 1001
2025 1961
2025 2017
2025 2024
2025 2029
2026 1002
2026 1514
2026 1770
2026 1898
2026 1962
2026 1994
2026 2030
2026 2042
2027 1515
2027 1771
2027 1899
2027 1963
2027 1995
2027 2019
2027 2025
2027 2026
2027 2031
2027 2043
2028 1772
2028 1900
2028 1964
2028 1996
2028 2024
2028 2029
2028 2030
2028 2044
2029 1005
2029 1901
2029 1965
2029 1997
2029 2021
2029 2025
2029 2028
2029 2031
2029 2045
2030 1774
2030 1902
2030 1966
2030 1998
2030 2026
2030 2028
2030 2031
2030 2046
2031 1007
2031 1775
2031 1903
2031 1967
2031 2023
2031 2027
2031 2030
2031 2047
2032 1776
2032 1904
2032 2000
2032 2016
2032 2033
2032 2040
2033 1009
2033 1777
2033 2017
2033 2035
2033 2041
2034 1522
2034 1778
2034 1906
2034 1970
2034 2018
2034 2032
2034 2035
2034 2042
2035 1011
2035 1779
2035 2003
2035 2019
2035 2034
2035 2039
2035 2043
2036 1524
2036 1780
2036 1908
2036 1972
2036 2004
2036 2020
2036 2032
2036 2037
2036 2038
2037 1013
2037 1781
2037 1909
2037 2005
2037 2033
2037 2039
2038 1014
2038 1526
2038 1782
2038 1910
2038 1974
2038 2022
2038 2034
2038 2036
2038 2046
2039 1015
2039 1527
2039 1783
2039 1911
2039 1975
2039 2007
2039 2023
2039 2037
2039 2038
2039 2047
2040 1016
2040 1784
2040 1912
2040 1976
2040 2008
2040 2024
2040 2032
2040 2041
2040 2042
2040 2044
2041 1017
2041 1529
2041 1913
2041 1977
2041 2025
2041 2040
2041 2043
2041 2045
2042 1018
2042 1530
2042 1786
2042 1978
2042 2010
2042 2026
2042 2034
2042 2043
2042 2046
2043 1019
2043 1915
2043 1979
2043 2011
2043 2027
2043 2041
2043 2047
2044 1020
2044 1532
2044 1788
2044 1916
2044 1980
2044 2012
2044 2028
2044 2036
2044 2045
2044 2046
2045 1021
2045 1789
2045 1917
2045 1981
2045 2013
2045 2037
2045 2041
2045 2044
2046 1534
2046 1982
2046 2014
2046 2038
2046 2044
2046 2047
2047 1023
2047 1535
2047 1791
2047 1983
2047 2015
2047 2031
2047 2039
2047 2045
3 12 22 24 25 36 47 58 65 67 75 94 104 117 138 139 144 161 182 188 198 205 215 238 242 245 249 256 269 279 291 296 298 317 329 334 338 340 347 358 361 365 368 372 374 379 388 397 401 405 414 423 424 426 434 447 450 463 472 475 476 483 484 517 518 523 534 546 560 561 570 585 587 592 605 610 620 627 639 645 648 659 671 674 685 698 699 701 704 718 721 730 743 744 749 756 768 794 796 799 804 809 814 823 837 839 849 866 888 899 910 915 917 921 942 944 972 982 993 1003 1014 1021 1022 1026 1041 1045 1048 1055 1060 1065 1075 1079 1092 1101 1127 1130 1136 1148 1152 1159 1181 1189 1198 1203 1208 1222 1224 1236 1238 1241 1243 1248 1259 1279 1286 1291 1303 1304 1317 1329 1342 1358 1362 1363 1373 1376 1377 1403 1419 1420 1426 1438 1442 1455 1460 1465 1473 1477 1516 1517 1521 1527 1530 1538 1550 1554 1575 1576 1596 1597 1604 1623 1625 1626 1633 1637 1654 1657 1673 1684 1690 1692 1700 1707 1713 1719 1731 1743 1749 1756 1774 1778 1785 1793 1805 1812 1819 1826 1836 1842 1851 1863 1864 1866 1886 1899 1903 1909 1912 1926 1936 1951 1953 1957 1960 1980 1982 1993 1994 2000 2015 2020 2022 2035
