1000 20244 50
0 2
0 3
0 4
0 5
0 6
0 7
0 8
0 9
0 10
0 20
0 30
0 60
0 70
0 80
0 90
0 100
0 200
0 300
0 400
0 500
0 800
0 900
1 0
1 2
1 4
1 5
1 6
1 7
1 8
1 9
1 11
1 21
1 51
1 61
1 71
1 81
1 101
1 501
1 601
1 701
1 801
1 901
2 0
2 1
2 3
2 5
2 7
2 8
2 9
2 12
2 22
2 32
2 42
2 72
2 102
2 202
2 302
2 502
2 602
2 702
2 802
2 902
3 1
3 2
3 4
3 5
3 6
3 7
3 8
3 13
3 33
3 43
3 63
3 73
3 83
3 93
3 103
3 503
3 703
3 803
3 903
4 0
4 1
4 2
4 3
4 5
4 6
4 7
4 8
4 14
4 24
4 34
4 44
4 54
4 74
4 104
4 204
4 304
4 404
4 604
4 704
4 904
5 1
5 3
5 6
5 7
5 8
5 9
5 15
5 25
5 45
5 55
5 65
5 95
5 105
5 305
5 405
5 505
5 605
5 705
5 805
5 905
6 0
6 1
6 2
6 3
6 4
6 7
6 9
6 16
6 36
6 46
6 56
6 66
6 76
6 86
6 96
6 106
6 206
6 306
6 506
6 706
6 806
6 906
7 2
7 6
7 8
7 9
7 27
7 37
7 47
7 57
7 67
7 77
7 207
7 307
7 407
7 607
7 707
7 807
8 0
8 1
8 2
8 3
8 4
8 5
8 6
8 7
8 9
8 18
8 28
8 38
8 48
8 58
8 68
8 98
8 108
8 208
8 308
8 508
8 708
8 908
9 0
9 1
9 3
9 4
9 5
9 19
9 29
9 39
9 49
9 59
9 69
9 79
9 89
9 99
9 109
9 209
9 309
9 409
9 509
9 609
9 709
10 0
10 11
10 12
10 15
10 16
10 17
10 18
10 19
10 20
10 30
10 50
10 60
10 70
10 90
10 110
10 310
10 610
10 710
10 810
11 1
11 10
11 12
11 14
11 15
11 16
11 17
11 18
11 19
11 21
11 41
11 81
11 211
11 411
11 511
11 611
11 711
11 811
11 911
12 2
12 10
12 13
12 14
12 15
12 16
12 17
12 18
12 19
12 42
12 52
12 62
12 72
12 92
12 112
12 212
12 412
12 512
12 612
12 712
12 812
12 912
13 3
13 10
13 11
13 12
13 14
13 15
13 16
13 17
13 18
13 19
13 23
13 33
13 43
13 53
13 73
13 83
13 93
13 213
13 413
13 513
13 613
13 713
13 813
13 913
14 4
14 10
14 12
14 13
14 15
14 16
14 18
14 19
14 24
14 44
14 54
14 94
14 114
14 214
14 314
14 414
14 614
14 814
14 914
15 10
15 11
15 12
15 14
15 17
15 18
15 19
15 25
15 35
15 45
15 55
15 65
15 75
15 85
15 95
15 215
15 415
15 515
15 615
15 715
15 815
15 915
16 6
16 10
16 13
16 15
16 17
16 18
16 19
16 26
16 36
16 56
16 66
16 76
16 86
16 96
16 216
16 616
16 716
17 7
17 10
17 11
17 13
17 14
17 16
17 57
17 67
17 77
17 87
17 97
17 117
17 217
17 317
17 417
17 617
17 717
17 917
18 10
18 13
18 14
18 15
18 17
18 28
18 48
18 68
18 88
18 98
18 218
18 418
18 518
18 618
18 718
18 818
18 918
19 9
19 11
19 12
19 13
19 15
19 16
19 17
19 18
19 29
19 49
19 69
19 79
19 89
19 119
19 419
19 519
19 719
19 819
19 919
20 0
20 21
20 22
20 23
20 25
20 26
20 27
20 28
20 29
20 30
20 40
20 50
20 60
20 70
20 80
20 90
20 220
20 320
20 420
20 620
20 720
20 820
20 920
21 1
21 11
21 22
21 24
21 25
21 27
21 29
21 31
21 41
21 51
21 61
21 71
21 81
21 91
21 221
21 321
21 421
21 521
21 621
21 721
21 821
22 2
22 12
22 20
22 21
22 23
22 24
22 25
22 26
22 27
22 32
22 52
22 72
22 82
22 92
22 122
22 222
22 322
22 422
22 522
22 722
22 922
23 3
23 13
23 20
23 21
23 24
23 25
23 26
23 27
23 28
23 33
23 43
23 53
23 93
23 123
23 223
23 323
23 423
23 523
23 723
23 823
23 923
24 4
24 14
24 20
24 21
24 23
24 25
24 26
24 28
24 29
24 44
24 54
24 64
24 84
24 94
24 124
24 224
24 324
24 524
24 624
24 724
24 824
24 924
25 15
25 20
25 21
25 22
25 23
25 26
25 27
25 28
25 29
25 35
25 45
25 55
25 65
25 75
25 85
25 95
25 125
25 225
25 325
25 425
25 625
25 725
25 825
26 6
26 16
26 20
26 21
26 22
26 23
26 24
26 25
26 27
26 28
26 29
26 36
26 46
26 56
26 66
26 126
26 426
26 526
26 626
26 726
26 826
26 926
27 7
27 17
27 21
27 24
27 25
27 26
27 28
27 29
27 37
27 47
27 67
27 77
27 87
27 97
27 127
27 227
27 327
27 627
27 727
27 827
27 927
28 8
28 18
28 20
28 21
28 22
28 23
28 26
28 27
28 38
28 48
28 58
28 68
28 88
28 98
28 228
28 328
28 428
28 528
28 828
28 928
29 20
29 22
29 23
29 24
29 26
29 27
29 28
29 39
29 49
29 69
29 79
29 89
29 99
29 129
29 229
29 329
29 429
29 529
29 629
29 729
29 929
30 10
30 32
30 34
30 36
30 37
30 38
30 40
30 50
30 60
30 80
30 230
30 330
30 430
30 630
30 830
30 930
31 1
31 11
31 21
31 30
31 32
31 33
31 34
31 35
31 36
31 37
31 39
31 51
31 61
31 71
31 231
31 431
31 531
31 631
31 731
31 831
31 931
32 2
32 12
32 22
32 31
32 33
32 34
32 35
32 36
32 37
32 39
32 42
32 52
32 72
32 82
32 92
32 132
32 232
32 432
32 532
32 632
32 732
33 3
33 13
33 30
33 31
33 34
33 35
33 36
33 37
33 38
33 39
33 43
33 53
33 63
33 73
33 83
33 93
33 133
33 233
33 333
33 433
33 633
33 833
33 933
34 14
34 24
34 31
34 32
34 33
34 35
34 36
34 37
34 38
34 39
34 44
34 54
34 64
34 94
34 134
34 334
34 534
34 734
34 834
35 5
35 25
35 30
35 31
35 33
35 34
35 36
35 37
35 38
35 39
35 45
35 55
35 65
35 75
35 85
35 95
35 135
35 235
35 335
35 435
35 535
35 735
35 835
36 6
36 16
36 30
36 32
36 33
36 34
36 37
36 46
36 56
36 66
36 76
36 96
36 136
36 236
36 336
36 436
36 636
36 736
36 836
36 936
37 17
37 27
37 30
37 33
37 34
37 35
37 38
37 39
37 47
37 57
37 67
37 77
37 87
37 97
37 137
37 337
37 437
37 537
37 637
37 737
37 837
38 8
38 18
38 31
38 32
38 35
38 36
38 48
38 58
38 68
38 78
38 88
38 98
38 238
38 338
38 538
38 638
38 738
38 838
38 938
39 9
39 19
39 29
39 30
39 31
39 32
39 33
39 35
39 36
39 38
39 59
39 69
39 139
39 239
39 339
39 539
39 639
39 739
39 839
40 0
40 10
40 20
40 30
40 43
40 45
40 46
40 47
40 48
40 49
40 60
40 70
40 80
40 90
40 340
40 440
40 540
40 640
40 740
40 840
40 940
41 1
41 21
41 31
41 40
41 42
41 43
41 44
41 45
41 46
41 47
41 49
41 51
41 61
41 71
41 81
41 91
41 441
41 541
41 641
41 741
41 841
41 941
42 22
42 32
42 40
42 41
42 43
42 44
42 45
42 47
42 48
42 49
42 62
42 82
42 92
42 242
42 342
42 442
42 542
42 642
42 742
42 842
42 942
43 13
43 23
43 33
43 40
43 41
43 42
43 44
43 45
43 46
43 47
43 48
43 49
43 53
43 83
43 93
43 243
43 343
43 543
43 643
43 743
43 843
43 943
44 4
44 34
44 40
44 41
44 42
44 45
44 47
44 48
44 54
44 64
44 74
44 84
44 144
44 344
44 444
44 544
44 644
44 744
45 5
45 15
45 25
45 35
45 41
45 42
45 44
45 48
45 49
45 55
45 75
45 85
45 95
45 145
45 245
45 445
45 545
45 645
45 845
46 16
46 26
46 36
46 40
46 41
46 42
46 43
46 44
46 45
46 47
46 48
46 49
46 66
46 76
46 86
46 96
46 146
46 346
46 446
46 546
46 746
46 846
47 7
47 17
47 37
47 40
47 41
47 43
47 44
47 45
47 48
47 49
47 57
47 67
47 77
47 87
47 97
47 147
47 247
47 347
47 447
47 847
48 41
48 42
48 43
48 46
48 47
48 49
48 68
48 78
48 88
48 98
48 148
48 248
48 348
48 448
48 548
48 648
48 748
48 848
48 948
49 9
49 19
49 29
49 39
49 40
49 42
49 43
49 44
49 45
49 46
49 69
49 89
49 99
49 149
49 249
49 449
49 549
49 649
49 849
50 0
50 10
50 20
50 40
50 51
50 52
50 53
50 54
50 55
50 56
50 57
50 58
50 60
50 70
50 90
50 250
50 850
50 950
51 11
51 21
51 31
51 41
51 50
51 54
51 55
51 56
51 57
51 59
51 61
51 81
51 91
51 251
51 351
51 451
51 551
51 651
51 751
51 851
51 951
52 2
52 12
52 22
52 32
52 42
52 50
52 51
52 53
52 55
52 56
52 57
52 58
52 62
52 72
52 82
52 152
52 252
52 352
52 452
52 652
52 752
52 852
52 952
53 3
53 13
53 23
53 33
53 43
53 50
53 51
53 54
53 55
53 57
53 63
53 73
53 83
53 153
53 353
53 453
53 653
53 753
53 853
53 953
54 4
54 14
54 24
54 44
54 52
54 53
54 55
54 56
54 57
54 58
54 64
54 94
54 154
54 354
54 554
54 654
54 754
55 5
55 15
55 35
55 50
55 52
55 54
55 56
55 57
55 65
55 75
55 95
55 155
55 255
55 355
55 555
55 855
55 955
56 6
56 16
56 36
56 46
56 51
56 53
56 55
56 57
56 58
56 66
56 76
56 96
56 156
56 656
56 756
56 956
57 7
57 17
57 27
57 47
57 52
57 54
57 56
57 58
57 59
57 67
57 87
57 97
57 157
57 257
57 357
57 457
57 557
57 657
57 757
57 957
58 8
58 18
58 38
58 48
58 50
58 51
58 52
58 53
58 54
58 55
58 57
58 59
58 68
58 78
58 88
58 98
58 458
58 558
58 658
58 758
58 858
59 9
59 19
59 29
59 49
59 50
59 51
59 52
59 53
59 54
59 55
59 56
59 57
59 58
59 69
59 79
59 89
59 99
59 159
59 259
59 459
59 559
59 759
59 859
59 959
60 0
60 10
60 30
60 40
60 50
60 61
60 62
60 64
60 65
60 66
60 67
60 68
60 70
60 80
60 160
60 460
60 560
60 660
60 860
61 11
61 21
61 31
61 41
61 51
61 60
61 62
61 64
61 65
61 66
61 67
61 68
61 69
61 71
61 91
61 361
61 461
61 861
61 961
62 2
62 22
62 32
62 52
62 60
62 61
62 63
62 64
62 65
62 66
62 67
62 69
62 72
62 92
62 162
62 262
62 362
62 462
62 562
62 662
62 762
62 862
62 962
63 3
63 13
63 23
63 33
63 43
63 53
63 60
63 61
63 65
63 66
63 67
63 68
63 93
63 263
63 363
63 463
63 563
63 763
63 863
63 963
64 4
64 14
64 24
64 44
64 61
64 62
64 63
64 65
64 66
64 67
64 69
64 74
64 94
64 164
64 264
64 464
64 564
64 664
64 764
64 864
65 5
65 15
65 25
65 35
65 45
65 55
65 61
65 66
65 68
65 69
65 75
65 85
65 95
65 165
65 265
65 365
65 465
65 565
65 665
65 765
65 865
66 6
66 36
66 46
66 56
66 61
66 62
66 65
66 67
66 68
66 69
66 86
66 96
66 166
66 266
66 366
66 466
66 566
66 766
66 866
66 966
67 7
67 17
67 27
67 37
67 47
67 57
67 63
67 64
67 65
67 69
67 77
67 87
67 167
67 267
67 367
67 467
67 567
67 667
67 767
68 8
68 28
68 38
68 48
68 58
68 61
68 62
68 64
68 65
68 66
68 67
68 69
68 78
68 88
68 98
68 268
68 368
68 468
68 568
68 668
68 868
69 29
69 39
69 49
69 60
69 62
69 63
69 65
69 66
69 68
69 79
69 89
69 99
69 169
69 369
69 469
69 569
69 769
69 869
69 969
70 10
70 20
70 30
70 50
70 72
70 73
70 74
70 75
70 76
70 77
70 78
70 79
70 80
70 90
70 170
70 370
70 470
70 570
70 670
70 770
70 870
71 1
71 11
71 41
71 51
71 70
71 72
71 73
71 75
71 76
71 77
71 78
71 81
71 91
71 371
71 471
71 571
71 671
71 871
71 971
72 2
72 22
72 32
72 42
72 62
72 70
72 71
72 73
72 74
72 75
72 76
72 77
72 79
72 82
72 92
72 172
72 272
72 472
72 572
72 672
72 772
72 872
72 972
73 13
73 23
73 43
73 63
73 70
73 74
73 76
73 78
73 79
73 83
73 93
73 173
73 373
73 473
73 573
73 673
73 773
73 873
73 973
74 4
74 14
74 24
74 34
74 44
74 54
74 71
74 72
74 75
74 76
74 77
74 78
74 79
74 84
74 94
74 174
74 374
74 574
74 674
74 774
74 874
74 974
75 5
75 15
75 45
75 55
75 70
75 72
75 73
75 74
75 77
75 78
75 79
75 85
75 95
75 175
75 575
75 875
76 6
76 26
76 36
76 56
76 66
76 70
76 71
76 72
76 73
76 75
76 77
76 78
76 86
76 96
76 176
76 276
76 576
76 676
76 776
76 976
77 7
77 17
77 37
77 47
77 57
77 67
77 70
77 71
77 73
77 75
77 87
77 97
77 177
77 277
77 377
77 477
77 677
77 777
77 877
77 977
78 8
78 18
78 28
78 48
78 72
78 73
78 75
78 76
78 77
78 79
78 98
78 178
78 278
78 378
78 478
78 678
78 778
78 878
79 9
79 39
79 49
79 69
79 70
79 71
79 75
79 76
79 77
79 89
79 179
79 379
79 479
79 579
79 679
79 779
79 879
80 10
80 20
80 30
80 50
80 60
80 81
80 82
80 84
80 85
80 86
80 89
80 90
80 180
80 280
80 380
80 480
80 580
80 680
80 780
80 880
81 1
81 11
81 21
81 31
81 41
81 51
81 61
81 71
81 82
81 84
81 85
81 86
81 87
81 88
81 91
81 181
81 281
81 381
81 581
81 681
81 781
81 881
81 981
82 2
82 12
82 22
82 32
82 42
82 52
82 62
82 72
82 80
82 83
82 85
82 86
82 92
82 182
82 282
82 382
82 482
82 782
82 982
83 3
83 23
83 33
83 43
83 53
83 63
83 80
83 81
83 82
83 84
83 88
83 89
83 93
83 283
83 483
83 883
83 983
84 4
84 14
84 24
84 34
84 44
84 54
84 64
84 74
84 80
84 81
84 82
84 83
84 86
84 87
84 88
84 89
84 684
84 784
84 884
85 5
85 15
85 25
85 35
85 55
85 75
85 81
85 83
85 84
85 86
85 87
85 88
85 89
85 385
85 485
85 585
85 685
85 785
85 885
86 6
86 16
86 26
86 36
86 46
86 56
86 66
86 80
86 82
86 83
86 87
86 88
86 89
86 96
86 386
86 486
86 586
86 686
86 786
86 886
86 986
87 7
87 17
87 27
87 37
87 47
87 57
87 67
87 77
87 80
87 81
87 82
87 83
87 84
87 88
87 487
87 687
87 887
88 8
88 18
88 28
88 68
88 78
88 80
88 81
88 82
88 87
88 89
88 98
88 188
88 388
88 488
88 588
88 688
88 788
88 888
89 19
89 29
89 39
89 49
89 59
89 79
89 80
89 81
89 82
89 83
89 84
89 85
89 87
89 88
89 99
89 189
89 289
89 389
89 489
89 589
89 689
89 789
89 889
89 989
90 0
90 20
90 30
90 40
90 50
90 60
90 70
90 80
90 91
90 93
90 95
90 97
90 98
90 99
90 190
90 290
90 390
90 490
90 590
90 690
90 890
90 990
91 1
91 11
91 21
91 31
91 41
91 51
91 61
91 71
91 81
91 90
91 92
91 93
91 94
91 95
91 96
91 97
91 98
91 191
91 291
91 591
91 691
91 791
91 891
91 991
92 2
92 12
92 42
92 52
92 62
92 90
92 91
92 93
92 94
92 96
92 97
92 98
92 99
92 192
92 392
92 492
92 792
92 892
93 3
93 13
93 43
93 53
93 73
93 83
93 90
93 91
93 92
93 94
93 95
93 96
93 99
93 193
93 293
93 493
93 593
93 893
93 993
94 4
94 24
94 44
94 54
94 64
94 84
94 90
94 92
94 95
94 96
94 97
94 98
94 294
94 394
94 494
94 594
94 694
94 794
94 894
95 25
95 35
95 45
95 55
95 65
95 75
95 85
95 90
95 91
95 92
95 96
95 97
95 98
95 195
95 295
95 395
95 495
95 695
95 795
95 995
96 6
96 26
96 46
96 56
96 66
96 76
96 86
96 90
96 92
96 93
96 94
96 95
96 97
96 98
96 296
96 396
96 496
96 596
96 696
96 796
97 7
97 17
97 27
97 37
97 47
97 67
97 77
97 87
97 92
97 93
97 94
97 96
97 197
97 297
97 397
97 497
97 797
97 897
97 997
98 18
98 28
98 78
98 88
98 90
98 91
98 92
98 93
98 94
98 95
98 96
98 97
98 99
98 398
98 598
98 698
98 798
98 898
98 998
99 19
99 29
99 39
99 49
99 59
99 79
99 89
99 90
99 91
99 92
99 93
99 94
99 95
99 96
99 97
99 399
99 499
99 599
99 699
99 799
99 899
99 999
100 0
100 101
100 102
100 103
100 105
100 106
100 107
100 108
100 110
100 120
100 130
100 140
100 150
100 160
100 170
100 200
100 500
100 600
100 700
100 800
100 900
101 1
101 100
101 102
101 105
101 106
101 107
101 108
101 109
101 111
101 121
101 131
101 141
101 151
101 161
101 171
101 201
101 401
101 501
101 601
101 701
101 801
101 901
102 101
102 103
102 104
102 105
102 106
102 107
102 112
102 122
102 132
102 142
102 152
102 162
102 172
102 182
102 192
102 202
102 302
102 402
102 502
102 702
102 802
103 3
103 101
103 106
103 107
103 108
103 113
103 123
103 133
103 143
103 153
103 303
103 403
103 503
103 603
103 803
103 903
104 4
104 100
104 101
104 102
104 103
104 106
104 107
104 108
104 109
104 114
104 134
104 144
104 154
104 164
104 174
104 184
104 194
104 204
104 304
104 404
104 504
104 704
104 804
105 5
105 100
105 101
105 102
105 103
105 104
105 106
105 107
105 108
105 109
105 115
105 135
105 145
105 155
105 165
105 175
105 185
105 305
105 405
105 605
105 705
106 6
106 102
106 103
106 105
106 107
106 109
106 126
106 136
106 146
106 156
106 176
106 196
106 206
106 306
106 606
106 706
106 806
107 7
107 100
107 101
107 102
107 105
107 106
107 108
107 109
107 137
107 147
107 157
107 167
107 177
107 187
107 207
107 407
107 507
107 607
107 907
108 8
108 100
108 101
108 102
108 103
108 105
108 106
108 107
108 109
108 118
108 138
108 148
108 168
108 178
108 188
108 208
108 308
108 508
108 608
108 708
108 808
108 908
109 9
109 100
109 101
109 102
109 103
109 106
109 107
109 119
109 129
109 139
109 149
109 179
109 189
109 209
109 309
109 409
109 509
109 609
109 709
109 909
110 10
110 100
110 111
110 112
110 114
110 115
110 116
110 140
110 150
110 160
110 170
110 180
110 190
110 210
110 310
110 410
110 510
110 710
110 810
111 11
111 112
111 114
111 115
111 116
111 118
111 121
111 131
111 141
111 151
111 171
111 181
111 191
111 211
111 311
111 411
111 511
111 711
111 811
111 911
112 12
112 102
112 111
112 113
112 114
112 115
112 116
112 117
112 118
112 119
112 122
112 132
112 142
112 152
112 182
112 192
112 212
112 312
112 512
112 612
112 712
112 812
112 912
113 13
113 110
113 111
113 112
113 114
113 115
113 116
113 118
113 123
113 143
113 153
113 173
113 183
113 193
113 313
113 413
113 513
113 613
113 713
113 813
113 913
114 14
114 104
114 110
114 113
114 115
114 116
114 119
114 124
114 134
114 144
114 154
114 164
114 184
114 194
114 214
114 514
114 614
114 714
114 914
115 15
115 105
115 111
115 112
115 113
115 117
115 118
115 125
115 135
115 155
115 165
115 175
115 185
115 215
115 315
115 415
115 515
115 615
115 715
115 815
115 915
116 16
116 106
116 110
116 113
116 115
116 117
116 118
116 119
116 136
116 146
116 156
116 176
116 196
116 216
116 316
116 416
116 516
116 616
116 816
116 916
117 17
117 107
117 110
117 111
117 112
117 113
117 114
117 116
117 118
117 119
117 127
117 137
117 147
117 157
117 167
117 177
117 197
117 217
117 317
117 417
117 517
117 617
117 717
117 917
118 18
118 110
118 112
118 113
118 114
118 115
118 138
118 158
118 168
118 178
118 188
118 198
118 218
118 518
118 718
118 818
118 918
119 19
119 110
119 111
119 112
119 113
119 114
119 115
119 116
119 117
119 118
119 129
119 149
119 169
119 179
119 189
119 199
119 319
119 419
119 519
119 619
119 719
119 819
119 919
120 20
120 100
120 110
120 121
120 122
120 123
120 124
120 126
120 127
120 128
120 129
120 140
120 150
120 170
120 190
120 220
120 320
120 420
120 520
120 620
120 820
120 920
121 21
121 101
121 120
121 122
121 124
121 127
121 128
121 131
121 141
121 151
121 171
121 191
121 221
121 321
121 421
121 521
121 721
121 821
121 921
122 22
122 102
122 126
122 127
122 128
122 129
122 132
122 142
122 182
122 222
122 322
122 422
122 522
122 622
122 722
122 822
122 922
123 103
123 113
123 120
123 121
123 122
123 124
123 125
123 126
123 127
123 128
123 129
123 133
123 143
123 163
123 173
123 183
123 193
123 523
123 623
123 823
124 104
124 114
124 122
124 125
124 126
124 127
124 128
124 129
124 154
124 164
124 174
124 184
124 224
124 324
124 424
124 524
124 724
124 824
125 25
125 105
125 120
125 121
125 122
125 123
125 124
125 126
125 127
125 128
125 129
125 135
125 165
125 175
125 185
125 225
125 325
125 525
125 625
125 925
126 26
126 106
126 116
126 121
126 123
126 124
126 127
126 128
126 129
126 146
126 166
126 176
126 196
126 226
126 426
126 526
126 626
126 726
126 926
127 27
127 107
127 122
127 123
127 126
127 129
127 137
127 147
127 157
127 177
127 187
127 197
127 227
127 427
127 627
127 727
127 827
128 28
128 108
128 118
128 121
128 122
128 123
128 124
128 125
128 126
128 127
128 138
128 148
128 158
128 178
128 188
128 198
128 228
128 328
128 428
128 528
128 728
128 928
129 119
129 120
129 121
129 122
129 123
129 124
129 125
129 126
129 127
129 128
129 139
129 149
129 159
129 169
129 179
129 189
129 429
129 529
129 629
129 729
129 829
129 929
130 30
130 100
130 110
130 120
130 132
130 135
130 137
130 138
130 140
130 150
130 160
130 170
130 180
130 190
130 330
130 430
130 530
130 630
130 730
130 930
131 31
131 101
131 111
131 130
131 132
131 134
131 135
131 136
131 138
131 141
131 151
131 161
131 171
131 181
131 191
131 231
131 331
131 431
131 531
131 631
131 931
132 32
132 102
132 112
132 130
132 133
132 134
132 135
132 136
132 138
132 139
132 152
132 172
132 182
132 192
132 232
132 432
132 532
132 732
132 932
133 33
133 113
133 123
133 130
133 131
133 134
133 136
133 138
133 139
133 143
133 153
133 163
133 193
133 233
133 333
133 433
133 633
133 733
133 833
133 933
134 34
134 114
134 124
134 130
134 132
134 135
134 136
134 137
134 138
134 154
134 164
134 184
134 194
134 234
134 334
134 534
134 634
134 734
134 934
135 35
135 105
135 115
135 125
135 130
135 132
135 133
135 136
135 137
135 138
135 139
135 145
135 155
135 165
135 175
135 235
135 435
135 635
135 735
135 835
136 36
136 106
136 126
136 130
136 134
136 135
136 137
136 139
136 146
136 156
136 166
136 176
136 196
136 236
136 436
136 536
136 636
136 836
136 936
137 127
137 131
137 132
137 133
137 134
137 135
137 136
137 138
137 139
137 147
137 167
137 187
137 197
137 237
137 337
137 637
137 737
137 837
138 38
138 128
138 130
138 131
138 132
138 134
138 135
138 136
138 137
138 139
138 168
138 178
138 188
138 198
138 238
138 338
138 438
138 638
138 738
138 838
138 938
139 119
139 129
139 130
139 131
139 132
139 133
139 134
139 135
139 137
139 138
139 169
139 189
139 199
139 439
139 539
139 639
139 939
140 40
140 120
140 130
140 141
140 142
140 143
140 144
140 145
140 146
140 147
140 150
140 160
140 170
140 180
140 240
140 340
140 440
140 540
140 640
140 840
140 940
141 41
141 101
141 111
141 121
141 131
141 144
141 145
141 146
141 147
141 148
141 149
141 181
141 241
141 341
141 441
141 641
141 841
142 42
142 112
142 132
142 140
142 141
142 143
142 144
142 145
142 146
142 148
142 152
142 162
142 182
142 192
142 242
142 342
142 442
142 542
142 942
143 43
143 113
143 133
143 140
143 141
143 144
143 145
143 146
143 147
143 148
143 149
143 153
143 163
143 173
143 183
143 193
143 443
143 543
143 643
143 743
143 843
143 943
144 44
144 124
144 134
144 141
144 142
144 145
144 146
144 147
144 148
144 164
144 174
144 194
144 244
144 344
144 544
144 644
144 744
144 844
144 944
145 105
145 115
145 125
145 140
145 142
145 143
145 144
145 147
145 149
145 155
145 175
145 185
145 195
145 345
145 445
145 545
145 645
145 845
145 945
146 46
146 106
146 116
146 126
146 141
146 144
146 145
146 147
146 148
146 156
146 166
146 176
146 186
146 196
146 246
146 446
146 546
146 646
146 846
146 946
147 47
147 107
147 117
147 127
147 137
147 141
147 142
147 144
147 145
147 146
147 148
147 149
147 167
147 177
147 187
147 197
147 247
147 347
147 447
147 847
148 48
148 118
148 128
148 138
148 140
148 141
148 142
148 144
148 145
148 147
148 149
148 158
148 168
148 178
148 188
148 198
148 348
148 448
148 548
148 748
148 848
148 948
149 49
149 119
149 129
149 139
149 140
149 142
149 143
149 144
149 145
149 146
149 148
149 159
149 169
149 179
149 189
149 199
149 349
149 449
149 549
149 649
150 50
150 100
150 110
150 130
150 151
150 152
150 153
150 154
150 156
150 157
150 160
150 170
150 190
150 350
150 450
150 650
150 850
150 950
151 51
151 101
151 111
151 131
151 141
151 150
151 152
151 153
151 154
151 156
151 157
151 159
151 161
151 171
151 191
151 351
151 451
151 551
151 651
151 751
151 851
151 951
152 112
152 122
152 142
152 153
152 154
152 155
152 156
152 157
152 159
152 172
152 182
152 252
152 352
152 452
152 652
152 852
153 53
153 103
153 123
153 133
153 143
153 150
153 154
153 155
153 156
153 157
153 158
153 159
153 163
153 183
153 253
153 353
153 453
153 753
153 853
154 54
154 104
154 114
154 134
154 144
154 151
154 152
154 153
154 155
154 156
154 157
154 158
154 164
154 174
154 194
154 354
154 454
154 554
154 754
154 854
154 954
155 55
155 115
155 125
155 135
155 145
155 150
155 151
155 153
155 156
155 157
155 159
155 175
155 185
155 195
155 355
155 455
155 555
155 655
155 855
155 955
156 56
156 106
156 116
156 126
156 136
156 146
156 152
156 153
156 157
156 158
156 159
156 166
156 196
156 256
156 456
156 556
156 656
156 756
156 856
156 956
157 57
157 107
157 117
157 127
157 137
157 147
157 153
157 154
157 155
157 159
157 197
157 257
157 357
157 457
157 557
157 657
157 757
157 957
158 58
158 108
158 118
158 138
158 150
158 151
158 152
158 154
158 155
158 156
158 157
158 159
158 168
158 178
158 198
158 258
158 358
158 458
158 958
159 109
159 119
159 129
159 139
159 149
159 150
159 152
159 153
159 154
159 155
159 156
159 158
159 169
159 179
159 199
159 459
159 659
159 759
159 859
159 959
160 60
160 100
160 110
160 120
160 140
160 161
160 162
160 163
160 164
160 165
160 166
160 167
160 168
160 169
160 170
160 180
160 190
160 260
160 360
160 460
160 560
160 860
161 61
161 101
161 111
161 121
161 141
161 151
161 162
161 163
161 165
161 166
161 168
161 169
161 181
161 191
161 361
161 461
161 661
161 761
161 861
161 961
162 102
162 112
162 122
162 132
162 152
162 160
162 161
162 163
162 164
162 165
162 167
162 168
162 169
162 172
162 182
162 192
162 262
162 462
162 662
162 862
162 962
163 63
163 103
163 113
163 143
163 153
163 160
163 161
163 165
163 168
163 169
163 173
163 263
163 363
163 463
163 563
163 663
163 763
163 863
163 963
164 64
164 104
164 114
164 124
164 144
164 161
164 162
164 163
164 165
164 167
164 168
164 169
164 194
164 264
164 364
164 464
164 564
164 764
164 864
165 65
165 105
165 115
165 125
165 145
165 155
165 160
165 162
165 163
165 164
165 166
165 167
165 169
165 185
165 195
165 265
165 465
165 565
165 665
165 765
165 865
166 106
166 116
166 146
166 156
166 160
166 161
166 162
166 163
166 164
166 167
166 168
166 169
166 176
166 186
166 196
166 366
166 666
166 866
166 966
167 107
167 117
167 127
167 147
167 157
167 160
167 161
167 162
167 163
167 165
167 168
167 169
167 187
167 197
167 367
167 467
167 567
167 767
167 967
168 68
168 108
168 128
168 138
168 148
168 158
168 160
168 161
168 162
168 163
168 164
168 165
168 166
168 167
168 169
168 178
168 188
168 468
168 568
168 768
168 868
168 968
169 69
169 109
169 119
169 129
169 139
169 149
169 161
169 162
169 163
169 164
169 165
169 166
169 167
169 168
169 179
169 189
169 199
169 469
169 569
169 769
169 869
169 969
170 70
170 100
170 110
170 120
170 140
170 150
170 160
170 171
170 172
170 174
170 175
170 179
170 180
170 190
170 370
170 570
170 670
170 770
170 970
171 71
171 111
171 121
171 141
171 151
171 161
171 170
171 172
171 174
171 175
171 176
171 177
171 178
171 179
171 191
171 471
171 571
171 771
171 871
172 102
172 112
172 122
172 132
172 142
172 152
172 173
172 174
172 175
172 177
172 178
172 179
172 182
172 192
172 272
172 372
172 472
172 572
172 672
172 772
172 872
173 73
173 103
173 113
173 133
173 143
173 153
173 170
173 171
173 172
173 174
173 177
173 178
173 179
173 193
173 473
173 673
173 773
173 873
173 973
174 114
174 134
174 154
174 164
174 171
174 173
174 176
174 178
174 179
174 184
174 194
174 274
174 374
174 574
174 674
174 774
174 874
174 974
175 75
175 105
175 135
175 145
175 165
175 170
175 171
175 172
175 173
175 174
175 176
175 177
175 178
175 195
175 375
175 475
175 575
175 675
175 775
176 76
176 106
176 116
176 126
176 136
176 146
176 156
176 166
176 170
176 172
176 173
176 174
176 175
176 177
176 178
176 186
176 376
176 476
176 576
176 676
176 876
176 976
177 107
177 117
177 127
177 137
177 147
177 157
177 167
177 170
177 172
177 173
177 174
177 175
177 176
177 178
177 197
177 277
177 377
177 477
177 677
177 777
177 877
177 977
178 78
178 138
178 168
178 170
178 171
178 172
178 173
178 174
178 176
178 177
178 179
178 188
178 198
178 378
178 678
178 778
179 79
179 109
179 139
179 149
179 159
179 169
179 170
179 171
179 172
179 173
179 175
179 176
179 177
179 178
179 189
179 199
179 279
179 379
179 579
179 679
179 779
179 879
179 979
180 80
180 100
180 110
180 120
180 130
180 150
180 160
180 181
180 182
180 183
180 184
180 185
180 187
180 188
180 189
180 280
180 380
180 480
180 780
180 880
180 980
181 81
181 101
181 121
181 141
181 151
181 161
181 171
181 182
181 183
181 186
181 187
181 188
181 189
181 191
181 281
181 381
181 481
181 581
181 681
181 781
181 881
182 82
182 112
182 132
182 142
182 152
182 162
182 172
182 180
182 181
182 183
182 185
182 186
182 188
182 189
182 192
182 282
182 382
182 482
182 582
182 682
182 782
182 882
183 83
183 103
183 113
183 133
183 163
183 173
183 182
183 184
183 186
183 188
183 189
183 193
183 283
183 383
183 483
183 583
183 683
183 883
184 84
184 104
184 114
184 134
184 144
184 154
184 164
184 174
184 181
184 182
184 183
184 185
184 186
184 189
184 284
184 384
184 484
184 584
184 684
184 784
184 884
184 984
185 85
185 105
185 115
185 125
185 135
185 155
185 165
185 175
185 180
185 181
185 182
185 183
185 184
185 186
185 187
185 188
185 189
185 195
185 285
185 385
185 685
185 785
185 885
185 985
186 86
186 106
186 116
186 126
186 136
186 146
186 156
186 166
186 176
186 180
186 182
186 183
186 184
186 185
186 187
186 189
186 196
186 286
186 386
186 486
186 686
186 786
186 886
187 87
187 117
187 127
187 137
187 147
187 157
187 167
187 177
187 181
187 182
187 183
187 184
187 186
187 188
187 189
187 197
187 387
187 487
187 587
187 987
188 88
188 118
188 128
188 148
188 158
188 168
188 178
188 180
188 184
188 186
188 187
188 189
188 198
188 388
188 488
188 588
188 688
188 888
188 988
189 109
189 119
189 129
189 159
189 179
189 182
189 183
189 184
189 185
189 186
189 199
189 289
189 389
189 489
189 589
189 689
189 789
189 889
189 989
190 90
190 100
190 120
190 130
190 140
190 160
190 180
190 191
190 192
190 193
190 194
190 195
190 196
190 197
190 199
190 390
190 590
190 690
190 890
190 990
191 101
191 111
191 121
191 131
191 141
191 161
191 181
191 192
191 193
191 194
191 195
191 197
191 198
191 199
191 291
191 391
191 591
191 691
191 791
191 991
192 102
192 112
192 122
192 142
192 152
192 162
192 182
192 190
192 191
192 193
192 197
192 199
192 292
192 392
192 792
192 892
192 992
193 93
193 103
193 113
193 123
193 143
193 153
193 163
193 173
193 183
193 190
193 195
193 197
193 198
193 293
193 393
193 493
193 593
193 693
193 993
194 94
194 104
194 114
194 124
194 134
194 144
194 164
194 184
194 190
194 191
194 192
194 193
194 196
194 197
194 198
194 199
194 294
194 394
194 494
194 694
194 794
194 994
195 95
195 105
195 115
195 125
195 135
195 155
195 165
195 175
195 185
195 190
195 192
195 194
195 196
195 197
195 198
195 199
195 295
195 395
195 495
195 695
195 895
195 995
196 96
196 106
196 116
196 136
196 166
196 176
196 186
196 190
196 191
196 192
196 193
196 194
196 195
196 197
196 199
196 296
196 396
196 696
196 796
196 896
197 107
197 117
197 127
197 137
197 157
197 167
197 177
197 187
197 191
197 192
197 193
197 194
197 195
197 198
197 397
197 497
197 597
197 697
197 797
197 897
197 997
198 98
198 108
198 118
198 128
198 138
198 158
198 168
198 178
198 188
198 190
198 191
198 192
198 193
198 195
198 196
198 298
198 598
198 798
198 998
199 99
199 109
199 119
199 129
199 139
199 159
199 169
199 179
199 189
199 191
199 192
199 193
199 194
199 195
199 196
199 197
199 198
199 299
199 499
199 599
199 699
199 799
199 999
200 0
200 100
200 201
200 202
200 203
200 204
200 205
200 206
200 207
200 209
200 220
200 230
200 240
200 250
200 270
200 280
200 290
200 400
200 600
200 700
200 900
201 1
201 101
201 200
201 202
201 203
201 204
201 205
201 206
201 207
201 208
201 209
201 211
201 241
201 251
201 261
201 271
201 281
201 291
201 301
201 401
201 601
201 701
201 801
201 901
202 2
202 203
202 204
202 206
202 207
202 208
202 209
202 232
202 252
202 262
202 272
202 282
202 292
202 402
202 502
202 602
202 702
202 902
203 3
203 103
203 201
203 202
203 204
203 205
203 206
203 207
203 208
203 209
203 213
203 223
203 243
203 253
203 273
203 283
203 293
203 403
203 503
203 603
203 703
203 803
203 903
204 4
204 104
204 201
204 205
204 206
204 207
204 208
204 209
204 214
204 224
204 234
204 244
204 254
204 264
204 274
204 284
204 294
204 304
204 504
204 604
204 704
204 804
204 904
205 5
205 105
205 201
205 202
205 204
205 206
205 208
205 209
205 225
205 235
205 245
205 255
205 275
205 295
205 305
205 405
205 505
205 905
206 106
206 202
206 205
206 209
206 226
206 236
206 246
206 256
206 266
206 296
206 306
206 406
206 506
206 606
206 706
206 806
207 107
207 200
207 201
207 202
207 203
207 204
207 205
207 206
207 208
207 217
207 237
207 247
207 257
207 267
207 277
207 287
207 307
207 407
207 607
207 807
207 907
208 8
208 200
208 201
208 205
208 206
208 207
208 209
208 218
208 228
208 238
208 248
208 258
208 268
208 288
208 298
208 408
208 608
208 708
208 808
209 9
209 109
209 200
209 203
209 206
209 207
209 208
209 229
209 239
209 249
209 259
209 269
209 289
209 299
209 309
209 609
209 709
209 809
209 909
210 10
210 200
210 213
210 214
210 215
210 216
210 218
210 219
210 220
210 230
210 240
210 250
210 260
210 270
210 280
210 290
210 310
210 510
210 810
210 910
211 111
211 210
211 213
211 216
211 217
211 218
211 219
211 221
211 231
211 241
211 261
211 271
211 281
211 291
211 311
211 411
211 511
211 711
211 911
212 112
212 202
212 210
212 211
212 213
212 214
212 215
212 216
212 217
212 218
212 219
212 232
212 252
212 262
212 282
212 292
212 312
212 412
212 512
212 612
212 712
212 912
213 113
213 203
213 210
213 211
213 212
213 217
213 218
213 219
213 233
213 243
213 253
213 263
213 283
213 293
213 313
213 413
213 513
213 713
213 913
214 14
214 114
214 204
214 211
214 212
214 213
214 215
214 217
214 218
214 219
214 224
214 234
214 244
214 254
214 284
214 294
214 314
214 514
214 614
214 714
214 814
215 15
215 205
215 210
215 211
215 212
215 213
215 214
215 216
215 217
215 219
215 235
215 245
215 255
215 265
215 275
215 285
215 315
215 515
215 715
215 815
216 16
216 206
216 211
216 212
216 213
216 214
216 215
216 217
216 218
216 219
216 226
216 236
216 246
216 256
216 276
216 286
216 296
216 316
216 416
216 516
216 616
216 716
216 816
217 17
217 117
217 210
217 211
217 212
217 213
217 215
217 216
217 218
217 219
217 257
217 267
217 277
217 297
217 317
217 417
217 517
217 617
217 817
217 917
218 18
218 118
218 210
218 211
218 212
218 213
218 214
218 215
218 216
218 217
218 219
218 238
218 248
218 258
218 268
218 278
218 288
218 298
218 318
218 418
218 518
218 618
218 918
219 19
219 119
219 209
219 210
219 211
219 212
219 213
219 214
219 215
219 217
219 218
219 229
219 239
219 249
219 259
219 269
219 279
219 319
219 519
219 619
219 719
219 819
220 210
220 221
220 222
220 223
220 224
220 225
220 226
220 228
220 230
220 240
220 260
220 270
220 280
220 290
220 320
220 520
220 620
220 820
220 920
221 121
221 201
221 211
221 223
221 224
221 228
221 229
221 241
221 251
221 261
221 271
221 281
221 421
221 521
221 621
221 921
222 202
222 212
222 221
222 223
222 224
222 225
222 226
222 227
222 228
222 229
222 232
222 252
222 262
222 272
222 292
222 322
222 522
222 622
222 722
222 822
222 922
223 23
223 123
223 213
223 221
223 222
223 224
223 225
223 226
223 228
223 229
223 233
223 243
223 253
223 263
223 273
223 283
223 293
223 323
223 423
223 523
223 623
223 723
223 823
223 923
224 24
224 124
224 204
224 214
224 222
224 223
224 225
224 227
224 228
224 229
224 234
224 244
224 254
224 264
224 274
224 294
224 324
224 424
224 524
224 624
224 724
224 824
225 25
225 215
225 220
225 221
225 222
225 223
225 224
225 227
225 228
225 235
225 245
225 255
225 265
225 275
225 285
225 295
225 325
225 525
225 625
225 725
225 825
225 925
226 26
226 126
226 206
226 220
226 221
226 222
226 224
226 225
226 227
226 228
226 229
226 236
226 246
226 256
226 286
226 296
226 326
226 426
226 526
226 726
226 926
227 27
227 127
227 207
227 217
227 220
227 221
227 222
227 223
227 224
227 228
227 229
227 237
227 247
227 257
227 267
227 277
227 287
227 327
227 427
227 527
227 727
227 827
227 927
228 128
228 208
228 218
228 221
228 222
228 224
228 225
228 227
228 229
228 238
228 248
228 258
228 278
228 288
228 298
228 428
228 528
228 628
228 828
228 928
229 129
229 209
229 219
229 220
229 222
229 223
229 225
229 226
229 227
229 239
229 259
229 269
229 279
229 299
229 429
229 529
229 629
229 729
229 829
230 130
230 200
230 210
230 231
230 232
230 233
230 234
230 235
230 236
230 238
230 239
230 240
230 260
230 270
230 280
230 290
230 330
230 430
230 530
230 730
230 830
230 930
231 31
231 201
231 211
231 221
231 232
231 233
231 234
231 236
231 237
231 239
231 251
231 271
231 281
231 291
231 431
231 631
231 731
231 931
232 32
232 132
232 202
232 212
232 222
232 231
232 233
232 234
232 235
232 242
232 252
232 272
232 282
232 292
232 332
232 432
232 532
232 732
232 832
232 932
233 33
233 203
233 223
233 230
233 231
233 234
233 235
233 236
233 237
233 238
233 239
233 243
233 253
233 273
233 283
233 293
233 333
233 433
233 533
233 733
233 833
233 933
234 34
234 204
234 214
234 235
234 236
234 237
234 239
234 244
234 254
234 264
234 274
234 284
234 294
234 334
234 434
234 534
234 634
234 734
234 934
235 35
235 135
235 205
235 215
235 230
235 231
235 245
235 255
235 285
235 295
235 335
235 435
235 635
235 735
235 835
235 935
236 136
236 206
236 216
236 226
236 231
236 232
236 233
236 234
236 235
236 237
236 239
236 246
236 256
236 266
236 276
236 286
236 336
236 636
236 836
236 936
237 37
237 137
237 207
237 217
237 230
237 232
237 233
237 234
237 235
237 236
237 238
237 239
237 257
237 267
237 277
237 287
237 297
237 437
237 937
238 38
238 208
238 218
238 230
238 231
238 232
238 233
238 234
238 235
238 236
238 248
238 268
238 298
238 438
238 538
238 738
238 838
239 39
239 139
239 209
239 219
239 229
239 230
239 231
239 232
239 234
239 235
239 236
239 237
239 238
239 249
239 259
239 269
239 279
239 289
239 539
239 639
239 739
239 839
239 939
240 40
240 140
240 210
240 230
240 241
240 243
240 245
240 247
240 250
240 260
240 280
240 290
240 340
240 440
240 540
240 640
240 740
240 840
240 940
241 41
241 141
241 211
241 221
241 231
241 245
241 247
241 249
241 251
241 271
241 281
241 291
241 341
241 441
241 541
241 641
241 741
241 841
241 941
242 42
242 142
242 202
242 212
242 222
242 240
242 241
242 244
242 245
242 247
242 248
242 252
242 272
242 282
242 292
242 342
242 442
242 542
242 642
242 742
242 842
243 43
243 143
243 203
243 223
243 240
243 241
243 242
243 244
243 245
243 246
243 247
243 248
243 253
243 263
243 283
243 293
243 343
243 443
243 543
243 643
243 743
243 843
243 943
244 44
244 144
244 204
244 214
244 224
244 234
244 240
244 241
244 242
244 243
244 245
244 246
244 248
244 249
244 254
244 264
244 274
244 284
244 344
244 444
244 644
244 744
244 844
245 45
245 145
245 205
245 235
245 240
245 242
245 243
245 244
245 246
245 248
245 255
245 265
245 275
245 285
245 295
245 345
245 445
245 645
245 845
245 945
246 46
246 146
246 206
246 216
246 226
246 236
246 240
246 241
246 242
246 244
246 245
246 247
246 248
246 249
246 256
246 266
246 276
246 296
246 346
246 546
246 646
246 746
246 846
246 946
247 47
247 207
247 217
247 227
247 237
247 240
247 243
247 244
247 245
247 246
247 248
247 249
247 257
247 267
247 277
247 297
247 547
247 647
247 747
247 847
247 947
248 148
248 208
248 218
248 228
248 240
248 241
248 242
248 243
248 244
248 245
248 268
248 278
248 288
248 298
248 348
248 448
248 548
248 748
248 848
248 948
249 149
249 219
249 229
249 239
249 240
249 242
249 243
249 245
249 246
249 247
249 248
249 259
249 279
249 289
249 299
249 349
249 649
249 849
249 949
250 50
250 150
250 200
250 210
250 220
250 230
250 240
250 252
250 253
250 254
250 255
250 256
250 257
250 258
250 259
250 270
250 280
250 290
250 350
250 450
250 650
250 950
251 51
251 151
251 201
251 211
251 221
251 241
251 250
251 252
251 253
251 254
251 255
251 256
251 257
251 258
251 259
251 261
251 271
251 281
251 291
251 351
251 451
251 551
251 651
251 751
251 851
251 951
252 152
252 202
252 212
252 222
252 242
252 251
252 253
252 254
252 255
252 257
252 259
252 262
252 282
252 292
252 352
252 452
252 552
252 752
252 852
253 53
253 153
253 213
253 233
253 243
253 250
253 252
253 254
253 257
253 258
253 259
253 273
253 283
253 293
253 353
253 453
253 553
253 753
253 853
253 953
254 54
254 154
254 204
254 224
254 234
254 251
254 253
254 255
254 256
254 258
254 264
254 274
254 284
254 294
254 354
254 554
254 754
254 954
255 55
255 155
255 215
255 235
255 250
255 251
255 253
255 256
255 257
255 258
255 259
255 265
255 275
255 285
255 355
255 455
255 555
255 655
255 855
256 56
256 206
256 216
256 226
256 246
256 252
256 253
256 254
256 258
256 276
256 296
256 356
256 556
256 656
256 756
256 856
257 207
257 217
257 227
257 237
257 250
257 252
257 254
257 255
257 256
257 258
257 259
257 267
257 277
257 357
257 457
257 557
257 657
257 857
257 957
258 58
258 158
258 208
258 228
258 238
258 248
258 252
258 254
258 256
258 268
258 278
258 288
258 298
258 358
258 458
258 558
258 658
259 59
259 159
259 209
259 252
259 253
259 254
259 255
259 256
259 257
259 258
259 269
259 289
259 299
259 359
259 559
259 659
259 759
259 859
260 60
260 160
260 200
260 210
260 220
260 230
260 250
260 261
260 262
260 263
260 265
260 266
260 270
260 280
260 290
260 360
260 460
260 560
260 760
260 860
260 960
261 61
261 161
261 201
261 211
261 221
261 231
261 241
261 251
261 260
261 263
261 264
261 265
261 266
261 267
261 268
261 271
261 281
261 291
261 361
261 461
261 761
261 861
262 62
262 162
262 202
262 232
262 242
262 261
262 263
262 264
262 266
262 267
262 268
262 272
262 282
262 292
262 362
262 562
263 163
263 203
263 223
263 233
263 243
263 253
263 261
263 264
263 266
263 267
263 268
263 269
263 273
263 283
263 293
263 363
263 463
263 563
263 663
263 763
263 963
264 64
264 164
264 214
264 224
264 260
264 261
264 262
264 263
264 268
264 269
264 274
264 564
264 664
264 864
264 964
265 65
265 205
265 215
265 225
265 235
265 245
265 262
265 263
265 264
265 266
265 268
265 275
265 295
265 365
265 465
265 565
265 765
265 865
265 965
266 66
266 166
266 206
266 216
266 226
266 236
266 256
266 262
266 264
266 265
266 267
266 268
266 276
266 286
266 366
266 466
266 566
266 766
266 866
266 966
267 167
267 217
267 227
267 247
267 257
267 260
267 261
267 264
267 265
267 266
267 268
267 269
267 287
267 297
267 367
267 467
267 567
267 667
267 767
267 867
267 967
268 68
268 168
268 208
268 218
268 228
268 248
268 258
268 260
268 262
268 263
268 264
268 265
268 266
268 267
268 269
268 278
268 568
268 668
268 868
268 968
269 69
269 169
269 219
269 229
269 239
269 249
269 260
269 261
269 262
269 263
269 264
269 265
269 266
269 299
269 369
269 569
269 769
269 869
269 969
270 70
270 170
270 200
270 220
270 230
270 240
270 271
270 272
270 273
270 274
270 275
270 276
270 277
270 278
270 279
270 280
270 290
270 370
270 570
270 670
270 770
270 870
270 970
271 71
271 171
271 201
271 231
271 241
271 251
271 261
271 270
271 272
271 273
271 275
271 276
271 277
271 278
271 279
271 281
271 291
271 371
271 471
271 571
271 771
271 871
271 971
272 72
272 172
272 202
272 212
272 222
272 232
272 242
272 252
272 271
272 273
272 274
272 275
272 276
272 277
272 279
272 292
272 372
272 472
272 672
272 872
272 972
273 73
273 173
273 213
273 233
273 243
273 253
273 270
273 271
273 272
273 275
273 276
273 277
273 279
273 283
273 293
273 473
273 573
273 873
273 973
274 74
274 174
274 204
274 214
274 224
274 244
274 254
274 264
274 270
274 271
274 272
274 273
274 275
274 277
274 278
274 284
274 294
274 574
274 674
274 874
274 974
275 75
275 175
275 205
275 215
275 235
275 255
275 265
275 270
275 272
275 276
275 277
275 278
275 285
275 295
275 575
275 775
275 975
276 76
276 176
276 206
276 216
276 226
276 236
276 246
276 256
276 270
276 271
276 272
276 273
276 274
276 277
276 278
276 279
276 286
276 296
276 376
276 476
276 676
276 776
276 876
276 976
277 77
277 177
277 207
277 247
277 257
277 267
277 271
277 274
277 275
277 276
277 278
277 279
277 287
277 297
277 477
277 577
277 677
277 777
277 977
278 78
278 178
278 208
278 218
278 238
278 248
278 268
278 270
278 271
278 272
278 273
278 274
278 275
278 277
278 298
278 378
278 478
278 578
278 678
278 878
278 978
279 79
279 179
279 209
279 219
279 229
279 259
279 269
279 270
279 271
279 272
279 274
279 275
279 276
279 277
279 278
279 289
279 299
279 379
279 579
279 879
279 979
280 80
280 180
280 200
280 210
280 220
280 270
280 281
280 283
280 284
280 285
280 290
280 380
280 480
280 580
280 780
280 880
280 980
281 81
281 201
281 211
281 231
281 241
281 251
281 261
281 271
281 280
281 282
281 283
281 284
281 285
281 286
281 287
281 288
281 289
281 291
281 381
281 481
281 581
281 681
281 981
282 182
282 202
282 222
282 232
282 242
282 262
282 272
282 280
282 283
282 285
282 286
282 287
282 288
282 292
282 382
282 482
282 582
282 682
282 882
283 83
283 183
283 203
283 213
283 223
283 281
283 282
283 284
283 285
283 287
283 288
283 289
283 293
283 883
283 983
284 84
284 184
284 204
284 224
284 234
284 254
284 264
284 274
284 281
284 282
284 283
284 285
284 286
284 287
284 288
284 289
284 294
284 484
284 684
284 884
284 984
285 85
285 205
285 215
285 235
285 245
285 255
285 265
285 275
285 283
285 284
285 287
285 288
285 289
285 385
285 485
285 585
285 685
285 785
285 885
285 985
286 86
286 206
286 226
286 236
286 246
286 256
286 276
286 280
286 282
286 283
286 284
286 285
286 287
286 288
286 289
286 296
286 386
286 486
286 586
286 686
286 886
286 986
287 87
287 187
287 207
287 217
287 227
287 237
287 247
287 257
287 267
287 277
287 280
287 281
287 282
287 283
287 284
287 285
287 286
287 288
287 289
287 297
287 387
287 587
287 687
287 787
287 887
287 987
288 88
288 188
288 208
288 238
288 258
288 268
288 278
288 280
288 281
288 282
288 284
288 285
288 286
288 298
288 588
288 688
288 788
288 888
289 89
289 209
289 219
289 229
289 249
289 259
289 269
289 279
289 280
289 282
289 283
289 284
289 285
289 286
289 287
289 288
289 299
289 389
289 489
289 589
289 689
289 989
290 90
290 190
290 210
290 220
290 230
290 260
290 270
290 280
290 292
290 293
290 294
290 295
290 296
290 298
290 390
290 590
290 690
290 890
290 990
291 91
291 201
291 211
291 221
291 231
291 241
291 261
291 271
291 281
291 290
291 292
291 293
291 294
291 295
291 297
291 298
291 299
291 391
291 491
291 691
291 991
292 92
292 202
292 212
292 232
292 242
292 262
292 291
292 293
292 294
292 295
292 297
292 298
292 299
292 392
292 492
292 592
292 692
292 792
292 892
292 992
293 93
293 203
293 213
293 223
293 233
293 243
293 263
293 273
293 283
293 291
293 292
293 294
293 295
293 297
293 299
293 493
293 593
293 693
293 993
294 94
294 194
294 204
294 214
294 224
294 234
294 244
294 254
294 264
294 274
294 284
294 290
294 291
294 295
294 298
294 299
294 394
294 494
294 594
294 694
294 794
294 894
294 994
295 95
295 205
295 215
295 225
295 245
295 255
295 265
295 275
295 285
295 290
295 291
295 293
295 294
295 296
295 297
295 299
295 395
295 695
295 795
295 895
295 995
296 96
296 196
296 206
296 226
296 236
296 256
296 266
296 276
296 286
296 291
296 292
296 293
296 294
296 295
296 298
296 396
296 496
296 596
296 696
296 796
296 996
297 197
297 207
297 217
297 227
297 247
297 257
297 277
297 287
297 290
297 291
297 292
297 293
297 294
297 295
297 296
297 298
297 497
297 797
297 897
297 997
298 98
298 198
298 208
298 218
298 248
298 268
298 278
298 291
298 292
298 293
298 294
298 295
298 296
298 297
298 299
298 398
298 598
298 698
298 798
298 898
298 998
299 99
299 199
299 209
299 219
299 239
299 249
299 259
299 269
299 279
299 289
299 290
299 291
299 292
299 294
299 296
299 297
299 399
299 499
299 599
299 699
299 899
299 999
300 0
300 100
300 200
300 301
300 302
300 304
300 306
300 308
300 330
300 340
300 360
300 380
300 400
300 700
300 800
300 900
301 1
301 101
301 201
301 300
301 303
301 304
301 306
301 307
301 308
301 311
301 331
301 341
301 361
301 391
301 401
301 501
301 601
301 701
301 801
301 901
302 202
302 300
302 301
302 303
302 304
302 306
302 309
302 342
302 352
302 362
302 382
302 402
302 702
302 802
302 902
303 3
303 103
303 203
303 300
303 302
303 304
303 305
303 306
303 307
303 308
303 309
303 313
303 323
303 343
303 363
303 373
303 383
303 403
303 503
303 703
303 903
304 4
304 204
304 300
304 301
304 302
304 307
304 308
304 309
304 314
304 324
304 344
304 354
304 364
304 374
304 384
304 394
304 404
304 504
304 604
304 704
304 804
304 904
305 5
305 205
305 300
305 301
305 302
305 303
305 304
305 306
305 308
305 309
305 315
305 335
305 355
305 365
305 385
305 395
305 405
305 505
305 605
305 705
305 905
306 6
306 206
306 300
306 301
306 302
306 303
306 304
306 305
306 307
306 309
306 336
306 346
306 356
306 366
306 376
306 386
306 396
306 406
306 506
306 606
306 706
306 806
306 906
307 7
307 107
307 207
307 300
307 302
307 304
307 305
307 306
307 308
307 309
307 317
307 337
307 347
307 357
307 367
307 377
307 407
307 507
307 607
307 707
307 807
308 208
308 300
308 301
308 302
308 304
308 306
308 307
308 318
308 358
308 368
308 388
308 398
308 408
308 508
308 608
308 708
308 808
308 908
309 9
309 109
309 209
309 300
309 301
309 302
309 305
309 308
309 319
309 339
309 369
309 399
309 409
309 509
309 609
309 709
309 909
310 110
310 210
310 300
310 311
310 313
310 314
310 316
310 318
310 320
310 330
310 340
310 360
310 370
310 380
310 390
310 410
310 810
310 910
311 11
311 211
311 310
311 312
311 313
311 314
311 316
311 317
311 318
311 319
311 321
311 331
311 351
311 381
311 391
311 511
311 611
311 711
311 911
312 12
312 112
312 212
312 302
312 310
312 311
312 313
312 314
312 317
312 318
312 319
312 322
312 342
312 352
312 362
312 372
312 382
312 392
312 412
312 512
312 612
312 712
313 13
313 113
313 303
313 310
313 311
313 312
313 315
313 316
313 317
313 318
313 319
313 343
313 353
313 363
313 373
313 383
313 513
313 613
313 713
313 813
313 913
314 14
314 114
314 214
314 304
314 311
314 312
314 313
314 315
314 316
314 324
314 334
314 344
314 354
314 364
314 374
314 384
314 394
314 714
314 814
314 914
315 15
315 215
315 305
315 310
315 311
315 312
315 313
315 314
315 316
315 318
315 335
315 345
315 365
315 375
315 385
315 515
315 615
315 715
315 815
315 915
316 16
316 116
316 306
316 310
316 311
316 312
316 313
316 315
316 317
316 318
316 319
316 336
316 346
316 356
316 366
316 386
316 396
316 416
316 616
316 716
316 816
316 916
317 17
317 307
317 310
317 311
317 312
317 313
317 314
317 315
317 316
317 318
317 327
317 337
317 347
317 367
317 387
317 417
317 517
317 617
317 717
317 817
317 917
318 18
318 118
318 308
318 310
318 311
318 313
318 314
318 315
318 316
318 319
318 328
318 338
318 348
318 358
318 378
318 388
318 398
318 418
318 518
318 618
318 718
318 818
318 918
319 19
319 219
319 309
319 310
319 311
319 313
319 314
319 315
319 316
319 317
319 318
319 339
319 349
319 359
319 369
319 379
319 399
319 419
319 519
319 719
319 919
320 20
320 120
320 220
320 300
320 321
320 322
320 323
320 324
320 325
320 326
320 327
320 328
320 329
320 330
320 340
320 350
320 360
320 370
320 380
320 390
320 420
320 520
320 620
320 720
320 820
320 920
321 221
321 301
321 311
321 322
321 323
321 324
321 325
321 326
321 327
321 328
321 331
321 341
321 351
321 361
321 371
321 381
321 421
321 621
321 721
321 821
321 921
322 22
322 122
322 302
322 312
322 320
322 323
322 324
322 325
322 326
322 327
322 328
322 329
322 332
322 342
322 352
322 362
322 392
322 422
322 522
322 622
322 822
322 922
323 23
323 123
323 223
323 313
323 321
323 324
323 327
323 328
323 329
323 333
323 343
323 363
323 373
323 383
323 393
323 423
323 623
323 823
323 923
324 24
324 224
324 314
324 320
324 323
324 325
324 326
324 328
324 329
324 344
324 384
324 394
324 424
324 824
324 924
325 25
325 125
325 305
325 315
325 320
325 322
325 323
325 324
325 326
325 327
325 328
325 329
325 335
325 345
325 355
325 365
325 375
325 385
325 425
325 625
325 725
325 925
326 26
326 126
326 306
326 316
326 320
326 321
326 322
326 323
326 324
326 325
326 327
326 328
326 329
326 336
326 346
326 356
326 366
326 376
326 386
326 526
326 626
326 726
326 826
327 127
327 307
327 317
327 320
327 321
327 322
327 323
327 324
327 325
327 329
327 347
327 357
327 367
327 377
327 387
327 397
327 427
327 527
327 627
327 727
327 827
327 927
328 228
328 308
328 320
328 323
328 324
328 325
328 326
328 327
328 329
328 348
328 368
328 528
328 628
328 728
328 828
328 928
329 29
329 129
329 229
329 309
329 319
329 321
329 322
329 323
329 324
329 326
329 327
329 328
329 349
329 369
329 429
329 729
329 829
330 230
330 300
330 310
330 320
330 331
330 332
330 333
330 335
330 337
330 338
330 340
330 350
330 360
330 370
330 380
330 390
330 430
330 630
330 730
330 830
330 930
331 31
331 231
331 301
331 330
331 334
331 335
331 336
331 338
331 339
331 341
331 351
331 361
331 371
331 381
331 391
331 431
331 531
331 731
331 831
331 931
332 32
332 132
332 232
332 302
332 312
332 322
332 330
332 331
332 333
332 334
332 335
332 337
332 338
332 352
332 362
332 382
332 392
332 432
332 732
332 832
332 932
333 33
333 233
333 303
333 313
333 323
333 330
333 331
333 334
333 335
333 338
333 383
333 393
333 433
333 633
333 733
333 933
334 134
334 234
334 304
334 324
334 330
334 331
334 332
334 336
334 337
334 338
334 339
334 344
334 364
334 374
334 384
334 394
334 434
334 634
334 834
334 934
335 135
335 235
335 315
335 325
335 330
335 331
335 332
335 333
335 334
335 336
335 337
335 338
335 339
335 345
335 355
335 365
335 375
335 385
335 395
335 435
335 535
335 635
335 735
335 835
335 935
336 36
336 136
336 316
336 330
336 332
336 333
336 335
336 337
336 338
336 339
336 346
336 356
336 366
336 376
336 386
336 396
336 436
336 836
336 936
337 37
337 237
337 307
337 327
337 330
337 331
337 333
337 334
337 336
337 338
337 339
337 347
337 357
337 387
337 397
337 437
337 537
337 637
337 737
337 837
338 38
338 138
338 238
338 308
338 318
338 328
338 331
338 332
338 333
338 334
338 337
338 339
338 368
338 378
338 388
338 398
338 438
338 538
338 638
338 738
338 938
339 139
339 239
339 319
339 329
339 330
339 332
339 333
339 334
339 337
339 349
339 359
339 369
339 379
339 389
339 439
339 539
339 739
339 839
339 939
340 140
340 240
340 300
340 310
340 320
340 330
340 342
340 344
340 346
340 347
340 348
340 349
340 360
340 370
340 380
340 440
340 540
340 640
340 740
340 840
340 940
341 41
341 141
341 241
341 311
341 321
341 331
341 340
341 342
341 343
341 344
341 345
341 346
341 347
341 348
341 351
341 361
341 371
341 391
341 441
341 541
341 641
341 741
341 841
341 941
342 242
342 322
342 332
342 341
342 343
342 344
342 345
342 346
342 347
342 349
342 352
342 372
342 382
342 442
342 542
342 642
342 742
342 842
342 942
343 143
343 243
343 303
343 323
343 333
343 340
343 341
343 342
343 344
343 345
343 346
343 347
343 348
343 349
343 353
343 363
343 373
343 443
343 543
343 643
343 843
343 943
344 44
344 144
344 244
344 304
344 314
344 324
344 340
344 341
344 342
344 343
344 345
344 346
344 347
344 348
344 349
344 364
344 384
344 394
344 444
344 644
344 744
344 844
344 944
345 45
345 145
345 245
345 305
345 315
345 325
345 335
345 340
345 341
345 342
345 343
345 346
345 347
345 349
345 355
345 365
345 395
345 445
345 645
345 745
345 845
345 945
346 146
346 326
346 336
346 341
346 342
346 344
346 345
346 347
346 348
346 349
346 356
346 376
346 386
346 446
346 546
346 646
346 746
346 846
346 946
347 47
347 247
347 327
347 337
347 340
347 341
347 342
347 343
347 345
347 346
347 348
347 397
347 447
347 547
347 647
347 847
347 947
348 148
348 308
348 318
348 338
348 340
348 342
348 344
348 345
348 347
348 358
348 368
348 378
348 388
348 398
348 448
348 548
348 648
348 748
348 848
348 948
349 49
349 249
349 309
349 319
349 339
349 340
349 341
349 344
349 345
349 346
349 347
349 348
349 359
349 369
349 379
349 389
349 399
349 549
349 649
349 849
350 50
350 250
350 300
350 310
350 320
350 330
350 340
350 352
350 353
350 354
350 355
350 356
350 357
350 358
350 359
350 360
350 370
350 380
350 390
350 550
350 650
350 750
350 850
350 950
351 51
351 151
351 251
351 301
351 321
351 341
351 350
351 352
351 353
351 355
351 356
351 358
351 359
351 361
351 371
351 381
351 391
351 451
351 551
351 651
351 751
351 851
352 52
352 152
352 252
352 312
352 322
352 332
352 350
352 353
352 354
352 355
352 356
352 358
352 362
352 372
352 392
352 652
352 752
352 852
353 53
353 153
353 253
353 303
353 313
353 323
353 333
353 343
353 351
353 352
353 355
353 356
353 357
353 358
353 359
353 383
353 393
353 453
353 553
353 653
353 853
353 953
354 154
354 254
354 304
354 324
354 334
354 344
354 351
354 352
354 353
354 357
354 358
354 359
354 364
354 374
354 554
354 654
354 754
354 854
354 954
355 255
355 305
355 315
355 325
355 345
355 351
355 352
355 353
355 354
355 356
355 357
355 359
355 365
355 375
355 385
355 455
355 555
355 755
355 855
355 955
356 56
356 156
356 306
356 316
356 346
356 350
356 351
356 352
356 354
356 355
356 357
356 359
356 366
356 396
356 456
356 556
356 656
356 756
356 856
356 956
357 157
357 257
357 307
357 317
357 327
357 337
357 347
357 350
357 351
357 352
357 354
357 355
357 356
357 358
357 387
357 397
357 457
357 557
357 657
357 857
358 58
358 158
358 308
358 318
358 328
358 338
358 350
358 351
358 352
358 353
358 355
358 356
358 357
358 359
358 368
358 388
358 458
358 658
358 758
358 858
358 958
359 59
359 159
359 309
359 329
359 349
359 350
359 351
359 352
359 355
359 356
359 357
359 369
359 379
359 389
359 459
359 559
359 659
359 759
359 859
359 959
360 60
360 160
360 260
360 300
360 310
360 320
360 330
360 340
360 350
360 361
360 362
360 363
360 364
360 365
360 366
360 367
360 368
360 370
360 380
360 390
360 460
360 760
360 960
361 301
361 311
361 351
361 360
361 364
361 365
361 367
361 368
361 369
361 371
361 461
361 861
361 961
362 162
362 262
362 312
362 322
362 332
362 342
362 352
362 360
362 361
362 363
362 364
362 365
362 366
362 367
362 368
362 369
362 372
362 382
362 392
362 462
362 562
362 762
362 862
362 962
363 63
363 163
363 303
363 313
363 323
363 333
363 353
363 360
363 361
363 362
363 364
363 365
363 368
363 369
363 373
363 393
363 463
363 663
363 763
363 863
363 963
364 64
364 264
364 324
364 334
364 360
364 362
364 366
364 367
364 368
364 369
364 374
364 384
364 394
364 464
364 664
364 864
365 65
365 165
365 305
365 325
365 335
365 355
365 360
365 361
365 362
365 364
365 366
365 367
365 368
365 369
365 375
365 465
365 665
365 765
365 865
365 965
366 66
366 266
366 306
366 326
366 336
366 346
366 360
366 361
366 362
366 363
366 364
366 367
366 369
366 376
366 386
366 396
366 466
366 566
366 766
366 866
366 966
367 67
367 267
367 317
367 327
367 337
367 347
367 357
367 360
367 361
367 362
367 363
367 364
367 366
367 368
367 369
367 377
367 387
367 467
367 567
367 667
367 767
367 967
368 68
368 168
368 268
368 318
368 338
368 360
368 361
368 362
368 363
368 365
368 366
368 367
368 388
368 398
368 468
368 668
368 768
368 868
369 169
369 269
369 309
369 319
369 329
369 349
369 360
369 362
369 364
369 365
369 366
369 368
369 389
369 469
369 569
369 669
369 869
369 969
370 70
370 170
370 270
370 300
370 310
370 330
370 350
370 360
370 371
370 372
370 374
370 375
370 376
370 377
370 378
370 379
370 380
370 390
370 470
370 570
370 670
370 770
370 870
370 970
371 171
371 271
371 301
371 311
371 321
371 331
371 351
371 370
371 372
371 373
371 374
371 376
371 377
371 381
371 571
371 671
371 771
371 871
371 971
372 72
372 172
372 302
372 312
372 322
372 332
372 342
372 362
372 370
372 371
372 373
372 375
372 376
372 379
372 382
372 392
372 472
372 572
372 872
372 972
373 73
373 173
373 273
373 303
373 313
373 333
373 343
373 353
373 363
373 370
373 371
373 372
373 375
373 376
373 378
373 379
373 473
373 573
373 873
373 973
374 274
374 314
374 324
374 344
374 364
374 370
374 372
374 373
374 375
374 376
374 377
374 384
374 394
374 474
374 574
374 674
374 774
374 874
375 75
375 175
375 275
375 305
375 325
375 335
375 345
375 365
375 370
375 371
375 372
375 373
375 376
375 377
375 378
375 379
375 385
375 395
375 475
375 575
375 675
375 875
376 76
376 176
376 306
376 316
376 326
376 346
376 356
376 366
376 370
376 371
376 374
376 379
376 386
376 396
376 576
376 676
376 776
377 77
377 277
377 307
377 317
377 327
377 337
377 347
377 357
377 367
377 370
377 372
377 373
377 374
377 375
377 376
377 378
377 379
377 387
377 397
377 477
377 577
377 677
377 777
377 877
377 977
378 78
378 178
378 278
378 308
378 328
378 358
378 368
378 370
378 371
378 372
378 373
378 374
378 376
378 379
378 388
378 398
378 478
378 578
378 778
378 978
379 79
379 179
379 279
379 309
379 319
379 329
379 349
379 359
379 369
379 371
379 372
379 373
379 374
379 375
379 376
379 378
379 389
379 399
379 479
379 579
379 679
379 779
379 879
379 979
380 80
380 180
380 280
380 310
380 340
380 350
380 360
380 370
380 381
380 382
380 384
380 385
380 387
380 388
380 389
380 480
380 880
380 980
381 81
381 181
381 281
381 301
381 311
381 321
381 331
381 341
381 351
381 361
381 371
381 380
381 383
381 384
381 386
381 387
381 389
381 391
381 481
381 581
381 681
381 781
381 881
381 981
382 82
382 182
382 282
382 312
382 322
382 332
382 352
382 372
382 381
382 383
382 385
382 386
382 387
382 388
382 389
382 482
382 582
382 682
382 782
382 882
382 982
383 83
383 183
383 283
383 303
383 313
383 333
383 343
383 353
383 363
383 373
383 380
383 381
383 385
383 387
383 388
383 389
383 393
383 483
383 783
383 883
383 983
384 84
384 184
384 284
384 304
384 314
384 324
384 344
384 354
384 374
384 381
384 382
384 383
384 388
384 389
384 484
384 584
384 684
384 784
384 884
384 984
385 85
385 185
385 305
385 325
385 335
385 345
385 365
385 375
385 380
385 381
385 383
385 384
385 386
385 387
385 388
385 389
385 395
385 585
385 685
385 785
385 885
385 985
386 86
386 186
386 286
386 316
386 336
386 346
386 356
386 366
386 376
386 380
386 383
386 384
386 387
386 388
386 389
386 396
386 486
386 586
386 686
386 786
386 886
386 986
387 87
387 187
387 287
387 307
387 317
387 327
387 337
387 347
387 357
387 380
387 381
387 384
387 386
387 388
387 389
387 487
387 587
387 787
387 887
387 987
388 188
388 288
388 308
388 318
388 328
388 338
388 348
388 358
388 381
388 382
388 383
388 385
388 386
388 387
388 389
388 398
388 488
388 588
388 688
388 788
389 289
389 309
389 319
389 329
389 339
389 349
389 359
389 369
389 380
389 382
389 383
389 385
389 386
389 387
389 388
389 399
389 489
389 589
389 689
389 789
389 989
390 290
390 300
390 310
390 320
390 340
390 350
390 370
390 380
390 391
390 393
390 394
390 395
390 396
390 397
390 398
390 490
390 790
390 890
390 990
391 91
391 191
391 291
391 301
391 321
391 331
391 351
391 361
391 371
391 381
391 390
391 394
391 396
391 397
391 398
391 399
391 691
391 791
392 92
392 192
392 292
392 302
392 312
392 322
392 342
392 352
392 362
392 372
392 382
392 390
392 391
392 393
392 395
392 396
392 397
392 398
392 399
392 492
392 592
392 692
392 792
392 992
393 93
393 193
393 293
393 303
393 313
393 323
393 333
393 343
393 353
393 363
393 373
393 390
393 391
393 394
393 396
393 397
393 399
393 593
393 693
393 893
393 993
394 94
394 294
394 314
394 334
394 344
394 354
394 364
394 374
394 384
394 390
394 391
394 392
394 393
394 395
394 396
394 397
394 398
394 399
394 494
394 594
394 694
394 794
394 894
394 994
395 95
395 195
395 305
395 315
395 325
395 335
395 355
395 365
395 375
395 385
395 391
395 392
395 393
395 394
395 397
395 399
395 495
395 695
396 96
396 196
396 296
396 316
396 326
396 336
396 346
396 356
396 386
396 391
396 392
396 394
396 395
396 399
396 496
396 596
396 696
396 796
396 896
396 996
397 97
397 197
397 297
397 307
397 317
397 327
397 337
397 347
397 357
397 367
397 387
397 390
397 391
397 392
397 393
397 394
397 396
397 398
397 597
397 697
397 897
398 198
398 298
398 318
398 328
398 348
398 358
398 368
398 378
398 391
398 392
398 393
398 394
398 395
398 396
398 397
398 399
398 498
398 598
398 698
398 798
398 898
398 998
399 99
399 199
399 299
399 319
399 329
399 339
399 349
399 359
399 369
399 379
399 390
399 392
399 395
399 397
399 398
399 599
399 699
399 899
399 999
400 0
400 100
400 200
400 300
400 401
400 403
400 405
400 406
400 407
400 409
400 410
400 430
400 440
400 450
400 460
400 470
400 490
400 500
400 600
400 700
400 800
400 900
401 1
401 101
401 201
401 400
401 403
401 404
401 405
401 407
401 409
401 411
401 421
401 431
401 451
401 461
401 471
401 481
401 491
401 601
401 801
401 901
402 2
402 102
402 202
402 302
402 400
402 401
402 403
402 406
402 407
402 408
402 409
402 412
402 422
402 432
402 442
402 452
402 472
402 482
402 492
402 602
402 702
402 802
402 902
403 3
403 103
403 203
403 303
403 401
403 404
403 405
403 407
403 413
403 423
403 433
403 443
403 473
403 483
403 493
403 503
403 603
403 703
403 803
403 903
404 4
404 104
404 204
404 400
404 401
404 402
404 406
404 407
404 408
404 409
404 424
404 434
404 444
404 454
404 474
404 484
404 504
404 604
404 904
405 5
405 105
405 401
405 402
405 403
405 404
405 408
405 415
405 445
405 455
405 485
405 495
405 505
405 605
405 705
405 805
406 6
406 106
406 206
406 306
406 400
406 401
406 402
406 403
406 404
406 405
406 408
406 409
406 416
406 426
406 436
406 446
406 456
406 466
406 476
406 506
406 706
406 906
407 7
407 307
407 401
407 405
407 406
407 409
407 417
407 427
407 437
407 447
407 457
407 467
407 477
407 487
407 497
407 607
407 907
408 8
408 108
408 308
408 400
408 401
408 402
408 403
408 404
408 407
408 409
408 418
408 438
408 448
408 468
408 488
408 498
408 608
408 708
408 808
408 908
409 9
409 209
409 309
409 403
409 405
409 406
409 407
409 419
409 429
409 439
409 449
409 469
409 479
409 489
409 499
409 509
409 809
410 10
410 110
410 210
410 310
410 400
410 413
410 415
410 416
410 418
410 419
410 420
410 430
410 440
410 450
410 460
410 470
410 480
410 510
410 610
410 710
410 810
410 910
411 311
411 401
411 410
411 412
411 413
411 414
411 415
411 417
411 418
411 419
411 431
411 441
411 461
411 471
411 491
411 511
411 611
411 811
411 911
412 112
412 212
412 312
412 410
412 413
412 414
412 415
412 416
412 417
412 418
412 422
412 432
412 442
412 452
412 462
412 472
412 482
412 492
412 512
412 612
412 712
412 812
412 912
413 213
413 313
413 403
413 410
413 411
413 412
413 414
413 415
413 416
413 417
413 418
413 419
413 423
413 433
413 453
413 463
413 493
413 513
413 613
413 713
413 813
413 913
414 14
414 114
414 214
414 314
414 404
414 410
414 412
414 413
414 415
414 416
414 419
414 434
414 444
414 454
414 464
414 474
414 484
414 494
414 514
414 614
414 714
414 814
415 15
415 215
415 315
415 405
415 410
415 411
415 412
415 414
415 416
415 417
415 418
415 419
415 435
415 445
415 455
415 465
415 485
415 495
415 515
415 915
416 16
416 116
416 216
416 316
416 411
416 412
416 413
416 414
416 415
416 426
416 436
416 446
416 456
416 466
416 476
416 496
416 516
416 616
416 716
416 816
416 916
417 317
417 407
417 410
417 411
417 412
417 414
417 416
417 418
417 419
417 427
417 457
417 467
417 487
417 497
417 517
417 717
417 817
417 917
418 18
418 118
418 218
418 318
418 408
418 412
418 414
418 415
418 416
418 419
418 428
418 448
418 458
418 468
418 478
418 498
418 518
418 618
418 718
418 818
419 19
419 219
419 319
419 409
419 410
419 411
419 412
419 414
419 415
419 416
419 417
419 429
419 439
419 449
419 469
419 479
419 489
419 499
419 519
419 619
420 20
420 120
420 220
420 320
420 400
420 421
420 422
420 426
420 427
420 428
420 429
420 430
420 440
420 450
420 480
420 520
420 620
420 720
420 920
421 221
421 321
421 411
421 422
421 423
421 424
421 425
421 426
421 427
421 428
421 429
421 431
421 441
421 451
421 461
421 471
421 481
421 521
421 621
422 22
422 222
422 322
422 412
422 421
422 423
422 424
422 427
422 428
422 429
422 442
422 452
422 472
422 482
422 492
422 522
422 722
422 822
422 922
423 123
423 403
423 413
423 420
423 421
423 422
423 424
423 425
423 426
423 427
423 428
423 429
423 433
423 443
423 453
423 463
423 473
423 483
423 523
423 923
424 24
424 124
424 224
424 404
424 414
424 420
424 422
424 423
424 425
424 426
424 427
424 428
424 429
424 434
424 444
424 464
424 484
424 524
424 724
424 824
424 924
425 25
425 125
425 225
425 405
425 415
425 420
425 422
425 423
425 424
425 426
425 429
425 435
425 465
425 475
425 485
425 495
425 525
425 625
425 725
425 825
426 26
426 126
426 226
426 326
426 406
426 420
426 421
426 422
426 423
426 424
426 429
426 436
426 456
426 476
426 496
426 526
426 726
426 826
427 27
427 127
427 227
427 327
427 407
427 417
427 420
427 422
427 423
427 424
427 425
427 426
427 428
427 429
427 437
427 447
427 467
427 477
427 487
427 527
427 627
427 727
427 827
428 28
428 128
428 228
428 328
428 408
428 420
428 422
428 423
428 425
428 426
428 427
428 429
428 438
428 448
428 458
428 468
428 488
428 528
428 628
428 728
428 828
428 928
429 29
429 129
429 409
429 420
429 422
429 423
429 424
429 425
429 426
429 427
429 439
429 469
429 479
429 489
429 499
429 529
429 629
429 729
429 829
429 929
430 30
430 230
430 400
430 410
430 420
430 431
430 432
430 435
430 436
430 439
430 440
430 450
430 460
430 480
430 490
430 530
430 830
430 930
431 31
431 131
431 231
431 331
431 411
431 430
431 432
431 433
431 434
431 437
431 438
431 439
431 441
431 451
431 461
431 481
431 491
431 531
431 631
431 731
431 831
432 132
432 232
432 422
432 430
432 431
432 433
432 435
432 436
432 437
432 439
432 462
432 472
432 482
432 492
432 532
432 632
432 832
433 233
433 403
433 413
433 423
433 430
433 431
433 432
433 434
433 436
433 437
433 439
433 443
433 453
433 463
433 473
433 483
433 493
433 533
433 733
433 933
434 34
434 134
434 234
434 334
434 404
434 414
434 424
434 430
434 432
434 433
434 435
434 436
434 437
434 439
434 444
434 464
434 474
434 484
434 494
434 534
434 734
434 834
434 934
435 405
435 425
435 430
435 431
435 432
435 433
435 434
435 436
435 437
435 438
435 439
435 445
435 455
435 465
435 495
435 535
435 635
435 735
435 835
436 36
436 136
436 236
436 336
436 416
436 426
436 430
436 431
436 432
436 433
436 434
436 435
436 437
436 446
436 456
436 466
436 476
436 486
436 536
436 636
436 736
436 936
437 37
437 137
437 237
437 417
437 427
437 430
437 431
437 434
437 435
437 439
437 457
437 467
437 477
437 487
437 537
437 737
437 837
437 937
438 38
438 138
438 238
438 408
438 418
438 428
438 430
438 431
438 432
438 433
438 434
438 435
438 436
438 437
438 439
438 448
438 458
438 468
438 478
438 488
438 498
438 638
438 738
438 938
439 39
439 139
439 239
439 339
439 409
439 429
439 430
439 431
439 432
439 434
439 435
439 436
439 437
439 449
439 469
439 479
439 489
439 499
439 539
439 639
439 739
440 140
440 400
440 410
440 430
440 441
440 442
440 444
440 445
440 446
440 450
440 460
440 470
440 540
440 640
440 740
440 840
440 940
441 141
441 241
441 401
441 411
441 442
441 443
441 444
441 445
441 446
441 447
441 448
441 451
441 461
441 471
441 481
441 491
441 541
441 641
441 741
441 841
441 941
442 42
442 142
442 242
442 342
442 402
442 422
442 432
442 440
442 446
442 447
442 448
442 449
442 452
442 462
442 472
442 482
442 542
442 642
442 842
442 942
443 43
443 143
443 343
443 413
443 423
443 433
443 440
443 441
443 442
443 444
443 445
443 446
443 448
443 453
443 463
443 473
443 483
443 543
443 743
443 843
443 943
444 44
444 144
444 424
444 434
444 442
444 443
444 445
444 446
444 447
444 448
444 449
444 464
444 474
444 484
444 494
444 644
444 744
444 844
444 944
445 145
445 245
445 405
445 415
445 425
445 435
445 440
445 442
445 443
445 444
445 446
445 447
445 448
445 449
445 455
445 465
445 485
445 495
445 545
445 645
445 745
445 845
446 46
446 146
446 246
446 406
446 416
446 426
446 440
446 441
446 442
446 444
446 448
446 449
446 456
446 466
446 476
446 486
446 496
446 646
446 746
446 946
447 47
447 147
447 247
447 347
447 407
447 417
447 427
447 437
447 440
447 442
447 443
447 444
447 445
447 446
447 448
447 449
447 457
447 477
447 487
447 547
447 747
447 947
448 248
448 418
448 428
448 438
448 440
448 442
448 443
448 444
448 449
448 458
448 468
448 478
448 488
448 498
448 548
448 648
448 748
448 848
448 948
449 249
449 349
449 419
449 429
449 439
449 440
449 441
449 442
449 443
449 445
449 447
449 448
449 459
449 469
449 489
449 649
449 849
449 949
450 50
450 150
450 250
450 350
450 400
450 410
450 420
450 430
450 440
450 451
450 452
450 453
450 454
450 455
450 456
450 457
450 459
450 470
450 480
450 490
450 550
450 650
450 750
450 950
451 51
451 151
451 251
451 351
451 401
451 411
451 421
451 431
451 441
451 450
451 452
451 453
451 454
451 456
451 458
451 459
451 471
451 481
451 491
451 551
451 651
451 751
451 851
451 951
452 52
452 152
452 252
452 352
452 402
452 422
452 432
452 442
452 450
452 451
452 454
452 455
452 456
452 457
452 458
452 459
452 462
452 472
452 482
452 492
452 552
452 652
452 752
452 852
452 952
453 53
453 153
453 253
453 353
453 403
453 423
453 443
453 450
453 451
453 452
453 454
453 456
453 458
453 459
453 463
453 653
453 753
453 953
454 54
454 254
454 354
454 404
454 414
454 424
454 434
454 444
454 451
454 452
454 455
454 456
454 459
454 464
454 474
454 484
454 554
454 654
454 754
454 854
454 954
455 55
455 255
455 355
455 405
455 415
455 425
455 435
455 450
455 451
455 452
455 453
455 454
455 457
455 458
455 459
455 465
455 475
455 495
455 555
455 655
455 855
455 955
456 56
456 156
456 256
456 406
456 416
456 436
456 452
456 453
456 455
456 457
456 458
456 459
456 486
456 496
456 656
456 756
456 856
456 956
457 157
457 257
457 407
457 417
457 427
457 437
457 447
457 450
457 451
457 452
457 453
457 454
457 455
457 456
457 458
457 459
457 467
457 477
457 487
457 557
457 857
458 58
458 258
458 358
458 408
458 428
458 450
458 451
458 452
458 453
458 454
458 456
458 468
458 558
458 658
458 958
459 159
459 259
459 409
459 419
459 429
459 439
459 449
459 451
459 452
459 453
459 454
459 455
459 456
459 457
459 458
459 469
459 479
459 489
459 499
459 559
459 659
459 759
459 859
460 160
460 260
460 360
460 400
460 410
460 420
460 430
460 450
460 461
460 462
460 464
460 465
460 466
460 467
460 468
460 469
460 490
460 660
460 860
461 61
461 161
461 261
461 361
461 401
461 411
461 451
461 460
461 464
461 465
461 467
461 469
461 471
461 481
461 491
461 561
461 761
461 861
461 961
462 62
462 162
462 262
462 362
462 402
462 412
462 422
462 442
462 452
462 460
462 461
462 463
462 464
462 465
462 466
462 468
462 469
462 472
462 482
462 492
462 562
462 662
462 762
462 862
462 962
463 163
463 263
463 403
463 423
463 433
463 443
463 453
463 460
463 461
463 464
463 466
463 468
463 469
463 473
463 483
463 493
463 563
463 663
463 763
463 863
463 963
464 64
464 164
464 264
464 364
464 404
464 414
464 424
464 444
464 460
464 461
464 462
464 463
464 465
464 466
464 468
464 469
464 474
464 484
464 494
464 664
464 964
465 65
465 265
465 405
465 415
465 425
465 445
465 461
465 463
465 464
465 466
465 467
465 468
465 469
465 475
465 485
465 495
465 565
465 665
465 765
465 865
466 66
466 166
466 266
466 366
466 406
466 416
466 426
466 446
466 456
466 460
466 461
466 462
466 463
466 464
466 465
466 467
466 468
466 469
466 476
466 486
466 496
466 566
466 666
466 966
467 67
467 267
467 367
467 407
467 417
467 437
467 447
467 457
467 461
467 462
467 463
467 464
467 465
467 477
467 487
467 497
467 567
467 667
467 767
467 867
468 268
468 368
468 418
468 428
468 438
468 458
468 460
468 461
468 463
468 464
468 467
468 469
468 478
468 488
468 498
468 568
468 668
468 868
468 968
469 69
469 169
469 269
469 419
469 429
469 439
469 449
469 460
469 461
469 462
469 464
469 465
469 466
469 467
469 468
469 479
469 489
469 499
469 569
470 170
470 270
470 370
470 400
470 410
470 420
470 430
470 440
470 450
470 460
470 471
470 472
470 473
470 474
470 476
470 477
470 478
470 479
470 480
470 490
470 570
470 670
470 770
470 870
470 970
471 71
471 171
471 271
471 371
471 401
471 431
471 441
471 451
471 461
471 470
471 472
471 473
471 475
471 477
471 478
471 479
471 481
471 491
471 571
471 671
471 771
471 871
471 971
472 72
472 172
472 372
472 432
472 442
472 462
472 470
472 473
472 474
472 476
472 478
472 479
472 482
472 492
472 572
472 672
472 772
472 872
473 73
473 273
473 373
473 403
473 413
473 443
473 453
473 463
473 471
473 472
473 474
473 475
473 476
473 478
473 479
473 483
473 493
473 573
473 673
473 773
473 973
474 74
474 174
474 274
474 404
474 414
474 424
474 444
474 454
474 470
474 471
474 476
474 478
474 484
474 494
474 574
474 674
474 774
474 874
474 974
475 75
475 175
475 275
475 375
475 405
475 415
475 425
475 435
475 445
475 455
475 465
475 470
475 471
475 472
475 473
475 474
475 476
475 478
475 479
475 485
475 495
475 575
475 675
475 975
476 76
476 176
476 276
476 376
476 406
476 426
476 436
476 446
476 456
476 471
476 472
476 473
476 474
476 475
476 479
476 496
476 776
476 876
477 277
477 407
477 417
477 437
477 457
477 467
477 471
477 472
477 473
477 474
477 475
477 476
477 479
477 577
477 877
477 977
478 178
478 278
478 408
478 418
478 428
478 438
478 448
478 458
478 468
478 471
478 473
478 474
478 475
478 476
478 477
478 479
478 498
478 578
478 778
479 79
479 179
479 279
479 409
479 419
479 429
479 439
479 449
479 459
479 470
479 471
479 472
479 473
479 474
479 478
479 489
479 499
479 579
479 679
479 779
479 879
479 979
480 80
480 180
480 280
480 400
480 410
480 420
480 430
480 440
480 450
480 460
480 481
480 483
480 485
480 486
480 487
480 488
480 489
480 490
480 580
480 680
480 780
480 880
480 980
481 81
481 181
481 281
481 381
481 401
481 411
481 421
481 441
481 451
481 461
481 471
481 480
481 482
481 483
481 484
481 486
481 487
481 489
481 491
481 581
481 681
481 781
481 881
481 981
482 82
482 182
482 282
482 382
482 412
482 422
482 432
482 442
482 462
482 480
482 483
482 485
482 486
482 487
482 488
482 489
482 492
482 582
482 682
482 782
482 882
483 283
483 403
483 413
483 423
483 443
483 453
483 473
483 481
483 484
483 486
483 487
483 489
483 493
483 583
483 783
484 84
484 184
484 284
484 384
484 404
484 414
484 444
484 454
484 480
484 481
484 482
484 483
484 488
484 489
484 494
484 584
484 684
484 784
484 884
484 984
485 185
485 385
485 405
485 415
485 425
485 435
485 445
485 455
485 465
485 475
485 481
485 482
485 483
485 484
485 486
485 489
485 495
485 585
485 885
485 985
486 86
486 186
486 286
486 386
486 406
486 416
486 426
486 436
486 446
486 476
486 480
486 483
486 484
486 485
486 487
486 488
486 489
486 496
486 586
486 786
486 886
487 87
487 187
487 287
487 387
487 407
487 417
487 427
487 437
487 457
487 477
487 480
487 482
487 483
487 484
487 485
487 486
487 489
487 587
487 687
487 787
487 887
488 88
488 288
488 418
488 428
488 458
488 468
488 478
488 481
488 483
488 485
488 486
488 487
488 498
488 588
488 688
488 788
488 888
488 988
489 89
489 289
489 389
489 409
489 429
489 449
489 459
489 479
489 480
489 482
489 483
489 486
489 487
489 488
489 499
489 589
489 689
489 789
489 889
489 989
490 90
490 190
490 290
490 390
490 400
490 410
490 420
490 440
490 450
490 460
490 470
490 480
490 491
490 492
490 493
490 494
490 495
490 497
490 498
490 690
490 790
490 890
491 91
491 191
491 291
491 391
491 411
491 421
491 451
491 461
491 471
491 481
491 492
491 493
491 495
491 496
491 497
491 498
491 499
491 591
491 691
491 791
491 991
492 192
492 292
492 392
492 402
492 412
492 422
492 442
492 462
492 482
492 491
492 493
492 494
492 495
492 496
492 497
492 498
492 499
492 592
492 692
492 792
492 892
493 93
493 193
493 393
493 403
493 413
493 423
493 433
493 443
493 453
493 463
493 491
493 492
493 495
493 496
493 497
493 498
493 499
493 593
493 693
493 793
493 993
494 94
494 394
494 404
494 424
494 434
494 444
494 454
494 464
494 484
494 490
494 491
494 493
494 495
494 496
494 499
494 594
494 694
494 794
494 894
495 95
495 195
495 295
495 395
495 415
495 455
495 475
495 491
495 492
495 493
495 494
495 497
495 498
495 499
495 595
495 895
496 196
496 296
496 406
496 416
496 436
496 446
496 476
496 486
496 490
496 491
496 493
496 494
496 495
496 498
496 499
496 596
496 696
496 796
496 896
496 996
497 297
497 397
497 417
497 427
497 437
497 447
497 457
497 477
497 487
497 490
497 491
497 494
497 496
497 499
497 697
497 897
497 997
498 98
498 198
498 298
498 398
498 428
498 438
498 448
498 458
498 468
498 478
498 490
498 493
498 494
498 496
498 497
498 499
498 598
498 798
498 998
499 99
499 399
499 409
499 419
499 429
499 449
499 489
499 490
499 491
499 492
499 493
499 495
499 497
499 799
499 899
499 999
500 0
500 100
500 200
500 300
500 400
500 501
500 502
500 503
500 504
500 506
500 507
500 510
500 530
500 540
500 550
500 560
500 570
500 600
500 700
500 800
500 900
501 101
501 201
501 401
501 502
501 503
501 504
501 505
501 506
501 507
501 509
501 511
501 521
501 531
501 541
501 551
501 561
501 571
501 601
501 701
501 801
502 102
502 302
502 402
502 501
502 504
502 505
502 506
502 508
502 509
502 512
502 522
502 532
502 542
502 572
502 592
502 602
502 702
502 802
502 902
503 3
503 103
503 203
503 403
503 501
503 502
503 508
503 513
503 533
503 553
503 573
503 583
503 593
503 603
503 803
503 903
504 4
504 104
504 404
504 502
504 503
504 505
504 506
504 507
504 508
504 509
504 514
504 524
504 534
504 544
504 554
504 574
504 704
505 5
505 105
505 205
505 305
505 500
505 501
505 502
505 503
505 504
505 506
505 507
505 508
505 515
505 525
505 535
505 555
505 565
505 575
505 585
505 595
505 605
505 805
506 6
506 106
506 206
506 306
506 406
506 501
506 503
506 504
506 509
506 516
506 526
506 536
506 546
506 556
506 566
506 576
506 586
506 806
506 906
507 7
507 107
507 207
507 307
507 407
507 500
507 501
507 502
507 503
507 504
507 505
507 506
507 508
507 509
507 527
507 537
507 547
507 557
507 567
507 577
507 587
507 597
507 607
507 807
507 907
508 8
508 108
508 208
508 308
508 408
508 500
508 501
508 505
508 506
508 507
508 509
508 518
508 528
508 538
508 548
508 568
508 578
508 588
508 598
508 708
508 808
508 908
509 209
509 309
509 409
509 500
509 501
509 502
509 503
509 505
509 507
509 529
509 539
509 569
509 579
509 589
509 599
509 809
509 909
510 10
510 110
510 310
510 500
510 511
510 512
510 513
510 514
510 515
510 516
510 517
510 519
510 520
510 530
510 540
510 560
510 570
510 580
510 590
510 810
510 910
511 11
511 111
511 211
511 411
511 501
511 512
511 513
511 516
511 518
511 519
511 521
511 531
511 541
511 551
511 561
511 571
511 581
511 591
511 611
511 811
511 911
512 12
512 212
512 412
512 511
512 513
512 514
512 515
512 517
512 518
512 519
512 522
512 532
512 552
512 582
512 592
512 612
512 712
512 912
513 313
513 514
513 516
513 517
513 519
513 523
513 533
513 543
513 553
513 593
513 613
513 713
514 14
514 114
514 314
514 414
514 504
514 510
514 511
514 513
514 515
514 516
514 517
514 518
514 544
514 564
514 574
514 584
514 594
514 614
514 714
515 15
515 115
515 215
515 415
515 505
515 511
515 512
515 513
515 514
515 516
515 518
515 519
515 535
515 545
515 555
515 575
515 585
515 595
515 615
515 815
516 16
516 116
516 216
516 316
516 416
516 506
516 510
516 511
516 512
516 513
516 514
516 515
516 517
516 526
516 536
516 546
516 556
516 576
516 586
516 596
516 616
516 716
516 916
517 17
517 117
517 217
517 317
517 417
517 507
517 510
517 511
517 512
517 513
517 514
517 515
517 516
517 518
517 519
517 527
517 537
517 547
517 557
517 567
517 577
517 587
517 617
517 717
517 817
517 917
518 18
518 118
518 318
518 418
518 508
518 510
518 511
518 513
518 516
518 517
518 528
518 538
518 548
518 578
518 588
518 598
518 618
518 818
518 918
519 19
519 119
519 219
519 419
519 509
519 511
519 512
519 513
519 514
519 515
519 516
519 518
519 539
519 549
519 569
519 579
519 589
519 599
519 619
519 719
520 20
520 320
520 500
520 510
520 522
520 524
520 525
520 526
520 528
520 530
520 540
520 560
520 580
520 620
520 720
520 820
520 920
521 21
521 221
521 321
521 421
521 501
521 511
521 520
521 522
521 523
521 526
521 527
521 528
521 529
521 531
521 541
521 551
521 561
521 571
521 581
521 621
521 721
521 821
521 921
522 22
522 122
522 322
522 422
522 502
522 512
522 520
522 521
522 523
522 525
522 526
522 527
522 528
522 529
522 542
522 562
522 572
522 582
522 592
522 722
522 822
522 922
523 23
523 123
523 223
523 323
523 423
523 503
523 513
523 520
523 521
523 522
523 524
523 525
523 526
523 527
523 533
523 543
523 553
523 563
523 573
523 583
523 593
523 623
523 823
523 923
524 24
524 224
524 324
524 504
524 514
524 520
524 521
524 522
524 526
524 527
524 528
524 529
524 544
524 554
524 564
524 574
524 584
524 594
524 724
524 824
524 924
525 25
525 225
525 325
525 505
525 515
525 520
525 521
525 524
525 527
525 528
525 529
525 545
525 555
525 565
525 575
525 585
525 625
525 725
525 825
525 925
526 126
526 226
526 426
526 516
526 520
526 523
526 525
526 527
526 536
526 546
526 556
526 566
526 586
526 626
526 726
526 926
527 27
527 127
527 227
527 327
527 427
527 507
527 520
527 522
527 523
527 525
527 526
527 529
527 537
527 547
527 557
527 567
527 597
527 627
527 827
527 927
528 28
528 128
528 228
528 428
528 518
528 521
528 522
528 523
528 524
528 526
528 527
528 548
528 558
528 568
528 578
528 588
528 728
529 29
529 229
529 329
529 519
529 520
529 523
529 524
529 526
529 527
529 528
529 539
529 549
529 559
529 569
529 579
529 589
529 599
529 629
529 729
530 30
530 130
530 230
530 330
530 430
530 510
530 520
530 531
530 532
530 533
530 534
530 536
530 539
530 560
530 570
530 580
530 590
531 31
531 131
531 231
531 331
531 431
531 511
531 532
531 533
531 534
531 536
531 538
531 541
531 551
531 561
531 581
531 591
531 731
531 831
532 32
532 132
532 332
532 432
532 502
532 512
532 522
532 531
532 534
532 535
532 536
532 537
532 538
532 539
532 542
532 562
532 572
532 632
532 732
532 832
532 932
533 33
533 133
533 233
533 333
533 433
533 503
533 513
533 523
533 531
533 532
533 534
533 535
533 537
533 538
533 539
533 543
533 563
533 573
533 583
533 633
533 733
533 833
533 933
534 34
534 234
534 334
534 434
534 504
534 514
534 524
534 531
534 532
534 533
534 535
534 536
534 537
534 538
534 539
534 544
534 554
534 574
534 584
534 594
534 834
534 934
535 35
535 135
535 235
535 505
535 525
535 530
535 531
535 532
535 536
535 537
535 539
535 545
535 555
535 565
535 585
535 635
535 735
535 935
536 36
536 136
536 236
536 336
536 436
536 516
536 526
536 531
536 532
536 533
536 534
536 535
536 538
536 539
536 546
536 556
536 566
536 576
536 586
536 596
536 636
536 736
536 836
536 936
537 37
537 137
537 237
537 437
537 507
537 517
537 530
537 531
537 534
537 535
537 536
537 538
537 547
537 557
537 567
537 577
537 587
537 637
537 737
537 837
537 937
538 138
538 238
538 438
538 508
538 528
538 530
538 531
538 533
538 534
538 535
538 537
538 539
538 548
538 558
538 568
538 578
538 588
538 598
538 638
538 738
538 838
538 938
539 139
539 239
539 339
539 439
539 519
539 529
539 531
539 532
539 533
539 535
539 536
539 537
539 549
539 559
539 579
539 589
539 599
539 639
539 839
539 939
540 40
540 500
540 510
540 530
540 541
540 542
540 543
540 547
540 548
540 549
540 550
540 560
540 570
540 590
540 640
540 740
541 41
541 141
541 241
541 501
541 511
541 531
541 542
541 543
541 544
541 545
541 546
541 547
541 548
541 551
541 561
541 571
541 581
541 591
541 641
541 741
541 841
541 941
542 42
542 142
542 242
542 442
542 502
542 512
542 532
542 541
542 543
542 544
542 546
542 548
542 552
542 562
542 572
542 582
542 592
542 642
542 842
543 43
543 343
543 443
543 503
543 513
543 523
543 533
543 540
543 546
543 548
543 549
543 553
543 563
543 573
543 583
543 593
543 743
543 943
544 44
544 144
544 244
544 344
544 444
544 514
544 524
544 534
544 540
544 543
544 545
544 546
544 549
544 554
544 594
544 844
544 944
545 245
545 345
545 445
545 505
545 525
545 535
545 540
545 541
545 542
545 543
545 546
545 547
545 549
545 555
545 565
545 575
545 585
545 645
545 745
545 845
545 945
546 146
546 246
546 346
546 446
546 506
546 516
546 526
546 536
546 540
546 541
546 542
546 544
546 545
546 547
546 548
546 549
546 576
546 586
546 596
546 746
546 846
546 946
547 47
547 147
547 347
547 447
547 517
547 537
547 542
547 543
547 544
547 545
547 546
547 548
547 549
547 557
547 567
547 577
547 597
547 647
547 747
548 48
548 148
548 248
548 348
548 448
548 518
548 528
548 541
548 542
548 543
548 544
548 545
548 546
548 547
548 549
548 558
548 568
548 578
548 588
548 598
548 648
548 748
548 848
548 948
549 49
549 149
549 249
549 349
549 449
549 509
549 519
549 529
549 539
549 541
549 542
549 543
549 544
549 545
549 548
549 559
549 569
549 579
549 599
549 749
549 949
550 50
550 150
550 250
550 350
550 450
550 500
550 510
550 520
550 530
550 540
550 552
550 553
550 554
550 555
550 556
550 557
550 558
550 559
550 560
550 570
550 580
550 590
550 750
550 950
551 151
551 351
551 511
551 521
551 531
551 541
551 550
551 552
551 553
551 554
551 556
551 557
551 558
551 559
551 561
551 571
551 581
551 591
551 851
551 951
552 52
552 152
552 252
552 352
552 452
552 502
552 512
552 522
552 532
552 542
552 550
552 553
552 554
552 555
552 557
552 558
552 559
552 562
552 572
552 582
552 592
552 652
552 752
552 952
553 53
553 153
553 453
553 503
553 513
553 533
553 543
553 550
553 551
553 555
553 556
553 557
553 558
553 559
553 563
553 583
553 593
553 653
553 753
553 853
554 54
554 254
554 354
554 514
554 534
554 544
554 551
554 552
554 553
554 555
554 556
554 557
554 559
554 564
554 574
554 584
554 594
554 654
554 754
554 954
555 55
555 155
555 255
555 355
555 455
555 505
555 515
555 525
555 545
555 551
555 552
555 553
555 554
555 556
555 557
555 558
555 559
555 585
555 595
555 755
555 855
555 955
556 56
556 256
556 356
556 456
556 506
556 516
556 526
556 546
556 551
556 552
556 555
556 557
556 559
556 566
556 586
556 596
556 856
557 157
557 357
557 457
557 537
557 550
557 551
557 552
557 554
557 556
557 558
557 559
557 567
557 577
557 587
557 657
557 757
557 857
557 957
558 58
558 158
558 258
558 358
558 458
558 508
558 518
558 548
558 552
558 553
558 554
558 555
558 556
558 557
558 559
558 568
558 578
558 588
558 598
558 658
558 758
558 958
559 59
559 159
559 259
559 359
559 459
559 509
559 519
559 529
559 549
559 550
559 551
559 553
559 555
559 557
559 579
559 589
559 859
559 959
560 60
560 160
560 260
560 360
560 460
560 500
560 510
560 520
560 540
560 550
560 561
560 562
560 563
560 564
560 566
560 567
560 568
560 569
560 570
560 580
560 590
560 660
560 860
560 960
561 61
561 161
561 261
561 361
561 461
561 501
561 521
561 531
561 551
561 564
561 566
561 567
561 568
561 571
561 581
561 591
561 661
561 861
561 961
562 62
562 162
562 462
562 502
562 512
562 522
562 532
562 552
562 561
562 563
562 564
562 568
562 569
562 572
562 592
562 762
562 862
562 962
563 63
563 163
563 263
563 363
563 463
563 503
563 513
563 523
563 533
563 543
563 553
563 561
563 565
563 567
563 568
563 569
563 573
563 583
563 593
563 663
563 963
564 64
564 164
564 364
564 464
564 504
564 514
564 524
564 534
564 544
564 554
564 560
564 561
564 562
564 563
564 565
564 566
564 567
564 568
564 569
564 574
564 584
564 664
564 864
564 964
565 265
565 365
565 505
565 515
565 525
565 545
565 555
565 560
565 561
565 562
565 564
565 566
565 567
565 568
565 569
565 585
565 595
565 665
565 865
565 965
566 66
566 166
566 266
566 366
566 466
566 506
566 516
566 526
566 536
566 546
566 561
566 562
566 563
566 564
566 567
566 568
566 569
566 576
566 586
566 596
566 666
566 766
566 866
566 966
567 67
567 167
567 267
567 367
567 467
567 527
567 537
567 547
567 561
567 562
567 563
567 564
567 565
567 568
567 569
567 577
567 587
567 597
567 667
567 767
567 867
567 967
568 168
568 268
568 368
568 468
568 508
568 518
568 528
568 538
568 560
568 561
568 562
568 564
568 565
568 569
568 578
568 588
568 598
568 768
568 868
568 968
569 69
569 169
569 269
569 369
569 509
569 529
569 539
569 549
569 559
569 560
569 561
569 562
569 563
569 565
569 566
569 567
569 579
569 589
569 769
569 869
569 969
570 70
570 170
570 270
570 470
570 500
570 520
570 530
570 540
570 550
570 560
570 571
570 572
570 573
570 574
570 575
570 576
570 577
570 578
570 579
570 580
570 590
570 670
570 770
570 970
571 71
571 171
571 371
571 471
571 511
571 521
571 531
571 541
571 561
571 572
571 573
571 574
571 575
571 576
571 577
571 578
571 579
571 581
571 591
571 771
571 971
572 72
572 172
572 272
572 372
572 472
572 502
572 512
572 522
572 532
572 542
572 552
572 562
572 570
572 573
572 575
572 576
572 577
572 578
572 592
572 672
572 772
572 872
572 972
573 173
573 273
573 373
573 513
573 523
573 533
573 543
573 553
573 570
573 571
573 572
573 574
573 577
573 578
573 579
573 583
573 593
573 673
573 873
573 973
574 74
574 174
574 504
574 524
574 544
574 554
574 564
574 571
574 572
574 576
574 579
574 584
574 874
574 974
575 275
575 475
575 515
575 525
575 535
575 545
575 555
575 565
575 570
575 572
575 573
575 574
575 576
575 577
575 578
575 595
575 675
575 775
575 975
576 76
576 276
576 376
576 476
576 506
576 516
576 526
576 536
576 546
576 556
576 566
576 570
576 571
576 573
576 574
576 575
576 577
576 578
576 579
576 596
576 676
576 876
576 976
577 77
577 177
577 277
577 377
577 477
577 517
577 527
577 537
577 547
577 557
577 570
577 572
577 573
577 574
577 575
577 579
577 587
577 597
577 977
578 78
578 178
578 278
578 378
578 478
578 518
578 528
578 538
578 548
578 558
578 570
578 572
578 573
578 574
578 576
578 577
578 579
578 588
578 598
578 678
578 878
578 978
579 79
579 179
579 379
579 479
579 509
579 529
579 539
579 549
579 559
579 569
579 570
579 572
579 573
579 574
579 575
579 576
579 578
579 599
579 679
579 779
580 80
580 180
580 280
580 380
580 480
580 500
580 510
580 520
580 530
580 540
580 550
580 560
580 570
580 582
580 585
580 586
580 587
580 588
580 589
580 680
580 880
580 980
581 481
581 501
581 521
581 541
581 551
581 571
581 580
581 582
581 583
581 585
581 586
581 588
581 589
581 781
581 881
581 981
582 82
582 182
582 282
582 382
582 482
582 502
582 512
582 532
582 552
582 562
582 572
582 581
582 584
582 585
582 587
582 588
582 589
582 682
582 782
582 882
582 982
583 83
583 183
583 283
583 383
583 503
583 513
583 523
583 543
583 553
583 580
583 581
583 582
583 584
583 586
583 587
583 588
583 589
583 593
583 683
583 783
583 883
583 983
584 84
584 184
584 284
584 384
584 484
584 504
584 534
584 544
584 564
584 574
584 580
584 581
584 585
584 586
584 588
584 589
584 594
584 684
584 784
584 984
585 85
585 185
585 385
585 485
585 505
585 515
585 525
585 535
585 555
585 575
585 581
585 582
585 583
585 584
585 586
585 587
585 589
585 595
585 785
585 885
586 186
586 386
586 486
586 516
586 526
586 536
586 546
586 556
586 566
586 576
586 580
586 581
586 582
586 583
586 585
586 587
586 588
586 596
586 686
586 786
586 986
587 87
587 287
587 507
587 517
587 527
587 537
587 547
587 557
587 567
587 577
587 580
587 581
587 584
587 585
587 588
587 589
587 687
587 787
587 987
588 188
588 488
588 518
588 528
588 538
588 558
588 568
588 580
588 581
588 585
588 587
588 598
588 688
588 788
588 888
588 988
589 89
589 189
589 289
589 489
589 509
589 519
589 529
589 539
589 549
589 579
589 581
589 582
589 583
589 584
589 585
589 586
589 587
589 588
589 599
589 689
589 789
589 989
590 90
590 190
590 290
590 390
590 490
590 500
590 520
590 540
590 560
590 580
590 591
590 593
590 595
590 596
590 597
590 598
590 599
590 690
590 790
590 890
590 990
591 91
591 191
591 291
591 391
591 491
591 501
591 521
591 531
591 541
591 551
591 561
591 571
591 581
591 590
591 592
591 593
591 595
591 596
591 598
591 791
591 991
592 92
592 192
592 292
592 392
592 492
592 502
592 512
592 522
592 532
592 542
592 582
592 590
592 591
592 594
592 595
592 596
592 597
592 598
592 599
592 692
592 792
592 992
593 193
593 293
593 393
593 513
593 533
593 543
593 563
593 573
593 590
593 591
593 592
593 594
593 596
593 597
593 598
593 599
593 693
593 893
594 94
594 194
594 494
594 504
594 514
594 524
594 534
594 544
594 554
594 564
594 574
594 584
594 590
594 591
594 592
594 593
594 595
594 597
594 598
594 599
594 794
594 894
595 95
595 195
595 295
595 395
595 495
595 505
595 525
595 535
595 545
595 555
595 575
595 590
595 591
595 592
595 593
595 594
595 597
595 598
595 599
595 695
595 795
595 895
595 995
596 96
596 196
596 396
596 496
596 506
596 516
596 526
596 546
596 556
596 576
596 592
596 593
596 594
596 595
596 597
596 796
596 996
597 97
597 197
597 297
597 497
597 517
597 527
597 537
597 547
597 557
597 567
597 577
597 587
597 590
597 591
597 592
597 594
597 595
597 598
597 599
597 697
597 797
597 897
598 198
598 298
598 498
598 518
598 528
598 538
598 548
598 558
598 568
598 578
598 592
598 593
598 594
598 596
598 597
598 599
598 698
598 798
598 998
599 99
599 299
599 499
599 509
599 529
599 559
599 569
599 579
599 589
599 590
599 591
599 592
599 593
599 594
599 596
599 598
599 799
599 899
599 999
600 0
600 100
600 300
600 400
600 500
600 601
600 602
600 603
600 604
600 605
600 606
600 608
600 609
600 610
600 620
600 630
600 640
600 660
600 680
600 690
600 700
600 900
601 201
601 301
601 401
601 501
601 600
601 602
601 603
601 604
601 606
601 607
601 608
601 609
601 611
601 621
601 631
601 641
601 651
601 661
601 671
601 681
601 691
601 701
601 801
601 901
602 102
602 302
602 402
602 502
602 600
602 601
602 603
602 604
602 605
602 606
602 607
602 608
602 609
602 612
602 622
602 632
602 642
602 652
602 662
602 672
602 682
602 692
602 702
602 802
602 902
603 3
603 303
603 403
603 600
603 604
603 605
603 606
603 607
603 608
603 609
603 613
603 623
603 643
603 653
603 663
603 673
603 683
603 693
603 703
603 803
603 903
604 4
604 104
604 204
604 504
604 600
604 602
604 603
604 605
604 606
604 607
604 608
604 614
604 634
604 644
604 654
604 664
604 684
604 694
604 804
605 5
605 205
605 305
605 405
605 600
605 601
605 604
605 606
605 607
605 608
605 615
605 625
605 645
605 655
605 665
605 675
605 695
605 705
605 905
606 6
606 206
606 406
606 506
606 600
606 601
606 603
606 604
606 607
606 609
606 616
606 636
606 646
606 656
606 666
606 676
606 686
606 696
606 706
606 806
607 7
607 107
607 407
607 507
607 600
607 601
607 602
607 603
607 604
607 606
607 609
607 617
607 637
607 647
607 657
607 667
607 687
607 697
607 707
607 807
607 907
608 8
608 108
608 208
608 308
608 408
608 508
608 600
608 601
608 602
608 603
608 605
608 606
608 607
608 609
608 628
608 638
608 658
608 668
608 678
608 708
608 808
608 908
609 9
609 109
609 209
609 409
609 509
609 600
609 601
609 602
609 604
609 605
609 606
609 607
609 608
609 619
609 629
609 649
609 659
609 669
609 679
609 689
609 709
609 809
609 909
610 10
610 110
610 210
610 310
610 410
610 510
610 600
610 611
610 612
610 613
610 614
610 615
610 618
610 619
610 620
610 640
610 690
610 810
610 910
611 111
611 211
611 411
611 612
611 614
611 616
611 617
611 618
611 619
611 621
611 641
611 671
611 691
611 711
611 811
611 911
612 12
612 112
612 212
612 412
612 602
612 610
612 613
612 614
612 615
612 617
612 618
612 619
612 622
612 632
612 642
612 652
612 682
612 712
612 912
613 13
613 113
613 213
613 313
613 413
613 513
613 603
613 610
613 611
613 612
613 614
613 615
613 616
613 618
613 619
613 623
613 633
613 643
613 653
613 663
613 673
613 683
613 713
613 813
614 14
614 214
614 314
614 414
614 514
614 610
614 611
614 613
614 615
614 616
614 617
614 619
614 654
614 674
614 694
614 714
614 914
615 115
615 215
615 315
615 415
615 515
615 605
615 610
615 611
615 612
615 613
615 616
615 617
615 635
615 645
615 685
615 695
615 715
615 815
615 915
616 16
616 216
616 316
616 416
616 516
616 606
616 610
616 611
616 612
616 613
616 614
616 617
616 626
616 636
616 646
616 656
616 666
616 676
616 686
616 696
616 716
616 816
616 916
617 17
617 217
617 317
617 417
617 517
617 607
617 610
617 612
617 613
617 614
617 615
617 616
617 618
617 619
617 627
617 637
617 647
617 657
617 667
617 677
617 687
617 717
617 917
618 18
618 118
618 218
618 518
618 608
618 612
618 613
618 614
618 615
618 616
618 617
618 628
618 658
618 668
618 678
618 688
618 698
618 818
618 918
619 19
619 119
619 219
619 319
619 519
619 609
619 610
619 611
619 614
619 615
619 616
619 618
619 629
619 659
619 669
619 679
619 689
619 699
619 719
619 919
620 20
620 320
620 520
620 600
620 610
620 621
620 622
620 625
620 626
620 627
620 628
620 629
620 630
620 640
620 650
620 660
620 670
620 690
620 720
620 820
621 21
621 121
621 221
621 421
621 521
621 601
621 611
621 620
621 622
621 623
621 624
621 625
621 626
621 628
621 629
621 641
621 651
621 671
621 691
621 721
621 821
621 921
622 22
622 222
622 422
622 522
622 602
622 620
622 621
622 623
622 624
622 625
622 626
622 627
622 628
622 632
622 642
622 652
622 662
622 672
622 682
622 722
623 23
623 123
623 223
623 423
623 603
623 620
623 621
623 624
623 625
623 626
623 628
623 629
623 643
623 653
623 663
623 673
623 683
623 723
623 923
624 24
624 124
624 224
624 324
624 424
624 524
624 604
624 614
624 620
624 621
624 622
624 623
624 625
624 626
624 627
624 628
624 629
624 634
624 644
624 654
624 664
624 684
624 724
624 824
624 924
625 525
625 615
625 620
625 621
625 622
625 623
625 626
625 627
625 628
625 635
625 645
625 665
625 675
625 695
625 725
625 825
625 925
626 26
626 226
626 326
626 426
626 526
626 606
626 616
626 620
626 621
626 622
626 624
626 625
626 627
626 628
626 629
626 636
626 646
626 656
626 686
626 696
626 726
626 826
627 27
627 127
627 227
627 607
627 617
627 621
627 622
627 623
627 625
627 626
627 629
627 637
627 657
627 677
627 687
627 727
627 927
628 28
628 128
628 228
628 428
628 528
628 618
628 623
628 625
628 627
628 629
628 638
628 658
628 668
628 688
628 828
628 928
629 29
629 129
629 229
629 329
629 529
629 609
629 619
629 620
629 622
629 623
629 624
629 625
629 628
629 639
629 649
629 659
629 679
629 699
629 929
630 30
630 130
630 230
630 430
630 530
630 600
630 610
630 620
630 631
630 633
630 634
630 635
630 636
630 637
630 638
630 639
630 640
630 660
630 670
630 680
630 690
630 730
630 830
630 930
631 31
631 131
631 231
631 331
631 431
631 531
631 601
631 611
631 621
631 632
631 633
631 635
631 636
631 637
631 641
631 661
631 681
631 691
631 731
631 831
631 931
632 32
632 132
632 232
632 332
632 532
632 622
632 630
632 631
632 634
632 635
632 636
632 637
632 639
632 642
632 652
632 672
632 692
632 832
632 932
633 33
633 133
633 233
633 333
633 433
633 533
633 603
633 623
633 630
633 631
633 632
633 634
633 635
633 636
633 637
633 638
633 639
633 683
633 733
633 833
634 34
634 134
634 234
634 334
634 434
634 534
634 604
634 614
634 624
634 630
634 631
634 635
634 636
634 637
634 638
634 639
634 644
634 664
634 684
634 694
634 734
634 934
635 35
635 235
635 335
635 605
635 625
635 630
635 632
635 634
635 636
635 637
635 638
635 645
635 665
635 685
635 695
635 835
635 935
636 36
636 136
636 236
636 336
636 436
636 536
636 606
636 616
636 626
636 631
636 632
636 633
636 634
636 637
636 638
636 639
636 646
636 656
636 666
636 676
636 686
636 696
636 736
636 836
637 237
637 337
637 437
637 617
637 627
637 630
637 631
637 633
637 635
637 636
637 647
637 657
637 667
637 677
637 687
637 697
637 737
637 837
637 937
638 238
638 338
638 438
638 538
638 608
638 618
638 628
638 630
638 631
638 632
638 633
638 635
638 636
638 637
638 648
638 658
638 668
638 678
638 688
638 698
638 838
638 938
639 139
639 239
639 339
639 439
639 539
639 609
639 619
639 629
639 631
639 632
639 633
639 634
639 635
639 637
639 638
639 649
639 659
639 669
639 679
639 689
639 739
639 839
640 40
640 240
640 440
640 540
640 600
640 610
640 620
640 630
640 641
640 642
640 643
640 644
640 645
640 646
640 647
640 649
640 650
640 660
640 670
640 680
640 690
640 740
640 840
641 141
641 241
641 341
641 541
641 601
641 611
641 621
641 640
641 642
641 644
641 645
641 646
641 647
641 649
641 651
641 661
641 681
641 691
641 741
641 941
642 42
642 142
642 242
642 342
642 542
642 602
642 622
642 641
642 643
642 644
642 645
642 646
642 647
642 648
642 649
642 652
642 662
642 682
642 692
642 842
642 942
643 43
643 143
643 243
643 443
643 543
643 613
643 623
643 633
643 641
643 642
643 644
643 645
643 647
643 649
643 653
643 663
643 673
643 683
643 743
643 843
643 943
644 44
644 144
644 244
644 444
644 544
644 604
644 614
644 634
644 642
644 643
644 645
644 646
644 647
644 648
644 649
644 654
644 664
644 674
644 684
644 694
644 744
644 844
644 944
645 45
645 145
645 245
645 345
645 545
645 605
645 615
645 625
645 635
645 640
645 643
645 644
645 646
645 647
645 648
645 655
645 685
645 845
645 945
646 46
646 146
646 246
646 346
646 446
646 546
646 616
646 626
646 641
646 642
646 643
646 644
646 645
646 647
646 649
646 656
646 666
646 686
646 696
646 746
646 846
647 47
647 147
647 247
647 347
647 447
647 607
647 617
647 627
647 640
647 641
647 643
647 644
647 646
647 648
647 649
647 657
647 667
647 677
647 687
647 747
647 847
647 947
648 48
648 148
648 248
648 348
648 448
648 608
648 618
648 628
648 638
648 640
648 641
648 642
648 643
648 644
648 645
648 646
648 649
648 658
648 668
648 678
648 688
648 848
648 948
649 49
649 249
649 549
649 609
649 619
649 629
649 639
649 643
649 644
649 645
649 647
649 648
649 669
649 679
649 689
649 699
649 749
649 849
650 50
650 150
650 250
650 550
650 600
650 610
650 620
650 630
650 640
650 651
650 652
650 653
650 654
650 655
650 657
650 670
650 680
650 690
650 750
650 850
650 950
651 251
651 351
651 451
651 551
651 611
651 621
651 631
651 641
651 652
651 653
651 655
651 659
651 661
651 671
651 681
651 691
652 52
652 252
652 352
652 452
652 552
652 612
652 622
652 632
652 642
652 651
652 653
652 654
652 655
652 656
652 657
652 658
652 659
652 672
652 682
652 692
652 752
652 852
653 53
653 153
653 253
653 353
653 453
653 553
653 603
653 633
653 643
653 650
653 651
653 652
653 656
653 657
653 659
653 683
653 693
653 853
654 54
654 154
654 254
654 354
654 454
654 604
654 614
654 624
654 634
654 644
654 650
654 651
654 653
654 655
654 657
654 658
654 659
654 664
654 674
654 684
654 754
654 854
654 954
655 55
655 155
655 255
655 355
655 455
655 555
655 605
655 615
655 625
655 635
655 645
655 650
655 651
655 653
655 654
655 658
655 659
655 665
655 675
655 685
655 755
655 855
656 356
656 456
656 556
656 606
656 616
656 626
656 650
656 651
656 652
656 654
656 655
656 657
656 658
656 659
656 676
656 686
656 696
656 756
656 856
656 956
657 57
657 257
657 357
657 457
657 607
657 617
657 637
657 650
657 651
657 652
657 653
657 654
657 655
657 656
657 658
657 659
657 677
657 687
657 697
657 757
657 857
657 957
658 158
658 358
658 558
658 608
658 628
658 638
658 650
658 651
658 652
658 653
658 654
658 656
658 657
658 659
658 668
658 688
658 698
658 758
658 858
659 59
659 159
659 259
659 359
659 459
659 559
659 619
659 639
659 649
659 650
659 651
659 653
659 654
659 657
659 669
659 679
659 759
659 859
659 959
660 160
660 260
660 360
660 460
660 560
660 600
660 610
660 620
660 630
660 640
660 650
660 661
660 662
660 663
660 664
660 665
660 666
660 668
660 669
660 670
660 760
660 860
660 960
661 61
661 261
661 361
661 461
661 561
661 601
661 611
661 621
661 631
661 651
661 660
661 663
661 664
661 665
661 666
661 667
661 668
661 671
661 681
661 691
661 761
661 861
661 961
662 62
662 162
662 262
662 362
662 562
662 602
662 612
662 622
662 632
662 642
662 652
662 660
662 661
662 663
662 667
662 668
662 669
662 672
662 682
662 692
662 762
662 862
663 63
663 163
663 263
663 363
663 463
663 563
663 603
663 623
663 633
663 643
663 653
663 661
663 664
663 666
663 667
663 668
663 669
663 673
663 693
663 763
663 963
664 64
664 164
664 264
664 364
664 464
664 604
664 614
664 624
664 634
664 644
664 654
664 660
664 662
664 663
664 665
664 666
664 667
664 669
664 674
664 694
664 764
664 864
664 964
665 65
665 265
665 615
665 645
665 655
665 660
665 662
665 663
665 666
665 667
665 669
665 695
665 765
665 865
666 66
666 166
666 266
666 366
666 466
666 566
666 606
666 616
666 626
666 636
666 656
666 661
666 662
666 663
666 664
666 667
666 668
666 669
666 686
666 766
666 866
667 167
667 267
667 367
667 467
667 567
667 607
667 617
667 627
667 637
667 647
667 657
667 660
667 661
667 663
667 664
667 665
667 666
667 668
667 669
667 677
667 687
667 697
667 767
667 867
667 967
668 68
668 168
668 268
668 468
668 568
668 608
668 628
668 638
668 658
668 660
668 661
668 662
668 663
668 664
668 665
668 667
668 678
668 868
668 968
669 69
669 169
669 269
669 369
669 469
669 569
669 609
669 619
669 629
669 639
669 659
669 661
669 662
669 663
669 664
669 667
669 668
669 679
669 689
669 769
670 70
670 170
670 270
670 470
670 570
670 600
670 610
670 630
670 640
670 660
670 671
670 672
670 673
670 674
670 675
670 676
670 677
670 678
670 870
671 71
671 171
671 271
671 371
671 571
671 611
671 621
671 631
671 641
671 661
671 672
671 674
671 675
671 677
671 678
671 681
671 771
671 871
671 971
672 72
672 172
672 272
672 372
672 472
672 572
672 602
672 612
672 622
672 632
672 642
672 671
672 673
672 674
672 675
672 676
672 678
672 679
672 682
672 692
672 772
672 972
673 73
673 273
673 373
673 473
673 573
673 603
673 613
673 623
673 633
673 643
673 653
673 663
673 671
673 672
673 675
673 676
673 678
673 679
673 683
673 873
673 973
674 174
674 274
674 474
674 574
674 604
674 624
674 634
674 644
674 664
674 670
674 671
674 672
674 673
674 675
674 676
674 677
674 679
674 684
674 774
674 874
674 974
675 75
675 175
675 275
675 475
675 605
675 615
675 625
675 635
675 645
675 665
675 670
675 672
675 673
675 674
675 676
675 678
675 695
675 775
675 875
675 975
676 276
676 476
676 606
676 626
676 636
676 646
676 656
676 666
676 671
676 672
676 673
676 677
676 679
676 696
676 776
676 976
677 77
677 277
677 377
677 477
677 577
677 607
677 627
677 637
677 657
677 667
677 670
677 671
677 672
677 673
677 674
677 675
677 676
677 678
677 679
677 687
677 697
677 777
677 977
678 178
678 278
678 378
678 478
678 578
678 628
678 638
678 658
678 671
678 673
678 674
678 675
678 676
678 679
678 688
678 978
679 79
679 179
679 279
679 379
679 579
679 629
679 649
679 670
679 671
679 673
679 674
679 675
679 689
679 699
679 779
679 879
679 979
680 180
680 280
680 380
680 600
680 610
680 620
680 630
680 640
680 650
680 660
680 670
680 681
680 682
680 683
680 684
680 685
680 686
680 687
680 689
680 690
680 780
680 880
680 980
681 181
681 281
681 381
681 581
681 611
681 621
681 641
681 651
681 661
681 671
681 680
681 682
681 683
681 685
681 686
681 687
681 688
681 689
681 691
681 781
681 881
681 981
682 82
682 382
682 482
682 622
682 632
682 642
682 662
682 672
682 681
682 683
682 684
682 686
682 687
682 688
682 689
682 782
682 882
683 83
683 283
683 383
683 483
683 583
683 613
683 623
683 643
683 653
683 663
683 673
683 680
683 681
683 685
683 687
683 688
683 689
683 693
683 783
683 983
684 84
684 284
684 614
684 624
684 644
684 654
684 664
684 680
684 681
684 683
684 686
684 687
684 688
684 689
684 694
684 784
684 884
684 984
685 85
685 485
685 585
685 605
685 615
685 625
685 645
685 655
685 665
685 675
685 682
685 684
685 686
685 687
685 688
685 689
685 695
685 785
685 985
686 86
686 286
686 486
686 606
686 616
686 636
686 646
686 676
686 681
686 682
686 683
686 684
686 685
686 687
686 688
686 689
686 786
686 886
686 986
687 187
687 287
687 387
687 487
687 587
687 607
687 627
687 637
687 647
687 657
687 677
687 681
687 683
687 684
687 685
687 688
687 697
687 787
687 887
687 987
688 88
688 188
688 288
688 588
688 608
688 618
688 628
688 668
688 678
688 680
688 681
688 684
688 685
688 686
688 687
688 698
688 888
688 988
689 189
689 589
689 609
689 619
689 629
689 639
689 649
689 659
689 669
689 679
689 683
689 685
689 687
689 688
689 699
689 789
689 889
689 989
690 90
690 190
690 290
690 390
690 490
690 590
690 600
690 610
690 630
690 660
690 670
690 691
690 692
690 693
690 694
690 698
690 699
690 790
690 890
690 990
691 291
691 391
691 491
691 591
691 621
691 631
691 651
691 671
691 681
691 690
691 692
691 694
691 697
691 698
691 699
691 891
691 991
692 92
692 192
692 392
692 492
692 612
692 622
692 632
692 642
692 662
692 682
692 691
692 694
692 695
692 697
692 699
692 792
692 892
693 93
693 193
693 293
693 493
693 603
693 613
693 623
693 633
693 643
693 653
693 663
693 673
693 690
693 691
693 692
693 694
693 695
693 696
693 697
693 698
693 699
693 793
693 893
693 993
694 94
694 394
694 494
694 594
694 604
694 614
694 624
694 644
694 654
694 664
694 674
694 690
694 691
694 692
694 697
694 698
694 794
694 994
695 95
695 295
695 395
695 495
695 595
695 605
695 615
695 625
695 635
695 645
695 655
695 665
695 685
695 690
695 691
695 693
695 694
695 696
695 697
695 699
695 895
695 995
696 96
696 196
696 296
696 396
696 596
696 606
696 626
696 656
696 666
696 686
696 690
696 691
696 692
696 693
696 694
696 697
696 699
696 796
696 896
696 996
697 97
697 197
697 297
697 397
697 597
697 607
697 617
697 627
697 637
697 647
697 657
697 667
697 677
697 687
697 690
697 691
697 692
697 693
697 698
697 797
697 897
697 997
698 98
698 198
698 298
698 398
698 498
698 608
698 618
698 628
698 638
698 648
698 658
698 668
698 678
698 690
698 691
698 692
698 693
698 694
698 695
698 696
698 699
698 798
698 998
699 299
699 399
699 499
699 599
699 609
699 619
699 629
699 639
699 659
699 669
699 679
699 690
699 691
699 693
699 694
699 697
699 698
699 799
699 899
700 0
700 100
700 200
700 300
700 400
700 701
700 702
700 703
700 704
700 705
700 706
700 707
700 708
700 709
700 720
700 730
700 750
700 760
700 770
700 780
700 790
700 900
701 1
701 401
701 501
701 601
701 700
701 703
701 705
701 707
701 708
701 709
701 721
701 731
701 741
701 761
701 771
701 781
701 791
701 801
702 2
702 302
702 502
702 700
702 701
702 703
702 704
702 706
702 708
702 722
702 732
702 742
702 752
702 762
702 772
702 782
702 792
702 802
702 902
703 3
703 103
703 203
703 403
703 503
703 603
703 700
703 701
703 702
703 704
703 706
703 707
703 708
703 709
703 713
703 723
703 733
703 743
703 763
703 773
703 783
703 793
703 803
703 903
704 4
704 204
704 304
704 404
704 604
704 700
704 701
704 702
704 705
704 706
704 707
704 708
704 709
704 714
704 724
704 734
704 754
704 764
704 774
704 784
704 794
704 804
704 904
705 5
705 205
705 305
705 505
705 605
705 701
705 702
705 703
705 706
705 707
705 715
705 725
705 735
705 745
705 755
705 765
705 775
705 795
705 905
706 6
706 106
706 206
706 306
706 506
706 606
706 701
706 703
706 705
706 707
706 708
706 709
706 726
706 736
706 756
706 766
706 776
706 786
706 796
706 806
707 7
707 107
707 207
707 307
707 407
707 507
707 607
707 700
707 701
707 702
707 703
707 705
707 706
707 708
707 709
707 737
707 767
707 777
707 797
707 807
707 907
708 108
708 208
708 308
708 408
708 508
708 608
708 702
708 703
708 704
708 705
708 709
708 738
708 748
708 758
708 778
708 798
708 808
708 908
709 9
709 109
709 409
709 509
709 609
709 700
709 702
709 704
709 705
709 707
709 729
709 739
709 749
709 769
709 779
709 789
709 809
709 909
710 10
710 110
710 210
710 310
710 410
710 510
710 610
710 700
710 711
710 712
710 714
710 715
710 717
710 718
710 719
710 720
710 730
710 740
710 750
710 760
710 780
710 790
710 810
710 910
711 11
711 111
711 211
711 411
711 511
711 611
711 701
711 710
711 712
711 714
711 715
711 716
711 718
711 719
711 721
711 741
711 751
711 791
711 811
712 12
712 112
712 312
712 412
712 612
712 702
712 710
712 711
712 714
712 715
712 716
712 718
712 719
712 722
712 742
712 762
712 772
712 782
712 792
712 812
712 912
713 13
713 113
713 213
713 313
713 413
713 613
713 703
713 710
713 711
713 712
713 714
713 717
713 718
713 719
713 743
713 753
713 763
713 783
713 793
713 813
713 913
714 14
714 114
714 214
714 314
714 414
714 614
714 704
714 710
714 711
714 713
714 715
714 716
714 717
714 718
714 719
714 724
714 744
714 754
714 764
714 774
714 784
714 814
714 914
715 15
715 115
715 215
715 415
715 515
715 615
715 705
715 710
715 711
715 712
715 713
715 716
715 717
715 718
715 719
715 735
715 745
715 755
715 765
715 775
715 785
715 815
715 915
716 116
716 216
716 316
716 416
716 616
716 706
716 710
716 711
716 712
716 713
716 715
716 717
716 719
716 726
716 736
716 746
716 756
716 786
716 816
716 916
717 17
717 217
717 317
717 517
717 617
717 707
717 710
717 711
717 712
717 713
717 714
717 715
717 718
717 727
717 747
717 757
717 767
717 777
717 817
717 917
718 218
718 418
718 518
718 618
718 708
718 710
718 711
718 712
718 714
718 715
718 716
718 719
718 728
718 748
718 758
718 768
718 778
718 788
718 798
718 818
718 918
719 119
719 219
719 319
719 419
719 519
719 619
719 709
719 711
719 712
719 715
719 716
719 717
719 718
719 729
719 749
719 759
719 779
719 789
719 799
719 919
720 120
720 220
720 320
720 420
720 520
720 700
720 722
720 723
720 724
720 726
720 727
720 728
720 729
720 730
720 740
720 750
720 760
720 770
720 790
720 820
721 21
721 121
721 221
721 421
721 521
721 701
721 711
721 720
721 722
721 723
721 725
721 726
721 727
721 728
721 731
721 741
721 771
721 821
721 921
722 22
722 222
722 322
722 422
722 522
722 622
722 702
722 720
722 724
722 725
722 726
722 727
722 728
722 729
722 732
722 742
722 782
722 792
723 23
723 123
723 323
723 423
723 523
723 703
723 713
723 720
723 722
723 724
723 725
723 726
723 727
723 728
723 729
723 733
723 743
723 753
723 763
723 773
723 793
723 823
723 923
724 124
724 224
724 324
724 424
724 524
724 624
724 704
724 714
724 721
724 722
724 723
724 725
724 726
724 728
724 729
724 734
724 744
724 754
724 764
724 794
724 924
725 125
725 525
725 625
725 715
725 720
725 721
725 722
725 723
725 724
725 726
725 727
725 728
725 729
725 755
725 765
725 775
725 785
725 795
725 825
726 126
726 226
726 426
726 706
726 716
726 720
726 721
726 722
726 723
726 724
726 725
726 727
726 728
726 729
726 736
726 746
726 776
726 826
727 27
727 227
727 327
727 527
727 627
727 707
727 717
727 720
727 721
727 722
727 724
727 728
727 737
727 747
727 767
727 777
727 787
727 797
727 827
727 927
728 28
728 128
728 228
728 428
728 528
728 628
728 708
728 718
728 720
728 721
728 722
728 723
728 724
728 725
728 738
728 748
728 768
728 778
728 788
728 798
728 828
728 928
729 129
729 229
729 429
729 629
729 721
729 722
729 723
729 725
729 727
729 728
729 739
729 759
729 769
729 789
729 799
729 829
729 929
730 30
730 230
730 430
730 530
730 630
730 700
730 720
730 731
730 732
730 733
730 734
730 735
730 736
730 737
730 740
730 750
730 770
730 780
730 790
730 830
730 930
731 131
731 331
731 431
731 711
731 733
731 734
731 735
731 737
731 738
731 739
731 741
731 751
731 761
731 771
731 781
731 791
731 831
731 931
732 132
732 432
732 532
732 632
732 712
732 722
732 730
732 731
732 735
732 737
732 738
732 739
732 762
732 772
732 792
732 832
732 932
733 33
733 233
733 333
733 533
733 633
733 703
733 713
733 723
733 731
733 732
733 737
733 753
733 773
733 783
733 793
733 933
734 34
734 134
734 234
734 334
734 434
734 534
734 634
734 704
734 714
734 724
734 730
734 731
734 732
734 733
734 736
734 737
734 738
734 739
734 744
734 764
734 774
734 784
734 834
734 934
735 35
735 135
735 235
735 335
735 535
735 635
735 715
735 725
735 730
735 731
735 732
735 733
735 734
735 736
735 737
735 738
735 745
735 755
735 765
735 775
735 785
735 795
736 136
736 236
736 336
736 436
736 636
736 706
736 716
736 726
736 731
736 732
736 733
736 735
736 737
736 739
736 746
736 756
736 766
736 796
736 836
736 936
737 137
737 237
737 337
737 437
737 537
737 637
737 707
737 717
737 727
737 730
737 733
737 734
737 735
737 738
737 739
737 747
737 767
737 777
737 787
737 797
737 837
738 38
738 138
738 338
738 438
738 638
738 708
738 718
738 730
738 731
738 732
738 733
738 734
738 735
738 736
738 737
738 748
738 768
738 778
738 788
738 838
738 938
739 139
739 239
739 439
739 539
739 639
739 709
739 719
739 729
739 730
739 731
739 732
739 733
739 734
739 735
739 737
739 738
739 749
739 759
739 769
739 779
739 789
739 799
739 939
740 140
740 240
740 340
740 440
740 540
740 700
740 710
740 730
740 741
740 743
740 744
740 745
740 746
740 747
740 748
740 760
740 770
740 780
740 790
740 840
740 940
741 141
741 341
741 441
741 541
741 641
741 701
741 721
741 740
741 742
741 743
741 744
741 745
741 746
741 747
741 748
741 761
741 771
741 791
741 841
741 941
742 142
742 442
742 542
742 642
742 702
742 712
742 722
742 732
742 740
742 741
742 743
742 744
742 745
742 746
742 747
742 748
742 749
742 752
742 762
742 782
742 792
742 842
742 942
743 43
743 243
743 343
743 443
743 643
743 733
743 740
743 741
743 742
743 745
743 746
743 748
743 749
743 753
743 763
743 773
743 783
743 793
743 943
744 144
744 244
744 344
744 444
744 544
744 704
744 714
744 734
744 740
744 741
744 743
744 746
744 747
744 748
744 749
744 754
744 784
744 794
744 844
744 944
745 45
745 145
745 245
745 445
745 645
745 715
745 725
745 735
745 740
745 741
745 743
745 744
745 747
745 748
745 749
745 765
745 775
745 785
745 795
745 845
745 945
746 146
746 246
746 446
746 646
746 706
746 716
746 726
746 740
746 741
746 742
746 743
746 744
746 745
746 747
746 748
746 749
746 756
746 766
746 786
746 796
746 846
746 946
747 47
747 147
747 347
747 547
747 647
747 707
747 717
747 727
747 740
747 742
747 743
747 744
747 746
747 748
747 757
747 767
747 777
747 947
748 148
748 348
748 448
748 548
748 648
748 708
748 718
748 728
748 738
748 740
748 741
748 742
748 744
748 745
748 746
748 747
748 749
748 768
748 778
748 788
748 798
748 848
748 948
749 49
749 149
749 249
749 349
749 449
749 649
749 709
749 729
749 740
749 741
749 742
749 743
749 744
749 745
749 746
749 747
749 748
749 759
749 779
749 789
749 849
749 949
750 50
750 150
750 250
750 350
750 450
750 550
750 700
750 710
750 720
750 730
750 740
750 753
750 755
750 756
750 759
750 770
750 780
750 790
750 950
751 51
751 451
751 551
751 651
751 701
751 711
751 721
751 731
751 741
751 750
751 752
751 754
751 755
751 757
751 761
751 771
751 781
751 951
752 52
752 152
752 252
752 352
752 652
752 712
752 722
752 732
752 742
752 750
752 751
752 753
752 754
752 755
752 757
752 758
752 759
752 772
752 782
752 792
752 852
752 952
753 53
753 253
753 353
753 453
753 653
753 703
753 713
753 723
753 733
753 743
753 751
753 752
753 755
753 763
753 773
753 793
753 853
753 953
754 54
754 154
754 254
754 454
754 554
754 654
754 704
754 724
754 734
754 750
754 753
754 755
754 756
754 757
754 758
754 759
754 764
754 774
754 784
754 794
754 954
755 55
755 155
755 255
755 355
755 455
755 555
755 655
755 705
755 715
755 725
755 735
755 745
755 752
755 753
755 754
755 756
755 758
755 759
755 785
755 795
755 855
755 955
756 56
756 156
756 256
756 356
756 456
756 556
756 656
756 706
756 726
756 736
756 746
756 750
756 751
756 752
756 753
756 755
756 757
756 758
756 759
756 766
756 776
756 786
756 796
756 856
756 956
757 57
757 157
757 257
757 357
757 457
757 557
757 657
757 707
757 717
757 727
757 737
757 747
757 750
757 751
757 752
757 753
757 755
757 758
757 759
757 767
757 777
757 787
757 797
757 857
758 58
758 158
758 258
758 358
758 458
758 558
758 658
758 708
758 718
758 728
758 738
758 748
758 750
758 751
758 752
758 753
758 754
758 755
758 756
758 759
758 768
758 778
758 798
758 858
758 958
759 59
759 159
759 259
759 559
759 709
759 750
759 751
759 752
759 753
759 755
759 757
759 769
759 779
759 789
759 799
759 859
760 60
760 160
760 260
760 360
760 460
760 560
760 660
760 700
760 710
760 720
760 730
760 740
760 750
760 761
760 763
760 764
760 765
760 766
760 767
760 768
760 769
760 770
760 780
760 790
760 860
761 61
761 161
761 261
761 361
761 461
761 561
761 701
761 711
761 721
761 731
761 741
761 751
761 760
761 762
761 763
761 764
761 765
761 766
761 767
761 768
761 781
761 791
761 861
761 961
762 62
762 162
762 262
762 362
762 662
762 702
762 712
762 722
762 742
762 752
762 760
762 761
762 763
762 764
762 766
762 767
762 768
762 769
762 782
762 962
763 263
763 363
763 463
763 563
763 713
763 723
763 733
763 753
763 761
763 764
763 766
763 767
763 768
763 769
763 773
763 783
763 793
763 863
763 963
764 164
764 264
764 364
764 464
764 564
764 664
764 704
764 714
764 724
764 734
764 744
764 754
764 760
764 761
764 762
764 765
764 766
764 767
764 769
764 774
764 784
764 794
764 964
765 165
765 265
765 565
765 665
765 705
765 715
765 725
765 735
765 745
765 755
765 760
765 761
765 762
765 763
765 764
765 766
765 767
765 775
765 795
765 865
766 66
766 166
766 266
766 466
766 666
766 706
766 716
766 726
766 756
766 762
766 763
766 764
766 767
766 769
766 776
766 786
766 796
766 866
766 966
767 67
767 167
767 667
767 717
767 747
767 757
767 760
767 762
767 765
767 766
767 768
767 769
767 797
767 867
767 967
768 68
768 168
768 268
768 368
768 468
768 568
768 668
768 708
768 718
768 728
768 748
768 760
768 763
768 764
768 765
768 766
768 767
768 769
768 778
768 788
768 798
768 868
768 968
769 69
769 269
769 369
769 469
769 669
769 709
769 719
769 739
769 749
769 759
769 760
769 761
769 763
769 765
769 766
769 779
769 789
769 799
769 969
770 70
770 170
770 270
770 470
770 570
770 670
770 700
770 710
770 720
770 730
770 772
770 773
770 774
770 776
770 777
770 778
770 779
770 780
770 870
770 970
771 71
771 171
771 371
771 571
771 671
771 701
771 711
771 731
771 741
771 761
771 770
771 772
771 774
771 775
771 776
771 777
771 778
771 779
771 781
771 791
771 871
772 172
772 272
772 372
772 472
772 572
772 672
772 702
772 722
772 742
772 762
772 770
772 771
772 773
772 774
772 775
772 777
772 778
772 779
772 782
772 872
773 173
773 273
773 373
773 473
773 573
773 673
773 703
773 713
773 723
773 733
773 743
773 753
773 763
773 770
773 771
773 772
773 774
773 775
773 776
773 777
773 779
773 783
773 793
774 74
774 174
774 274
774 574
774 674
774 704
774 714
774 724
774 734
774 744
774 754
774 773
774 775
774 784
774 794
774 974
775 75
775 275
775 375
775 475
775 575
775 675
775 715
775 725
775 735
775 745
775 755
775 770
775 771
775 774
775 777
775 778
775 785
775 795
775 975
776 76
776 176
776 476
776 576
776 706
776 716
776 726
776 736
776 746
776 756
776 770
776 771
776 772
776 773
776 774
776 775
776 777
776 778
776 779
776 786
776 796
776 876
776 976
777 77
777 177
777 277
777 377
777 477
777 577
777 677
777 727
777 737
777 767
777 770
777 771
777 772
777 774
777 775
777 778
777 779
777 787
777 877
777 977
778 78
778 178
778 278
778 378
778 578
778 678
778 708
778 718
778 728
778 758
778 768
778 770
778 771
778 772
778 773
778 774
778 775
778 776
778 777
778 779
778 788
778 798
778 878
778 978
779 79
779 279
779 379
779 479
779 579
779 709
779 729
779 739
779 749
779 759
779 769
779 771
779 772
779 773
779 774
779 775
779 776
779 789
779 799
779 879
780 280
780 380
780 580
780 680
780 700
780 710
780 720
780 760
780 770
780 783
780 785
780 787
780 788
780 789
780 790
780 980
781 181
781 281
781 481
781 581
781 701
781 711
781 721
781 731
781 741
781 761
781 771
781 780
781 782
781 784
781 785
781 786
781 787
781 788
781 789
782 82
782 182
782 282
782 582
782 702
782 712
782 732
782 742
782 752
782 762
782 780
782 783
782 784
782 785
782 786
782 787
782 788
782 789
782 882
783 83
783 183
783 283
783 583
783 713
783 723
783 733
783 743
783 753
783 763
783 773
783 780
783 781
783 784
783 785
783 786
783 788
783 789
783 793
783 883
784 84
784 284
784 484
784 584
784 684
784 704
784 714
784 724
784 734
784 744
784 754
784 764
784 774
784 780
784 785
784 786
784 787
784 788
784 789
784 884
784 984
785 185
785 285
785 485
785 585
785 685
785 705
785 715
785 745
785 755
785 765
785 775
785 781
785 782
785 786
785 789
785 885
785 985
786 86
786 286
786 386
786 586
786 686
786 716
786 726
786 736
786 746
786 766
786 776
786 780
786 782
786 783
786 784
786 785
786 787
786 788
786 796
786 986
787 87
787 187
787 387
787 487
787 587
787 687
787 707
787 717
787 727
787 747
787 757
787 767
787 780
787 783
787 785
787 786
787 788
787 789
787 987
788 88
788 188
788 388
788 588
788 688
788 708
788 718
788 728
788 738
788 748
788 758
788 768
788 778
788 780
788 781
788 782
788 784
788 785
788 786
788 787
788 789
788 798
788 888
788 988
789 89
789 189
789 289
789 489
789 589
789 709
789 719
789 729
789 759
789 780
789 781
789 782
789 783
789 784
789 785
789 786
789 788
789 799
789 889
790 90
790 190
790 290
790 490
790 690
790 700
790 710
790 720
790 740
790 750
790 770
790 780
790 793
790 794
790 795
790 797
790 799
790 990
791 91
791 191
791 291
791 491
791 591
791 691
791 711
791 721
791 731
791 751
791 761
791 771
791 781
791 790
791 793
791 794
791 795
791 797
791 798
791 799
791 891
791 991
792 192
792 292
792 392
792 492
792 592
792 692
792 732
792 752
792 762
792 772
792 782
792 790
792 791
792 793
792 794
792 795
792 796
792 892
793 93
793 193
793 293
793 393
793 493
793 593
793 693
793 703
793 713
793 723
793 763
793 783
793 790
793 791
793 792
793 794
793 798
793 893
793 993
794 94
794 594
794 694
794 704
794 714
794 734
794 744
794 764
794 774
794 784
794 790
794 792
794 793
794 795
794 796
794 797
794 894
794 994
795 95
795 195
795 295
795 395
795 495
795 595
795 695
795 705
795 715
795 725
795 735
795 745
795 755
795 775
795 785
795 790
795 791
795 793
795 794
795 796
795 797
795 798
795 799
795 895
796 296
796 396
796 496
796 596
796 696
796 716
796 726
796 756
796 766
796 776
796 786
796 790
796 791
796 792
796 793
796 794
796 795
796 797
796 798
796 799
796 896
796 996
797 197
797 297
797 397
797 497
797 597
797 697
797 707
797 717
797 727
797 737
797 747
797 767
797 777
797 787
797 792
797 793
797 794
797 798
797 799
797 897
797 997
798 98
798 198
798 498
798 598
798 708
798 718
798 728
798 738
798 768
798 778
798 790
798 791
798 792
798 794
798 799
798 898
798 998
799 299
799 399
799 699
799 709
799 749
799 769
799 789
799 791
799 792
799 793
799 794
799 795
799 797
799 798
799 899
799 999
800 100
800 200
800 600
800 700
800 801
800 802
800 804
800 805
800 808
800 809
800 810
800 820
800 830
800 870
800 880
800 900
801 1
801 101
801 201
801 501
801 601
801 800
801 802
801 803
801 804
801 805
801 808
801 809
801 811
801 821
801 841
801 851
801 861
801 871
801 881
801 891
801 901
802 102
802 202
802 402
802 602
802 800
802 806
802 808
802 809
802 822
802 832
802 842
802 852
802 862
802 872
802 892
802 902
803 103
803 203
803 303
803 503
803 603
803 800
803 802
803 805
803 806
803 807
803 808
803 809
803 813
803 823
803 833
803 843
803 863
803 883
803 893
803 903
804 4
804 304
804 404
804 504
804 604
804 704
804 800
804 802
804 803
804 805
804 806
804 808
804 809
804 824
804 834
804 844
804 854
804 864
804 874
804 894
804 904
805 5
805 105
805 205
805 305
805 405
805 505
805 605
805 705
805 800
805 801
805 802
805 803
805 804
805 806
805 807
805 808
805 809
805 815
805 825
805 835
805 845
805 855
805 865
805 875
805 885
805 895
805 905
806 6
806 106
806 206
806 306
806 406
806 506
806 606
806 800
806 801
806 807
806 808
806 809
806 816
806 826
806 836
806 846
806 856
806 866
806 876
806 886
806 896
806 906
807 7
807 107
807 307
807 407
807 507
807 607
807 707
807 800
807 801
807 802
807 803
807 804
807 805
807 808
807 809
807 817
807 827
807 837
807 847
807 857
807 867
807 877
807 887
807 897
807 907
808 8
808 108
808 208
808 308
808 408
808 608
808 708
808 801
808 802
808 803
808 805
808 807
808 809
808 818
808 828
808 848
808 878
808 888
808 898
808 908
809 9
809 109
809 209
809 309
809 409
809 509
809 609
809 800
809 803
809 805
809 819
809 829
809 839
809 849
809 859
809 869
809 899
809 909
810 10
810 110
810 310
810 510
810 710
810 800
810 813
810 814
810 816
810 818
810 819
810 820
810 830
810 840
810 850
810 860
810 870
810 880
810 890
810 910
811 211
811 311
811 411
811 511
811 711
811 810
811 814
811 815
811 818
811 819
811 821
811 831
811 841
811 851
811 861
811 871
811 881
811 891
811 911
812 112
812 212
812 312
812 412
812 512
812 612
812 712
812 802
812 810
812 811
812 813
812 814
812 816
812 817
812 818
812 819
812 832
812 842
812 852
812 862
812 882
812 892
812 912
813 13
813 213
813 313
813 513
813 613
813 713
813 810
813 811
813 812
813 814
813 815
813 816
813 817
813 818
813 823
813 843
813 853
813 883
814 14
814 114
814 314
814 414
814 514
814 614
814 714
814 804
814 810
814 811
814 815
814 816
814 818
814 819
814 824
814 834
814 854
814 864
814 874
814 884
814 894
815 215
815 315
815 415
815 715
815 805
815 810
815 812
815 813
815 814
815 816
815 818
815 819
815 825
815 835
815 845
815 855
815 865
815 875
815 885
815 895
815 915
816 16
816 116
816 216
816 416
816 516
816 716
816 810
816 811
816 812
816 815
816 817
816 818
816 819
816 826
816 856
816 866
816 876
816 886
817 17
817 117
817 417
817 617
817 810
817 811
817 812
817 813
817 814
817 815
817 818
817 827
817 837
817 857
817 877
817 887
817 897
817 917
818 18
818 118
818 218
818 318
818 418
818 618
818 718
818 812
818 815
818 816
818 817
818 819
818 828
818 838
818 848
818 858
818 868
818 878
818 888
818 898
818 918
819 119
819 319
819 419
819 519
819 619
819 719
819 810
819 812
819 813
819 814
819 817
819 818
819 829
819 839
819 849
819 859
819 869
820 20
820 220
820 320
820 420
820 720
820 800
820 810
820 821
820 822
820 823
820 824
820 825
820 826
820 827
820 828
820 829
820 830
820 840
820 850
820 860
820 870
820 880
820 890
820 920
821 21
821 221
821 321
821 421
821 521
821 621
821 721
821 801
821 811
821 820
821 822
821 824
821 825
821 826
821 827
821 828
821 829
821 831
821 841
821 851
821 861
821 871
821 881
821 891
821 921
822 22
822 222
822 422
822 522
822 622
822 722
822 812
822 821
822 823
822 824
822 825
822 826
822 827
822 828
822 829
822 832
822 842
822 852
822 872
822 882
822 892
823 23
823 123
823 323
823 423
823 523
823 623
823 723
823 803
823 813
823 821
823 822
823 824
823 825
823 826
823 827
823 828
823 829
823 833
823 843
823 853
823 873
823 883
823 893
823 923
824 24
824 124
824 324
824 424
824 524
824 724
824 804
824 814
824 820
824 821
824 822
824 823
824 826
824 827
824 874
824 894
824 924
825 125
825 325
825 525
825 625
825 815
825 820
825 821
825 823
825 824
825 826
825 827
825 828
825 845
825 855
825 865
825 885
825 895
825 925
826 26
826 126
826 226
826 526
826 626
826 726
826 806
826 816
826 821
826 822
826 823
826 825
826 828
826 829
826 846
826 866
826 876
826 886
826 896
827 127
827 227
827 427
827 527
827 627
827 807
827 817
827 820
827 822
827 823
827 824
827 826
827 828
827 829
827 847
827 857
827 867
827 877
827 887
827 897
827 927
828 128
828 228
828 328
828 428
828 528
828 628
828 728
828 808
828 818
828 820
828 821
828 822
828 823
828 824
828 825
828 826
828 827
828 829
828 838
828 848
828 858
828 868
828 878
828 888
828 898
828 928
829 29
829 129
829 329
829 429
829 529
829 629
829 729
829 819
829 822
829 824
829 825
829 826
829 827
829 828
829 839
829 849
829 859
829 869
829 879
829 889
829 899
829 929
830 30
830 130
830 530
830 630
830 831
830 832
830 833
830 835
830 836
830 837
830 838
830 839
830 840
830 880
831 131
831 231
831 331
831 531
831 731
831 801
831 811
831 821
831 832
831 833
831 834
831 835
831 836
831 837
831 838
831 839
831 841
831 861
831 871
831 881
831 891
831 931
832 32
832 132
832 332
832 432
832 732
832 802
832 822
832 830
832 831
832 834
832 835
832 836
832 838
832 839
832 852
832 862
832 872
832 882
832 932
833 33
833 133
833 233
833 333
833 433
833 533
833 633
833 733
833 813
833 823
833 831
833 832
833 834
833 835
833 836
833 837
833 838
833 863
833 873
833 883
833 893
833 933
834 134
834 234
834 634
834 734
834 814
834 824
834 830
834 831
834 835
834 836
834 837
834 838
834 839
834 844
834 854
834 874
834 894
834 934
835 35
835 135
835 235
835 535
835 635
835 735
835 805
835 825
835 830
835 833
835 834
835 836
835 839
835 845
835 855
835 865
835 895
835 935
836 36
836 136
836 336
836 436
836 536
836 636
836 736
836 806
836 816
836 826
836 830
836 831
836 832
836 833
836 834
836 837
836 838
836 846
836 856
836 866
836 886
836 896
836 936
837 37
837 137
837 237
837 437
837 537
837 637
837 737
837 807
837 817
837 827
837 832
837 834
837 835
837 836
837 839
837 847
837 867
837 877
837 887
837 897
837 937
838 138
838 338
838 438
838 538
838 638
838 808
838 818
838 828
838 831
838 832
838 833
838 835
838 837
838 839
838 848
838 858
838 868
838 878
838 898
838 938
839 139
839 339
839 439
839 539
839 639
839 739
839 809
839 819
839 829
839 830
839 831
839 832
839 833
839 834
839 836
839 838
839 849
839 859
839 869
839 889
839 899
839 939
840 40
840 140
840 240
840 340
840 440
840 540
840 740
840 800
840 810
840 820
840 830
840 841
840 842
840 843
840 845
840 846
840 847
840 849
840 850
840 860
840 880
840 890
841 141
841 241
841 541
841 641
841 741
841 801
841 821
841 831
841 842
841 843
841 845
841 846
841 847
841 848
841 849
841 861
841 871
841 891
841 941
842 42
842 142
842 242
842 342
842 542
842 642
842 742
842 802
842 812
842 822
842 832
842 840
842 841
842 843
842 845
842 846
842 848
842 849
842 852
842 862
842 882
842 892
842 942
843 243
843 343
843 543
843 643
843 743
843 803
843 833
843 840
843 841
843 844
843 845
843 846
843 848
843 849
843 853
843 873
843 893
844 44
844 144
844 244
844 344
844 444
844 544
844 644
844 744
844 804
844 814
844 824
844 834
844 840
844 841
844 842
844 846
844 847
844 848
844 849
844 854
844 874
844 884
844 944
845 45
845 145
845 245
845 345
845 445
845 545
845 645
845 745
845 815
845 825
845 840
845 841
845 842
845 843
845 844
845 846
845 847
845 848
845 849
845 865
845 885
845 895
846 246
846 346
846 446
846 546
846 646
846 746
846 816
846 836
846 840
846 841
846 844
846 847
846 848
846 849
846 866
846 876
846 896
846 946
847 147
847 247
847 347
847 447
847 547
847 747
847 817
847 840
847 842
847 843
847 844
847 845
847 846
847 848
847 849
847 867
847 877
847 887
847 947
848 48
848 148
848 248
848 348
848 448
848 548
848 648
848 748
848 808
848 840
848 841
848 843
848 844
848 846
848 847
848 849
848 858
848 868
848 878
848 888
848 948
849 149
849 249
849 349
849 449
849 549
849 749
849 829
849 842
849 843
849 844
849 869
849 879
849 899
849 949
850 250
850 350
850 450
850 550
850 750
850 800
850 810
850 820
850 830
850 840
850 852
850 853
850 854
850 855
850 856
850 858
850 859
850 860
850 870
850 890
850 950
851 51
851 151
851 251
851 451
851 551
851 651
851 751
851 801
851 831
851 841
851 850
851 853
851 854
851 857
851 871
851 881
851 951
852 252
852 352
852 452
852 552
852 752
852 802
852 812
852 832
852 842
852 851
852 853
852 855
852 856
852 859
852 872
852 882
852 952
853 53
853 153
853 453
853 753
853 803
853 813
853 823
853 833
853 843
853 850
853 851
853 852
853 856
853 857
853 858
853 859
853 863
853 873
853 883
853 953
854 54
854 154
854 254
854 454
854 554
854 754
854 824
854 834
854 844
854 851
854 852
854 853
854 855
854 856
854 857
854 858
854 864
854 874
854 894
854 954
855 55
855 155
855 455
855 805
855 815
855 835
855 845
855 850
855 851
855 852
855 853
855 854
855 856
855 857
855 858
855 859
855 865
855 885
855 895
855 955
856 56
856 156
856 256
856 356
856 456
856 556
856 656
856 756
856 806
856 816
856 826
856 836
856 846
856 851
856 852
856 858
856 866
856 876
856 896
856 956
857 57
857 157
857 257
857 357
857 827
857 837
857 847
857 850
857 851
857 852
857 853
857 854
857 855
857 856
857 858
857 859
857 867
857 887
858 158
858 258
858 358
858 458
858 558
858 658
858 758
858 808
858 838
858 848
858 850
858 851
858 852
858 853
858 854
858 855
858 856
858 859
858 868
858 878
858 888
858 898
859 59
859 159
859 359
859 459
859 559
859 659
859 819
859 829
859 839
859 849
859 850
859 851
859 852
859 853
859 854
859 856
859 857
859 858
859 869
859 879
859 899
859 959
860 160
860 260
860 360
860 660
860 760
860 800
860 810
860 820
860 830
860 840
860 861
860 864
860 865
860 866
860 867
860 868
860 869
860 870
860 890
860 960
861 61
861 161
861 261
861 361
861 561
861 761
861 801
861 821
861 831
861 841
861 851
861 860
861 863
861 864
861 865
861 866
861 867
861 869
861 871
861 961
862 262
862 362
862 562
862 662
862 762
862 812
862 822
862 842
862 852
862 860
862 861
862 863
862 865
862 866
862 867
862 868
862 869
862 872
862 882
862 892
862 962
863 63
863 163
863 263
863 463
863 563
863 663
863 763
863 803
863 813
863 823
863 843
863 853
863 860
863 861
863 864
863 865
863 866
863 867
863 869
863 873
863 883
863 963
864 164
864 364
864 464
864 564
864 664
864 764
864 804
864 814
864 824
864 834
864 844
864 862
864 863
864 866
864 867
864 868
864 869
864 874
864 884
864 894
864 964
865 165
865 265
865 465
865 565
865 765
865 805
865 815
865 825
865 845
865 860
865 861
865 862
865 863
865 864
865 866
865 868
865 875
865 885
865 895
865 965
866 166
866 366
866 466
866 666
866 826
866 836
866 846
866 860
866 861
866 862
866 864
866 865
866 868
866 876
866 896
866 966
867 67
867 167
867 267
867 367
867 567
867 807
867 817
867 827
867 860
867 862
867 864
867 865
867 866
867 868
867 869
867 877
867 887
867 897
867 967
868 68
868 168
868 268
868 368
868 468
868 568
868 668
868 808
868 818
868 828
868 858
868 860
868 861
868 863
868 864
868 869
868 878
868 888
868 898
868 968
869 69
869 269
869 369
869 469
869 569
869 669
869 769
869 809
869 819
869 859
869 860
869 861
869 862
869 863
869 864
869 865
869 866
869 879
869 889
869 899
870 70
870 170
870 270
870 370
870 570
870 670
870 810
870 820
870 830
870 840
870 850
870 860
870 871
870 872
870 873
870 875
870 876
870 877
870 878
870 879
870 880
870 890
870 970
871 271
871 371
871 471
871 571
871 771
871 801
871 811
871 831
871 841
871 851
871 870
871 873
871 874
871 876
871 877
871 878
871 879
871 881
871 891
871 971
872 72
872 272
872 572
872 672
872 802
872 812
872 822
872 842
872 871
872 873
872 875
872 876
872 877
872 878
872 879
872 892
873 273
873 373
873 473
873 573
873 773
873 803
873 813
873 833
873 863
873 870
873 872
873 874
873 875
873 877
873 878
873 879
873 883
873 893
873 973
874 174
874 274
874 374
874 474
874 574
874 674
874 774
874 804
874 824
874 834
874 854
874 870
874 872
874 873
874 875
874 876
874 878
874 879
874 884
874 894
874 974
875 75
875 175
875 275
875 475
875 575
875 675
875 775
875 805
875 815
875 825
875 835
875 845
875 855
875 870
875 871
875 872
875 874
875 876
875 877
875 878
875 879
875 885
875 975
876 76
876 176
876 276
876 376
876 476
876 576
876 676
876 806
876 816
876 836
876 856
876 866
876 870
876 871
876 873
876 874
876 875
876 877
876 878
876 879
876 886
876 896
876 976
877 77
877 277
877 577
877 677
877 777
877 807
877 827
877 847
877 857
877 867
877 870
877 871
877 872
877 873
877 874
877 876
877 878
877 879
877 887
877 977
878 178
878 278
878 378
878 478
878 678
878 778
878 808
878 828
878 858
878 868
878 871
878 873
878 874
878 875
878 876
878 879
878 888
878 978
879 79
879 179
879 279
879 379
879 579
879 779
879 809
879 819
879 829
879 839
879 849
879 859
879 873
879 874
879 877
879 878
879 889
879 899
879 979
880 80
880 180
880 280
880 380
880 480
880 580
880 680
880 780
880 800
880 810
880 820
880 830
880 850
880 860
880 870
880 881
880 882
880 883
880 884
880 885
880 887
880 888
880 890
880 980
881 281
881 381
881 481
881 681
881 781
881 801
881 811
881 831
881 841
881 851
881 861
881 871
881 882
881 883
881 884
881 885
881 888
881 981
882 82
882 182
882 282
882 382
882 482
882 582
882 682
882 802
882 812
882 822
882 842
882 852
882 862
882 872
882 883
882 884
882 886
882 887
882 889
882 892
883 83
883 283
883 383
883 483
883 683
883 813
883 823
883 833
883 843
883 853
883 863
883 881
883 884
883 885
883 886
883 887
883 888
883 889
883 893
884 84
884 184
884 384
884 584
884 804
884 824
884 834
884 844
884 854
884 864
884 874
884 880
884 883
884 885
884 886
884 887
884 888
884 889
884 894
884 984
885 85
885 285
885 485
885 585
885 685
885 785
885 805
885 835
885 855
885 865
885 875
885 880
885 881
885 882
885 883
885 884
885 886
885 887
885 888
885 895
885 985
886 186
886 286
886 386
886 486
886 586
886 686
886 786
886 806
886 816
886 836
886 846
886 856
886 866
886 876
886 880
886 881
886 882
886 885
887 87
887 187
887 287
887 387
887 487
887 587
887 787
887 827
887 847
887 867
887 877
887 880
887 881
887 884
887 885
887 886
887 889
887 897
887 987
888 88
888 188
888 288
888 388
888 488
888 588
888 688
888 788
888 818
888 828
888 838
888 858
888 868
888 882
888 884
888 885
888 886
888 887
888 889
888 988
889 189
889 289
889 389
889 489
889 589
889 689
889 809
889 819
889 849
889 859
889 869
889 879
889 880
889 881
889 882
889 885
889 886
889 887
889 888
889 899
889 989
890 90
890 190
890 290
890 390
890 590
890 690
890 790
890 800
890 810
890 820
890 830
890 840
890 850
890 860
890 880
890 892
890 894
890 895
890 896
890 897
890 898
890 899
891 91
891 191
891 291
891 391
891 491
891 591
891 691
891 791
891 801
891 811
891 821
891 841
891 851
891 861
891 871
891 881
891 890
891 892
891 893
891 895
891 896
891 897
891 898
891 991
892 92
892 192
892 292
892 392
892 592
892 692
892 802
892 822
892 832
892 852
892 862
892 872
892 890
892 891
892 893
892 894
892 895
892 896
892 897
892 992
893 93
893 193
893 293
893 493
893 693
893 803
893 813
893 823
893 833
893 843
893 853
893 863
893 873
893 890
893 891
893 892
893 894
893 895
893 896
893 899
893 993
894 94
894 194
894 294
894 394
894 494
894 594
894 694
894 794
894 804
894 814
894 824
894 834
894 844
894 864
894 874
894 891
894 895
894 896
894 897
894 898
894 899
894 994
895 95
895 195
895 295
895 395
895 595
895 695
895 795
895 805
895 815
895 845
895 855
895 865
895 875
895 885
895 890
895 892
895 893
895 896
895 897
895 898
895 899
895 995
896 96
896 196
896 296
896 396
896 596
896 696
896 796
896 816
896 846
896 856
896 866
896 876
896 886
896 892
896 893
896 894
896 895
896 897
896 898
896 899
896 996
897 97
897 197
897 597
897 697
897 797
897 817
897 837
897 847
897 857
897 867
897 877
897 887
897 891
897 892
897 893
897 896
898 198
898 298
898 398
898 498
898 598
898 698
898 808
898 828
898 848
898 858
898 868
898 878
898 888
898 890
898 891
898 892
898 893
898 895
898 897
898 899
899 99
899 199
899 399
899 699
899 799
899 809
899 819
899 829
899 839
899 849
899 859
899 879
899 891
899 892
899 894
899 895
899 896
899 897
899 898
899 999
900 0
900 100
900 300
900 400
900 500
900 700
900 901
900 902
900 903
900 904
900 906
900 907
900 908
900 909
900 910
900 930
900 950
900 960
900 980
901 101
901 301
901 401
901 501
901 601
901 701
901 900
901 903
901 904
901 905
901 907
901 908
901 909
901 911
901 921
901 951
901 961
901 971
901 981
902 102
902 302
902 502
902 602
902 702
902 900
902 901
902 903
902 904
902 906
902 907
902 908
902 909
902 912
902 922
902 932
902 952
902 972
902 992
903 103
903 203
903 303
903 603
903 703
903 803
903 901
903 902
903 906
903 909
903 913
903 923
903 933
903 943
903 953
903 963
903 973
903 983
904 4
904 104
904 204
904 404
904 504
904 604
904 704
904 804
904 900
904 901
904 903
904 905
904 906
904 907
904 908
904 909
904 914
904 924
904 934
904 944
904 954
904 964
904 984
904 994
905 105
905 205
905 405
905 505
905 705
905 805
905 900
905 901
905 902
905 903
905 906
905 907
905 908
905 909
905 915
905 925
905 945
905 955
905 965
905 975
905 985
905 995
906 106
906 206
906 606
906 706
906 806
906 901
906 903
906 905
906 907
906 908
906 916
906 926
906 936
906 966
906 976
906 996
907 7
907 207
907 307
907 407
907 507
907 607
907 707
907 901
907 902
907 903
907 904
907 905
907 906
907 908
907 909
907 917
907 967
907 977
907 987
907 997
908 108
908 208
908 308
908 408
908 608
908 708
908 901
908 902
908 903
908 905
908 906
908 907
908 909
908 918
908 928
908 948
908 968
908 978
908 998
909 9
909 209
909 309
909 409
909 509
909 609
909 709
909 809
909 900
909 901
909 902
909 903
909 905
909 906
909 907
909 919
909 929
909 939
909 949
909 959
909 969
909 979
910 10
910 110
910 310
910 510
910 610
910 710
910 810
910 900
910 911
910 912
910 914
910 915
910 916
910 917
910 918
910 919
910 930
910 940
910 960
910 970
910 990
911 111
911 311
911 611
911 711
911 912
911 913
911 914
911 915
911 916
911 918
911 919
911 921
911 931
911 941
911 951
911 961
911 971
911 981
911 991
912 12
912 112
912 212
912 312
912 412
912 712
912 812
912 902
912 910
912 911
912 913
912 915
912 916
912 917
912 918
912 919
912 932
912 942
912 952
912 962
912 982
912 992
913 113
913 213
913 413
913 513
913 613
913 713
913 813
913 903
913 910
913 911
913 914
913 915
913 916
913 917
913 918
913 919
913 923
913 933
913 943
913 953
913 973
913 983
913 993
914 114
914 214
914 314
914 414
914 514
914 614
914 714
914 814
914 904
914 912
914 913
914 915
914 917
914 918
914 954
914 974
914 984
915 115
915 215
915 315
915 515
915 615
915 715
915 815
915 905
915 910
915 911
915 916
915 918
915 919
915 925
915 935
915 945
915 955
915 965
915 975
915 985
915 995
916 16
916 116
916 216
916 316
916 416
916 516
916 616
916 816
916 906
916 910
916 912
916 914
916 917
916 918
916 919
916 936
916 946
916 956
916 976
916 986
916 996
917 17
917 117
917 217
917 417
917 717
917 817
917 907
917 910
917 911
917 915
917 916
917 918
917 919
917 927
917 947
917 957
917 967
917 977
917 987
917 997
918 18
918 118
918 318
918 418
918 518
918 618
918 718
918 908
918 911
918 912
918 914
918 915
918 916
918 917
918 919
918 928
918 958
918 968
918 978
918 988
919 19
919 119
919 219
919 419
919 519
919 619
919 719
919 819
919 911
919 914
919 917
919 918
919 939
919 949
919 959
919 969
919 979
919 989
920 20
920 120
920 220
920 320
920 420
920 520
920 620
920 720
920 820
920 900
920 910
920 921
920 923
920 925
920 926
920 927
920 928
920 929
920 970
920 980
921 21
921 121
921 221
921 321
921 421
921 521
921 621
921 901
921 920
921 922
921 923
921 924
921 926
921 928
921 941
921 951
921 961
921 971
921 981
921 991
922 322
922 522
922 622
922 722
922 822
922 902
922 912
922 920
922 921
922 923
922 924
922 925
922 926
922 928
922 952
922 962
922 972
922 982
923 123
923 323
923 423
923 523
923 823
923 903
923 920
923 921
923 922
923 924
923 925
923 926
923 928
923 933
923 943
923 953
923 963
923 983
923 993
924 24
924 124
924 224
924 324
924 424
924 524
924 624
924 824
924 904
924 914
924 920
924 921
924 923
924 926
924 927
924 928
924 929
924 934
924 954
924 964
924 974
924 984
925 25
925 125
925 225
925 325
925 425
925 525
925 725
925 825
925 905
925 920
925 921
925 924
925 926
925 927
925 928
925 935
925 955
925 965
925 975
925 985
925 995
926 26
926 126
926 226
926 326
926 426
926 626
926 726
926 826
926 916
926 920
926 921
926 924
926 925
926 927
926 929
926 946
926 956
926 966
926 976
926 986
926 996
927 127
927 327
927 427
927 527
927 827
927 907
927 917
927 921
927 922
927 923
927 924
927 925
927 926
927 928
927 929
927 937
927 947
927 977
927 987
928 28
928 228
928 528
928 728
928 908
928 921
928 923
928 924
928 926
928 927
928 929
928 938
928 948
928 958
928 968
928 978
928 988
928 998
929 29
929 229
929 329
929 429
929 529
929 629
929 729
929 909
929 919
929 921
929 922
929 923
929 924
929 925
929 928
929 939
929 969
929 979
929 989
929 999
930 30
930 130
930 230
930 430
930 530
930 730
930 830
930 910
930 920
930 931
930 932
930 933
930 935
930 937
930 938
930 940
930 950
930 960
930 980
931 131
931 231
931 331
931 431
931 531
931 631
931 731
931 831
931 901
931 911
931 921
931 932
931 934
931 935
931 936
931 938
931 951
931 961
931 971
931 991
932 32
932 132
932 232
932 432
932 532
932 632
932 832
932 902
932 912
932 922
932 930
932 934
932 935
932 936
932 937
932 938
932 939
932 952
932 972
932 982
932 992
933 133
933 233
933 333
933 433
933 633
933 733
933 833
933 913
933 923
933 931
933 932
933 934
933 935
933 938
933 943
933 953
933 963
933 973
933 993
934 34
934 234
934 334
934 834
934 904
934 914
934 924
934 930
934 931
934 932
934 933
934 935
934 936
934 937
934 938
934 954
934 964
934 974
934 984
935 35
935 135
935 335
935 435
935 735
935 905
935 915
935 925
935 930
935 931
935 933
935 934
935 938
935 945
935 955
935 965
935 975
935 985
935 995
936 36
936 136
936 236
936 336
936 436
936 636
936 916
936 926
936 930
936 932
936 933
936 934
936 935
936 937
936 938
936 939
936 946
936 956
936 966
936 976
936 986
936 996
937 37
937 137
937 237
937 337
937 437
937 537
937 737
937 837
937 907
937 917
937 927
937 930
937 931
937 933
937 934
937 935
937 938
937 939
937 947
937 957
937 977
937 987
937 997
938 38
938 138
938 238
938 538
938 908
938 918
938 933
938 934
938 935
938 937
938 948
938 958
938 978
938 998
939 39
939 239
939 339
939 439
939 639
939 739
939 909
939 919
939 930
939 931
939 932
939 933
939 934
939 935
939 937
939 938
939 959
939 969
939 989
939 999
940 140
940 240
940 340
940 440
940 540
940 640
940 840
940 900
940 920
940 930
940 941
940 942
940 943
940 944
940 945
940 947
940 948
940 950
940 960
940 970
940 980
940 990
941 41
941 141
941 241
941 341
941 541
941 641
941 741
941 901
941 911
941 931
941 940
941 942
941 943
941 944
941 946
941 947
941 948
941 949
941 971
941 981
942 42
942 142
942 242
942 342
942 442
942 542
942 742
942 842
942 902
942 922
942 932
942 940
942 943
942 944
942 945
942 947
942 952
942 962
942 972
942 982
942 992
943 43
943 143
943 443
943 543
943 643
943 743
943 843
943 903
943 923
943 933
943 941
943 942
943 944
943 945
943 948
943 949
943 953
943 963
943 973
943 993
944 44
944 244
944 344
944 544
944 644
944 744
944 844
944 904
944 914
944 924
944 934
944 941
944 943
944 945
944 946
944 948
944 949
944 954
944 964
944 974
944 984
945 45
945 145
945 345
945 445
945 645
945 745
945 845
945 905
945 925
945 935
945 941
945 944
945 947
945 948
945 949
945 955
945 965
945 985
945 995
946 46
946 146
946 346
946 446
946 646
946 846
946 906
946 916
946 926
946 936
946 940
946 941
946 942
946 943
946 944
946 945
946 947
946 949
946 966
946 976
946 996
947 47
947 147
947 247
947 547
947 647
947 747
947 847
947 907
947 927
947 937
947 940
947 941
947 942
947 943
947 944
947 945
947 948
947 949
947 967
947 977
947 987
948 48
948 148
948 248
948 348
948 448
948 648
948 848
948 908
948 918
948 928
948 938
948 941
948 942
948 943
948 945
948 946
948 958
948 968
948 978
948 988
948 998
949 49
949 149
949 349
949 449
949 649
949 749
949 849
949 919
949 929
949 939
949 940
949 941
949 942
949 943
949 944
949 945
949 946
949 947
949 948
949 959
949 979
949 989
949 999
950 50
950 150
950 250
950 350
950 450
950 650
950 750
950 850
950 910
950 920
950 930
950 940
950 951
950 953
950 954
950 955
950 956
950 958
950 960
950 990
951 151
951 251
951 351
951 451
951 551
951 651
951 751
951 851
951 901
951 921
951 941
951 950
951 952
951 953
951 954
951 956
951 958
951 959
951 961
951 971
951 981
951 991
952 52
952 152
952 252
952 352
952 452
952 552
952 652
952 752
952 852
952 902
952 912
952 922
952 932
952 950
952 953
952 954
952 955
952 957
952 962
952 972
953 53
953 153
953 253
953 353
953 453
953 553
953 653
953 753
953 853
953 913
953 923
953 933
953 943
953 952
953 954
953 958
953 959
953 963
953 973
953 993
954 54
954 354
954 554
954 754
954 904
954 924
954 944
954 950
954 951
954 953
954 955
954 956
954 957
954 958
954 959
954 964
954 974
954 994
955 255
955 555
955 655
955 905
955 915
955 925
955 951
955 953
955 954
955 957
955 958
955 959
955 965
955 975
955 985
956 56
956 156
956 256
956 556
956 656
956 856
956 906
956 926
956 946
956 950
956 951
956 952
956 953
956 955
956 957
956 958
956 959
956 986
956 996
957 357
957 457
957 557
957 757
957 857
957 907
957 927
957 947
957 950
957 951
957 952
957 953
957 956
957 958
957 967
957 977
957 997
958 58
958 158
958 258
958 358
958 658
958 758
958 858
958 908
958 918
958 928
958 948
958 950
958 951
958 952
958 955
958 956
958 959
958 968
958 978
958 988
959 259
959 359
959 459
959 559
959 759
959 859
959 909
959 919
959 929
959 939
959 949
959 950
959 951
959 952
959 953
959 954
959 956
959 957
959 958
959 969
959 979
959 989
959 999
960 60
960 160
960 260
960 360
960 460
960 560
960 660
960 760
960 900
960 920
960 930
960 950
960 961
960 964
960 965
960 967
960 968
960 969
960 970
960 980
960 990
961 161
961 261
961 361
961 461
961 561
961 761
961 901
961 941
961 951
961 960
961 962
961 965
961 966
961 981
961 991
962 262
962 362
962 562
962 662
962 762
962 862
962 902
962 932
962 942
962 952
962 960
962 963
962 964
962 965
962 966
962 967
962 968
962 969
962 982
962 992
963 463
963 563
963 663
963 863
963 903
963 913
963 933
963 943
963 953
963 960
963 961
963 964
963 965
963 966
963 967
963 968
963 969
963 973
963 993
964 64
964 164
964 364
964 464
964 564
964 664
964 764
964 864
964 904
964 914
964 944
964 954
964 960
964 961
964 962
964 965
964 968
964 984
964 994
965 65
965 165
965 265
965 465
965 565
965 665
965 765
965 905
965 925
965 955
965 960
965 961
965 962
965 963
965 964
965 966
965 967
965 968
965 969
965 975
965 985
965 995
966 66
966 166
966 366
966 466
966 566
966 666
966 766
966 866
966 906
966 916
966 926
966 936
966 946
966 956
966 960
966 961
966 963
966 964
966 965
966 967
966 968
966 986
966 996
967 67
967 267
967 367
967 467
967 567
967 667
967 767
967 907
967 917
967 927
967 937
967 947
967 957
967 960
967 961
967 962
967 964
967 965
967 966
967 968
967 969
967 977
967 987
967 997
968 68
968 368
968 468
968 668
968 768
968 868
968 908
968 918
968 938
968 958
968 960
968 961
968 962
968 963
968 965
968 969
968 988
968 998
969 69
969 269
969 369
969 469
969 569
969 669
969 769
969 869
969 909
969 919
969 939
969 949
969 960
969 961
969 962
969 963
969 964
969 966
969 968
969 979
969 989
969 999
970 70
970 270
970 370
970 470
970 670
970 770
970 900
970 910
970 920
970 930
970 950
970 960
970 971
970 972
970 973
970 974
970 975
970 976
970 977
970 990
971 71
971 171
971 271
971 371
971 471
971 771
971 901
971 911
971 921
971 931
971 951
971 961
971 970
971 973
971 974
971 975
971 976
971 977
971 978
971 979
971 981
971 991
972 72
972 172
972 272
972 372
972 472
972 572
972 672
972 772
972 872
972 902
972 912
972 922
972 932
972 942
972 952
972 962
972 970
972 971
972 973
972 974
972 975
972 976
972 978
972 979
972 982
972 992
973 73
973 173
973 273
973 573
973 673
973 773
973 903
973 923
973 933
973 971
973 974
973 975
973 976
973 977
973 978
973 983
973 993
974 74
974 374
974 474
974 574
974 674
974 904
974 914
974 924
974 944
974 954
974 964
974 971
974 972
974 977
974 978
974 984
974 994
975 75
975 175
975 275
975 375
975 475
975 575
975 675
975 775
975 875
975 905
975 925
975 945
975 955
975 965
975 970
975 971
975 974
975 976
975 977
975 979
975 985
975 995
976 376
976 476
976 676
976 776
976 876
976 906
976 916
976 936
976 946
976 956
976 966
976 970
976 971
976 972
976 974
976 977
976 978
976 979
976 986
976 996
977 277
977 377
977 577
977 677
977 777
977 877
977 907
977 917
977 927
977 937
977 957
977 967
977 971
977 972
977 974
977 975
977 976
977 978
977 979
977 987
977 997
978 78
978 178
978 278
978 378
978 478
978 778
978 908
978 918
978 928
978 938
978 958
978 968
978 970
978 971
978 972
978 974
978 975
978 976
978 977
978 979
978 988
979 79
979 179
979 279
979 379
979 579
979 679
979 779
979 919
979 929
979 939
979 949
979 959
979 970
979 972
979 973
979 974
979 977
979 978
979 999
980 80
980 280
980 380
980 480
980 580
980 780
980 880
980 900
980 910
980 920
980 930
980 940
980 950
980 960
980 970
980 982
980 983
980 984
980 985
980 986
980 987
980 989
981 81
981 181
981 381
981 481
981 681
981 781
981 881
981 911
981 921
981 931
981 941
981 980
981 983
981 984
981 985
981 986
981 987
981 988
981 989
982 182
982 282
982 482
982 582
982 682
982 782
982 882
982 902
982 912
982 922
982 942
982 952
982 962
982 980
982 981
982 983
982 985
982 986
982 987
982 988
982 989
982 992
983 83
983 183
983 283
983 483
983 583
983 683
983 783
983 883
983 903
983 913
983 933
983 943
983 953
983 963
983 982
983 984
983 985
983 986
983 987
983 989
984 84
984 384
984 484
984 584
984 684
984 784
984 884
984 904
984 924
984 954
984 964
984 974
984 981
984 982
984 983
984 985
984 986
984 987
984 988
984 989
984 994
985 85
985 285
985 585
985 685
985 785
985 885
985 905
985 915
985 925
985 935
985 955
985 980
985 981
985 983
985 986
985 987
985 988
985 995
986 86
986 186
986 386
986 486
986 586
986 886
986 906
986 926
986 936
986 946
986 966
986 980
986 981
986 984
986 985
986 987
986 988
986 989
986 996
987 87
987 187
987 487
987 887
987 917
987 927
987 957
987 967
987 977
987 980
987 981
987 982
987 983
987 985
987 986
987 988
987 989
987 997
988 88
988 288
988 388
988 488
988 688
988 788
988 888
988 908
988 928
988 938
988 948
988 958
988 978
988 980
988 981
988 982
988 983
988 985
988 986
988 987
988 989
988 998
989 89
989 389
989 489
989 589
989 689
989 789
989 909
989 919
989 929
989 939
989 949
989 959
989 969
989 979
989 980
989 982
989 984
989 985
989 986
989 987
989 988
989 999
990 90
990 190
990 290
990 490
990 590
990 690
990 790
990 890
990 900
990 920
990 930
990 940
990 950
990 960
990 970
990 980
990 991
990 992
990 994
990 995
990 996
990 997
990 999
991 91
991 191
991 291
991 391
991 491
991 691
991 791
991 891
991 901
991 931
991 941
991 951
991 971
991 981
991 993
991 996
991 997
991 999
992 92
992 192
992 292
992 492
992 692
992 792
992 892
992 902
992 912
992 922
992 932
992 952
992 962
992 972
992 982
992 990
992 991
992 994
992 997
992 998
992 999
993 193
993 293
993 393
993 493
993 593
993 693
993 793
993 893
993 903
993 913
993 943
993 963
993 973
993 983
993 990
993 991
993 992
993 994
993 995
993 996
993 998
993 999
994 94
994 194
994 294
994 394
994 494
994 594
994 694
994 794
994 894
994 914
994 924
994 934
994 944
994 964
994 990
994 991
994 995
994 996
994 998
995 95
995 195
995 295
995 395
995 495
995 595
995 695
995 795
995 895
995 905
995 925
995 935
995 955
995 965
995 990
995 991
995 992
995 994
995 996
995 998
995 999
996 96
996 196
996 296
996 396
996 496
996 696
996 796
996 896
996 906
996 916
996 926
996 936
996 956
996 976
996 990
996 992
996 993
996 997
996 998
996 999
997 97
997 197
997 297
997 397
997 597
997 897
997 907
997 917
997 927
997 937
997 947
997 957
997 967
997 977
997 987
997 990
997 991
997 993
997 994
997 995
997 996
997 998
998 98
998 298
998 398
998 698
998 798
998 898
998 908
998 918
998 928
998 938
998 948
998 958
998 978
998 990
998 991
998 993
998 996
998 997
998 999
999 99
999 199
999 299
999 399
999 499
999 599
999 699
999 909
999 919
999 929
999 939
999 949
999 959
999 969
999 979
999 989
999 991
999 992
999 994
999 995
999 997
999 998
29 34 46 73 91 105 118 157 160 182 200 212 255 268 287 324 333 349 371 396 423 436 441 474 499 526 531 544 579 593 608 610 652 667 685 721 739 743 776 794 802 817 850 865 888 907 915 958 962 980
