2200 12049 200
0 2020
0 2066
0 2121
0 2146
1 2035
1 2137
1 2147
1 2176
2 2058
2 2069
2 2155
2 2179
3 2040
3 2156
3 2165
4 2012
4 2038
4 2178
4 2194
5 2052
5 2132
5 2185
6 2000
6 2021
6 2037
6 2196
7 2047
7 2126
7 2151
7 2169
8 2039
8 2182
10 2007
10 2135
11 2012
11 2049
11 2122
12 2038
12 2104
13 2070
13 2197
14 2073
14 2176
15 2054
15 2116
16 2023
16 2027
16 2149
16 2168
17 2048
17 2143
17 2147
17 2168
18 2063
18 2082
18 2176
19 2016
19 2029
19 2130
19 2189
20 2012
20 2187
20 2199
21 2013
21 2107
22 2015
22 2106
22 2199
23 2006
23 2042
23 2074
24 2070
24 2095
24 2096
25 2014
25 2092
25 2154
26 2123
26 2155
27 2032
27 2061
27 2146
28 2004
28 2185
30 2173
31 2104
33 2036
33 2069
33 2092
33 2125
33 2148
33 2155
33 2159
34 2036
34 2048
34 2052
34 2065
34 2095
35 2035
35 2050
35 2059
35 2102
35 2108
36 2038
36 2161
36 2171
37 2001
37 2097
37 2129
37 2198
38 2014
38 2083
38 2109
38 2156
39 2009
39 2194
40 2077
40 2153
40 2171
41 2016
41 2123
42 2058
42 2125
42 2131
43 2001
43 2068
44 2007
44 2064
44 2101
44 2193
45 2058
45 2161
45 2172
46 2013
46 2075
46 2118
47 2067
48 2071
48 2077
48 2093
49 2011
49 2027
49 2183
50 2001
51 2045
51 2097
51 2152
52 2105
53 2037
53 2147
54 2072
54 2099
54 2108
54 2119
54 2122
55 2044
55 2069
55 2140
55 2147
56 2010
56 2064
56 2162
56 2168
57 2006
57 2093
58 2062
58 2100
58 2109
58 2192
59 2131
60 2029
60 2161
60 2198
61 2041
62 2085
62 2162
63 2008
63 2195
64 2037
65 2193
67 2021
67 2029
67 2044
67 2133
67 2146
67 2148
67 2163
68 2076
68 2092
68 2101
68 2135
68 2157
69 2088
69 2114
69 2168
70 2047
70 2093
70 2118
70 2143
71 2092
71 2104
71 2121
71 2132
71 2168
72 2045
72 2086
73 2005
73 2072
73 2168
73 2189
74 2004
74 2082
74 2112
74 2191
75 2011
75 2073
75 2105
75 2143
76 2063
76 2116
76 2196
77 2080
77 2164
78 2047
78 2103
78 2140
79 2045
79 2110
80 2059
80 2072
80 2100
81 2024
81 2104
82 2014
82 2050
82 2178
83 2130
83 2170
84 2026
85 2126
85 2130
86 2033
86 2104
87 2123
87 2186
88 2176
90 2009
90 2085
90 2119
90 2167
90 2169
90 2195
91 2019
91 2045
91 2046
91 2068
91 2071
91 2108
91 2183
92 2010
92 2065
92 2069
92 2109
92 2111
92 2177
92 2189
93 2000
93 2004
93 2074
93 2176
93 2178
93 2199
94 2015
94 2019
94 2037
94 2130
95 2115
95 2188
95 2197
96 2044
96 2196
97 2037
97 2053
98 2012
98 2137
98 2142
98 2167
99 2088
99 2193
100 2009
100 2028
100 2169
101 2003
101 2114
102 2064
103 2160
104 2004
104 2169
105 2010
105 2126
106 2060
106 2153
108 2093
108 2139
108 2142
109 2109
109 2176
111 2076
111 2189
112 2052
112 2092
112 2136
112 2173
112 2176
112 2195
112 2198
113 2049
113 2063
113 2088
113 2126
113 2177
114 2074
114 2163
114 2198
115 2070
115 2090
115 2134
115 2148
115 2162
116 2134
116 2148
117 2014
117 2061
117 2102
117 2110
117 2111
117 2188
118 2000
118 2045
118 2051
118 2156
118 2161
119 2155
119 2188
119 2191
120 2077
120 2082
120 2117
120 2127
121 2041
121 2197
122 2074
122 2076
122 2148
123 2044
123 2113
123 2125
123 2179
124 2090
124 2146
124 2172
124 2183
125 2033
125 2072
125 2196
126 2044
126 2092
126 2146
127 2004
127 2036
127 2084
128 2084
128 2141
129 2009
129 2138
129 2175
130 2003
131 2058
131 2105
131 2160
132 2062
132 2091
132 2135
133 2013
133 2071
134 2007
136 2030
136 2133
136 2143
136 2151
136 2159
136 2163
136 2178
136 2181
137 2022
137 2040
137 2095
137 2122
137 2148
137 2186
137 2188
138 2000
138 2188
138 2198
139 2044
139 2118
139 2120
139 2155
139 2177
140 2019
140 2026
140 2114
140 2182
140 2183
141 2018
141 2111
141 2112
141 2144
141 2153
142 2002
142 2014
142 2057
142 2074
143 2018
143 2103
143 2130
144 2066
144 2105
144 2122
145 2056
145 2141
145 2187
146 2154
147 2022
147 2086
148 2042
148 2142
149 2008
149 2101
150 2184
151 2150
154 2098
155 2015
155 2026
155 2033
155 2054
155 2178
155 2188
156 2007
156 2046
156 2094
156 2128
156 2146
156 2164
157 2008
157 2024
157 2029
157 2068
157 2136
157 2178
158 2025
158 2091
158 2095
158 2107
158 2155
159 2090
159 2099
159 2128
159 2149
159 2183
160 2097
160 2132
160 2167
160 2175
160 2182
161 2098
161 2103
161 2133
161 2145
162 2004
162 2031
162 2052
162 2086
162 2113
163 2010
163 2017
163 2139
163 2146
164 2054
164 2056
164 2134
165 2002
165 2022
165 2101
165 2134
166 2044
166 2194
167 2031
167 2147
167 2165
168 2034
168 2168
168 2181
169 2052
169 2157
170 2078
170 2123
170 2193
171 2098
173 2054
173 2075
173 2158
174 2161
174 2164
175 2064
176 2056
176 2109
177 2030
177 2037
177 2055
177 2138
177 2152
177 2187
178 2021
178 2052
178 2105
178 2181
178 2194
179 2033
179 2058
179 2077
179 2111
180 2009
180 2055
180 2061
180 2087
181 2003
181 2067
181 2118
181 2122
181 2181
182 2034
182 2102
182 2178
183 2108
183 2126
183 2171
184 2110
184 2165
185 2056
185 2058
185 2101
185 2118
186 2029
186 2156
186 2182
186 2184
187 2058
187 2088
187 2125
188 2036
188 2132
188 2146
188 2159
189 2020
189 2045
189 2142
189 2182
190 2031
190 2061
190 2112
190 2128
190 2133
190 2143
191 2019
191 2035
191 2115
191 2137
191 2196
192 2016
192 2024
192 2046
192 2090
192 2140
193 2009
193 2011
193 2121
193 2196
194 2004
194 2088
194 2101
194 2190
195 2033
195 2070
195 2108
195 2182
196 2073
196 2077
196 2090
197 2045
197 2081
198 2066
198 2107
198 2159
198 2176
199 2035
199 2106
199 2140
200 2130
201 2021
201 2199
202 2008
202 2153
204 2018
204 2026
205 2009
205 2168
205 2192
206 2015
206 2117
207 2036
207 2054
208 2030
209 2059
209 2100
210 2097
211 2056
211 2071
212 2022
212 2031
213 2099
213 2154
214 2050
214 2085
215 2059
215 2069
215 2132
215 2154
215 2165
215 2179
216 2038
216 2057
216 2093
216 2110
216 2157
216 2198
217 2018
217 2038
217 2087
217 2190
218 2081
218 2089
218 2125
218 2162
218 2175
219 2040
219 2110
219 2152
219 2154
219 2163
220 2038
220 2069
220 2154
220 2172
221 2014
221 2018
222 2018
222 2151
223 2026
223 2112
223 2176
224 2049
224 2137
224 2176
225 2069
225 2087
225 2113
226 2076
226 2169
227 2088
227 2136
227 2160
228 2090
228 2179
229 2031
229 2043
229 2074
229 2091
229 2128
229 2130
230 2055
230 2065
230 2106
230 2162
230 2167
230 2176
231 2093
231 2096
231 2113
231 2168
231 2172
232 2009
232 2014
232 2161
232 2172
232 2198
233 2076
233 2086
233 2155
234 2048
234 2154
234 2199
235 2100
235 2129
235 2171
235 2178
236 2038
236 2117
236 2160
237 2023
237 2092
237 2117
237 2119
238 2135
238 2156
239 2056
239 2125
240 2062
241 2004
241 2098
241 2151
242 2050
242 2083
242 2123
243 2018
243 2100
244 2093
244 2094
245 2042
245 2183
246 2161
247 2138
248 2006
249 2168
250 2108
251 2001
251 2031
251 2076
251 2077
251 2079
251 2158
251 2169
251 2171
251 2186
252 2005
252 2009
252 2021
252 2108
252 2109
252 2194
253 2053
253 2088
253 2100
253 2165
253 2170
254 2074
254 2081
254 2087
254 2151
254 2177
255 2047
255 2144
255 2190
255 2192
256 2079
256 2156
256 2173
257 2022
257 2092
257 2093
258 2024
258 2076
258 2126
258 2145
258 2186
259 2062
259 2108
260 2145
260 2152
260 2183
261 2182
262 2032
262 2043
262 2141
263 2029
263 2066
263 2104
264 2068
264 2162
265 2007
265 2017
265 2041
265 2099
265 2110
265 2154
265 2166
266 2060
266 2062
266 2112
266 2124
267 2012
267 2078
267 2081
267 2126
267 2140
268 2115
268 2124
268 2187
268 2188
269 2017
269 2104
269 2161
270 2036
270 2044
270 2157
270 2173
271 2041
271 2072
271 2079
271 2127
272 2109
272 2120
272 2140
273 2025
273 2134
273 2181
274 2023
274 2043
274 2179
275 2033
275 2175
275 2183
276 2077
276 2161
277 2073
278 2033
278 2042
278 2050
278 2060
278 2080
278 2095
278 2145
279 2025
279 2033
279 2069
279 2076
279 2120
279 2140
280 2005
280 2061
280 2132
280 2143
280 2159
280 2190
281 2125
281 2130
281 2149
281 2176
281 2194
282 2035
282 2047
282 2058
282 2120
283 2012
283 2117
283 2170
283 2180
283 2192
284 2042
284 2133
285 2017
285 2108
285 2167
285 2189
286 2050
286 2111
286 2192
286 2199
287 2104
287 2169
287 2173
287 2192
288 2140
288 2160
289 2035
290 2107
290 2194
291 2179
293 2005
293 2046
293 2074
293 2083
293 2109
293 2114
294 2013
294 2014
294 2076
294 2109
294 2126
294 2152
295 2005
295 2033
295 2050
295 2069
295 2099
296 2016
296 2106
296 2146
296 2198
297 2045
297 2113
297 2177
297 2187
298 2030
298 2134
298 2170
299 2016
299 2029
299 2125
299 2191
300 2023
300 2117
301 2005
301 2171
302 2062
302 2097
302 2178
303 2084
303 2109
303 2163
304 2006
304 2085
305 2009
305 2097
306 2077
306 2142
306 2175
307 2073
307 2119
308 2069
308 2177
309 2087
309 2167
310 2013
310 2169
311 2062
311 2171
312 2135
312 2143
313 2126
314 2007
314 2009
314 2037
314 2092
314 2141
314 2149
315 2076
315 2096
315 2126
315 2152
316 2119
316 2144
317 2016
317 2128
317 2165
317 2189
318 2068
318 2100
318 2168
318 2181
319 2085
319 2111
319 2171
319 2194
320 2117
320 2136
320 2159
320 2180
321 2046
321 2166
321 2188
322 2001
322 2033
322 2131
322 2136
323 2004
323 2108
323 2191
324 2094
324 2180
325 2004
325 2077
326 2070
326 2156
327 2039
327 2075
328 2078
328 2124
329 2032
329 2072
330 2041
330 2068
331 2151
332 2162
333 2169
334 2000
334 2051
334 2052
334 2133
334 2175
334 2176
335 2011
335 2040
335 2094
335 2121
335 2174
336 2063
336 2102
336 2156
336 2198
337 2052
337 2111
337 2114
337 2142
337 2147
338 2016
338 2057
338 2161
338 2165
339 2111
339 2132
339 2182
340 2012
340 2084
340 2088
340 2195
341 2015
341 2022
341 2046
341 2187
341 2193
342 2002
342 2051
342 2062
342 2071
342 2076
343 2032
343 2092
344 2010
344 2035
345 2078
345 2176
346 2011
346 2082
346 2150
347 2053
347 2093
347 2110
348 2083
348 2097
348 2105
348 2193
349 2009
349 2145
349 2160
350 2003
350 2090
351 2123
351 2154
351 2198
352 2159
353 2095
354 2041
354 2060
355 2040
355 2155
356 2028
356 2053
357 2027
357 2125
357 2138
358 2096
358 2192
359 2075
359 2119
360 2164
361 2036
361 2037
361 2049
361 2070
361 2107
361 2133
362 2093
362 2141
362 2172
362 2192
362 2193
363 2043
363 2046
363 2050
363 2057
363 2064
363 2145
364 2046
364 2047
364 2139
364 2148
365 2013
365 2041
365 2100
365 2147
365 2151
366 2048
366 2057
366 2063
366 2107
367 2043
367 2045
367 2131
367 2151
368 2051
368 2170
368 2198
369 2008
369 2010
369 2088
370 2038
370 2046
370 2172
371 2165
371 2193
372 2012
373 2019
374 2010
374 2022
374 2053
374 2085
374 2100
374 2193
375 2035
375 2090
375 2130
376 2027
376 2034
376 2094
376 2127
376 2155
377 2041
377 2110
377 2139
377 2161
378 2049
378 2118
378 2160
378 2166
379 2081
379 2123
379 2130
380 2030
380 2103
380 2104
380 2182
381 2054
381 2088
381 2093
381 2136
382 2126
382 2164
382 2171
382 2191
383 2000
383 2067
383 2078
383 2111
384 2019
384 2146
384 2150
384 2160
384 2172
385 2026
385 2153
385 2168
385 2199
386 2011
386 2025
386 2062
387 2013
387 2041
387 2065
388 2107
388 2174
389 2013
389 2196
390 2087
390 2113
390 2162
390 2169
391 2013
391 2075
391 2131
391 2185
392 2005
392 2142
392 2161
392 2198
393 2102
393 2140
393 2184
394 2046
394 2085
394 2165
395 2104
396 2109
396 2150
397 2010
397 2176
398 2109
399 2010
399 2023
399 2034
399 2161
400 2003
400 2010
400 2081
400 2140
401 2012
401 2034
401 2042
401 2055
401 2077
402 2010
402 2062
403 2000
403 2167
403 2198
404 2014
404 2109
404 2121
404 2187
405 2038
405 2080
405 2165
406 2095
407 2096
407 2127
408 2030
408 2171
408 2189
409 2042
409 2082
409 2180
410 2034
411 2045
411 2177
412 2068
412 2143
412 2160
413 2099
414 2116
415 2007
415 2082
415 2120
415 2127
416 2050
416 2065
416 2091
416 2120
416 2171
417 2066
417 2109
417 2124
418 2065
419 2086
419 2094
419 2100
419 2111
420 2056
420 2062
420 2097
421 2025
421 2056
421 2171
422 2068
422 2133
422 2167
422 2190
423 2070
423 2099
423 2129
424 2061
424 2063
424 2193
425 2034
425 2090
425 2093
425 2168
426 2079
426 2091
426 2144
427 2034
427 2057
428 2008
428 2181
429 2149
430 2158
432 2023
432 2040
432 2115
432 2148
432 2157
433 2098
433 2100
433 2153
433 2171
434 2002
434 2034
434 2105
434 2145
434 2193
435 2047
435 2052
435 2132
435 2167
436 2035
436 2089
436 2109
436 2178
437 2012
437 2018
437 2054
438 2131
438 2151
439 2037
439 2095
440 2096
440 2111
441 2023
441 2084
441 2198
442 2114
443 2081
443 2082
444 2047
444 2145
444 2179
445 2174
446 2029
447 2106
447 2112
447 2118
448 2028
448 2160
448 2167
449 2115
449 2127
449 2184
450 2009
450 2093
451 2056
452 2041
452 2180
453 2045
454 2172
455 2183
457 2017
458 2006
458 2043
458 2075
458 2097
458 2187
459 2002
459 2004
459 2052
459 2054
459 2057
459 2145
459 2156
460 2013
460 2088
460 2099
460 2192
461 2011
461 2048
461 2071
461 2113
461 2160
461 2175
462 2057
462 2080
462 2115
462 2194
463 2012
463 2021
463 2082
463 2089
463 2150
464 2035
464 2094
464 2140
464 2172
464 2198
465 2031
465 2117
465 2142
466 2036
466 2058
466 2106
466 2157
466 2180
467 2012
467 2196
468 2041
468 2138
468 2167
468 2192
469 2083
469 2091
469 2121
470 2031
470 2041
470 2188
471 2032
471 2131
471 2140
471 2158
472 2099
472 2129
472 2145
473 2088
473 2095
473 2141
474 2110
474 2140
474 2195
475 2031
475 2112
475 2178
475 2192
476 2127
476 2161
477 2173
477 2194
478 2013
478 2038
479 2023
479 2060
479 2193
480 2065
480 2132
480 2192
481 2081
481 2135
482 2063
482 2075
483 2007
483 2111
484 2062
484 2075
486 2062
486 2071
487 2042
488 2037
488 2072
488 2150
488 2154
488 2169
489 2015
489 2101
489 2105
489 2138
490 2066
490 2123
490 2139
490 2193
491 2053
491 2110
491 2111
491 2195
492 2025
492 2054
492 2129
492 2183
493 2021
493 2023
493 2130
493 2156
493 2162
494 2024
494 2109
495 2025
495 2039
495 2060
495 2126
495 2192
496 2082
496 2110
496 2166
496 2189
497 2097
497 2104
497 2191
498 2162
498 2194
498 2199
499 2029
499 2054
499 2068
500 2040
500 2056
500 2082
500 2185
501 2016
501 2047
501 2104
501 2121
502 2129
502 2170
503 2078
503 2125
504 2036
504 2101
505 2012
505 2045
505 2048
506 2082
506 2088
506 2117
507 2148
508 2021
508 2082
509 2027
509 2179
510 2099
511 2094
512 2011
512 2020
512 2048
512 2061
512 2094
512 2103
512 2156
512 2173
512 2195
513 2008
513 2068
513 2071
513 2083
513 2155
513 2162
513 2163
514 2008
514 2084
514 2101
514 2125
514 2138
514 2157
515 2026
515 2058
515 2067
515 2115
515 2130
515 2158
515 2160
516 2044
516 2082
516 2108
516 2139
517 2054
517 2098
517 2112
517 2181
518 2029
518 2049
518 2053
518 2131
519 2007
519 2129
519 2149
520 2028
521 2054
521 2087
522 2080
522 2088
523 2020
523 2169
524 2043
524 2162
525 2057
525 2148
526 2047
526 2145
527 2126
527 2157
528 2063
529 2006
529 2168
530 2019
530 2112
530 2155
530 2167
531 2085
531 2122
531 2138
531 2139
531 2190
531 2196
532 2032
532 2043
532 2099
532 2139
532 2185
533 2118
533 2182
533 2187
534 2091
534 2123
534 2148
534 2192
535 2008
535 2108
535 2180
535 2199
536 2034
536 2036
536 2082
536 2174
537 2026
537 2173
537 2196
538 2107
538 2117
539 2011
539 2058
540 2029
540 2032
540 2050
541 2080
542 2099
542 2110
542 2137
543 2032
543 2152
543 2191
544 2009
544 2023
544 2024
544 2054
544 2097
545 2099
545 2134
545 2151
545 2167
545 2184
546 2011
546 2089
546 2120
546 2141
546 2165
547 2016
547 2059
547 2078
547 2137
548 2053
548 2160
548 2161
548 2179
548 2189
549 2183
549 2189
550 2100
551 2003
551 2038
551 2187
551 2189
552 2033
552 2172
553 2022
553 2137
553 2145
554 2122
554 2137
555 2011
556 2083
556 2121
556 2195
557 2128
557 2130
558 2125
558 2130
559 2037
559 2142
560 2045
560 2126
561 2017
561 2095
561 2113
561 2115
561 2138
561 2146
561 2174
561 2194
561 2196
562 2031
562 2094
562 2138
562 2172
562 2183
562 2184
563 2023
563 2043
563 2065
563 2129
563 2143
564 2124
564 2147
565 2006
565 2068
565 2101
565 2188
566 2005
566 2117
566 2150
566 2173
566 2198
567 2087
567 2128
568 2119
568 2149
568 2165
568 2190
569 2071
569 2079
569 2091
569 2114
570 2037
570 2100
570 2118
570 2148
571 2072
571 2086
572 2000
572 2140
572 2179
573 2080
573 2095
573 2177
574 2031
575 2172
576 2034
576 2063
576 2086
577 2057
577 2149
578 2047
578 2083
579 2053
579 2194
580 2003
580 2014
580 2049
580 2090
580 2127
580 2172
581 2113
581 2121
581 2124
581 2173
581 2176
582 2013
582 2034
582 2121
582 2175
583 2073
583 2190
583 2196
584 2037
584 2044
584 2069
585 2007
585 2081
585 2101
586 2044
586 2115
586 2182
586 2187
587 2051
587 2140
588 2009
588 2061
588 2068
589 2047
589 2091
589 2114
590 2068
590 2168
591 2077
591 2124
592 2077
592 2152
592 2159
593 2040
593 2048
594 2151
595 2003
595 2107
596 2053
596 2157
597 2094
598 2009
598 2032
598 2091
598 2144
598 2153
598 2155
598 2170
599 2045
599 2079
599 2122
600 2043
600 2046
600 2122
600 2166
601 2022
601 2072
601 2099
601 2165
601 2173
601 2183
602 2039
602 2150
603 2024
603 2043
603 2054
603 2101
603 2182
603 2196
604 2050
604 2064
604 2072
604 2165
604 2188
605 2004
605 2100
605 2138
605 2187
606 2118
606 2127
606 2152
607 2008
607 2019
607 2043
607 2152
608 2076
608 2139
608 2187
608 2197
609 2020
609 2094
610 2001
610 2030
610 2040
610 2041
611 2002
611 2056
611 2153
611 2188
612 2099
612 2159
612 2181
613 2042
613 2051
613 2095
614 2004
614 2131
614 2176
615 2005
615 2041
615 2067
616 2013
616 2082
616 2168
617 2174
617 2193
618 2080
618 2101
619 2031
619 2078
619 2079
619 2134
619 2155
619 2174
619 2193
620 2083
620 2135
620 2136
620 2150
620 2175
621 2023
621 2028
621 2093
621 2157
621 2171
622 2100
622 2114
622 2123
623 2090
623 2121
623 2129
623 2131
624 2028
624 2041
624 2064
624 2103
625 2051
625 2120
625 2126
625 2135
626 2000
626 2010
626 2066
626 2168
627 2039
627 2052
627 2179
627 2186
628 2033
628 2160
628 2178
629 2030
629 2087
629 2125
630 2017
630 2091
630 2157
631 2180
632 2047
633 2127
634 2003
634 2004
634 2016
634 2026
634 2033
634 2063
634 2095
634 2105
634 2188
635 2050
635 2053
635 2159
635 2190
636 2000
636 2021
636 2090
636 2108
636 2120
637 2045
637 2102
637 2131
637 2155
637 2194
638 2113
638 2132
639 2022
639 2037
639 2046
639 2179
639 2189
640 2036
640 2041
640 2067
640 2178
641 2005
641 2095
641 2096
641 2195
642 2154
643 2108
643 2151
643 2175
644 2057
644 2120
645 2028
645 2163
646 2090
647 2026
648 2089
651 2001
651 2057
651 2102
651 2117
651 2124
651 2175
652 2000
652 2038
652 2103
652 2158
652 2172
652 2190
652 2192
653 2016
653 2082
653 2110
653 2197
654 2027
654 2077
654 2090
655 2002
655 2055
655 2057
655 2077
655 2122
656 2012
656 2119
656 2162
656 2184
657 2069
657 2077
657 2150
657 2177
658 2058
658 2125
658 2162
659 2123
659 2143
659 2155
660 2015
660 2146
661 2006
661 2031
661 2047
662 2007
662 2062
662 2089
662 2135
663 2043
663 2049
663 2052
663 2189
664 2060
664 2121
664 2133
664 2192
665 2054
665 2101
665 2133
666 2040
666 2048
666 2119
667 2144
668 2145
669 2022
669 2055
669 2075
670 2035
670 2071
670 2102
671 2069
671 2092
671 2172
672 2091
672 2184
673 2052
673 2171
674 2072
674 2080
674 2099
674 2112
674 2119
675 2026
675 2032
675 2110
675 2145
676 2037
676 2062
676 2090
676 2177
677 2035
677 2108
677 2112
677 2113
677 2134
678 2125
678 2172
678 2179
679 2067
679 2109
679 2132
679 2151
680 2090
680 2093
680 2105
681 2032
681 2080
681 2134
681 2166
681 2194
682 2138
682 2156
683 2060
683 2133
683 2186
684 2062
684 2090
684 2147
684 2177
685 2031
685 2040
685 2139
686 2017
686 2065
686 2157
687 2123
688 2022
688 2052
688 2059
689 2009
690 2024
690 2076
690 2088
691 2007
692 2043
693 2100
693 2134
694 2099
694 2164
695 2138
696 2141
697 2006
697 2023
697 2033
697 2164
697 2184
697 2187
698 2110
698 2133
698 2142
698 2144
699 2025
699 2045
699 2069
699 2147
699 2151
700 2114
700 2118
700 2122
700 2160
701 2058
701 2062
701 2078
701 2188
702 2021
702 2040
702 2195
703 2136
703 2147
703 2161
704 2006
704 2040
704 2049
704 2054
705 2121
706 2089
706 2090
706 2126
707 2030
707 2197
708 2056
708 2074
708 2178
709 2017
709 2092
710 2113
710 2161
711 2084
711 2146
712 2152
712 2154
714 2086
714 2144
714 2156
715 2027
715 2090
715 2111
715 2143
715 2145
715 2160
716 2110
716 2115
716 2194
717 2002
717 2044
717 2114
717 2144
717 2147
717 2177
718 2002
718 2027
718 2029
718 2051
718 2073
718 2196
719 2038
719 2098
719 2114
719 2177
720 2005
720 2008
720 2010
720 2120
720 2170
721 2000
721 2021
721 2156
721 2173
722 2036
722 2118
722 2122
722 2143
722 2178
723 2086
723 2093
723 2114
723 2137
723 2162
724 2000
724 2013
724 2163
724 2177
725 2023
725 2105
725 2121
725 2135
726 2025
726 2127
726 2143
727 2079
727 2111
727 2164
728 2022
728 2130
728 2137
729 2084
729 2116
729 2195
730 2044
730 2092
730 2100
731 2001
731 2154
731 2166
732 2018
732 2102
732 2178
733 2012
733 2024
733 2142
734 2173
734 2183
735 2004
735 2029
735 2108
735 2116
735 2154
736 2023
736 2035
736 2089
736 2166
736 2175
737 2011
737 2026
737 2122
738 2040
738 2044
738 2123
739 2046
739 2082
739 2095
739 2108
739 2165
740 2043
740 2099
740 2169
740 2195
741 2034
741 2143
741 2155
741 2159
742 2143
742 2163
742 2175
743 2055
743 2135
743 2173
744 2100
744 2143
744 2198
745 2012
745 2052
745 2179
746 2016
746 2102
746 2163
747 2120
747 2190
748 2034
748 2178
749 2033
749 2184
750 2014
750 2056
750 2143
751 2019
751 2097
752 2009
752 2051
753 2058
753 2190
754 2111
755 2003
756 2062
756 2071
756 2088
756 2158
756 2199
757 2018
757 2031
757 2113
757 2156
757 2162
758 2109
758 2129
758 2134
758 2178
758 2190
759 2021
759 2040
759 2052
759 2073
759 2150
760 2009
760 2016
760 2039
761 2069
761 2074
761 2091
761 2163
762 2006
762 2058
762 2110
762 2191
763 2004
763 2005
763 2018
763 2064
763 2155
764 2019
764 2076
764 2102
764 2190
765 2010
765 2026
766 2132
766 2160
766 2168
767 2056
767 2058
768 2072
768 2082
768 2152
768 2169
769 2019
769 2067
769 2165
769 2198
770 2125
770 2134
770 2161
771 2029
771 2079
771 2179
772 2026
772 2048
773 2073
773 2179
774 2004
774 2047
775 2048
776 2010
776 2057
776 2074
776 2192
777 2050
777 2089
777 2168
777 2196
778 2005
778 2163
778 2191
779 2117
779 2130
779 2197
780 2001
780 2099
780 2102
780 2147
781 2004
781 2054
781 2129
782 2019
782 2033
782 2140
782 2159
783 2004
783 2049
783 2140
783 2142
784 2071
784 2185
785 2072
785 2101
785 2196
786 2006
786 2019
786 2142
787 2048
787 2051
787 2186
788 2004
788 2127
788 2196
789 2147
789 2168
789 2196
790 2036
790 2115
790 2183
791 2053
791 2111
791 2172
792 2009
792 2022
792 2133
793 2075
793 2178
794 2074
795 2199
796 2025
797 2017
797 2076
797 2128
797 2174
798 2028
798 2082
798 2088
798 2100
798 2138
798 2169
799 2024
799 2041
799 2113
799 2178
800 2009
800 2095
801 2073
801 2118
801 2122
801 2180
802 2016
802 2027
803 2050
803 2124
804 2063
804 2163
805 2024
806 2001
806 2191
807 2159
807 2166
808 2077
808 2091
809 2089
810 2013
811 2140
811 2156
812 2133
812 2188
813 2103
813 2109
814 2055
816 2136
817 2051
817 2078
817 2080
817 2081
817 2092
817 2093
818 2056
818 2066
818 2115
818 2152
818 2173
819 2056
819 2099
819 2116
819 2139
819 2199
820 2015
820 2027
820 2080
820 2088
820 2156
821 2013
821 2014
821 2027
821 2075
821 2105
822 2033
822 2056
823 2006
823 2007
823 2168
824 2030
824 2142
825 2051
825 2090
825 2127
825 2194
826 2021
826 2042
826 2102
826 2166
827 2081
827 2139
828 2059
828 2063
828 2084
828 2102
829 2026
829 2065
830 2138
831 2026
831 2187
832 2023
832 2089
832 2158
833 2032
833 2044
833 2063
833 2097
833 2100
833 2106
833 2132
834 2019
834 2074
834 2086
834 2090
834 2141
835 2132
835 2144
835 2178
836 2026
836 2034
836 2113
836 2131
836 2134
836 2187
837 2001
837 2032
837 2128
837 2144
838 2128
838 2166
838 2179
838 2186
839 2043
839 2119
839 2181
840 2069
840 2087
840 2136
840 2161
841 2019
841 2140
841 2156
842 2055
842 2064
842 2175
843 2111
843 2130
844 2042
845 2099
845 2159
847 2054
849 2072
850 2068
850 2075
850 2142
850 2176
850 2193
851 2009
851 2118
851 2174
851 2183
852 2017
852 2032
852 2163
852 2171
853 2050
853 2103
853 2111
853 2158
853 2190
854 2018
854 2044
854 2113
855 2044
855 2060
855 2074
855 2102
856 2140
856 2174
856 2195
857 2057
857 2063
857 2074
857 2098
857 2102
858 2027
858 2059
858 2169
858 2170
859 2007
859 2024
859 2140
860 2016
860 2088
861 2011
861 2096
861 2183
861 2192
862 2033
862 2061
862 2078
862 2188
863 2065
863 2093
863 2140
864 2040
864 2042
864 2115
864 2155
865 2133
865 2153
865 2181
866 2007
866 2142
867 2014
868 2046
868 2056
869 2114
869 2116
870 2102
871 2093
872 2062
872 2079
872 2104
872 2119
872 2122
872 2149
872 2157
872 2174
873 2008
873 2052
873 2162
873 2165
873 2183
874 2019
874 2040
874 2071
874 2077
874 2090
875 2011
875 2029
875 2194
876 2011
876 2018
876 2020
876 2111
876 2156
876 2165
877 2009
877 2027
877 2136
877 2159
877 2194
878 2040
878 2042
878 2092
878 2117
879 2029
879 2050
879 2099
880 2030
880 2060
880 2083
880 2191
881 2050
881 2062
881 2127
881 2129
882 2022
882 2033
882 2100
882 2135
883 2110
883 2120
883 2187
884 2074
884 2147
884 2156
885 2155
885 2162
886 2046
886 2107
886 2158
887 2101
887 2139
888 2072
889 2011
889 2047
889 2096
889 2107
889 2110
889 2139
889 2171
890 2039
890 2050
890 2079
890 2114
890 2156
890 2181
891 2010
891 2101
891 2118
891 2129
891 2131
892 2104
892 2162
892 2177
892 2181
893 2025
893 2104
893 2161
893 2180
894 2001
894 2009
894 2077
895 2059
895 2088
895 2168
896 2055
896 2070
896 2109
897 2056
897 2151
898 2119
898 2125
898 2132
899 2007
899 2104
899 2193
900 2014
900 2026
900 2099
901 2091
901 2154
901 2164
902 2199
903 2019
903 2048
903 2182
904 2132
904 2162
905 2006
905 2013
905 2020
906 2063
906 2124
906 2128
907 2010
907 2103
907 2110
908 2119
908 2126
908 2179
909 2053
909 2057
910 2051
910 2086
911 2102
911 2163
912 2092
912 2157
914 2048
915 2018
915 2030
915 2031
915 2094
915 2095
915 2152
916 2095
916 2133
916 2138
916 2170
916 2194
917 2023
917 2047
917 2052
917 2066
917 2164
918 2032
918 2094
918 2119
918 2156
918 2168
919 2031
919 2055
919 2069
919 2093
919 2114
919 2158
920 2035
920 2057
920 2082
920 2099
920 2151
921 2049
921 2102
921 2147
922 2037
922 2054
922 2066
922 2159
923 2101
923 2150
924 2109
924 2110
924 2175
925 2072
925 2094
925 2129
925 2152
926 2103
926 2126
927 2000
927 2116
927 2141
927 2143
928 2025
928 2039
928 2060
928 2178
929 2071
929 2086
929 2170
930 2089
930 2189
931 2118
931 2173
931 2177
932 2061
932 2120
933 2057
933 2116
933 2168
934 2052
934 2109
934 2177
935 2105
935 2190
936 2043
937 2168
937 2176
938 2086
939 2027
939 2047
939 2077
939 2094
939 2097
939 2192
940 2012
940 2024
940 2050
941 2100
941 2101
941 2133
941 2193
941 2197
942 2081
942 2160
942 2196
943 2024
943 2129
943 2134
943 2183
944 2061
944 2066
944 2188
945 2024
945 2036
945 2135
945 2168
946 2041
946 2126
946 2198
947 2118
947 2172
947 2186
948 2119
948 2148
949 2127
949 2135
950 2104
951 2084
951 2092
953 2000
953 2006
953 2056
953 2092
953 2139
953 2182
954 2047
954 2075
954 2103
954 2112
955 2016
955 2068
955 2086
955 2104
955 2168
956 2017
956 2034
956 2052
957 2000
957 2048
957 2132
957 2167
957 2198
958 2033
958 2073
958 2118
958 2176
959 2020
959 2035
959 2122
960 2068
960 2154
960 2181
961 2046
961 2062
961 2063
961 2092
961 2095
962 2056
962 2090
962 2093
962 2111
963 2064
963 2109
963 2130
963 2160
964 2031
964 2034
964 2112
964 2141
965 2031
965 2052
966 2086
966 2137
966 2197
967 2056
967 2097
967 2141
968 2084
969 2101
969 2166
970 2042
970 2081
971 2018
971 2175
972 2055
972 2073
973 2082
973 2120
973 2125
974 2045
974 2102
974 2193
975 2027
975 2082
975 2196
976 2021
976 2073
977 2071
977 2119
977 2190
977 2192
978 2105
978 2123
979 2058
979 2160
980 2130
980 2134
980 2189
981 2022
981 2060
981 2119
982 2172
982 2178
982 2199
983 2092
984 2022
984 2147
984 2181
985 2092
985 2133
986 2018
987 2013
989 2011
989 2154
990 2174
991 2046
991 2076
991 2100
991 2103
991 2106
991 2175
991 2188
992 2047
992 2112
992 2174
993 2043
993 2086
993 2124
993 2151
994 2034
994 2091
994 2111
994 2186
995 2060
995 2109
995 2113
995 2146
995 2163
996 2002
996 2045
996 2147
996 2164
997 2079
997 2148
997 2188
998 2005
998 2097
998 2119
998 2146
999 2094
999 2114
999 2173
1000 2036
1000 2111
1000 2199
1001 2098
1001 2175
1002 2118
1002 2168
1003 2175
1003 2196
1004 2108
1005 2175
1005 2180
1006 2006
1006 2045
1006 2064
1007 2090
1007 2130
1008 2036
1009 2046
1009 2192
1010 2112
1011 2037
1011 2042
1011 2070
1011 2113
1011 2169
1012 2067
1012 2074
1012 2095
1012 2153
1012 2170
1013 2018
1013 2020
1013 2039
1013 2045
1013 2046
1013 2161
1014 2035
1014 2054
1014 2057
1014 2146
1014 2181
1015 2004
1015 2020
1015 2118
1015 2149
1016 2028
1016 2142
1016 2191
1017 2017
1017 2034
1017 2053
1017 2075
1017 2113
1018 2009
1018 2017
1018 2101
1018 2121
1018 2171
1019 2033
1019 2057
1019 2121
1019 2149
1019 2176
1020 2025
1020 2100
1020 2108
1021 2026
1021 2049
1021 2184
1022 2118
1022 2143
1022 2184
1023 2106
1023 2191
1025 2005
1025 2024
1025 2167
1026 2031
1026 2037
1026 2081
1027 2024
1027 2173
1028 2058
1029 2093
1029 2125
1029 2136
1030 2172
1030 2186
1030 2190
1031 2079
1031 2131
1031 2135
1032 2080
1032 2162
1033 2069
1033 2138
1034 2143
1034 2146
1034 2163
1034 2183
1035 2053
1035 2180
1035 2183
1035 2197
1036 2160
1036 2198
1037 2119
1037 2160
1037 2194
1038 2005
1038 2027
1038 2058
1038 2105
1038 2167
1039 2056
1039 2108
1039 2117
1039 2173
1040 2017
1040 2151
1040 2177
1041 2023
1041 2057
1041 2198
1042 2048
1042 2188
1043 2007
1043 2039
1043 2047
1044 2045
1044 2123
1044 2152
1044 2189
1045 2006
1045 2038
1045 2124
1046 2052
1046 2153
1047 2156
1048 2005
1049 2001
1049 2172
1049 2175
1050 2037
1050 2163
1050 2165
1051 2062
1052 2066
1052 2180
1053 2103
1054 2022
1054 2030
1054 2073
1054 2148
1054 2194
1055 2006
1055 2021
1055 2035
1055 2080
1055 2143
1055 2149
1055 2152
1056 2000
1056 2023
1056 2065
1056 2159
1056 2168
1057 2088
1057 2100
1057 2120
1057 2136
1057 2181
1058 2147
1058 2188
1059 2034
1059 2120
1059 2124
1059 2132
1060 2080
1060 2093
1060 2109
1060 2156
1061 2038
1061 2039
1061 2174
1062 2004
1062 2042
1062 2135
1062 2196
1063 2041
1063 2079
1064 2098
1064 2110
1064 2135
1065 2083
1065 2157
1065 2164
1065 2174
1066 2117
1067 2017
1067 2160
1068 2158
1068 2161
1069 2071
1069 2148
1070 2180
1071 2120
1073 2011
1073 2037
1073 2124
1073 2137
1073 2191
1074 2014
1074 2033
1074 2036
1074 2058
1075 2083
1075 2102
1075 2130
1075 2140
1075 2175
1075 2198
1076 2127
1076 2164
1076 2185
1077 2100
1077 2181
1077 2183
1078 2011
1078 2020
1078 2061
1078 2133
1079 2052
1079 2071
1079 2151
1080 2033
1080 2131
1080 2158
1080 2181
1081 2049
1081 2057
1082 2046
1082 2129
1082 2136
1083 2131
1083 2174
1084 2124
1084 2183
1085 2001
1085 2120
1085 2169
1086 2011
1086 2012
1087 2083
1087 2181
1088 2073
1088 2179
1089 2065
1089 2163
1090 2185
1091 2186
1093 2069
1093 2102
1093 2117
1093 2118
1093 2125
1093 2179
1094 2011
1094 2028
1094 2066
1094 2178
1095 2037
1095 2082
1095 2172
1096 2028
1096 2112
1096 2182
1097 2018
1097 2038
1097 2046
1097 2098
1097 2141
1098 2057
1098 2112
1098 2182
1099 2085
1099 2139
1099 2196
1100 2043
1100 2133
1101 2004
1101 2005
1101 2013
1102 2034
1102 2166
1102 2171
1103 2169
1103 2186
1104 2006
1104 2078
1104 2171
1105 2007
1105 2159
1106 2086
1106 2108
1106 2164
1107 2093
1107 2197
1108 2021
1108 2089
1109 2075
1109 2124
1109 2129
1110 2040
1110 2061
1110 2192
1111 2084
1111 2143
1112 2065
1112 2179
1113 2119
1113 2143
1114 2113
1114 2132
1115 2116
1116 2043
1117 2073
1117 2118
1118 2020
1120 2044
1120 2048
1120 2068
1120 2108
1120 2112
1120 2155
1120 2189
1120 2198
1121 2056
1121 2061
1121 2154
1121 2179
1121 2199
1122 2038
1122 2053
1122 2059
1122 2138
1122 2176
1123 2044
1123 2083
1123 2142
1124 2010
1124 2038
1124 2100
1124 2105
1124 2149
1125 2004
1125 2059
1125 2112
1125 2119
1125 2161
1126 2106
1126 2121
1127 2066
1128 2100
1128 2165
1128 2178
1129 2012
1129 2024
1129 2147
1129 2181
1130 2023
1130 2046
1130 2066
1131 2063
1131 2197
1132 2102
1132 2109
1133 2063
1134 2049
1134 2165
1135 2081
1135 2168
1136 2037
1137 2150
1138 2087
1140 2034
1140 2051
1140 2058
1140 2126
1140 2136
1140 2142
1140 2178
1140 2199
1141 2019
1141 2071
1141 2077
1141 2121
1141 2129
1142 2065
1142 2084
1142 2095
1142 2133
1142 2183
1142 2191
1143 2124
1143 2129
1143 2148
1143 2185
1144 2044
1144 2072
1144 2099
1144 2103
1145 2054
1145 2173
1145 2177
1145 2182
1146 2062
1146 2122
1146 2127
1146 2142
1147 2029
1148 2048
1148 2052
1148 2136
1149 2053
1149 2130
1150 2119
1150 2147
1151 2052
1151 2103
1151 2104
1152 2070
1152 2108
1152 2177
1153 2002
1153 2119
1154 2112
1155 2165
1156 2184
1157 2089
1157 2111
1157 2115
1157 2126
1157 2160
1157 2197
1158 2005
1158 2073
1158 2088
1158 2102
1158 2180
1159 2143
1159 2147
1159 2153
1159 2165
1160 2001
1160 2063
1160 2074
1160 2174
1160 2196
1161 2007
1161 2009
1161 2052
1161 2149
1161 2186
1162 2087
1162 2145
1162 2152
1162 2158
1163 2043
1163 2196
1164 2082
1164 2122
1164 2153
1164 2176
1164 2187
1165 2017
1165 2030
1165 2083
1166 2001
1166 2024
1167 2142
1167 2146
1167 2188
1168 2060
1168 2104
1168 2167
1169 2111
1170 2016
1170 2068
1170 2082
1170 2091
1170 2168
1170 2199
1171 2035
1171 2121
1171 2123
1171 2145
1171 2184
1172 2008
1172 2017
1172 2111
1173 2000
1173 2118
1173 2137
1174 2019
1174 2053
1174 2064
1174 2134
1174 2173
1175 2135
1175 2141
1175 2150
1175 2151
1175 2180
1176 2074
1176 2135
1176 2138
1176 2180
1176 2192
1177 2009
1177 2011
1177 2059
1177 2079
1177 2149
1178 2022
1178 2120
1178 2151
1178 2162
1178 2191
1179 2032
1179 2111
1179 2139
1179 2176
1180 2159
1181 2078
1182 2138
1182 2152
1182 2186
1183 2099
1183 2148
1184 2115
1184 2175
1185 2119
1185 2183
1186 2009
1187 2028
1187 2051
1187 2053
1187 2159
1187 2195
1188 2002
1188 2030
1188 2112
1188 2116
1188 2162
1189 2012
1189 2043
1189 2046
1190 2054
1190 2072
1190 2077
1190 2168
1190 2197
1191 2017
1191 2077
1191 2118
1191 2125
1191 2133
1192 2134
1193 2021
1193 2040
1193 2148
1194 2005
1194 2091
1194 2095
1195 2009
1195 2111
1196 2019
1196 2172
1196 2177
1197 2175
1198 2002
1198 2176
1199 2108
1199 2175
1200 2016
1201 2056
1201 2073
1201 2106
1201 2113
1201 2116
1202 2019
1202 2039
1202 2155
1202 2183
1203 2009
1203 2049
1203 2080
1203 2169
1203 2173
1203 2198
1204 2003
1204 2014
1204 2031
1204 2079
1204 2086
1205 2005
1205 2051
1205 2169
1205 2177
1206 2011
1206 2049
1206 2138
1206 2176
1206 2195
1207 2013
1207 2126
1207 2138
1207 2171
1208 2053
1208 2120
1208 2198
1209 2040
1209 2088
1209 2102
1209 2110
1210 2008
1210 2060
1210 2131
1210 2136
1210 2189
1211 2007
1211 2097
1211 2109
1211 2153
1211 2193
1212 2125
1212 2171
1213 2018
1213 2131
1214 2096
1214 2100
1214 2127
1215 2114
1215 2126
1215 2188
1215 2193
1216 2055
1216 2074
1216 2188
1217 2032
1217 2043
1217 2074
1218 2007
1218 2019
1218 2135
1218 2166
1219 2148
1220 2098
1221 2144
1221 2178
1221 2188
1222 2074
1222 2121
1223 2052
1223 2124
1223 2153
1224 2055
1224 2100
1225 2096
1226 2035
1226 2122
1226 2167
1227 2046
1227 2070
1227 2122
1227 2139
1227 2180
1228 2019
1228 2041
1228 2063
1228 2076
1229 2080
1229 2099
1229 2115
1229 2122
1229 2168
1229 2195
1230 2053
1230 2059
1230 2078
1230 2099
1231 2053
1231 2073
1231 2080
1231 2100
1231 2114
1232 2033
1232 2128
1232 2144
1233 2134
1233 2184
1234 2020
1234 2058
1235 2039
1235 2143
1235 2162
1236 2105
1237 2047
1237 2062
1237 2095
1238 2121
1238 2165
1239 2022
1239 2106
1240 2177
1241 2091
1241 2093
1241 2151
1242 2003
1242 2099
1242 2172
1243 2002
1243 2160
1243 2168
1244 2024
1244 2030
1244 2048
1245 2187
1246 2098
1246 2176
1248 2193
1249 2045
1249 2094
1249 2130
1249 2199
1250 2020
1250 2098
1250 2177
1251 2044
1251 2050
1252 2008
1252 2018
1252 2028
1253 2045
1253 2061
1254 2125
1254 2129
1255 2022
1255 2054
1255 2075
1256 2045
1256 2104
1256 2153
1257 2006
1257 2059
1257 2093
1258 2094
1258 2176
1259 2053
1259 2111
1260 2134
1262 2002
1262 2160
1263 2063
1263 2127
1263 2148
1264 2094
1264 2112
1264 2148
1265 2019
1265 2077
1265 2178
1266 2125
1266 2127
1266 2164
1267 2004
1267 2085
1268 2044
1268 2094
1268 2172
1269 2082
1269 2149
1269 2185
1270 2120
1271 2023
1271 2101
1272 2110
1272 2161
1273 2009
1273 2101
1273 2190
1274 2039
1274 2046
1274 2115
1275 2019
1275 2048
1275 2089
1276 2037
1276 2146
1277 2008
1278 2030
1278 2053
1278 2058
1278 2084
1278 2115
1278 2124
1279 2013
1279 2014
1279 2154
1280 2016
1280 2031
1280 2056
1280 2069
1280 2083
1280 2172
1281 2047
1281 2163
1281 2167
1281 2178
1281 2189
1281 2193
1282 2083
1282 2089
1282 2111
1282 2178
1283 2038
1283 2075
1283 2076
1283 2106
1284 2002
1284 2048
1284 2136
1284 2173
1284 2188
1285 2039
1285 2130
1286 2014
1286 2070
1286 2098
1287 2033
1287 2089
1287 2107
1287 2156
1288 2000
1288 2037
1288 2092
1288 2175
1289 2077
1290 2044
1290 2048
1290 2150
1291 2112
1291 2173
1292 2013
1293 2031
1293 2148
1293 2173
1294 2061
1294 2098
1295 2050
1297 2005
1297 2028
1297 2063
1297 2121
1297 2194
1298 2006
1298 2116
1298 2158
1298 2172
1298 2192
1299 2000
1299 2031
1299 2068
1299 2109
1299 2112
1299 2121
1300 2007
1300 2052
1300 2114
1300 2144
1300 2197
1301 2032
1301 2068
1301 2190
1302 2096
1302 2106
1302 2112
1302 2165
1302 2196
1303 2050
1303 2078
1303 2134
1304 2035
1304 2046
1304 2121
1305 2094
1305 2120
1305 2173
1306 2058
1307 2157
1308 2009
1308 2018
1308 2032
1310 2186
1311 2020
1311 2148
1312 2091
1312 2130
1313 2022
1313 2026
1314 2061
1314 2068
1314 2078
1315 2000
1315 2141
1315 2147
1315 2161
1315 2178
1316 2038
1316 2090
1316 2113
1317 2015
1317 2114
1317 2151
1317 2176
1317 2194
1318 2013
1318 2019
1318 2087
1318 2159
1318 2171
1319 2006
1319 2071
1319 2082
1319 2105
1319 2172
1320 2016
1320 2050
1320 2118
1320 2125
1321 2030
1321 2040
1322 2077
1322 2088
1322 2195
1323 2044
1323 2097
1323 2109
1324 2183
1324 2190
1325 2007
1325 2098
1325 2106
1325 2130
1326 2125
1326 2174
1326 2190
1327 2155
1327 2194
1328 2032
1329 2068
1329 2154
1330 2047
1330 2087
1331 2037
1331 2134
1332 2075
1332 2184
1333 2143
1333 2153
1334 2105
1335 2090
1336 2003
1336 2181
1337 2157
1338 2153
1339 2006
1339 2016
1339 2022
1339 2032
1339 2069
1339 2152
1340 2077
1340 2138
1340 2144
1340 2173
1341 2002
1341 2117
1341 2153
1341 2199
1342 2030
1342 2078
1342 2110
1342 2127
1342 2134
1342 2166
1343 2019
1343 2117
1343 2164
1344 2027
1344 2088
1344 2137
1345 2102
1345 2161
1345 2174
1346 2058
1346 2087
1346 2187
1346 2194
1347 2039
1347 2176
1348 2031
1348 2102
1348 2127
1349 2108
1349 2156
1349 2195
1350 2001
1350 2195
1351 2177
1351 2191
1352 2029
1352 2118
1353 2173
1353 2174
1354 2188
1355 2069
1355 2161
1356 2004
1356 2066
1357 2176
1359 2161
1360 2022
1360 2030
1360 2037
1360 2108
1360 2117
1360 2119
1360 2120
1361 2094
1361 2117
1362 2044
1362 2053
1362 2066
1362 2133
1362 2149
1362 2193
1363 2031
1363 2086
1363 2101
1363 2146
1364 2075
1364 2137
1364 2138
1365 2042
1365 2053
1365 2140
1365 2165
1366 2037
1366 2112
1366 2174
1366 2180
1366 2195
1367 2035
1367 2036
1367 2102
1367 2119
1367 2131
1367 2187
1368 2003
1368 2073
1368 2089
1369 2044
1369 2131
1369 2195
1370 2032
1370 2132
1371 2109
1371 2126
1372 2037
1372 2157
1373 2049
1373 2102
1373 2174
1373 2177
1374 2081
1375 2041
1376 2073
1376 2185
1377 2064
1377 2186
1378 2037
1378 2077
1378 2111
1379 2099
1379 2149
1380 2182
1381 2091
1382 2000
1382 2148
1383 2140
1384 2088
1384 2162
1385 2056
1385 2153
1386 2008
1386 2014
1386 2030
1386 2068
1386 2089
1386 2199
1387 2046
1387 2144
1387 2187
1388 2025
1388 2055
1388 2159
1389 2006
1389 2114
1389 2119
1389 2128
1390 2100
1390 2151
1390 2159
1390 2191
1391 2017
1391 2022
1391 2103
1391 2170
1392 2092
1392 2117
1392 2142
1393 2112
1393 2137
1393 2146
1393 2179
1394 2028
1394 2029
1394 2030
1395 2103
1395 2112
1395 2187
1396 2031
1396 2173
1396 2188
1397 2094
1397 2166
1398 2056
1398 2135
1399 2050
1399 2127
1400 2093
1400 2125
1400 2178
1401 2109
1402 2145
1402 2183
1403 2067
1403 2168
1404 2190
1405 2000
1405 2015
1405 2030
1405 2047
1405 2107
1405 2112
1406 2004
1406 2063
1406 2096
1406 2126
1406 2135
1406 2198
1407 2022
1407 2049
1407 2103
1407 2177
1407 2186
1408 2070
1408 2092
1408 2144
1408 2148
1408 2188
1409 2048
1409 2059
1409 2132
1409 2166
1410 2034
1410 2075
1410 2112
1410 2121
1411 2058
1411 2099
1411 2136
1411 2142
1411 2182
1412 2044
1412 2131
1412 2191
1413 2028
1413 2099
1413 2151
1413 2185
1414 2049
1414 2096
1414 2129
1414 2150
1415 2003
1415 2116
1415 2139
1415 2163
1416 2071
1416 2095
1417 2049
1417 2055
1417 2133
1417 2149
1418 2007
1418 2104
1418 2158
1418 2180
1419 2014
1419 2109
1419 2194
1420 2178
1421 2002
1421 2007
1421 2190
1422 2099
1422 2121
1423 2091
1423 2191
1424 2128
1425 2023
1425 2043
1425 2136
1425 2143
1425 2185
1425 2191
1426 2045
1426 2088
1426 2159
1426 2161
1427 2034
1427 2041
1427 2090
1427 2154
1427 2163
1428 2024
1428 2037
1428 2039
1428 2158
1429 2014
1429 2052
1429 2067
1429 2157
1430 2001
1430 2011
1430 2134
1431 2004
1431 2092
1431 2139
1432 2002
1432 2016
1432 2154
1433 2029
1433 2048
1433 2180
1434 2039
1434 2111
1434 2116
1434 2199
1435 2061
1436 2020
1436 2177
1437 2070
1437 2153
1437 2154
1438 2045
1438 2164
1439 2043
1439 2091
1440 2064
1441 2150
1441 2153
1443 2013
1443 2040
1443 2074
1443 2128
1443 2137
1443 2193
1444 2100
1444 2187
1445 2054
1445 2072
1445 2109
1445 2165
1446 2010
1446 2047
1446 2049
1446 2163
1446 2185
1447 2058
1447 2069
1447 2156
1447 2191
1448 2013
1448 2113
1448 2133
1449 2140
1449 2141
1449 2149
1450 2017
1450 2113
1450 2144
1451 2073
1451 2137
1451 2160
1451 2177
1452 2074
1452 2112
1452 2131
1452 2153
1452 2159
1453 2011
1453 2033
1453 2115
1453 2162
1454 2004
1454 2015
1454 2096
1454 2160
1455 2013
1455 2048
1455 2176
1456 2012
1456 2119
1457 2077
1457 2104
1457 2189
1457 2197
1458 2021
1458 2036
1458 2160
1458 2191
1459 2019
1459 2045
1459 2053
1459 2127
1460 2052
1460 2058
1460 2059
1461 2042
1461 2092
1461 2152
1462 2175
1463 2000
1464 2089
1465 2065
1465 2105
1465 2108
1466 2032
1466 2062
1466 2121
1467 2117
1467 2123
1467 2145
1468 2033
1468 2095
1468 2165
1469 2034
1469 2088
1469 2091
1469 2108
1470 2057
1470 2108
1470 2116
1470 2172
1472 2108
1472 2113
1472 2134
1472 2157
1473 2038
1473 2136
1473 2174
1474 2033
1474 2067
1474 2161
1475 2048
1475 2109
1475 2147
1476 2055
1476 2116
1477 2061
1477 2083
1478 2109
1479 2084
1479 2172
1480 2017
1480 2040
1480 2151
1481 2030
1481 2154
1482 2150
1483 2192
1484 2179
1485 2182
1486 2022
1487 2062
1487 2093
1489 2031
1489 2083
1489 2113
1489 2129
1489 2153
1490 2007
1490 2058
1490 2118
1490 2119
1490 2162
1491 2008
1491 2018
1491 2176
1491 2181
1492 2073
1492 2098
1492 2199
1493 2047
1493 2049
1493 2121
1493 2180
1494 2035
1494 2086
1494 2153
1495 2035
1495 2065
1495 2138
1496 2137
1497 2038
1497 2083
1497 2177
1498 2026
1499 2169
1500 2045
1500 2151
1500 2196
1502 2015
1502 2154
1503 2099
1504 2104
1504 2196
1505 2015
1506 2006
1507 2125
1508 2003
1508 2021
1508 2085
1508 2091
1508 2107
1509 2009
1509 2077
1509 2099
1509 2118
1509 2156
1509 2194
1510 2031
1510 2189
1511 2013
1511 2072
1511 2185
1511 2199
1512 2042
1512 2048
1512 2079
1512 2104
1513 2012
1513 2013
1513 2138
1514 2046
1514 2094
1514 2104
1514 2189
1515 2077
1515 2093
1515 2097
1516 2083
1516 2105
1516 2180
1516 2187
1517 2061
1517 2069
1517 2154
1518 2050
1518 2147
1518 2174
1519 2062
1519 2176
1520 2007
1520 2058
1520 2115
1520 2135
1521 2030
1521 2065
1521 2181
1522 2160
1522 2191
1523 2055
1523 2136
1523 2183
1524 2000
1524 2002
1524 2014
1525 2000
1526 2069
1526 2081
1527 2153
1527 2178
1528 2121
1528 2140
1529 2060
1529 2118
1530 2049
1530 2147
1531 2043
1531 2045
1531 2087
1531 2101
1531 2103
1532 2004
1532 2095
1532 2108
1532 2126
1532 2168
1532 2198
1533 2069
1533 2118
1533 2143
1533 2199
1534 2020
1534 2135
1534 2137
1535 2112
1535 2134
1535 2152
1535 2175
1535 2189
1536 2042
1536 2132
1536 2193
1537 2103
1537 2155
1538 2015
1538 2017
1538 2161
1539 2103
1539 2120
1539 2142
1540 2014
1540 2133
1541 2105
1541 2152
1543 2047
1543 2107
1543 2185
1544 2017
1544 2037
1544 2109
1545 2058
1546 2051
1547 2074
1547 2198
1548 2152
1549 2024
1550 2097
1552 2102
1552 2167
1553 2078
1553 2144
1553 2168
1553 2174
1553 2183
1554 2004
1554 2040
1554 2044
1554 2078
1554 2196
1555 2045
1555 2070
1555 2113
1555 2129
1555 2143
1555 2155
1556 2018
1556 2022
1556 2111
1556 2132
1556 2197
1557 2024
1557 2059
1557 2120
1557 2169
1558 2035
1558 2078
1558 2128
1558 2161
1559 2034
1559 2091
1560 2103
1560 2105
1560 2159
1561 2060
1561 2072
1561 2117
1562 2005
1562 2019
1562 2051
1563 2100
1563 2135
1563 2140
1564 2029
1564 2072
1564 2124
1565 2049
1565 2160
1566 2026
1566 2191
1566 2196
1567 2117
1567 2158
1568 2007
1569 2016
1569 2118
1569 2157
1570 2067
1570 2154
1571 2023
1571 2148
1572 2035
1572 2074
1573 2054
1573 2131
1574 2064
1575 2134
1576 2055
1577 2010
1577 2137
1577 2168
1578 2034
1578 2082
1578 2085
1578 2094
1578 2097
1578 2115
1578 2141
1579 2068
1579 2144
1579 2146
1579 2152
1579 2195
1580 2028
1580 2097
1580 2100
1581 2000
1581 2008
1581 2107
1582 2093
1582 2104
1582 2124
1582 2137
1583 2035
1583 2050
1583 2119
1583 2142
1583 2157
1584 2004
1584 2040
1584 2044
1585 2065
1585 2070
1585 2112
1585 2147
1586 2077
1586 2092
1586 2101
1586 2196
1587 2122
1587 2187
1588 2068
1588 2115
1588 2136
1589 2021
1589 2064
1590 2025
1590 2121
1590 2161
1591 2041
1591 2112
1591 2125
1592 2045
1592 2160
1593 2062
1594 2129
1594 2140
1595 2025
1596 2061
1597 2162
1598 2020
1598 2122
1598 2124
1598 2129
1598 2154
1598 2158
1599 2015
1599 2104
1599 2113
1599 2173
1599 2183
1600 2016
1600 2089
1601 2000
1601 2148
1601 2184
1601 2199
1602 2037
1602 2099
1602 2101
1602 2122
1602 2128
1602 2166
1603 2124
1603 2136
1603 2169
1603 2185
1604 2044
1604 2108
1604 2114
1604 2155
1605 2010
1605 2021
1605 2096
1605 2163
1606 2025
1606 2146
1606 2188
1607 2040
1607 2070
1607 2110
1607 2112
1608 2062
1608 2191
1609 2032
1609 2129
1610 2030
1610 2134
1610 2169
1611 2038
1611 2143
1611 2178
1612 2104
1613 2105
1613 2128
1613 2199
1614 2085
1614 2119
1614 2145
1615 2085
1615 2146
1616 2009
1616 2195
1617 2019
1617 2043
1618 2088
1618 2159
1619 2115
1619 2128
1620 2035
1620 2037
1621 2022
1621 2048
1621 2177
1622 2084
1624 2056
1624 2194
1625 2097
1626 2036
1626 2045
1626 2056
1626 2075
1626 2090
1626 2098
1626 2101
1626 2117
1626 2141
1626 2179
1626 2190
1627 2007
1627 2039
1627 2057
1627 2106
1627 2115
1627 2130
1627 2160
1628 2015
1628 2031
1628 2163
1628 2189
1629 2062
1629 2081
1629 2103
1629 2166
1629 2184
1629 2185
1630 2006
1630 2009
1630 2032
1630 2059
1631 2020
1631 2033
1631 2052
1631 2159
1632 2007
1632 2014
1632 2048
1632 2130
1633 2124
1633 2130
1633 2199
1634 2103
1634 2174
1634 2178
1634 2181
1635 2036
1635 2071
1635 2132
1636 2036
1636 2054
1636 2076
1637 2089
1637 2199
1638 2040
1638 2110
1638 2139
1639 2079
1640 2007
1640 2097
1640 2194
1641 2099
1641 2124
1642 2065
1642 2066
1643 2014
1643 2084
1643 2114
1643 2122
1643 2130
1643 2142
1644 2032
1644 2051
1644 2096
1644 2102
1644 2107
1644 2133
1644 2166
1645 2003
1645 2020
1645 2087
1645 2130
1645 2171
1646 2035
1646 2111
1646 2163
1646 2181
1647 2011
1647 2054
1647 2093
1647 2110
1647 2119
1647 2135
1648 2137
1648 2159
1648 2179
1649 2001
1649 2050
1649 2168
1650 2052
1650 2176
1650 2179
1651 2120
1651 2126
1652 2043
1652 2058
1652 2114
1652 2138
1653 2017
1653 2037
1653 2108
1654 2066
1654 2095
1654 2136
1654 2160
1655 2030
1655 2136
1656 2031
1656 2055
1656 2113
1658 2007
1658 2131
1659 2063
1660 2064
1660 2191
1662 2014
1663 2037
1663 2081
1665 2168
1666 2008
1666 2031
1666 2040
1666 2062
1666 2144
1666 2166
1666 2191
1667 2031
1667 2038
1667 2061
1667 2111
1667 2174
1668 2075
1668 2079
1668 2112
1668 2117
1668 2160
1668 2184
1669 2001
1669 2059
1669 2082
1669 2157
1669 2194
1669 2199
1670 2056
1670 2062
1671 2028
1671 2043
1671 2050
1671 2071
1671 2145
1671 2148
1672 2096
1672 2124
1672 2149
1672 2161
1672 2195
1673 2073
1673 2107
1673 2139
1674 2014
1674 2019
1674 2074
1674 2199
1675 2067
1675 2100
1675 2108
1675 2141
1676 2106
1676 2183
1677 2113
1678 2078
1678 2084
1678 2187
1679 2137
1679 2142
1679 2165
1680 2012
1680 2024
1680 2175
1681 2018
1681 2155
1682 2029
1682 2166
1683 2034
1683 2160
1684 2038
1685 2035
1685 2189
1686 2006
1686 2020
1686 2044
1686 2081
1686 2112
1686 2170
1687 2082
1687 2092
1687 2156
1687 2173
1687 2195
1688 2005
1688 2125
1688 2174
1689 2021
1689 2085
1689 2139
1689 2152
1689 2154
1689 2173
1690 2025
1690 2042
1690 2073
1690 2191
1691 2080
1691 2119
1691 2129
1691 2157
1691 2181
1692 2066
1692 2091
1692 2096
1693 2025
1693 2065
1693 2103
1693 2114
1694 2044
1694 2063
1694 2097
1694 2112
1694 2199
1695 2199
1696 2001
1696 2064
1696 2078
1696 2101
1697 2076
1697 2086
1697 2145
1697 2193
1698 2115
1698 2154
1699 2173
1700 2002
1700 2027
1700 2188
1701 2003
1701 2042
1701 2063
1701 2137
1702 2035
1702 2111
1702 2148
1703 2010
1703 2078
1703 2089
1703 2092
1704 2032
1704 2129
1705 2025
1705 2145
1705 2197
1706 2072
1707 2092
1707 2136
1707 2147
1708 2064
1708 2094
1708 2162
1709 2012
1710 2025
1710 2196
1711 2195
1712 2009
1712 2050
1712 2088
1712 2128
1712 2131
1712 2147
1712 2167
1713 2016
1713 2051
1713 2052
1713 2064
1713 2099
1713 2169
1713 2188
1714 2068
1714 2144
1714 2186
1715 2106
1715 2136
1715 2141
1715 2144
1715 2152
1716 2014
1716 2061
1716 2154
1716 2197
1717 2060
1717 2087
1717 2117
1718 2047
1718 2059
1718 2133
1718 2149
1719 2151
1719 2157
1719 2159
1719 2176
1719 2190
1720 2070
1720 2072
1720 2078
1720 2114
1720 2198
1721 2027
1721 2048
1721 2089
1721 2110
1722 2093
1722 2129
1722 2194
1723 2019
1723 2074
1723 2094
1724 2016
1724 2059
1724 2093
1725 2048
1726 2016
1726 2020
1726 2172
1727 2021
1727 2047
1727 2135
1728 2064
1728 2181
1729 2168
1730 2056
1731 2003
1731 2027
1731 2037
1731 2058
1731 2068
1731 2109
1731 2137
1731 2150
1732 2011
1732 2023
1732 2062
1732 2088
1732 2149
1733 2011
1733 2038
1733 2043
1733 2152
1733 2189
1734 2075
1734 2093
1734 2104
1734 2161
1735 2067
1735 2121
1735 2127
1735 2149
1736 2013
1736 2094
1736 2169
1737 2061
1737 2077
1737 2101
1737 2153
1738 2021
1738 2034
1738 2038
1738 2040
1739 2008
1739 2176
1740 2126
1740 2174
1740 2176
1741 2120
1742 2015
1742 2073
1742 2155
1743 2094
1743 2169
1744 2051
1744 2053
1744 2106
1745 2020
1745 2105
1745 2178
1746 2017
1746 2181
1748 2024
1748 2093
1749 2062
1749 2075
1749 2140
1749 2151
1749 2179
1749 2185
1750 2015
1750 2078
1750 2097
1750 2132
1751 2005
1751 2007
1751 2035
1751 2063
1752 2000
1752 2151
1753 2066
1753 2108
1753 2115
1753 2176
1754 2087
1754 2151
1755 2190
1756 2080
1756 2193
1757 2010
1757 2068
1757 2121
1758 2041
1758 2129
1758 2141
1759 2029
1759 2039
1759 2185
1760 2089
1760 2108
1760 2117
1761 2076
1762 2036
1762 2112
1762 2173
1763 2016
1764 2042
1764 2161
1765 2070
1765 2178
1766 2025
1767 2001
1767 2033
1767 2089
1767 2108
1767 2112
1767 2181
1768 2014
1768 2042
1768 2044
1768 2070
1768 2078
1768 2087
1768 2188
1769 2053
1769 2073
1769 2087
1769 2126
1769 2137
1769 2175
1770 2060
1770 2062
1770 2126
1770 2149
1770 2162
1771 2017
1771 2067
1771 2134
1771 2190
1772 2059
1772 2084
1772 2155
1772 2186
1772 2196
1773 2006
1773 2035
1773 2199
1774 2004
1774 2016
1774 2052
1774 2073
1775 2017
1775 2081
1775 2095
1776 2057
1776 2197
1777 2061
1777 2114
1777 2134
1778 2057
1778 2188
1779 2068
1779 2083
1779 2178
1780 2028
1780 2116
1781 2028
1781 2173
1782 2123
1782 2138
1783 2074
1783 2107
1784 2085
1785 2118
1786 2008
1786 2031
1786 2039
1786 2076
1786 2144
1787 2036
1787 2040
1787 2092
1787 2133
1787 2170
1788 2021
1788 2045
1788 2061
1788 2116
1788 2129
1788 2175
1789 2047
1789 2055
1789 2074
1789 2093
1789 2152
1790 2002
1790 2047
1790 2051
1790 2054
1790 2089
1790 2131
1791 2120
1791 2174
1791 2191
1792 2050
1792 2155
1792 2163
1792 2172
1793 2055
1793 2062
1793 2068
1793 2116
1794 2076
1794 2134
1795 2047
1795 2052
1795 2115
1795 2185
1796 2056
1796 2103
1796 2190
1796 2194
1797 2065
1797 2123
1797 2141
1797 2191
1798 2047
1798 2151
1798 2194
1799 2012
1799 2042
1800 2005
1800 2058
1801 2034
1801 2125
1802 2047
1802 2086
1802 2128
1803 2005
1804 2064
1805 2032
1805 2138
1806 2170
1807 2112
1808 2134
1808 2135
1809 2068
1809 2166
1810 2096
1811 2050
1811 2068
1811 2140
1811 2174
1812 2031
1812 2059
1812 2070
1812 2120
1812 2168
1812 2175
1813 2041
1813 2065
1813 2082
1813 2092
1813 2104
1813 2149
1814 2017
1814 2138
1814 2178
1814 2188
1815 2025
1815 2098
1815 2109
1815 2150
1815 2168
1816 2118
1816 2153
1816 2187
1816 2190
1817 2077
1817 2114
1817 2122
1817 2162
1818 2082
1818 2101
1818 2123
1818 2134
1818 2159
1819 2016
1820 2026
1820 2064
1820 2173
1821 2044
1821 2071
1821 2146
1822 2169
1822 2199
1823 2160
1823 2184
1823 2198
1824 2195
1825 2034
1826 2009
1826 2070
1826 2110
1827 2050
1827 2073
1827 2094
1828 2085
1829 2010
1829 2049
1830 2003
1831 2052
1831 2066
1831 2116
1831 2122
1831 2132
1832 2027
1832 2031
1832 2097
1832 2150
1832 2182
1833 2077
1833 2127
1833 2160
1834 2088
1834 2165
1834 2183
1835 2002
1835 2013
1835 2085
1835 2128
1835 2180
1836 2013
1836 2027
1836 2035
1836 2085
1837 2075
1837 2187
1838 2045
1838 2050
1838 2059
1838 2074
1839 2102
1839 2107
1839 2165
1839 2184
1840 2012
1841 2009
1841 2171
1841 2173
1842 2186
1843 2071
1843 2165
1844 2046
1844 2130
1845 2153
1846 2180
1847 2111
1848 2009
1848 2024
1848 2033
1848 2050
1848 2130
1848 2131
1848 2156
1848 2157
1849 2040
1849 2096
1849 2132
1849 2136
1849 2169
1850 2008
1850 2029
1850 2128
1850 2157
1850 2199
1851 2010
1851 2043
1851 2088
1851 2100
1851 2151
1852 2054
1852 2121
1852 2129
1852 2181
1852 2194
1853 2001
1853 2033
1853 2074
1853 2092
1854 2039
1854 2072
1854 2124
1854 2170
1854 2193
1855 2027
1855 2104
1856 2026
1856 2145
1856 2150
1856 2181
1857 2004
1857 2016
1857 2023
1857 2185
1858 2022
1858 2053
1858 2060
1858 2168
1859 2092
1859 2107
1859 2136
1860 2013
1860 2029
1860 2052
1860 2149
1861 2042
1861 2047
1862 2098
1862 2134
1862 2184
1863 2006
1863 2069
1863 2098
1864 2024
1864 2053
1864 2158
1865 2060
1865 2063
1866 2093
1868 2000
1868 2046
1868 2150
1868 2180
1869 2031
1869 2051
1869 2145
1869 2169
1870 2023
1870 2050
1870 2075
1870 2129
1871 2031
1871 2064
1871 2068
1871 2071
1871 2141
1872 2036
1872 2087
1872 2115
1873 2008
1873 2081
1873 2108
1873 2156
1874 2002
1874 2046
1874 2119
1874 2183
1875 2005
1875 2126
1875 2190
1875 2194
1876 2017
1876 2090
1876 2131
1877 2107
1877 2119
1877 2136
1877 2173
1878 2010
1878 2095
1878 2173
1879 2028
1879 2155
1880 2016
1880 2162
1880 2177
1881 2080
1881 2166
1881 2184
1882 2050
1882 2165
1882 2170
1883 2079
1884 2072
1884 2079
1885 2016
1885 2038
1886 2102
1887 2096
1887 2111
1888 2111
1888 2140
1889 2143
1890 2051
1890 2066
1890 2076
1890 2087
1890 2112
1890 2164
1890 2192
1891 2010
1891 2032
1891 2119
1891 2129
1891 2151
1891 2161
1892 2058
1892 2081
1892 2091
1892 2103
1893 2022
1893 2051
1893 2117
1894 2037
1894 2049
1894 2092
1894 2170
1895 2087
1895 2095
1895 2167
1895 2181
1896 2013
1896 2055
1896 2086
1896 2193
1897 2015
1897 2045
1897 2143
1898 2039
1898 2090
1898 2108
1898 2168
1899 2028
1899 2053
1899 2119
1899 2162
1900 2002
1900 2116
1901 2117
1901 2156
1902 2032
1902 2057
1902 2148
1903 2098
1904 2026
1904 2069
1904 2084
1905 2058
1905 2062
1906 2027
1906 2100
1907 2054
1908 2126
1910 2004
1910 2043
1910 2095
1910 2116
1910 2134
1910 2149
1910 2181
1910 2185
1911 2048
1911 2070
1911 2074
1911 2117
1911 2127
1911 2170
1911 2192
1911 2198
1912 2004
1912 2022
1912 2058
1912 2117
1912 2146
1912 2149
1913 2008
1913 2026
1913 2072
1913 2090
1914 2045
1914 2064
1914 2081
1914 2085
1914 2115
1914 2116
1915 2134
1915 2164
1916 2113
1916 2168
1917 2036
1917 2136
1917 2193
1918 2086
1918 2093
1918 2102
1919 2039
1919 2068
1919 2071
1919 2170
1920 2005
1920 2115
1920 2164
1920 2170
1921 2064
1921 2196
1921 2199
1922 2028
1922 2042
1922 2126
1923 2071
1923 2111
1923 2127
1923 2131
1924 2041
1924 2097
1924 2104
1924 2173
1925 2020
1925 2079
1925 2106
1925 2121
1926 2122
1926 2130
1927 2088
1927 2185
1927 2189
1928 2079
1929 2102
1929 2127
1930 2017
1930 2074
1930 2085
1931 2176
1932 2102
1932 2165
1934 2033
1935 2015
1935 2083
1935 2128
1935 2157
1935 2160
1935 2194
1936 2020
1936 2050
1936 2066
1936 2092
1936 2133
1936 2137
1937 2039
1937 2049
1937 2138
1937 2164
1937 2171
1938 2001
1938 2129
1938 2186
1939 2033
1939 2191
1939 2194
1940 2053
1940 2057
1940 2199
1941 2020
1941 2037
1941 2110
1941 2146
1941 2147
1942 2038
1942 2043
1942 2045
1943 2009
1943 2085
1943 2096
1943 2144
1944 2001
1944 2035
1944 2173
1945 2007
1945 2011
1945 2027
1945 2120
1946 2183
1946 2191
1947 2022
1947 2059
1947 2083
1948 2025
1948 2056
1948 2073
1948 2144
1949 2027
1949 2069
1949 2112
1950 2126
1950 2154
1950 2162
1951 2069
1951 2131
1951 2175
1952 2052
1952 2056
1952 2132
1953 2121
1953 2126
1954 2093
1954 2193
1955 2178
1956 2148
1956 2194
1957 2077
1957 2199
1958 2146
1960 2122
1961 2001
1961 2005
1961 2014
1961 2018
1961 2044
1961 2091
1961 2119
1961 2140
1962 2047
1962 2060
1962 2136
1962 2150
1963 2023
1963 2102
1963 2191
1964 2008
1964 2021
1964 2023
1964 2087
1964 2185
1965 2011
1965 2080
1965 2157
1966 2005
1966 2081
1966 2122
1967 2017
1967 2030
1967 2105
1967 2138
1968 2056
1968 2060
1968 2107
1968 2113
1969 2014
1969 2018
1969 2108
1969 2133
1970 2013
1970 2167
1971 2035
1972 2087
1972 2124
1972 2125
1973 2153
1973 2185
1974 2069
1974 2098
1974 2108
1975 2141
1975 2144
1976 2055
1976 2094
1977 2062
1977 2144
1978 2017
1978 2028
1978 2156
1978 2178
1978 2188
1978 2190
1979 2074
1979 2115
1979 2119
1979 2137
1979 2165
1980 2015
1980 2053
1980 2062
1980 2120
1980 2152
1981 2053
1981 2178
1982 2016
1982 2100
1982 2147
1983 2084
1983 2095
1983 2112
1983 2152
1984 2007
1984 2126
1984 2184
1985 2002
1985 2079
1985 2115
1985 2133
1986 2186
1986 2195
1986 2199
1987 2064
1987 2089
1988 2016
1988 2035
1988 2131
1988 2173
1989 2008
1989 2050
1989 2077
1989 2156
1990 2074
1990 2090
1990 2128
1991 2020
1992 2122
1992 2143
1993 2016
1993 2018
1993 2119
1994 2034
1994 2035
1994 2136
1995 2014
1995 2028
1995 2152
1996 2024
1996 2149
1996 2184
1997 2115
1997 2133
1998 2016
1998 2162
1999 2065
2000 93
2000 118
2000 297
2000 338
2000 383
2000 403
2000 636
2000 652
2000 721
2000 724
2000 927
2000 953
2000 957
2000 1150
2000 1173
2000 1288
2000 1299
2000 1363
2000 1524
2000 1581
2000 1752
2000 1842
2000 1912
2001 43
2001 95
2001 251
2001 322
2001 410
2001 443
2001 520
2001 780
2001 806
2001 875
2001 942
2001 1034
2001 1047
2001 1049
2001 1061
2001 1160
2001 1166
2001 1291
2001 1314
2001 1350
2001 1430
2001 1540
2001 1628
2001 1636
2001 1649
2001 1655
2001 1669
2001 1677
2001 1696
2001 1761
2001 1767
2001 1853
2001 1944
2001 1961
2002 142
2002 165
2002 611
2002 655
2002 680
2002 717
2002 718
2002 728
2002 800
2002 851
2002 892
2002 924
2002 996
2002 1059
2002 1153
2002 1188
2002 1198
2002 1243
2002 1315
2002 1341
2002 1421
2002 1700
2002 1790
2002 1800
2002 1835
2002 1874
2002 1900
2002 1939
2002 1985
2003 101
2003 130
2003 181
2003 233
2003 350
2003 353
2003 460
2003 580
2003 595
2003 605
2003 634
2003 644
2003 850
2003 926
2003 1204
2003 1220
2003 1242
2003 1368
2003 1415
2003 1508
2003 1645
2003 1701
2003 1716
2003 1731
2003 1830
2003 1832
2003 1868
2003 1979
2004 28
2004 32
2004 74
2004 93
2004 104
2004 194
2004 282
2004 323
2004 325
2004 361
2004 445
2004 614
2004 634
2004 735
2004 763
2004 774
2004 788
2004 1015
2004 1048
2004 1062
2004 1101
2004 1125
2004 1316
2004 1356
2004 1406
2004 1454
2004 1489
2004 1552
2004 1584
2004 1712
2004 1763
2004 1811
2004 1857
2004 1910
2005 73
2005 102
2005 252
2005 281
2005 292
2005 301
2005 344
2005 512
2005 566
2005 720
2005 802
2005 1025
2005 1048
2005 1063
2005 1096
2005 1101
2005 1120
2005 1158
2005 1172
2005 1194
2005 1205
2005 1377
2005 1405
2005 1562
2005 1614
2005 1688
2005 1706
2005 1800
2005 1872
2005 1875
2005 1920
2005 1961
2005 1966
2006 23
2006 248
2006 284
2006 304
2006 375
2006 387
2006 529
2006 564
2006 602
2006 619
2006 631
2006 704
2006 762
2006 786
2006 823
2006 905
2006 923
2006 932
2006 953
2006 1006
2006 1045
2006 1055
2006 1104
2006 1257
2006 1298
2006 1339
2006 1506
2006 1630
2006 1686
2006 1773
2006 1789
2006 1863
2007 3
2007 44
2007 95
2007 463
2007 519
2007 585
2007 662
2007 668
2007 691
2007 736
2007 757
2007 823
2007 859
2007 866
2007 965
2007 1014
2007 1024
2007 1043
2007 1056
2007 1105
2007 1132
2007 1161
2007 1211
2007 1218
2007 1300
2007 1325
2007 1418
2007 1421
2007 1490
2007 1492
2007 1520
2007 1546
2007 1568
2007 1604
2007 1626
2007 1632
2007 1658
2007 1699
2007 1751
2007 1884
2008 107
2008 149
2008 156
2008 157
2008 200
2008 339
2008 369
2008 388
2008 428
2008 513
2008 514
2008 535
2008 594
2008 720
2008 832
2008 873
2008 916
2008 1027
2008 1172
2008 1265
2008 1277
2008 1386
2008 1491
2008 1581
2008 1666
2008 1739
2008 1786
2008 1850
2008 1989
2009 39
2009 100
2009 129
2009 180
2009 193
2009 205
2009 232
2009 282
2009 305
2009 349
2009 519
2009 536
2009 544
2009 658
2009 689
2009 792
2009 800
2009 851
2009 894
2009 1148
2009 1161
2009 1177
2009 1195
2009 1273
2009 1308
2009 1364
2009 1416
2009 1484
2009 1491
2009 1509
2009 1514
2009 1630
2009 1794
2009 1826
2009 1841
2009 1848
2009 1943
2010 56
2010 92
2010 105
2010 163
2010 179
2010 344
2010 374
2010 400
2010 402
2010 609
2010 626
2010 635
2010 720
2010 765
2010 776
2010 871
2010 891
2010 907
2010 954
2010 975
2010 1124
2010 1235
2010 1446
2010 1584
2010 1703
2010 1757
2010 1851
2010 1971
2011 49
2011 75
2011 106
2011 164
2011 193
2011 267
2011 335
2011 346
2011 386
2011 461
2011 539
2011 555
2011 667
2011 683
2011 876
2011 889
2011 989
2011 1073
2011 1078
2011 1086
2011 1206
2011 1286
2011 1309
2011 1430
2011 1453
2011 1519
2011 1568
2011 1647
2011 1733
2011 1828
2012 11
2012 20
2012 72
2012 283
2012 372
2012 401
2012 435
2012 437
2012 505
2012 585
2012 656
2012 745
2012 839
2012 877
2012 940
2012 1086
2012 1129
2012 1189
2012 1309
2012 1365
2012 1513
2012 1615
2012 1680
2012 1709
2012 1799
2012 1903
2013 21
2013 57
2013 114
2013 133
2013 294
2013 387
2013 389
2013 391
2013 460
2013 478
2013 582
2013 810
2013 821
2013 1036
2013 1066
2013 1092
2013 1160
2013 1279
2013 1361
2013 1448
2013 1511
2013 1688
2013 1704
2013 1736
2013 1836
2013 1860
2013 1970
2014 38
2014 130
2014 142
2014 221
2014 232
2014 239
2014 404
2014 439
2014 580
2014 689
2014 748
2014 750
2014 821
2014 867
2014 900
2014 1024
2014 1074
2014 1204
2014 1294
2014 1365
2014 1386
2014 1420
2014 1429
2014 1540
2014 1643
2014 1662
2014 1716
2014 1734
2014 1794
2014 1961
2014 1969
2014 1995
2015 22
2015 94
2015 324
2015 341
2015 364
2015 489
2015 624
2015 660
2015 820
2015 846
2015 1020
2015 1021
2015 1317
2015 1370
2015 1454
2015 1499
2015 1502
2015 1505
2015 1538
2015 1611
2015 1628
2015 1662
2015 1742
2015 1750
2015 1878
2015 1897
2015 1935
2015 1980
2016 9
2016 19
2016 229
2016 236
2016 296
2016 299
2016 547
2016 653
2016 740
2016 746
2016 860
2016 1003
2016 1170
2016 1200
2016 1320
2016 1432
2016 1471
2016 1569
2016 1623
2016 1718
2016 1724
2016 1726
2016 1763
2016 1774
2016 1819
2016 1880
2016 1982
2016 1988
2016 1998
2017 9
2017 163
2017 259
2017 265
2017 285
2017 561
2017 709
2017 749
2017 797
2017 852
2017 956
2017 1017
2017 1018
2017 1040
2017 1165
2017 1170
2017 1172
2017 1191
2017 1430
2017 1450
2017 1480
2017 1538
2017 1544
2017 1653
2017 1746
2017 1775
2017 1814
2017 1837
2017 1876
2017 1930
2017 1967
2017 1978
2018 141
2018 143
2018 217
2018 221
2018 222
2018 381
2018 395
2018 491
2018 732
2018 757
2018 854
2018 876
2018 971
2018 974
2018 986
2018 1041
2018 1252
2018 1308
2018 1426
2018 1509
2018 1539
2018 1577
2019 91
2019 94
2019 140
2019 191
2019 203
2019 319
2019 345
2019 373
2019 384
2019 607
2019 751
2019 764
2019 769
2019 770
2019 786
2019 834
2019 841
2019 874
2019 903
2019 955
2019 976
2019 1013
2019 1043
2019 1163
2019 1174
2019 1201
2019 1228
2019 1265
2019 1275
2019 1459
2019 1562
2019 1617
2019 1674
2019 1747
2020 43
2020 189
2020 609
2020 876
2020 905
2020 959
2020 1013
2020 1078
2020 1084
2020 1141
2020 1250
2020 1311
2020 1320
2020 1436
2020 1534
2020 1598
2020 1631
2020 1645
2020 1686
2020 1739
2020 1922
2020 1925
2020 1936
2020 1941
2021 6
2021 97
2021 153
2021 201
2021 230
2021 252
2021 423
2021 463
2021 493
2021 508
2021 535
2021 636
2021 702
2021 721
2021 759
2021 808
2021 826
2021 976
2021 1054
2021 1055
2021 1108
2021 1232
2021 1292
2021 1458
2021 1508
2021 1727
2021 1786
2021 1938
2021 1986
2022 37
2022 47
2022 137
2022 147
2022 212
2022 350
2022 374
2022 437
2022 601
2022 639
2022 669
2022 714
2022 792
2022 832
2022 867
2022 882
2022 909
2022 925
2022 981
2022 1098
2022 1239
2022 1313
2022 1339
2022 1360
2022 1556
2022 1747
2022 1831
2022 1858
2022 1912
2022 1929
2022 1947
2023 237
2023 252
2023 274
2023 300
2023 399
2023 432
2023 479
2023 493
2023 544
2023 563
2023 621
2023 725
2023 736
2023 785
2023 917
2023 1041
2023 1271
2023 1425
2023 1519
2023 1571
2023 1633
2023 1676
2023 1732
2023 1857
2023 1964
2024 101
2024 157
2024 195
2024 215
2024 217
2024 258
2024 354
2024 537
2024 544
2024 546
2024 603
2024 678
2024 733
2024 774
2024 799
2024 940
2024 943
2024 1025
2024 1129
2024 1166
2024 1244
2024 1266
2024 1282
2024 1347
2024 1350
2024 1428
2024 1447
2024 1557
2024 1680
2024 1848
2025 158
2025 273
2025 279
2025 421
2025 492
2025 699
2025 726
2025 796
2025 815
2025 928
2025 1020
2025 1456
2025 1554
2025 1567
2025 1590
2025 1690
2025 1693
2025 1710
2025 1766
2025 1815
2025 1948
2026 68
2026 84
2026 140
2026 385
2026 515
2026 537
2026 634
2026 647
2026 675
2026 756
2026 765
2026 772
2026 829
2026 831
2026 900
2026 1074
2026 1313
2026 1370
2026 1498
2026 1681
2026 1820
2026 1856
2026 1904
2026 1913
2027 49
2027 357
2027 376
2027 431
2027 436
2027 509
2027 638
2027 715
2027 802
2027 820
2027 821
2027 858
2027 939
2027 953
2027 975
2027 1038
2027 1213
2027 1670
2027 1700
2027 1721
2027 1798
2027 1868
2027 1949
2028 38
2028 56
2028 208
2028 266
2028 356
2028 411
2028 448
2028 552
2028 645
2028 648
2028 719
2028 798
2028 997
2028 1016
2028 1094
2028 1096
2028 1187
2028 1252
2028 1263
2028 1297
2028 1394
2028 1542
2028 1580
2028 1593
2028 1595
2028 1646
2028 1671
2028 1780
2028 1899
2028 1908
2028 1922
2028 1971
2028 1978
2028 1995
2029 19
2029 60
2029 67
2029 263
2029 279
2029 299
2029 490
2029 499
2029 518
2029 540
2029 735
2029 771
2029 1042
2029 1433
2029 1552
2029 1620
2029 1648
2029 1682
2029 1759
2029 1850
2029 1860
2030 54
2030 136
2030 150
2030 177
2030 208
2030 284
2030 298
2030 380
2030 408
2030 487
2030 610
2030 629
2030 707
2030 859
2030 880
2030 901
2030 1054
2030 1067
2030 1096
2030 1188
2030 1228
2030 1244
2030 1278
2030 1342
2030 1360
2030 1371
2030 1386
2030 1481
2030 1521
2030 1601
2030 1610
2030 1655
2030 1967
2031 89
2031 167
2031 190
2031 212
2031 226
2031 229
2031 251
2031 259
2031 280
2031 362
2031 430
2031 465
2031 470
2031 475
2031 574
2031 581
2031 619
2031 661
2031 685
2031 757
2031 915
2031 919
2031 964
2031 1024
2031 1034
2031 1130
2031 1204
2031 1220
2031 1279
2031 1280
2031 1348
2031 1396
2031 1407
2031 1432
2031 1489
2031 1510
2031 1603
2031 1628
2031 1656
2031 1658
2031 1667
2031 1784
2031 1786
2031 1812
2031 1832
2031 1869
2031 1980
2032 27
2032 300
2032 346
2032 471
2032 532
2032 540
2032 543
2032 598
2032 918
2032 1134
2032 1217
2032 1225
2032 1233
2032 1301
2032 1308
2032 1370
2032 1562
2032 1600
2032 1609
2032 1630
2032 1644
2032 1805
2032 1837
2032 1897
2032 1902
2033 55
2033 59
2033 86
2033 155
2033 179
2033 197
2033 261
2033 275
2033 279
2033 295
2033 315
2033 400
2033 552
2033 697
2033 749
2033 959
2033 1019
2033 1074
2033 1080
2033 1287
2033 1416
2033 1453
2033 1474
2033 1478
2033 1596
2033 1649
2033 1848
2033 1850
2033 1939
2034 30
2034 168
2034 376
2034 399
2034 401
2034 410
2034 425
2034 576
2034 729
2034 741
2034 836
2034 964
2034 1017
2034 1059
2034 1102
2034 1140
2034 1144
2034 1427
2034 1465
2034 1469
2034 1559
2034 1738
2034 1825
2034 1994
2035 35
2035 65
2035 79
2035 107
2035 171
2035 191
2035 199
2035 282
2035 289
2035 355
2035 451
2035 533
2035 599
2035 670
2035 691
2035 736
2035 920
2035 959
2035 1014
2035 1171
2035 1261
2035 1494
2035 1495
2035 1558
2035 1572
2035 1685
2035 1751
2035 1773
2035 1836
2035 1921
2035 1944
2035 1971
2035 1994
2036 2
2036 33
2036 112
2036 127
2036 207
2036 210
2036 270
2036 277
2036 361
2036 366
2036 396
2036 406
2036 466
2036 536
2036 591
2036 640
2036 722
2036 790
2036 859
2036 945
2036 948
2036 1000
2036 1008
2036 1074
2036 1254
2036 1304
2036 1367
2036 1458
2036 1598
2036 1635
2036 1636
2036 1762
2036 1787
2036 1872
2037 6
2037 53
2037 64
2037 94
2037 97
2037 177
2037 234
2037 439
2037 469
2037 570
2037 572
2037 584
2037 676
2037 922
2037 993
2037 1011
2037 1026
2037 1073
2037 1136
2037 1276
2037 1331
2037 1360
2037 1366
2037 1428
2037 1540
2037 1643
2037 1653
2037 1663
2037 1731
2037 1756
2037 1894
2037 1941
2038 12
2038 36
2038 217
2038 220
2038 236
2038 379
2038 478
2038 544
2038 737
2038 1061
2038 1122
2038 1124
2038 1181
2038 1238
2038 1283
2038 1316
2038 1473
2038 1497
2038 1666
2038 1684
2038 1696
2038 1733
2038 1787
2038 1819
2038 1942
2038 1991
2039 8
2039 495
2039 627
2039 675
2039 719
2039 1013
2039 1202
2039 1235
2039 1252
2039 1285
2039 1347
2039 1434
2039 1577
2039 1627
2039 1773
2039 1786
2039 1854
2039 1883
2039 1898
2040 137
2040 146
2040 222
2040 318
2040 332
2040 437
2040 500
2040 685
2040 704
2040 738
2040 759
2040 854
2040 864
2040 878
2040 1110
2040 1193
2040 1209
2040 1263
2040 1301
2040 1307
2040 1386
2040 1443
2040 1480
2040 1498
2040 1531
2040 1554
2040 1616
2040 1638
2040 1666
2040 1709
2040 1725
2040 1738
2040 1787
2040 1825
2040 1849
2040 1963
2041 45
2041 52
2041 61
2041 121
2041 260
2041 265
2041 330
2041 354
2041 365
2041 377
2041 429
2041 452
2041 468
2041 513
2041 537
2041 610
2041 615
2041 624
2041 799
2041 850
2041 946
2041 993
2041 1063
2041 1107
2041 1147
2041 1264
2041 1375
2041 1427
2041 1440
2041 1526
2041 1591
2041 1758
2041 1916
2041 1924
2041 1928
2042 99
2042 148
2042 177
2042 259
2042 278
2042 284
2042 401
2042 409
2042 446
2042 467
2042 487
2042 613
2042 810
2042 826
2042 835
2042 878
2042 970
2042 1011
2042 1046
2042 1180
2042 1297
2042 1461
2042 1466
2042 1536
2042 1599
2042 1674
2042 1690
2042 1768
2042 1799
2042 1861
2042 1922
2043 229
2043 247
2043 262
2043 314
2043 356
2043 363
2043 367
2043 419
2043 458
2043 524
2043 532
2043 541
2043 563
2043 600
2043 603
2043 607
2043 692
2043 698
2043 737
2043 740
2043 756
2043 802
2043 839
2043 936
2043 939
2043 993
2043 1116
2043 1147
2043 1173
2043 1189
2043 1217
2043 1236
2043 1425
2043 1652
2043 1671
2043 1910
2043 1942
2044 96
2044 123
2044 126
2044 139
2044 166
2044 240
2044 270
2044 516
2044 586
2044 717
2044 730
2044 738
2044 830
2044 833
2044 854
2044 855
2044 904
2044 1123
2044 1214
2044 1251
2044 1268
2044 1323
2044 1369
2044 1412
2044 1508
2044 1517
2044 1554
2044 1584
2044 1604
2044 1686
2044 1694
2044 1768
2044 1821
2045 79
2045 197
2045 235
2045 278
2045 297
2045 340
2045 367
2045 411
2045 453
2045 494
2045 760
2045 974
2045 1006
2045 1013
2045 1044
2045 1236
2045 1249
2045 1256
2045 1426
2045 1438
2045 1459
2045 1465
2045 1500
2045 1531
2045 1650
2045 1788
2045 1833
2045 1897
2045 1914
2045 1942
2046 91
2046 156
2046 172
2046 192
2046 293
2046 321
2046 341
2046 343
2046 363
2046 364
2046 370
2046 394
2046 600
2046 639
2046 738
2046 868
2046 886
2046 961
2046 991
2046 1009
2046 1013
2046 1082
2046 1097
2046 1130
2046 1189
2046 1227
2046 1304
2046 1387
2046 1514
2046 1695
2046 1817
2046 1844
2046 1868
2046 1874
2046 1946
2047 7
2047 66
2047 70
2047 78
2047 119
2047 255
2047 444
2047 501
2047 578
2047 587
2047 589
2047 632
2047 661
2047 774
2047 820
2047 889
2047 917
2047 939
2047 1095
2047 1147
2047 1405
2047 1446
2047 1493
2047 1543
2047 1688
2047 1716
2047 1727
2047 1790
2047 1795
2047 1798
2047 1861
2047 1933
2047 1962
2048 17
2048 34
2048 234
2048 366
2048 453
2048 461
2048 477
2048 593
2048 716
2048 727
2048 775
2048 780
2048 787
2048 803
2048 903
2048 914
2048 957
2048 1042
2048 1275
2048 1290
2048 1324
2048 1409
2048 1433
2048 1455
2048 1475
2048 1557
2048 1631
2048 1632
2048 1673
2048 1725
2048 1821
2048 1911
2049 11
2049 81
2049 224
2049 564
2049 580
2049 663
2049 704
2049 921
2049 1134
2049 1197
2049 1297
2049 1373
2049 1407
2049 1414
2049 1417
2049 1436
2049 1446
2049 1493
2049 1530
2049 1565
2049 1617
2049 1829
2049 1894
2050 35
2050 214
2050 222
2050 233
2050 286
2050 363
2050 420
2050 540
2050 604
2050 635
2050 803
2050 819
2050 843
2050 853
2050 890
2050 1189
2050 1251
2050 1295
2050 1303
2050 1320
2050 1328
2050 1477
2050 1565
2050 1583
2050 1671
2050 1702
2050 1712
2050 1792
2050 1811
2050 1848
2050 1936
2050 1989
2051 118
2051 296
2051 316
2051 342
2051 368
2051 524
2051 587
2051 613
2051 718
2051 752
2051 757
2051 787
2051 817
2051 825
2051 1140
2051 1187
2051 1202
2051 1443
2051 1476
2051 1538
2051 1552
2051 1562
2051 1644
2051 1744
2051 1790
2051 1890
2051 1931
2051 1935
2052 34
2052 112
2052 162
2052 178
2052 334
2052 335
2052 343
2052 435
2052 530
2052 561
2052 593
2052 627
2052 663
2052 676
2052 688
2052 759
2052 807
2052 917
2052 956
2052 965
2052 979
2052 1011
2052 1012
2052 1046
2052 1148
2052 1151
2052 1161
2052 1223
2052 1300
2052 1429
2052 1460
2052 1631
2052 1650
2052 1713
2052 1740
2052 1831
2052 1857
2052 1947
2052 1952
2052 1981
2053 36
2053 70
2053 97
2053 138
2053 142
2053 240
2053 253
2053 356
2053 374
2053 491
2053 518
2053 548
2053 555
2053 567
2053 579
2053 635
2053 714
2053 791
2053 832
2053 939
2053 952
2053 1017
2053 1054
2053 1055
2053 1122
2053 1149
2053 1208
2053 1230
2053 1231
2053 1259
2053 1278
2053 1362
2053 1459
2053 1608
2053 1736
2053 1864
2053 1916
2053 1980
2053 1981
2054 113
2054 155
2054 173
2054 207
2054 265
2054 381
2054 437
2054 459
2054 462
2054 492
2054 499
2054 517
2054 544
2054 564
2054 603
2054 665
2054 704
2054 781
2054 818
2054 847
2054 879
2054 922
2054 1014
2054 1145
2054 1190
2054 1209
2054 1219
2054 1255
2054 1449
2054 1599
2054 1790
2054 1907
2054 1992
2055 177
2055 180
2055 401
2055 655
2055 743
2055 814
2055 842
2055 919
2055 923
2055 1016
2055 1100
2055 1216
2055 1224
2055 1301
2055 1314
2055 1388
2055 1417
2055 1476
2055 1492
2055 1522
2055 1523
2055 1537
2055 1656
2055 1789
2055 1791
2055 1793
2055 1838
2055 1896
2055 1976
2056 145
2056 164
2056 239
2056 268
2056 420
2056 421
2056 451
2056 547
2056 708
2056 750
2056 767
2056 819
2056 868
2056 953
2056 962
2056 967
2056 1121
2056 1201
2056 1280
2056 1375
2056 1398
2056 1408
2056 1501
2056 1537
2056 1624
2056 1626
2056 1670
2056 1717
2056 1730
2056 1731
2056 1796
2056 1948
2056 1952
2056 1968
2057 50
2057 71
2057 142
2057 158
2057 216
2057 363
2057 427
2057 462
2057 488
2057 606
2057 760
2057 776
2057 909
2057 920
2057 973
2057 1014
2057 1019
2057 1041
2057 1098
2057 1128
2057 1316
2057 1470
2057 1792
2057 1892
2057 1982
2058 2
2058 42
2058 45
2058 69
2058 179
2058 185
2058 187
2058 282
2058 515
2058 598
2058 703
2058 744
2058 753
2058 767
2058 972
2058 994
2058 1028
2058 1038
2058 1140
2058 1234
2058 1239
2058 1306
2058 1346
2058 1447
2058 1520
2058 1545
2058 1619
2058 1724
2058 1731
2058 1800
2058 1879
2058 1892
2058 1905
2059 47
2059 80
2059 90
2059 215
2059 442
2059 563
2059 656
2059 678
2059 688
2059 828
2059 858
2059 895
2059 1125
2059 1177
2059 1354
2059 1409
2059 1438
2059 1460
2059 1557
2059 1630
2059 1669
2059 1718
2059 1772
2059 1812
2059 1838
2059 1909
2060 106
2060 266
2060 354
2060 479
2060 495
2060 664
2060 683
2060 720
2060 786
2060 855
2060 880
2060 928
2060 981
2060 983
2060 995
2060 1168
2060 1219
2060 1322
2060 1363
2060 1451
2060 1561
2060 1770
2060 1865
2060 1883
2060 1962
2060 1968
2061 27
2061 114
2061 117
2061 180
2061 190
2061 280
2061 424
2061 512
2061 850
2061 862
2061 1078
2061 1110
2061 1121
2061 1158
2061 1253
2061 1294
2061 1314
2061 1353
2061 1477
2061 1517
2061 1596
2061 1667
2061 1716
2061 1737
2061 1777
2061 1788
2061 1892
2061 1926
2062 132
2062 196
2062 201
2062 259
2062 266
2062 269
2062 296
2062 402
2062 484
2062 486
2062 538
2062 643
2062 654
2062 662
2062 676
2062 684
2062 701
2062 827
2062 881
2062 1051
2062 1146
2062 1237
2062 1409
2062 1519
2062 1545
2062 1593
2062 1608
2062 1628
2062 1629
2062 1666
2062 1670
2062 1732
2062 1736
2062 1770
2062 1905
2062 1977
2062 1980
2063 34
2063 104
2063 128
2063 193
2063 253
2063 366
2063 424
2063 482
2063 528
2063 634
2063 804
2063 828
2063 833
2063 857
2063 885
2063 906
2063 961
2063 1131
2063 1160
2063 1228
2063 1240
2063 1297
2063 1371
2063 1406
2063 1659
2063 1694
2063 1701
2063 1961
2064 44
2064 56
2064 102
2064 175
2064 272
2064 300
2064 534
2064 549
2064 573
2064 604
2064 624
2064 654
2064 701
2064 784
2064 842
2064 963
2064 1006
2064 1169
2064 1174
2064 1377
2064 1440
2064 1574
2064 1589
2064 1622
2064 1660
2064 1708
2064 1804
2064 1921
2064 1987
2065 59
2065 92
2065 230
2065 418
2065 563
2065 660
2065 686
2065 829
2065 863
2065 1056
2065 1142
2065 1471
2065 1495
2065 1521
2065 1642
2065 1693
2065 1797
2066 0
2066 189
2066 198
2066 263
2066 417
2066 458
2066 465
2066 626
2066 818
2066 893
2066 917
2066 922
2066 983
2066 1052
2066 1094
2066 1130
2066 1356
2066 1468
2066 1654
2066 1692
2066 1725
2066 1753
2066 1831
2066 1880
2066 1936
2067 47
2067 72
2067 96
2067 181
2067 320
2067 383
2067 434
2067 442
2067 515
2067 644
2067 652
2067 679
2067 738
2067 742
2067 767
2067 769
2067 805
2067 1071
2067 1091
2067 1198
2067 1310
2067 1361
2067 1372
2067 1429
2067 1431
2067 1448
2067 1474
2067 1570
2067 1634
2067 1735
2068 91
2068 157
2068 264
2068 330
2068 412
2068 417
2068 422
2068 499
2068 513
2068 565
2068 588
2068 590
2068 890
2068 955
2068 960
2068 1057
2068 1068
2068 1120
2068 1299
2068 1314
2068 1329
2068 1488
2068 1545
2068 1579
2068 1588
2068 1714
2068 1731
2068 1736
2068 1750
2068 1757
2068 1809
2068 1811
2068 1871
2069 33
2069 55
2069 102
2069 157
2069 191
2069 225
2069 279
2069 295
2069 308
2069 671
2069 699
2069 759
2069 840
2069 919
2069 921
2069 1033
2069 1093
2069 1280
2069 1339
2069 1355
2069 1447
2069 1526
2069 1639
2069 1904
2069 1949
2069 1974
2070 13
2070 24
2070 184
2070 195
2070 280
2070 361
2070 383
2070 550
2070 896
2070 1011
2070 1136
2070 1195
2070 1227
2070 1240
2070 1286
2070 1303
2070 1437
2070 1585
2070 1601
2070 1607
2070 1633
2070 1646
2070 1651
2070 1765
2070 1768
2070 1812
2070 1911
2071 48
2071 211
2071 342
2071 461
2071 513
2071 545
2071 569
2071 600
2071 670
2071 756
2071 856
2071 874
2071 929
2071 950
2071 977
2071 1079
2071 1102
2071 1141
2071 1319
2071 1387
2071 1416
2071 1554
2071 1671
2071 1821
2071 1843
2071 1871
2071 1919
2071 1923
2071 1940
2071 1999
2072 54
2072 80
2072 125
2072 329
2072 380
2072 488
2072 489
2072 557
2072 571
2072 667
2072 674
2072 676
2072 726
2072 768
2072 785
2072 888
2072 925
2072 1144
2072 1190
2072 1389
2072 1508
2072 1511
2072 1561
2072 1677
2072 1700
2072 1720
2072 1820
2072 1854
2072 1884
2072 1913
2073 75
2073 196
2073 277
2073 339
2073 388
2073 441
2073 715
2073 718
2073 759
2073 779
2073 801
2073 878
2073 958
2073 976
2073 1054
2073 1064
2073 1094
2073 1117
2073 1158
2073 1201
2073 1231
2073 1368
2073 1374
2073 1376
2073 1451
2073 1492
2073 1673
2073 1774
2073 1827
2073 1831
2073 1900
2073 1948
2074 23
2074 93
2074 114
2074 122
2074 229
2074 254
2074 293
2074 460
2074 599
2074 622
2074 794
2074 834
2074 855
2074 857
2074 884
2074 1012
2074 1175
2074 1176
2074 1184
2074 1222
2074 1335
2074 1366
2074 1443
2074 1452
2074 1489
2074 1572
2074 1610
2074 1674
2074 1723
2074 1789
2074 1853
2074 1855
2074 1930
2074 1979
2075 46
2075 55
2075 173
2075 177
2075 327
2075 391
2075 458
2075 589
2075 777
2075 793
2075 850
2075 879
2075 880
2075 1017
2075 1109
2075 1255
2075 1283
2075 1332
2075 1343
2075 1364
2075 1412
2075 1626
2075 1668
2075 1734
2075 1751
2075 1837
2076 111
2076 115
2076 122
2076 226
2076 258
2076 279
2076 294
2076 342
2076 399
2076 494
2076 608
2076 620
2076 764
2076 797
2076 835
2076 846
2076 956
2076 978
2076 991
2076 1228
2076 1283
2076 1570
2076 1636
2076 1697
2076 1786
2076 1794
2076 1890
2077 40
2077 48
2077 196
2077 236
2077 276
2077 325
2077 424
2077 504
2077 516
2077 591
2077 592
2077 606
2077 654
2077 657
2077 806
2077 808
2077 939
2077 1172
2077 1191
2077 1265
2077 1289
2077 1340
2077 1378
2077 1457
2077 1509
2077 1515
2077 1559
2077 1586
2077 1639
2077 1737
2077 1753
2077 1757
2077 1833
2077 1957
2078 29
2078 267
2078 328
2078 336
2078 383
2078 503
2078 587
2078 619
2078 761
2078 817
2078 844
2078 862
2078 957
2078 959
2078 1181
2078 1230
2078 1303
2078 1553
2078 1554
2078 1696
2078 1703
2078 1775
2078 1991
2079 116
2079 182
2079 256
2079 271
2079 599
2079 619
2079 727
2079 872
2079 890
2079 997
2079 1031
2079 1063
2079 1066
2079 1380
2079 1512
2079 1668
2079 1778
2079 1883
2079 1925
2079 1928
2080 70
2080 77
2080 175
2080 266
2080 405
2080 429
2080 462
2080 522
2080 523
2080 541
2080 618
2080 622
2080 638
2080 674
2080 817
2080 1022
2080 1058
2080 1166
2080 1203
2080 1207
2080 1229
2080 1231
2080 1426
2080 1691
2080 1699
2080 1756
2080 1881
2080 1965
2081 64
2081 121
2081 147
2081 197
2081 218
2081 254
2081 267
2081 379
2081 400
2081 417
2081 443
2081 469
2081 481
2081 585
2081 621
2081 827
2081 896
2081 942
2081 1004
2081 1026
2081 1374
2081 1381
2081 1448
2081 1526
2081 1589
2081 1629
2081 1686
2081 1775
2081 1966
2081 1984
2081 1987
2082 18
2082 120
2082 184
2082 346
2082 386
2082 402
2082 407
2082 443
2082 463
2082 496
2082 508
2082 516
2082 536
2082 616
2082 679
2082 739
2082 817
2082 920
2082 973
2082 975
2082 1100
2082 1121
2082 1157
2082 1164
2082 1170
2082 1285
2082 1289
2082 1552
2082 1669
2082 1693
2082 1813
2082 1818
2083 38
2083 145
2083 148
2083 242
2083 333
2083 348
2083 405
2083 418
2083 427
2083 433
2083 469
2083 507
2083 513
2083 556
2083 578
2083 620
2083 832
2083 880
2083 891
2083 898
2083 986
2083 988
2083 1075
2083 1087
2083 1123
2083 1149
2083 1165
2083 1213
2083 1280
2083 1282
2083 1314
2083 1375
2083 1477
2083 1489
2083 1516
2083 1643
2083 1754
2083 1779
2083 1947
2084 61
2084 127
2084 255
2084 303
2084 347
2084 441
2084 488
2084 711
2084 729
2084 828
2084 940
2084 951
2084 1142
2084 1171
2084 1278
2084 1479
2084 1534
2084 1577
2084 1622
2084 1643
2084 1695
2084 1772
2084 1981
2085 0
2085 57
2085 62
2085 90
2085 214
2085 304
2085 319
2085 323
2085 374
2085 394
2085 531
2085 650
2085 686
2085 1139
2085 1267
2085 1508
2085 1578
2085 1614
2085 1615
2085 1784
2085 1828
2085 1835
2085 1836
2085 1910
2085 1930
2086 72
2086 147
2086 162
2086 233
2086 290
2086 571
2086 575
2086 576
2086 723
2086 743
2086 938
2086 955
2086 966
2086 993
2086 1106
2086 1204
2086 1230
2086 1264
2086 1363
2086 1368
2086 1369
2086 1494
2086 1521
2086 1697
2086 1802
2086 1918
2087 180
2087 217
2087 254
2087 390
2087 456
2087 468
2087 521
2087 567
2087 678
2087 840
2087 875
2087 1138
2087 1162
2087 1197
2087 1234
2087 1318
2087 1330
2087 1346
2087 1412
2087 1525
2087 1531
2087 1645
2087 1717
2087 1754
2087 1768
2087 1769
2087 1872
2087 1972
2087 1981
2088 20
2088 146
2088 187
2088 194
2088 227
2088 253
2088 336
2088 337
2088 340
2088 381
2088 506
2088 522
2088 544
2088 680
2088 690
2088 756
2088 798
2088 820
2088 860
2088 1057
2088 1158
2088 1253
2088 1322
2088 1344
2088 1384
2088 1426
2088 1712
2088 1725
2088 1732
2088 1837
2088 1851
2088 1865
2088 1913
2089 103
2089 155
2089 218
2089 436
2089 463
2089 546
2089 662
2089 682
2089 697
2089 714
2089 777
2089 805
2089 809
2089 832
2089 930
2089 955
2089 1108
2089 1157
2089 1181
2089 1183
2089 1282
2089 1386
2089 1474
2089 1510
2089 1600
2089 1637
2089 1703
2089 1721
2089 1734
2089 1767
2089 1790
2090 115
2090 124
2090 192
2090 228
2090 350
2090 401
2090 425
2090 623
2090 636
2090 680
2090 714
2090 715
2090 825
2090 874
2090 962
2090 1123
2090 1202
2090 1283
2090 1316
2090 1335
2090 1667
2090 1842
2090 1898
2090 1913
2091 132
2091 143
2091 158
2091 229
2091 295
2091 304
2091 416
2091 534
2091 569
2091 575
2091 580
2091 589
2091 598
2091 672
2091 674
2091 721
2091 758
2091 761
2091 808
2091 889
2091 901
2091 994
2091 1141
2091 1159
2091 1194
2091 1272
2091 1312
2091 1456
2091 1508
2091 1559
2091 1692
2091 1780
2091 1961
2092 0
2092 33
2092 112
2092 126
2092 237
2092 257
2092 472
2092 671
2092 709
2092 730
2092 778
2092 817
2092 951
2092 953
2092 961
2092 983
2092 985
2092 1074
2092 1288
2092 1408
2092 1416
2092 1431
2092 1461
2092 1581
2092 1586
2092 1703
2092 1707
2092 1787
2092 1853
2092 1859
2092 1894
2092 1915
2092 1936
2092 1944
2093 48
2093 70
2093 144
2093 216
2093 244
2093 257
2093 327
2093 352
2093 362
2093 381
2093 425
2093 446
2093 450
2093 680
2093 685
2093 735
2093 822
2093 871
2093 874
2093 894
2093 1060
2093 1061
2093 1107
2093 1189
2093 1241
2093 1257
2093 1466
2093 1515
2093 1647
2093 1722
2093 1734
2093 1748
2093 1789
2093 1866
2093 1954
2094 149
2094 172
2094 244
2094 316
2094 324
2094 335
2094 376
2094 419
2094 464
2094 502
2094 511
2094 522
2094 533
2094 562
2094 597
2094 609
2094 705
2094 747
2094 767
2094 797
2094 913
2094 915
2094 918
2094 985
2094 999
2094 1037
2094 1216
2094 1249
2094 1258
2094 1264
2094 1265
2094 1268
2094 1351
2094 1514
2094 1541
2094 1578
2094 1582
2094 1612
2094 1699
2094 1708
2094 1736
2094 1743
2094 1827
2094 1946
2094 1976
2095 34
2095 137
2095 278
2095 406
2095 439
2095 473
2095 485
2095 550
2095 613
2095 634
2095 716
2095 739
2095 800
2095 915
2095 1047
2095 1142
2095 1194
2095 1237
2095 1309
2095 1416
2095 1468
2095 1654
2095 1687
2095 1910
2095 1983
2096 24
2096 26
2096 36
2096 289
2096 315
2096 358
2096 641
2096 758
2096 861
2096 873
2096 889
2096 1036
2096 1212
2096 1214
2096 1406
2096 1414
2096 1467
2096 1505
2096 1536
2096 1605
2096 1657
2096 1692
2096 1887
2097 51
2097 210
2097 435
2097 458
2097 485
2097 497
2097 762
2097 833
2097 939
2097 967
2097 998
2097 1211
2097 1306
2097 1323
2097 1515
2097 1525
2097 1578
2097 1625
2097 1640
2097 1735
2097 1750
2097 1832
2097 1913
2097 1937
2098 0
2098 61
2098 121
2098 154
2098 161
2098 171
2098 256
2098 470
2098 517
2098 707
2098 719
2098 857
2098 1097
2098 1220
2098 1246
2098 1250
2098 1286
2098 1325
2098 1492
2098 1626
2098 1741
2098 1815
2098 1862
2098 1863
2098 1974
2099 130
2099 159
2099 213
2099 265
2099 295
2099 413
2099 510
2099 532
2099 612
2099 645
2099 775
2099 780
2099 819
2099 845
2099 879
2099 1072
2099 1077
2099 1144
2099 1183
2099 1229
2099 1230
2099 1242
2099 1379
2099 1407
2099 1411
2099 1413
2099 1466
2099 1503
2099 1509
2099 1670
2099 1755
2099 1816
2099 1849
2100 180
2100 209
2100 235
2100 243
2100 253
2100 318
2100 349
2100 365
2100 419
2100 438
2100 550
2100 570
2100 622
2100 730
2100 744
2100 798
2100 833
2100 882
2100 941
2100 956
2100 972
2100 1020
2100 1057
2100 1077
2100 1124
2100 1188
2100 1214
2100 1217
2100 1224
2100 1231
2100 1390
2100 1444
2100 1473
2100 1580
2100 1741
2100 1851
2100 1906
2101 44
2101 68
2101 165
2101 185
2101 194
2101 395
2101 464
2101 489
2101 514
2101 565
2101 567
2101 603
2101 618
2101 785
2101 891
2101 923
2101 941
2101 969
2101 1018
2101 1192
2101 1270
2101 1273
2101 1363
2101 1531
2101 1600
2101 1602
2101 1696
2101 1737
2101 1818
2101 1852
2102 35
2102 54
2102 62
2102 114
2102 117
2102 182
2102 321
2102 336
2102 393
2102 651
2102 670
2102 732
2102 746
2102 764
2102 828
2102 911
2102 917
2102 921
2102 930
2102 974
2102 1058
2102 1092
2102 1093
2102 1132
2102 1209
2102 1278
2102 1289
2102 1340
2102 1348
2102 1367
2102 1373
2102 1467
2102 1552
2102 1644
2102 1856
2102 1886
2102 1918
2102 1929
2102 1963
2103 19
2103 78
2103 152
2103 325
2103 512
2103 624
2103 646
2103 674
2103 813
2103 907
2103 954
2103 991
2103 1028
2103 1053
2103 1079
2103 1119
2103 1144
2103 1151
2103 1398
2103 1407
2103 1409
2103 1435
2103 1444
2103 1531
2103 1560
2103 1592
2103 1629
2103 1634
2103 1664
2103 1752
2103 1796
2103 1892
2103 1935
2103 1938
2103 1939
2104 12
2104 39
2104 71
2104 81
2104 86
2104 116
2104 223
2104 263
2104 269
2104 395
2104 497
2104 764
2104 872
2104 892
2104 893
2104 899
2104 950
2104 1151
2104 1168
2104 1256
2104 1271
2104 1418
2104 1504
2104 1582
2104 1599
2104 1612
2104 1734
2104 1813
2104 1903
2105 52
2105 75
2105 131
2105 144
2105 187
2105 352
2105 434
2105 489
2105 634
2105 651
2105 675
2105 680
2105 725
2105 797
2105 821
2105 852
2105 1038
2105 1070
2105 1124
2105 1236
2105 1334
2105 1511
2105 1516
2105 1533
2105 1541
2105 1560
2105 1613
2105 1628
2105 1690
2105 1714
2105 1832
2105 1967
2106 22
2106 35
2106 110
2106 230
2106 296
2106 447
2106 466
2106 833
2106 848
2106 930
2106 1112
2106 1126
2106 1205
2106 1302
2106 1325
2106 1676
2106 1715
2106 1925
2107 74
2107 158
2107 198
2107 203
2107 361
2107 388
2107 413
2107 595
2107 682
2107 889
2107 1251
2107 1508
2107 1513
2107 1543
2107 1581
2107 1644
2107 1673
2107 1692
2107 1822
2107 1839
2107 1859
2107 1877
2108 35
2108 41
2108 54
2108 91
2108 183
2108 195
2108 250
2108 252
2108 259
2108 285
2108 323
2108 516
2108 535
2108 602
2108 636
2108 643
2108 735
2108 737
2108 739
2108 1073
2108 1106
2108 1152
2108 1199
2108 1349
2108 1360
2108 1376
2108 1465
2108 1469
2108 1470
2108 1472
2108 1501
2108 1532
2108 1553
2108 1653
2108 1675
2108 1753
2108 1760
2108 1767
2108 1824
2108 1855
2108 1969
2108 1973
2108 1974
2109 38
2109 58
2109 92
2109 109
2109 146
2109 167
2109 176
2109 232
2109 252
2109 298
2109 303
2109 334
2109 396
2109 398
2109 417
2109 436
2109 494
2109 620
2109 758
2109 896
2109 934
2109 995
2109 1060
2109 1132
2109 1302
2109 1321
2109 1445
2109 1475
2109 1544
2109 1731
2109 1815
2109 1890
2110 79
2110 117
2110 265
2110 347
2110 377
2110 403
2110 474
2110 491
2110 496
2110 675
2110 698
2110 716
2110 889
2110 915
2110 924
2110 992
2110 1056
2110 1064
2110 1209
2110 1267
2110 1268
2110 1272
2110 1342
2110 1364
2110 1483
2110 1531
2110 1609
2110 1638
2110 1647
2110 1721
2110 1959
2111 92
2111 117
2111 179
2111 337
2111 339
2111 383
2111 483
2111 491
2111 550
2111 590
2111 791
2111 843
2111 858
2111 1000
2111 1169
2111 1172
2111 1195
2111 1259
2111 1282
2111 1378
2111 1646
2111 1702
2111 1847
2111 1887
2111 1923
2112 46
2112 74
2112 190
2112 223
2112 266
2112 447
2112 475
2112 517
2112 530
2112 674
2112 677
2112 992
2112 1010
2112 1096
2112 1120
2112 1125
2112 1188
2112 1302
2112 1393
2112 1395
2112 1405
2112 1410
2112 1465
2112 1535
2112 1585
2112 1591
2112 1686
2112 1694
2112 1762
2112 1767
2112 1890
2112 1910
2113 123
2113 225
2113 231
2113 257
2113 297
2113 390
2113 461
2113 516
2113 581
2113 582
2113 584
2113 638
2113 677
2113 710
2113 745
2113 757
2113 773
2113 799
2113 836
2113 860
2113 897
2113 1011
2113 1017
2113 1114
2113 1201
2113 1450
2113 1489
2113 1599
2113 1656
2113 1677
2113 1942
2113 1968
2114 69
2114 140
2114 293
2114 316
2114 337
2114 344
2114 442
2114 490
2114 583
2114 719
2114 890
2114 919
2114 999
2114 1215
2114 1317
2114 1389
2114 1399
2114 1604
2114 1643
2114 1693
2114 1720
2114 1777
2114 1807
2115 95
2115 178
2115 375
2115 382
2115 515
2115 561
2115 642
2115 716
2115 790
2115 818
2115 976
2115 1173
2115 1184
2115 1229
2115 1274
2115 1278
2115 1383
2115 1475
2115 1496
2115 1520
2115 1541
2115 1558
2115 1578
2115 1588
2115 1627
2115 1804
2115 1872
2115 1979
2115 1985
2115 1997
2116 15
2116 358
2116 414
2116 651
2116 729
2116 735
2116 819
2116 869
2116 927
2116 933
2116 1042
2116 1115
2116 1188
2116 1415
2116 1434
2116 1476
2116 1609
2116 1673
2116 1746
2116 1788
2116 1831
2116 1833
2116 1900
2116 1910
2116 1914
2117 1
2117 206
2117 236
2117 237
2117 283
2117 300
2117 402
2117 465
2117 506
2117 566
2117 651
2117 779
2117 787
2117 878
2117 1066
2117 1093
2117 1204
2117 1341
2117 1343
2117 1360
2117 1361
2117 1392
2117 1444
2117 1467
2117 1567
2117 1618
2117 1626
2117 1668
2117 1754
2117 1760
2117 1819
2117 1893
2117 1901
2117 1911
2117 1912
2117 1985
2118 46
2118 70
2118 113
2118 139
2118 185
2118 378
2118 447
2118 533
2118 606
2118 722
2118 801
2118 851
2118 891
2118 926
2118 931
2118 1001
2118 1002
2118 1022
2118 1093
2118 1117
2118 1173
2118 1191
2118 1370
2118 1509
2118 1529
2118 1533
2118 1569
2118 1657
2118 1755
2118 1791
2119 90
2119 316
2119 359
2119 467
2119 568
2119 609
2119 656
2119 661
2119 666
2119 674
2119 804
2119 822
2119 872
2119 898
2119 918
2119 948
2119 977
2119 981
2119 998
2119 1035
2119 1037
2119 1113
2119 1179
2119 1185
2119 1389
2119 1534
2119 1583
2119 1587
2119 1614
2119 1691
2119 1877
2119 1891
2119 1961
2119 1979
2119 1993
2120 139
2120 166
2120 279
2120 282
2120 415
2120 416
2120 470
2120 546
2120 636
2120 644
2120 747
2120 883
2120 932
2120 992
2120 1028
2120 1057
2120 1059
2120 1103
2120 1178
2120 1208
2120 1270
2120 1305
2120 1360
2120 1539
2120 1557
2120 1651
2120 1741
2120 1791
2120 1812
2120 1945
2120 1980
2121 0
2121 8
2121 71
2121 134
2121 335
2121 469
2121 501
2121 582
2121 623
2121 705
2121 725
2121 776
2121 809
2121 1081
2121 1126
2121 1141
2121 1171
2121 1192
2121 1222
2121 1238
2121 1285
2121 1297
2121 1410
2121 1422
2121 1466
2121 1493
2121 1528
2121 1578
2121 1590
2121 1735
2121 1757
2121 1852
2121 1925
2121 1953
2122 137
2122 172
2122 317
2122 439
2122 599
2122 600
2122 705
2122 722
2122 737
2122 801
2122 903
2122 1015
2122 1113
2122 1146
2122 1226
2122 1229
2122 1298
2122 1394
2122 1598
2122 1602
2122 1643
2122 1817
2122 1843
2122 1926
2122 1960
2122 1966
2122 1992
2123 21
2123 26
2123 41
2123 87
2123 170
2123 242
2123 351
2123 379
2123 440
2123 490
2123 622
2123 659
2123 847
2123 978
2123 1111
2123 1114
2123 1171
2123 1303
2123 1428
2123 1467
2123 1782
2123 1797
2123 1818
2124 100
2124 119
2124 125
2124 266
2124 417
2124 488
2124 564
2124 581
2124 591
2124 599
2124 803
2124 906
2124 993
2124 1059
2124 1073
2124 1084
2124 1109
2124 1127
2124 1143
2124 1223
2124 1278
2124 1411
2124 1494
2124 1564
2124 1598
2124 1603
2124 1641
2124 1854
2124 1972
2125 123
2125 139
2125 187
2125 192
2125 218
2125 239
2125 281
2125 299
2125 353
2125 503
2125 514
2125 641
2125 658
2125 678
2125 770
2125 1212
2125 1233
2125 1254
2125 1266
2125 1326
2125 1327
2125 1400
2125 1507
2125 1591
2125 1676
2125 1801
2125 1972
2125 1979
2126 7
2126 85
2126 105
2126 183
2126 258
2126 267
2126 293
2126 294
2126 316
2126 377
2126 382
2126 417
2126 560
2126 571
2126 706
2126 946
2126 1157
2126 1207
2126 1371
2126 1405
2126 1406
2126 1420
2126 1449
2126 1532
2126 1563
2126 1581
2126 1743
2126 1769
2126 1770
2126 1771
2126 1875
2126 1922
2126 1950
2126 1953
2127 120
2127 271
2127 376
2127 415
2127 449
2127 476
2127 561
2127 580
2127 606
2127 633
2127 726
2127 788
2127 835
2127 881
2127 949
2127 1073
2127 1076
2127 1214
2127 1266
2127 1348
2127 1459
2127 1593
2127 1612
2127 1735
2127 1833
2127 1910
2127 1911
2127 1923
2127 1929
2128 156
2128 159
2128 229
2128 317
2128 374
2128 557
2128 567
2128 765
2128 772
2128 797
2128 906
2128 1116
2128 1212
2128 1443
2128 1558
2128 1613
2128 1695
2128 1712
2128 1835
2128 1850
2128 1935
2128 1990
2129 37
2129 69
2129 161
2129 166
2129 235
2129 423
2129 442
2129 472
2129 492
2129 502
2129 519
2129 563
2129 758
2129 781
2129 881
2129 891
2129 943
2129 1082
2129 1109
2129 1254
2129 1410
2129 1414
2129 1489
2129 1555
2129 1571
2129 1594
2129 1598
2129 1609
2129 1704
2129 1722
2129 1758
2129 1788
2129 1852
2130 77
2130 83
2130 85
2130 94
2130 143
2130 200
2130 281
2130 294
2130 375
2130 379
2130 503
2130 515
2130 541
2130 558
2130 562
2130 635
2130 728
2130 778
2130 834
2130 854
2130 963
2130 980
2130 1007
2130 1012
2130 1075
2130 1081
2130 1149
2130 1285
2130 1312
2130 1632
2130 1633
2130 1643
2130 1645
2130 1650
2130 1758
2130 1799
2130 1801
2130 1848
2130 1926
2131 17
2131 42
2131 68
2131 221
2131 243
2131 322
2131 367
2131 391
2131 471
2131 614
2131 623
2131 637
2131 680
2131 682
2131 735
2131 836
2131 891
2131 1334
2131 1367
2131 1412
2131 1452
2131 1513
2131 1573
2131 1658
2131 1692
2131 1721
2131 1790
2131 1848
2131 1869
2131 1912
2131 1923
2131 1951
2131 1988
2131 1992
2132 5
2132 43
2132 71
2132 96
2132 160
2132 188
2132 280
2132 288
2132 339
2132 435
2132 480
2132 765
2132 766
2132 833
2132 835
2132 898
2132 944
2132 957
2132 1059
2132 1114
2132 1250
2132 1263
2132 1370
2132 1409
2132 1536
2132 1556
2132 1606
2132 1635
2132 1831
2132 1846
2132 1849
2132 1952
2133 5
2133 67
2133 161
2133 284
2133 334
2133 361
2133 422
2133 602
2133 649
2133 664
2133 665
2133 683
2133 792
2133 823
2133 865
2133 916
2133 941
2133 949
2133 985
2133 1078
2133 1100
2133 1127
2133 1142
2133 1305
2133 1406
2133 1417
2133 1448
2133 1542
2133 1598
2133 1637
2133 1644
2133 1718
2133 1756
2133 1787
2133 1969
2133 1997
2134 97
2134 116
2134 164
2134 165
2134 298
2134 305
2134 376
2134 421
2134 545
2134 677
2134 681
2134 693
2134 758
2134 770
2134 836
2134 890
2134 1173
2134 1174
2134 1192
2134 1233
2134 1234
2134 1260
2134 1328
2134 1331
2134 1401
2134 1442
2134 1535
2134 1610
2134 1632
2134 1777
2134 1794
2134 1818
2134 1862
2134 1876
2134 1910
2135 10
2135 21
2135 68
2135 171
2135 189
2135 238
2135 312
2135 331
2135 406
2135 445
2135 481
2135 583
2135 625
2135 654
2135 662
2135 725
2135 882
2135 916
2135 921
2135 945
2135 949
2135 1031
2135 1062
2135 1064
2135 1126
2135 1170
2135 1175
2135 1176
2135 1247
2135 1445
2135 1520
2135 1534
2135 1563
2135 1727
2135 1733
2135 1781
2135 1814
2135 1855
2135 1861
2135 1991
2136 202
2136 227
2136 320
2136 381
2136 544
2136 620
2136 692
2136 703
2136 781
2136 816
2136 840
2136 845
2136 846
2136 877
2136 902
2136 988
2136 1057
2136 1123
2136 1210
2136 1284
2136 1411
2136 1425
2136 1473
2136 1523
2136 1603
2136 1649
2136 1655
2136 1661
2136 1811
2136 1849
2136 1859
2136 1877
2136 1917
2136 1962
2137 1
2137 39
2137 40
2137 94
2137 98
2137 191
2137 224
2137 473
2137 489
2137 542
2137 553
2137 554
2137 585
2137 689
2137 723
2137 728
2137 867
2137 954
2137 966
2137 1037
2137 1040
2137 1155
2137 1187
2137 1344
2137 1364
2137 1393
2137 1443
2137 1451
2137 1471
2137 1496
2137 1577
2137 1582
2137 1648
2137 1670
2137 1679
2137 1731
2137 1769
2137 1936
2138 72
2138 159
2138 177
2138 247
2138 345
2138 357
2138 468
2138 489
2138 561
2138 571
2138 660
2138 798
2138 827
2138 895
2138 916
2138 929
2138 940
2138 1060
2138 1083
2138 1122
2138 1176
2138 1182
2138 1364
2138 1495
2138 1613
2138 1652
2138 1698
2138 1766
2138 1805
2138 1814
2138 1870
2138 1937
2139 108
2139 122
2139 163
2139 364
2139 377
2139 378
2139 418
2139 490
2139 494
2139 516
2139 531
2139 602
2139 608
2139 685
2139 725
2139 827
2139 889
2139 953
2139 1051
2139 1179
2139 1415
2139 1638
2139 1673
2139 1689
2139 1714
2139 1833
2139 1983
2140 55
2140 78
2140 192
2140 272
2140 279
2140 288
2140 464
2140 471
2140 474
2140 800
2140 811
2140 841
2140 859
2140 863
2140 866
2140 960
2140 1226
2140 1279
2140 1365
2140 1390
2140 1449
2140 1463
2140 1528
2140 1563
2140 1594
2140 1811
2140 1905
2140 1917
2140 1961
2140 1966
2140 1990
2141 16
2141 18
2141 145
2141 389
2141 492
2141 546
2141 632
2141 687
2141 696
2141 834
2141 863
2141 927
2141 964
2141 967
2141 1097
2141 1175
2141 1449
2141 1496
2141 1580
2141 1626
2141 1715
2141 1871
2141 1975
2141 1984
2142 98
2142 148
2142 151
2142 189
2142 306
2142 337
2142 392
2142 465
2142 559
2142 588
2142 698
2142 733
2142 824
2142 850
2142 855
2142 1016
2142 1123
2142 1146
2142 1167
2142 1228
2142 1392
2142 1413
2142 1444
2142 1539
2142 1583
2142 1643
2142 1679
2142 1735
2142 1970
2143 2
2143 70
2143 136
2143 190
2143 280
2143 312
2143 563
2143 584
2143 657
2143 715
2143 722
2143 726
2143 741
2143 742
2143 744
2143 832
2143 833
2143 891
2143 927
2143 1004
2143 1022
2143 1034
2143 1055
2143 1076
2143 1111
2143 1113
2143 1235
2143 1267
2143 1314
2143 1333
2143 1425
2143 1533
2143 1555
2143 1732
2143 1761
2143 1824
2143 1825
2143 1889
2143 1975
2143 1992
2144 22
2144 103
2144 141
2144 528
2144 598
2144 667
2144 714
2144 837
2144 956
2144 1023
2144 1208
2144 1221
2144 1232
2144 1300
2144 1340
2144 1387
2144 1450
2144 1553
2144 1579
2144 1715
2144 1786
2144 1943
2144 1948
2144 1963
2144 1975
2144 1977
2145 138
2145 161
2145 203
2145 258
2145 260
2145 278
2145 349
2145 363
2145 368
2145 389
2145 404
2145 434
2145 438
2145 444
2145 459
2145 472
2145 512
2145 526
2145 659
2145 803
2145 1090
2145 1099
2145 1162
2145 1171
2145 1344
2145 1361
2145 1402
2145 1548
2145 1565
2145 1672
2145 1705
2145 1856
2145 1870
2146 9
2146 27
2146 99
2146 124
2146 126
2146 296
2146 375
2146 415
2146 646
2146 660
2146 711
2146 954
2146 995
2146 998
2146 1014
2146 1034
2146 1167
2146 1276
2146 1393
2146 1406
2146 1468
2146 1606
2146 1821
2146 1912
2146 1941
2147 1
2147 53
2147 55
2147 167
2147 337
2147 365
2147 378
2147 418
2147 564
2147 684
2147 699
2147 717
2147 780
2147 789
2147 884
2147 921
2147 991
2147 996
2147 1011
2147 1058
2147 1129
2147 1159
2147 1251
2147 1315
2147 1364
2147 1435
2147 1475
2147 1518
2147 1530
2147 1629
2147 1707
2147 1941
2147 1982
2148 33
2148 67
2148 116
2148 122
2148 135
2148 361
2148 364
2148 432
2148 507
2148 525
2148 779
2148 837
2148 997
2148 1063
2148 1143
2148 1183
2148 1193
2148 1219
2148 1263
2148 1264
2148 1306
2148 1311
2148 1382
2148 1408
2148 1561
2148 1571
2148 1601
2148 1671
2148 1902
2148 1956
2149 16
2149 42
2149 159
2149 281
2149 314
2149 429
2149 433
2149 519
2149 577
2149 872
2149 878
2149 902
2149 1015
2149 1019
2149 1124
2149 1177
2149 1269
2149 1289
2149 1362
2149 1379
2149 1417
2149 1672
2149 1718
2149 1732
2149 1735
2149 1770
2149 1910
2149 1996
2150 147
2150 151
2150 289
2150 346
2150 399
2150 488
2150 539
2150 566
2150 620
2150 657
2150 674
2150 759
2150 1095
2150 1159
2150 1290
2150 1441
2150 1450
2150 1508
2150 1695
2150 1717
2150 1815
2150 1856
2150 1868
2150 1915
2150 1928
2150 1962
2151 136
2151 222
2151 229
2151 331
2151 365
2151 431
2151 545
2151 577
2151 594
2151 643
2151 699
2151 716
2151 897
2151 920
2151 993
2151 1040
2151 1070
2151 1079
2151 1175
2151 1178
2151 1205
2151 1241
2151 1317
2151 1337
2151 1409
2151 1413
2151 1480
2151 1500
2151 1637
2151 1719
2151 1749
2151 1754
2151 1798
2151 1851
2151 1869
2151 1891
2152 51
2152 138
2152 177
2152 217
2152 219
2152 294
2152 315
2152 415
2152 543
2152 592
2152 606
2152 607
2152 700
2152 712
2152 768
2152 915
2152 1055
2152 1131
2152 1182
2152 1324
2152 1339
2152 1461
2152 1564
2152 1579
2152 1659
2152 1689
2152 1755
2152 1767
2152 1789
2152 1893
2152 1980
2152 1995
2153 40
2153 202
2153 385
2153 642
2153 665
2153 784
2153 865
2153 1046
2153 1159
2153 1164
2153 1211
2153 1223
2153 1256
2153 1333
2153 1369
2153 1385
2153 1441
2153 1444
2153 1452
2153 1489
2153 1494
2153 1527
2153 1737
2153 1845
2153 1973
2154 25
2154 146
2154 213
2154 234
2154 343
2154 351
2154 403
2154 410
2154 488
2154 574
2154 642
2154 712
2154 960
2154 989
2154 999
2154 1222
2154 1227
2154 1279
2154 1301
2154 1329
2154 1397
2154 1419
2154 1432
2154 1437
2154 1481
2154 1486
2154 1502
2154 1517
2154 1518
2154 1570
2154 1598
2154 1635
2154 1653
2154 1668
2154 1689
2154 1950
2155 2
2155 26
2155 33
2155 47
2155 119
2155 126
2155 139
2155 200
2155 233
2155 355
2155 376
2155 513
2155 530
2155 598
2155 619
2155 637
2155 659
2155 741
2155 864
2155 885
2155 1016
2155 1202
2155 1245
2155 1542
2155 1555
2155 1604
2155 1772
2155 1828
2155 1879
2156 3
2156 38
2156 118
2156 186
2156 197
2156 234
2156 238
2156 326
2156 336
2156 493
2156 642
2156 714
2156 721
2156 757
2156 811
2156 876
2156 1076
2156 1287
2156 1349
2156 1358
2156 1447
2156 1509
2156 1687
2156 1848
2156 1936
2156 1978
2156 1989
2157 10
2157 50
2157 68
2157 169
2157 216
2157 270
2157 514
2157 525
2157 596
2157 653
2157 686
2157 872
2157 912
2157 1002
2157 1054
2157 1307
2157 1337
2157 1372
2157 1429
2157 1472
2157 1552
2157 1569
2157 1579
2157 1583
2157 1600
2157 1691
2157 1719
2157 1776
2157 1848
2157 1850
2157 1935
2158 135
2158 194
2158 251
2158 430
2158 471
2158 489
2158 558
2158 652
2158 756
2158 853
2158 868
2158 1005
2158 1068
2158 1069
2158 1162
2158 1298
2158 1418
2158 1567
2158 1598
2158 1714
2158 1819
2158 1864
2159 188
2159 320
2159 402
2159 612
2159 623
2159 635
2159 782
2159 807
2159 845
2159 877
2159 922
2159 1105
2159 1115
2159 1174
2159 1180
2159 1270
2159 1344
2159 1390
2159 1426
2159 1511
2159 1560
2159 1618
2159 1631
2159 1648
2159 1907
2160 103
2160 227
2160 236
2160 288
2160 349
2160 378
2160 384
2160 398
2160 412
2160 448
2160 515
2160 548
2160 628
2160 715
2160 875
2160 963
2160 979
2160 1036
2160 1067
2160 1157
2160 1192
2160 1243
2160 1368
2160 1454
2160 1458
2160 1485
2160 1533
2160 1592
2160 1627
2160 1654
2160 1668
2160 1823
2160 1861
2160 1935
2161 29
2161 36
2161 45
2161 60
2161 118
2161 143
2161 174
2161 232
2161 276
2161 301
2161 338
2161 399
2161 601
2161 703
2161 710
2161 724
2161 770
2161 840
2161 1068
2161 1087
2161 1125
2161 1272
2161 1343
2161 1345
2161 1359
2161 1474
2161 1558
2161 1590
2161 1672
2161 1764
2161 1891
2162 56
2162 62
2162 84
2162 110
2162 115
2162 177
2162 230
2162 279
2162 332
2162 361
2162 390
2162 498
2162 524
2162 638
2162 656
2162 1032
2162 1188
2162 1235
2162 1360
2162 1453
2162 1490
2162 1551
2162 1597
2162 1708
2162 1770
2162 1817
2162 1880
2162 1899
2162 1950
2162 1998
2163 67
2163 90
2163 114
2163 136
2163 219
2163 303
2163 432
2163 513
2163 574
2163 645
2163 653
2163 675
2163 742
2163 746
2163 761
2163 778
2163 804
2163 852
2163 911
2163 918
2163 995
2163 1034
2163 1050
2163 1143
2163 1208
2163 1247
2163 1415
2163 1423
2163 1427
2163 1446
2163 1499
2163 1628
2163 1646
2163 1657
2163 1836
2163 1845
2163 1853
2163 1978
2164 77
2164 156
2164 238
2164 360
2164 549
2164 694
2164 697
2164 822
2164 901
2164 917
2164 996
2164 1106
2164 1118
2164 1172
2164 1266
2164 1438
2164 1495
2164 1669
2164 1915
2165 3
2165 167
2165 253
2165 338
2165 371
2165 394
2165 405
2165 546
2165 568
2165 769
2165 851
2165 873
2165 1050
2165 1134
2165 1155
2165 1159
2165 1238
2165 1249
2165 1302
2165 1365
2165 1559
2165 1679
2165 1698
2165 1834
2165 1839
2165 1843
2165 1882
2165 1932
2165 1940
2165 1979
2166 215
2166 265
2166 315
2166 321
2166 378
2166 496
2166 599
2166 600
2166 681
2166 736
2166 826
2166 838
2166 889
2166 969
2166 1102
2166 1218
2166 1299
2166 1342
2166 1397
2166 1409
2166 1439
2166 1510
2166 1512
2166 1602
2166 1629
2166 1666
2166 1682
2166 1722
2166 1881
2167 90
2167 160
2167 230
2167 400
2167 403
2167 422
2167 448
2167 530
2167 957
2167 1025
2167 1168
2167 1206
2167 1281
2167 1298
2167 1343
2167 1552
2167 1559
2167 1560
2167 1577
2167 1712
2167 1723
2167 1895
2167 1970
2167 1987
2168 71
2168 73
2168 205
2168 231
2168 249
2168 257
2168 318
2168 425
2168 465
2168 529
2168 789
2168 895
2168 897
2168 902
2168 933
2168 955
2168 1002
2168 1056
2168 1127
2168 1158
2168 1170
2168 1190
2168 1243
2168 1403
2168 1515
2168 1532
2168 1577
2168 1649
2168 1665
2168 1667
2168 1729
2168 1759
2168 1806
2168 1840
2168 1858
2168 1886
2168 1898
2168 1916
2169 90
2169 104
2169 226
2169 287
2169 310
2169 333
2169 458
2169 478
2169 488
2169 679
2169 798
2169 848
2169 894
2169 1085
2169 1103
2169 1205
2169 1422
2169 1499
2169 1603
2169 1608
2169 1610
2169 1713
2169 1736
2169 1743
2169 1822
2169 1869
2169 1962
2170 16
2170 83
2170 237
2170 298
2170 426
2170 502
2170 554
2170 598
2170 666
2170 687
2170 720
2170 858
2170 916
2170 929
2170 1012
2170 1135
2170 1159
2170 1391
2170 1670
2170 1688
2170 1806
2170 1854
2170 1882
2170 1894
2170 1920
2171 23
2171 36
2171 40
2171 169
2171 183
2171 193
2171 221
2171 235
2171 251
2171 301
2171 311
2171 319
2171 382
2171 408
2171 416
2171 421
2171 428
2171 433
2171 443
2171 673
2171 852
2171 968
2171 1018
2171 1102
2171 1104
2171 1149
2171 1207
2171 1279
2171 1410
2171 1803
2171 1841
2171 1853
2171 1937
2171 1958
2172 45
2172 124
2172 220
2172 321
2172 362
2172 384
2172 462
2172 464
2172 552
2172 562
2172 671
2172 678
2172 791
2172 860
2172 947
2172 982
2172 1030
2172 1049
2172 1095
2172 1196
2172 1242
2172 1268
2172 1280
2172 1298
2172 1319
2172 1479
2172 1673
2172 1726
2172 1792
2172 1793
2173 270
2173 287
2173 399
2173 476
2173 477
2173 497
2173 512
2173 537
2173 601
2173 721
2173 734
2173 873
2173 899
2173 931
2173 999
2173 1039
2173 1145
2173 1162
2173 1174
2173 1203
2173 1270
2173 1291
2173 1293
2173 1305
2173 1323
2173 1339
2173 1353
2173 1395
2173 1599
2173 1661
2173 1687
2173 1699
2173 1762
2173 1781
2173 1877
2173 1878
2173 1924
2173 1944
2173 1988
2174 69
2174 73
2174 388
2174 440
2174 445
2174 536
2174 561
2174 617
2174 619
2174 625
2174 771
2174 797
2174 849
2174 851
2174 856
2174 872
2174 992
2174 1058
2174 1065
2174 1160
2174 1201
2174 1269
2174 1304
2174 1326
2174 1345
2174 1366
2174 1388
2174 1462
2174 1473
2174 1518
2174 1553
2174 1634
2174 1684
2174 1740
2174 1791
2175 129
2175 160
2175 218
2175 306
2175 317
2175 416
2175 461
2175 620
2175 643
2175 651
2175 736
2175 742
2175 842
2175 924
2175 971
2175 1005
2175 1075
2175 1154
2175 1184
2175 1415
2175 1568
2175 1580
2175 1769
2175 1788
2176 1
2176 18
2176 93
2176 109
2176 116
2176 152
2176 223
2176 231
2176 281
2176 334
2176 345
2176 397
2176 530
2176 581
2176 614
2176 824
2176 850
2176 958
2176 1019
2176 1122
2176 1133
2176 1164
2176 1206
2176 1258
2176 1317
2176 1347
2176 1357
2176 1450
2176 1455
2176 1650
2176 1719
2176 1739
2176 1753
2177 113
2177 139
2177 297
2177 308
2177 411
2177 573
2177 657
2177 676
2177 684
2177 717
2177 776
2177 793
2177 892
2177 934
2177 1040
2177 1152
2177 1196
2177 1205
2177 1240
2177 1250
2177 1373
2177 1407
2177 1436
2177 1478
2177 1621
2177 1645
2177 1667
2177 1859
2177 1879
2177 1880
2177 1918
2178 4
2178 82
2178 93
2178 155
2178 157
2178 235
2178 436
2178 475
2178 565
2178 628
2178 640
2178 708
2178 732
2178 748
2178 758
2178 799
2178 835
2178 870
2178 928
2178 982
2178 1048
2178 1094
2178 1128
2178 1140
2178 1221
2178 1265
2178 1266
2178 1282
2178 1296
2178 1321
2178 1347
2178 1400
2178 1420
2178 1471
2178 1527
2178 1634
2178 1765
2178 1767
2178 1814
2178 1893
2178 1978
2178 1981
2179 2
2179 114
2179 228
2179 274
2179 291
2179 509
2179 600
2179 627
2179 639
2179 771
2179 773
2179 908
2179 1088
2179 1093
2179 1503
2179 1648
2179 1650
2179 1651
2179 1664
2179 1749
2179 1955
2180 256
2180 409
2180 458
2180 466
2180 535
2180 631
2180 958
2180 1005
2180 1035
2180 1052
2180 1070
2180 1158
2180 1175
2180 1176
2180 1227
2180 1418
2180 1433
2180 1516
2180 1577
2180 1612
2180 1835
2180 1846
2180 1868
2181 17
2181 168
2181 178
2181 181
2181 273
2181 318
2181 465
2181 612
2181 683
2181 865
2181 890
2181 892
2181 960
2181 1014
2181 1058
2181 1080
2181 1086
2181 1087
2181 1105
2181 1129
2181 1171
2181 1336
2181 1521
2181 1646
2181 1691
2181 1728
2181 1767
2181 1822
2181 1856
2181 1895
2181 1910
2181 1982
2182 8
2182 186
2182 253
2182 261
2182 324
2182 339
2182 467
2182 533
2182 555
2182 586
2182 603
2182 900
2182 953
2182 1096
2182 1098
2182 1180
2182 1237
2182 1380
2182 1411
2182 1455
2182 1485
2182 1752
2183 41
2183 49
2183 91
2183 124
2183 140
2183 245
2183 260
2183 492
2183 498
2183 549
2183 562
2183 702
2183 734
2183 790
2183 861
2183 943
2183 992
2183 1035
2183 1077
2183 1142
2183 1307
2183 1324
2183 1372
2183 1402
2183 1479
2183 1523
2183 1553
2183 1599
2183 1676
2183 1834
2183 1874
2184 1
2184 55
2184 150
2184 186
2184 393
2184 545
2184 562
2184 640
2184 656
2184 672
2184 697
2184 1022
2184 1156
2184 1233
2184 1435
2184 1629
2184 1668
2184 1823
2184 1834
2184 1839
2184 1881
2184 1996
2185 5
2185 18
2185 28
2185 116
2185 248
2185 406
2185 500
2185 532
2185 538
2185 600
2185 1076
2185 1090
2185 1126
2185 1143
2185 1260
2185 1269
2185 1414
2185 1425
2185 1446
2185 1543
2185 1553
2185 1603
2185 1629
2185 1714
2185 1739
2185 1749
2185 1759
2185 1857
2185 1910
2185 1927
2185 1973
2186 87
2186 251
2186 258
2186 297
2186 499
2186 521
2186 627
2186 892
2186 947
2186 987
2186 1030
2186 1036
2186 1091
2186 1103
2186 1163
2186 1182
2186 1310
2186 1377
2186 1515
2186 1626
2186 1714
2186 1749
2186 1772
2186 1938
2186 1986
2187 145
2187 177
2187 229
2187 268
2187 341
2187 458
2187 533
2187 551
2187 605
2187 608
2187 736
2187 824
2187 831
2187 836
2187 1108
2187 1163
2187 1236
2187 1245
2187 1346
2187 1387
2187 1392
2187 1395
2187 1510
2187 1516
2187 1706
2187 1871
2187 1965
2188 95
2188 107
2188 117
2188 119
2188 155
2188 268
2188 315
2188 321
2188 326
2188 379
2188 418
2188 470
2188 604
2188 611
2188 812
2188 856
2188 944
2188 997
2188 1042
2188 1216
2188 1221
2188 1284
2188 1374
2188 1408
2188 1510
2188 1560
2188 1700
2188 1814
2188 1851
2189 19
2189 33
2189 73
2189 199
2189 204
2189 285
2189 364
2189 548
2189 549
2189 551
2189 639
2189 663
2189 794
2189 930
2189 958
2189 960
2189 980
2189 1023
2189 1120
2189 1157
2189 1210
2189 1261
2189 1281
2189 1303
2189 1457
2189 1510
2189 1514
2189 1579
2189 1628
2189 1685
2189 1773
2189 1927
2190 217
2190 255
2190 531
2190 568
2190 635
2190 747
2190 758
2190 853
2190 923
2190 935
2190 977
2190 1101
2190 1180
2190 1301
2190 1324
2190 1326
2190 1341
2190 1361
2190 1465
2190 1626
2190 1755
2190 1796
2190 1875
2191 16
2191 119
2191 251
2191 293
2191 497
2191 647
2191 684
2191 762
2191 778
2191 804
2191 880
2191 1023
2191 1073
2191 1142
2191 1178
2191 1226
2191 1412
2191 1423
2191 1447
2191 1522
2191 1566
2191 1608
2191 1660
2191 1666
2191 1690
2191 1791
2191 1797
2191 1946
2191 1963
2192 168
2192 205
2192 255
2192 283
2192 286
2192 287
2192 301
2192 314
2192 358
2192 460
2192 475
2192 480
2192 495
2192 520
2192 652
2192 664
2192 776
2192 861
2192 977
2192 1110
2192 1176
2192 1226
2192 1300
2192 1433
2192 1483
2192 1587
2192 1600
2192 1749
2192 1890
2192 1965
2193 44
2193 341
2193 348
2193 371
2193 377
2193 424
2193 434
2193 479
2193 617
2193 677
2193 760
2193 850
2193 899
2193 941
2193 974
2193 1211
2193 1215
2193 1248
2193 1362
2193 1443
2193 1697
2193 1752
2193 1756
2193 1840
2193 1854
2194 105
2194 178
2194 183
2194 281
2194 290
2194 319
2194 498
2194 517
2194 561
2194 579
2194 637
2194 713
2194 716
2194 825
2194 875
2194 877
2194 916
2194 1008
2194 1025
2194 1054
2194 1297
2194 1317
2194 1327
2194 1341
2194 1346
2194 1419
2194 1509
2194 1624
2194 1640
2194 1669
2194 1717
2194 1722
2194 1796
2194 1798
2194 1852
2194 1875
2194 1935
2194 1939
2194 1956
2195 63
2195 90
2195 112
2195 340
2195 474
2195 491
2195 512
2195 556
2195 628
2195 641
2195 740
2195 922
2195 939
2195 1024
2195 1074
2195 1172
2195 1187
2195 1206
2195 1229
2195 1292
2195 1322
2195 1349
2195 1350
2195 1366
2195 1369
2195 1467
2195 1579
2195 1616
2195 1630
2195 1655
2195 1711
2195 1770
2195 1824
2195 1867
2195 1915
2195 1986
2196 76
2196 96
2196 191
2196 193
2196 334
2196 389
2196 467
2196 531
2196 532
2196 561
2196 603
2196 718
2196 777
2196 788
2196 789
2196 924
2196 936
2196 942
2196 1003
2196 1062
2196 1133
2196 1160
2196 1163
2196 1345
2196 1482
2196 1500
2196 1504
2196 1554
2196 1566
2196 1710
2196 1772
2196 1834
2196 1901
2196 1911
2196 1921
2197 34
2197 95
2197 121
2197 261
2197 514
2197 707
2197 779
2197 941
2197 1035
2197 1107
2197 1157
2197 1408
2197 1498
2197 1651
2197 1705
2197 1715
2197 1716
2197 1776
2197 1868
2197 1981
2198 37
2198 60
2198 90
2198 114
2198 138
2198 216
2198 232
2198 246
2198 296
2198 336
2198 368
2198 392
2198 464
2198 566
2198 636
2198 668
2198 714
2198 766
2198 769
2198 844
2198 946
2198 972
2198 1036
2198 1203
2198 1208
2198 1352
2198 1388
2198 1406
2198 1532
2198 1547
2198 1648
2198 1720
2198 1823
2198 1911
2198 1962
2199 20
2199 22
2199 93
2199 234
2199 362
2199 474
2199 498
2199 535
2199 795
2199 819
2199 902
2199 982
2199 986
2199 1140
2199 1170
2199 1340
2199 1386
2199 1387
2199 1434
2199 1511
2199 1601
2199 1613
2199 1623
2199 1633
2199 1694
2199 1695
2199 1773
2199 1822
2199 1957
2199 1986
2000 2001 2002 2003 2004 2005 2006 2007 2008 2009 2010 2011 2012 2013 2014 2015 2016 2017 2018 2019 2020 2021 2022 2023 2024 2025 2026 2027 2028 2029 2030 2031 2032 2033 2034 2035 2036 2037 2038 2039 2040 2041 2042 2043 2044 2045 2046 2047 2048 2049 2050 2051 2052 2053 2054 2055 2056 2057 2058 2059 2060 2061 2062 2063 2064 2065 2066 2067 2068 2069 2070 2071 2072 2073 2074 2075 2076 2077 2078 2079 2080 2081 2082 2083 2084 2085 2086 2087 2088 2089 2090 2091 2092 2093 2094 2095 2096 2097 2098 2099 2100 2101 2102 2103 2104 2105 2106 2107 2108 2109 2110 2111 2112 2113 2114 2115 2116 2117 2118 2119 2120 2121 2122 2123 2124 2125 2126 2127 2128 2129 2130 2131 2132 2133 2134 2135 2136 2137 2138 2139 2140 2141 2142 2143 2144 2145 2146 2147 2148 2149 2150 2151 2152 2153 2154 2155 2156 2157 2158 2159 2160 2161 2162 2163 2164 2165 2166 2167 2168 2169 2170 2171 2172 2173 2174 2175 2176 2177 2178 2179 2180 2181 2182 2183 2184 2185 2186 2187 2188 2189 2190 2191 2192 2193 2194 2195 2196 2197 2198 2199
