3300 27177 300
0 3012
0 3033
0 3069
0 3080
0 3081
0 3087
0 3148
0 3157
0 3171
0 3209
1 3020
1 3033
1 3038
1 3044
1 3083
1 3148
1 3212
1 3262
1 3266
2 3052
2 3079
2 3126
2 3204
2 3225
2 3231
2 3248
3 3138
3 3168
3 3235
3 3294
4 3011
4 3032
4 3055
4 3067
4 3082
4 3254
5 3012
5 3018
5 3072
5 3193
5 3284
6 3022
6 3024
6 3034
6 3038
6 3068
6 3076
7 3092
7 3158
7 3192
7 3266
7 3286
8 3020
8 3127
8 3145
8 3162
8 3210
9 3005
9 3085
9 3170
9 3176
9 3209
9 3298
10 3084
10 3223
10 3254
10 3256
10 3266
11 3010
11 3037
11 3093
11 3125
11 3151
12 3038
12 3051
12 3184
12 3229
12 3295
13 3047
13 3151
13 3161
13 3169
13 3222
14 3021
14 3142
14 3161
14 3173
14 3274
15 3176
15 3216
16 3009
16 3016
16 3132
16 3285
17 3004
17 3045
17 3052
17 3263
18 3038
18 3110
19 3009
19 3071
19 3116
19 3287
20 3108
20 3287
21 3073
21 3104
21 3145
22 3030
22 3068
22 3098
22 3102
22 3115
22 3169
22 3190
23 3003
23 3038
23 3081
23 3158
23 3193
23 3216
23 3219
23 3245
24 3009
24 3132
24 3138
24 3185
24 3219
24 3237
24 3260
25 3003
25 3092
25 3140
25 3148
25 3160
25 3253
26 3052
26 3102
26 3132
26 3171
26 3193
26 3202
26 3234
26 3264
27 3051
27 3057
27 3058
27 3153
27 3163
27 3191
27 3276
28 3015
28 3108
28 3139
28 3285
28 3296
29 3015
29 3023
29 3077
29 3080
29 3094
29 3133
29 3203
30 3097
30 3131
30 3145
30 3245
30 3269
31 3028
31 3188
32 3127
32 3132
32 3161
33 3002
33 3146
33 3293
34 3018
34 3218
34 3242
35 3004
35 3038
35 3178
35 3190
35 3266
36 3119
36 3180
36 3241
36 3273
36 3278
37 3075
37 3210
37 3242
37 3270
37 3276
38 3061
38 3155
38 3232
38 3238
39 3034
39 3132
39 3167
39 3189
39 3247
40 3136
40 3151
40 3259
40 3291
41 3150
41 3244
41 3250
41 3285
42 3092
42 3102
42 3156
42 3287
43 3020
43 3047
43 3244
44 3119
44 3173
45 3065
45 3154
45 3248
45 3296
46 3105
46 3113
46 3167
46 3202
47 3050
47 3147
47 3257
47 3295
48 3059
48 3066
48 3156
48 3227
49 3014
49 3096
49 3134
49 3183
50 3057
50 3092
50 3139
51 3070
51 3082
51 3219
51 3228
52 3061
52 3082
53 3171
53 3196
54 3059
54 3276
55 3034
55 3160
57 3015
57 3017
57 3022
57 3067
57 3074
57 3114
57 3157
58 3060
58 3115
58 3139
58 3145
58 3162
58 3169
58 3223
59 3101
59 3149
59 3199
59 3206
59 3272
60 3074
60 3076
60 3078
60 3082
60 3170
60 3180
60 3190
60 3248
61 3043
61 3058
61 3182
61 3253
61 3260
62 3000
62 3010
62 3068
62 3145
62 3161
62 3224
63 3035
63 3170
63 3193
63 3251
63 3276
63 3278
64 3008
64 3023
64 3031
64 3055
64 3200
64 3267
64 3290
65 3004
65 3033
65 3105
65 3219
65 3243
66 3018
66 3069
66 3152
66 3182
66 3228
66 3276
67 3079
67 3103
67 3106
67 3131
67 3141
67 3286
68 3099
68 3119
68 3185
68 3236
68 3266
69 3203
69 3246
69 3249
69 3282
70 3019
70 3183
70 3296
71 3155
71 3218
72 3052
72 3065
72 3078
72 3097
72 3168
73 3077
73 3139
73 3270
73 3274
74 3046
74 3072
74 3079
74 3208
75 3000
75 3002
75 3248
75 3274
76 3034
76 3111
76 3151
76 3215
77 3114
77 3121
77 3166
77 3239
78 3056
78 3076
78 3173
78 3217
78 3236
78 3251
79 3024
79 3051
79 3297
80 3188
80 3207
80 3226
80 3229
81 3014
81 3021
81 3045
81 3281
82 3022
82 3030
82 3045
82 3096
83 3052
83 3220
83 3273
84 3045
84 3096
85 3130
86 3033
86 3197
87 3021
87 3095
87 3121
87 3153
87 3251
87 3252
87 3254
87 3258
88 3030
88 3088
88 3118
88 3135
88 3203
88 3206
88 3232
88 3272
88 3281
89 3040
89 3080
89 3130
89 3147
89 3189
89 3218
89 3236
89 3263
90 3013
90 3026
90 3105
90 3198
90 3205
90 3223
90 3229
91 3148
91 3178
91 3182
91 3240
91 3246
91 3261
91 3295
92 3065
92 3080
92 3128
92 3142
92 3202
92 3209
92 3240
93 3002
93 3092
93 3159
93 3177
93 3234
94 3124
94 3170
94 3185
95 3001
95 3016
95 3040
95 3052
96 3022
96 3023
96 3034
96 3088
97 3068
97 3071
97 3118
97 3220
97 3221
98 3084
98 3110
98 3136
98 3200
99 3042
99 3075
99 3094
99 3114
100 3013
100 3019
100 3068
100 3095
100 3211
101 3000
101 3091
101 3120
101 3227
102 3042
102 3122
102 3178
102 3179
102 3218
103 3004
103 3211
103 3239
104 3121
104 3262
104 3268
105 3106
105 3109
105 3137
105 3271
106 3056
106 3061
106 3273
107 3049
107 3104
107 3236
108 3037
108 3151
109 3041
109 3219
110 3081
110 3160
111 3103
112 3065
112 3144
113 3017
114 3020
114 3023
114 3031
114 3127
114 3187
114 3197
114 3266
114 3268
115 3015
115 3067
115 3139
115 3182
115 3290
116 3041
116 3079
116 3094
116 3110
116 3138
116 3217
117 3140
117 3169
117 3178
117 3196
117 3207
117 3225
117 3250
118 3033
118 3037
118 3048
118 3053
118 3085
118 3093
119 3064
119 3116
119 3220
119 3262
119 3265
120 3220
120 3261
121 3065
121 3085
121 3240
121 3294
122 3049
122 3079
122 3260
122 3299
123 3025
123 3077
123 3153
123 3154
123 3223
124 3061
124 3167
124 3169
124 3177
125 3029
125 3102
125 3158
125 3228
126 3045
126 3211
127 3087
127 3088
127 3155
127 3267
128 3197
128 3209
128 3239
128 3261
129 3089
129 3106
129 3114
129 3191
130 3174
130 3258
131 3188
131 3233
132 3030
132 3047
132 3097
132 3299
133 3084
133 3218
133 3270
134 3185
134 3211
134 3295
135 3002
135 3152
135 3177
136 3012
136 3281
137 3266
138 3130
139 3205
140 3014
140 3027
140 3082
140 3102
140 3104
140 3112
140 3116
140 3147
140 3186
140 3214
140 3280
140 3293
141 3092
141 3128
141 3154
141 3164
141 3178
141 3186
141 3221
141 3288
142 3011
142 3023
142 3082
142 3111
142 3133
142 3170
142 3177
142 3209
143 3014
143 3023
143 3033
143 3042
143 3043
143 3079
143 3097
143 3161
144 3042
144 3100
144 3127
144 3146
144 3183
144 3184
144 3199
144 3226
144 3274
145 3023
145 3075
145 3092
145 3101
145 3191
145 3192
146 3009
146 3028
146 3214
146 3248
146 3263
146 3275
146 3295
147 3010
147 3019
147 3065
147 3186
147 3219
148 3053
148 3078
148 3155
148 3255
148 3281
149 3082
149 3083
149 3090
149 3134
149 3150
149 3280
149 3285
150 3059
150 3093
150 3171
150 3177
150 3206
150 3257
151 3013
151 3068
151 3128
151 3170
151 3193
151 3197
152 3103
152 3189
152 3217
152 3226
152 3249
153 3003
153 3058
153 3127
153 3214
153 3224
153 3243
153 3255
154 3015
154 3070
154 3093
154 3101
154 3120
154 3161
155 3105
155 3235
155 3237
156 3007
156 3071
156 3175
156 3181
157 3015
157 3057
157 3110
157 3214
157 3244
157 3275
158 3033
158 3236
158 3263
158 3286
158 3292
159 3008
159 3127
159 3207
160 3013
160 3159
160 3172
161 3042
161 3063
161 3193
162 3156
162 3168
163 3081
163 3095
163 3191
163 3200
164 3038
164 3055
164 3103
165 3028
165 3097
166 3005
166 3159
167 3151
167 3232
167 3238
168 3098
168 3235
169 3021
169 3043
169 3085
169 3104
169 3107
169 3116
169 3291
170 3042
170 3096
170 3184
170 3196
170 3225
170 3233
170 3281
170 3296
171 3035
171 3044
171 3153
171 3209
171 3241
171 3242
171 3259
171 3261
172 3095
172 3125
172 3137
172 3193
172 3209
172 3261
172 3291
173 3036
173 3110
173 3123
173 3128
173 3159
173 3167
174 3014
174 3016
174 3087
174 3102
174 3140
174 3214
174 3285
175 3009
175 3025
175 3052
175 3156
175 3164
175 3209
176 3050
176 3066
176 3150
176 3190
176 3233
176 3299
177 3036
177 3084
177 3121
177 3130
177 3268
177 3294
178 3041
178 3093
178 3113
178 3200
178 3271
178 3294
179 3036
179 3063
179 3160
179 3212
179 3280
180 3016
180 3022
180 3114
180 3146
180 3174
180 3297
181 3078
181 3085
181 3221
181 3235
181 3271
182 3054
182 3155
182 3161
182 3209
182 3210
182 3276
183 3078
183 3094
183 3118
183 3216
183 3249
184 3016
184 3108
184 3181
184 3187
184 3279
185 3046
185 3078
185 3119
185 3181
185 3282
186 3050
186 3055
186 3112
186 3265
187 3003
187 3071
187 3117
187 3175
188 3037
188 3105
188 3124
188 3136
188 3153
189 3032
189 3067
189 3078
189 3187
189 3288
190 3030
190 3126
190 3176
190 3198
190 3235
191 3014
191 3111
191 3203
191 3243
191 3258
192 3011
192 3067
192 3125
192 3166
192 3206
193 3117
193 3269
194 3009
194 3090
194 3150
194 3160
194 3264
195 3089
195 3117
195 3170
195 3242
195 3252
196 3053
196 3177
196 3267
196 3282
197 3044
197 3120
197 3283
198 3029
198 3213
198 3265
199 3071
199 3103
199 3109
199 3153
200 3058
200 3169
201 3118
201 3245
202 3062
202 3084
202 3103
202 3105
202 3132
202 3140
202 3222
202 3227
203 3015
203 3139
203 3155
203 3157
203 3175
203 3209
203 3213
203 3214
203 3266
203 3293
204 3000
204 3050
204 3094
204 3119
204 3191
205 3168
205 3207
205 3211
205 3262
205 3264
205 3266
206 3020
206 3042
206 3112
206 3161
206 3243
206 3281
207 3051
207 3085
207 3153
207 3200
207 3208
207 3288
208 3012
208 3096
208 3127
208 3207
208 3279
209 3116
209 3117
209 3133
209 3183
209 3219
209 3227
210 3146
210 3154
210 3253
210 3275
211 3015
211 3081
211 3192
211 3266
211 3272
212 3175
212 3220
212 3284
212 3287
213 3036
213 3044
213 3221
213 3269
213 3295
214 3096
214 3160
214 3178
214 3224
214 3250
214 3299
215 3025
215 3140
215 3224
215 3290
216 3033
217 3087
217 3209
217 3214
217 3289
218 3102
218 3141
218 3174
219 3063
219 3072
219 3208
219 3237
220 3155
220 3280
220 3285
221 3082
221 3139
221 3240
222 3282
222 3297
223 3032
223 3156
224 3004
224 3171
224 3175
225 3247
225 3286
227 3059
227 3071
227 3104
227 3110
227 3160
227 3193
227 3231
227 3232
227 3265
228 3113
228 3119
228 3124
228 3134
228 3139
228 3171
228 3207
228 3276
228 3296
229 3002
229 3031
229 3052
229 3164
229 3170
229 3268
229 3293
230 3129
230 3157
230 3182
230 3188
230 3200
230 3202
230 3247
230 3253
230 3276
231 3139
231 3218
231 3240
231 3267
231 3295
232 3003
232 3019
232 3059
232 3097
232 3146
232 3217
233 3006
233 3119
233 3132
233 3145
233 3149
233 3193
233 3206
234 3022
234 3084
234 3102
234 3107
234 3259
234 3268
235 3028
235 3077
235 3082
235 3104
235 3112
235 3199
235 3263
236 3012
236 3027
236 3043
236 3071
236 3132
236 3216
236 3261
237 3091
237 3101
237 3117
237 3179
237 3251
237 3281
238 3151
238 3176
238 3179
238 3189
238 3231
238 3252
239 3036
239 3064
239 3133
239 3241
239 3254
239 3257
240 3040
240 3041
240 3080
240 3107
240 3124
240 3157
241 3049
241 3077
241 3096
241 3122
241 3299
242 3177
242 3180
242 3190
242 3291
243 3008
243 3165
243 3223
244 3059
244 3124
244 3131
244 3209
244 3292
245 3083
245 3202
245 3256
245 3264
245 3269
246 3065
246 3169
246 3252
247 3000
247 3073
247 3143
247 3259
248 3145
248 3214
248 3225
248 3280
249 3013
249 3060
249 3065
249 3067
249 3146
249 3166
250 3029
250 3032
250 3060
250 3103
250 3221
251 3014
251 3029
251 3262
251 3285
251 3289
252 3080
252 3110
252 3132
252 3271
252 3274
253 3059
253 3112
253 3165
253 3239
253 3296
254 3167
254 3205
254 3261
254 3295
255 3147
255 3175
255 3193
255 3264
256 3082
256 3143
256 3298
257 3151
257 3178
257 3243
257 3264
258 3076
258 3142
258 3249
258 3282
259 3011
259 3085
259 3086
259 3114
260 3001
260 3165
260 3299
261 3129
261 3211
262 3241
263 3259
264 3008
264 3057
264 3100
264 3111
264 3127
264 3233
264 3238
264 3245
265 3031
265 3045
265 3052
265 3098
265 3135
265 3178
265 3179
265 3182
265 3215
266 3020
266 3065
266 3081
266 3088
266 3145
266 3195
266 3221
267 3038
267 3073
267 3081
267 3141
267 3169
268 3019
268 3024
268 3028
268 3074
268 3206
269 3063
269 3143
269 3149
269 3156
269 3202
269 3286
270 3036
270 3066
270 3188
270 3210
270 3293
271 3022
271 3025
271 3051
271 3134
271 3136
272 3052
272 3096
272 3121
272 3142
272 3205
273 3006
273 3028
273 3090
273 3123
273 3129
273 3254
273 3296
274 3037
274 3054
274 3140
274 3237
274 3259
274 3281
275 3013
275 3036
275 3044
275 3083
275 3195
275 3220
276 3075
276 3179
276 3194
276 3206
276 3254
277 3013
277 3047
277 3066
277 3207
277 3235
277 3280
278 3009
278 3073
278 3104
278 3200
278 3214
278 3276
279 3019
279 3054
279 3276
280 3038
280 3042
280 3053
280 3251
281 3015
281 3133
281 3168
281 3292
282 3031
282 3097
282 3211
283 3124
283 3206
283 3284
284 3088
284 3137
285 3146
285 3167
285 3284
286 3006
286 3026
286 3156
286 3232
287 3087
287 3233
288 3031
288 3095
288 3136
289 3185
289 3197
289 3275
290 3085
290 3133
290 3275
291 3073
291 3181
292 3013
292 3139
292 3153
293 3023
293 3180
293 3197
294 3035
294 3194
295 3140
296 3028
296 3043
296 3054
296 3142
296 3162
296 3213
296 3244
296 3299
297 3008
297 3018
297 3028
297 3063
297 3064
297 3087
297 3101
297 3145
297 3157
297 3200
298 3045
298 3069
298 3079
298 3097
298 3150
298 3158
298 3215
298 3242
298 3279
298 3298
299 3018
299 3029
299 3163
299 3173
299 3271
299 3286
299 3298
300 3001
300 3006
300 3095
300 3175
300 3199
300 3200
300 3241
301 3017
301 3117
301 3187
301 3189
301 3222
301 3237
302 3059
302 3131
302 3156
302 3170
302 3284
302 3291
302 3296
303 3007
303 3020
303 3041
303 3171
303 3267
304 3188
304 3224
304 3232
304 3269
305 3033
305 3040
305 3072
305 3137
305 3142
305 3165
306 3149
306 3200
306 3238
306 3240
306 3256
307 3003
307 3038
307 3155
307 3261
308 3116
308 3161
308 3167
308 3168
308 3187
309 3091
309 3157
309 3187
309 3246
309 3292
310 3008
310 3016
310 3058
310 3106
310 3182
310 3295
311 3116
311 3186
311 3266
311 3296
312 3009
312 3024
312 3124
313 3088
313 3221
314 3126
314 3220
314 3233
314 3261
315 3068
315 3116
315 3169
315 3184
316 3139
316 3160
316 3206
317 3124
318 3096
318 3212
318 3231
319 3124
319 3261
320 3071
320 3134
321 3132
321 3135
322 3178
322 3236
323 3028
323 3068
323 3076
323 3077
323 3095
323 3220
323 3254
324 3002
324 3007
324 3048
324 3075
324 3082
324 3187
324 3258
324 3269
325 3055
325 3132
325 3166
325 3182
325 3208
325 3263
326 3061
326 3095
326 3180
326 3184
327 3043
327 3162
327 3190
327 3192
327 3258
328 3022
328 3069
328 3127
328 3151
329 3008
329 3071
329 3125
329 3144
330 3027
330 3058
330 3083
330 3168
330 3189
330 3266
331 3025
331 3043
331 3094
331 3117
331 3173
332 3142
332 3192
333 3055
333 3225
333 3253
334 3020
334 3049
334 3153
334 3241
335 3103
335 3179
335 3288
336 3115
336 3161
336 3209
336 3236
337 3025
337 3214
338 3023
338 3046
338 3055
338 3223
339 3082
339 3242
339 3291
340 3009
340 3132
340 3134
340 3299
341 3213
341 3296
342 3151
342 3197
342 3225
343 3030
344 3079
344 3099
344 3134
344 3153
344 3171
344 3172
344 3220
344 3257
345 3036
345 3061
345 3103
345 3169
345 3192
345 3241
345 3271
346 3014
346 3028
346 3140
346 3185
346 3208
347 3088
347 3095
347 3111
347 3167
347 3171
347 3183
347 3211
347 3251
348 3012
348 3024
348 3034
348 3036
348 3111
348 3136
348 3160
348 3162
348 3167
349 3072
349 3134
349 3161
349 3196
349 3266
349 3285
349 3292
350 3117
350 3136
350 3145
350 3169
350 3254
351 3021
351 3033
351 3056
351 3081
351 3218
351 3237
352 3057
352 3180
352 3196
352 3208
353 3009
353 3043
353 3144
353 3194
354 3126
354 3168
354 3263
354 3286
354 3291
355 3003
355 3023
355 3051
355 3131
355 3277
356 3013
356 3119
356 3131
356 3159
356 3195
356 3203
357 3013
357 3161
357 3209
357 3255
357 3294
358 3101
358 3117
358 3257
358 3290
359 3147
359 3186
359 3277
360 3061
360 3067
360 3114
360 3133
360 3256
360 3269
361 3084
361 3130
361 3241
362 3021
362 3106
362 3145
362 3165
363 3008
363 3038
363 3159
363 3196
363 3221
364 3040
364 3058
364 3143
364 3275
365 3199
365 3260
365 3267
366 3072
366 3120
366 3180
367 3088
367 3190
367 3225
367 3233
367 3247
368 3015
368 3084
368 3199
368 3277
369 3043
369 3074
369 3143
369 3172
370 3141
370 3175
371 3139
371 3249
372 3083
372 3089
372 3145
373 3006
373 3183
374 3039
374 3082
375 3018
375 3240
376 3170
376 3203
377 3005
377 3176
377 3250
378 3074
378 3079
379 3027
379 3114
379 3153
379 3209
379 3221
379 3294
380 3021
380 3099
380 3156
380 3160
380 3195
380 3224
380 3270
381 3022
381 3083
381 3146
381 3186
381 3201
381 3220
381 3266
381 3295
382 3002
382 3015
382 3111
382 3154
382 3185
382 3199
382 3227
382 3241
382 3248
383 3021
383 3127
383 3190
383 3238
384 3004
384 3078
384 3150
384 3180
384 3187
384 3190
384 3217
384 3291
385 3042
385 3099
385 3173
385 3199
385 3233
385 3245
386 3011
386 3072
386 3083
386 3148
386 3173
386 3230
386 3251
387 3042
387 3080
387 3184
387 3229
387 3278
387 3293
388 3110
388 3134
388 3168
388 3261
389 3076
389 3087
389 3146
389 3158
389 3220
389 3271
390 3045
390 3125
390 3162
390 3223
390 3267
391 3028
391 3129
391 3132
391 3149
391 3201
392 3145
392 3200
392 3228
392 3231
392 3232
393 3003
393 3077
393 3141
393 3155
393 3246
394 3033
394 3163
394 3248
395 3020
395 3221
396 3101
396 3294
397 3054
397 3112
397 3156
397 3175
398 3039
398 3083
398 3139
398 3245
398 3299
399 3028
399 3043
399 3211
399 3234
399 3244
400 3046
400 3059
400 3150
400 3230
401 3133
401 3232
401 3257
402 3106
402 3184
402 3188
403 3142
403 3163
403 3187
404 3097
404 3142
404 3164
405 3188
405 3256
406 3035
406 3227
407 3062
407 3169
407 3245
408 3005
408 3101
409 3006
409 3017
409 3244
410 3119
411 3008
411 3076
413 3101
413 3113
413 3151
413 3210
413 3255
413 3264
413 3273
414 3021
414 3039
414 3049
414 3090
414 3098
414 3114
414 3167
414 3201
414 3271
415 3101
415 3105
415 3135
415 3144
415 3157
415 3186
415 3187
415 3244
416 3046
416 3153
416 3159
416 3167
416 3181
416 3192
416 3224
417 3063
417 3120
417 3177
417 3206
417 3248
417 3290
417 3298
418 3080
418 3096
418 3146
418 3220
418 3293
419 3116
419 3190
419 3263
419 3275
420 3002
420 3116
420 3158
420 3169
420 3210
420 3293
421 3085
421 3152
421 3167
421 3237
421 3276
422 3030
422 3144
422 3205
422 3241
422 3297
423 3020
423 3174
423 3175
423 3188
423 3211
424 3057
424 3082
424 3108
424 3191
425 3105
425 3166
426 3008
426 3049
426 3201
427 3174
427 3247
427 3274
427 3284
428 3054
428 3073
428 3144
428 3183
429 3092
429 3100
429 3207
430 3041
430 3110
430 3126
431 3028
431 3184
432 3005
433 3096
433 3286
433 3291
434 3007
434 3028
434 3062
435 3085
435 3101
435 3235
436 3238
437 3098
438 3113
439 3049
439 3071
439 3074
439 3079
439 3126
439 3134
439 3141
439 3154
439 3179
439 3230
439 3235
439 3239
439 3261
439 3290
440 3015
440 3042
440 3078
440 3087
440 3110
440 3168
440 3221
440 3250
441 3030
441 3132
441 3208
441 3247
441 3263
442 3067
442 3077
442 3148
442 3170
442 3175
442 3238
442 3256
442 3286
442 3287
443 3011
443 3045
443 3059
443 3121
443 3151
443 3160
444 3013
444 3064
444 3182
444 3184
444 3278
445 3056
445 3060
445 3067
445 3159
445 3283
446 3037
446 3076
446 3120
446 3148
446 3205
446 3242
446 3250
447 3035
447 3083
447 3200
447 3208
447 3226
447 3242
447 3265
448 3046
448 3049
448 3084
448 3159
448 3234
448 3288
448 3293
449 3065
449 3104
449 3152
449 3197
449 3219
450 3007
450 3026
450 3054
450 3187
451 3025
451 3028
451 3174
451 3296
452 3013
452 3091
452 3263
452 3270
453 3004
453 3141
453 3154
453 3170
453 3207
454 3079
454 3082
454 3116
454 3175
454 3213
455 3029
455 3141
455 3142
455 3258
456 3035
456 3180
456 3204
456 3232
457 3134
457 3149
457 3288
457 3294
458 3159
458 3213
459 3207
459 3245
459 3251
460 3155
460 3218
461 3240
461 3264
461 3274
462 3069
462 3119
462 3131
463 3277
464 3099
464 3146
465 3035
465 3071
465 3116
465 3183
465 3201
465 3218
465 3224
465 3240
465 3241
465 3263
465 3265
465 3276
466 3003
466 3024
466 3043
466 3055
466 3106
466 3110
466 3193
466 3291
466 3297
467 3073
467 3105
467 3133
467 3174
467 3222
467 3263
468 3006
468 3068
468 3117
468 3197
468 3207
468 3266
468 3289
468 3292
469 3073
469 3107
469 3219
469 3253
469 3256
470 3052
470 3206
471 3052
471 3135
471 3178
471 3217
471 3258
472 3035
472 3076
472 3083
472 3175
472 3213
472 3233
472 3254
472 3275
473 3057
473 3123
473 3142
473 3221
473 3281
474 3014
474 3089
474 3132
474 3190
474 3253
475 3099
475 3139
475 3140
475 3176
475 3249
475 3276
476 3020
476 3108
476 3144
476 3193
476 3222
476 3269
477 3031
477 3049
477 3207
477 3273
477 3280
478 3060
478 3130
478 3182
478 3184
478 3205
478 3214
479 3013
479 3032
479 3136
479 3288
479 3292
480 3037
480 3069
480 3159
480 3182
480 3214
481 3070
481 3092
481 3128
481 3167
481 3170
481 3189
482 3027
482 3048
482 3181
482 3189
483 3053
483 3072
483 3118
483 3236
484 3029
484 3033
484 3074
484 3081
484 3190
484 3287
485 3017
485 3068
485 3217
486 3069
486 3074
486 3177
486 3215
486 3217
487 3046
487 3106
487 3186
487 3196
488 3004
488 3011
488 3108
489 3038
489 3089
489 3213
490 3109
490 3119
490 3178
490 3285
491 3039
491 3058
491 3127
491 3180
492 3064
492 3065
492 3096
492 3243
492 3293
493 3042
493 3069
493 3075
493 3083
493 3181
494 3087
494 3211
494 3265
494 3286
495 3111
495 3156
495 3246
495 3261
495 3296
496 3038
496 3109
496 3113
496 3189
496 3207
497 3075
497 3140
497 3152
497 3221
498 3001
498 3075
498 3180
498 3186
498 3218
499 3070
499 3071
499 3201
500 3005
500 3022
500 3031
500 3228
501 3100
501 3128
501 3290
502 3009
502 3210
502 3234
502 3241
503 3120
503 3201
504 3020
504 3083
504 3171
504 3252
505 3082
505 3097
505 3234
506 3174
507 3215
507 3233
508 3037
508 3115
508 3189
509 3209
509 3229
510 3226
510 3228
511 3088
512 3034
512 3059
512 3064
512 3065
512 3182
512 3186
512 3279
512 3281
513 3018
513 3025
513 3037
513 3055
513 3143
513 3168
513 3177
514 3086
514 3127
514 3162
514 3179
514 3271
514 3286
515 3017
515 3050
515 3085
515 3092
515 3286
516 3004
516 3041
516 3101
516 3125
516 3138
516 3202
516 3208
517 3028
517 3036
517 3254
517 3286
518 3017
518 3200
518 3224
518 3230
518 3232
518 3294
519 3023
519 3060
519 3080
519 3108
519 3288
520 3119
520 3123
520 3201
520 3205
520 3221
521 3095
521 3109
521 3140
521 3151
522 3019
522 3071
522 3095
522 3126
522 3194
522 3287
523 3001
523 3017
523 3093
523 3106
523 3131
524 3001
524 3061
524 3133
524 3181
524 3297
525 3207
525 3217
525 3255
525 3281
526 3005
526 3272
526 3285
527 3008
527 3012
527 3164
527 3174
527 3279
528 3010
528 3258
528 3265
528 3284
528 3293
529 3007
529 3060
529 3148
529 3219
530 3142
530 3161
531 3051
531 3058
531 3296
532 3176
532 3238
533 3068
533 3075
533 3243
534 3045
534 3102
534 3214
535 3175
535 3245
535 3282
536 3084
538 3094
538 3122
538 3142
538 3246
538 3249
538 3258
538 3293
539 3017
539 3041
539 3058
539 3060
539 3089
539 3125
539 3227
540 3067
540 3076
540 3117
540 3133
540 3177
540 3219
540 3245
540 3278
541 3001
541 3079
541 3080
541 3132
541 3230
541 3244
541 3247
541 3259
542 3068
542 3156
542 3177
542 3215
542 3234
542 3285
543 3008
543 3036
543 3056
543 3077
543 3085
543 3134
544 3008
544 3015
544 3254
545 3044
545 3105
545 3138
545 3151
545 3199
545 3254
546 3019
546 3094
546 3100
546 3176
546 3213
546 3294
547 3063
547 3121
547 3131
547 3168
547 3263
547 3285
547 3286
548 3020
548 3128
548 3226
548 3290
549 3029
549 3062
549 3063
549 3122
549 3214
549 3286
550 3114
550 3145
550 3287
551 3167
551 3184
551 3208
551 3225
551 3235
552 3006
552 3047
552 3173
552 3190
552 3238
553 3103
553 3134
553 3178
554 3152
554 3153
554 3191
555 3034
555 3182
555 3202
556 3018
556 3060
556 3262
557 3024
557 3151
557 3237
557 3251
558 3168
558 3180
558 3191
558 3262
559 3077
559 3113
560 3030
561 3084
561 3199
562 3035
562 3068
562 3148
562 3180
562 3193
562 3227
562 3245
563 3077
563 3100
563 3179
563 3212
563 3278
564 3012
564 3018
564 3240
565 3088
565 3143
565 3171
565 3286
566 3024
566 3058
566 3104
566 3108
566 3129
566 3292
567 3121
567 3138
567 3262
568 3047
568 3065
568 3069
568 3184
568 3255
568 3272
569 3029
569 3061
569 3092
569 3169
569 3224
570 3094
570 3182
570 3296
571 3003
571 3052
571 3071
571 3079
571 3139
571 3223
572 3016
572 3053
572 3241
572 3275
573 3041
573 3085
573 3220
573 3282
574 3119
574 3161
574 3250
574 3282
575 3123
575 3234
575 3264
576 3068
576 3090
576 3096
576 3134
576 3137
577 3062
577 3131
578 3035
578 3164
578 3191
578 3225
579 3088
579 3261
579 3269
580 3076
580 3215
580 3275
581 3035
581 3053
581 3296
582 3045
582 3128
582 3255
583 3078
583 3101
583 3224
584 3015
585 3111
585 3210
586 3020
586 3029
587 3037
587 3085
587 3120
587 3140
587 3244
587 3259
587 3278
587 3293
588 3009
588 3012
588 3014
588 3085
588 3107
588 3175
588 3184
589 3115
589 3233
589 3252
589 3264
590 3007
590 3015
590 3021
590 3071
590 3214
590 3226
590 3231
590 3250
590 3287
591 3019
591 3028
591 3092
591 3094
591 3106
591 3131
591 3147
591 3169
592 3055
592 3162
592 3180
592 3256
592 3283
592 3297
593 3001
593 3016
593 3071
593 3237
593 3274
593 3296
594 3057
594 3063
594 3127
594 3201
594 3227
594 3247
595 3018
595 3069
595 3081
595 3111
595 3207
595 3270
596 3016
596 3043
596 3073
596 3103
596 3122
596 3242
597 3017
597 3026
597 3162
597 3208
598 3020
598 3095
598 3148
598 3273
598 3295
599 3044
599 3064
599 3122
599 3182
599 3187
599 3216
600 3019
600 3050
600 3112
600 3181
600 3271
601 3167
601 3170
601 3217
601 3246
601 3256
601 3291
602 3003
602 3062
602 3065
602 3187
602 3267
602 3274
603 3003
603 3007
603 3023
603 3174
603 3233
603 3261
604 3081
604 3105
604 3214
605 3001
605 3136
605 3143
605 3263
606 3126
606 3144
606 3273
606 3294
607 3124
607 3240
607 3299
608 3029
608 3030
608 3143
609 3176
609 3212
610 3050
610 3177
611 3041
611 3187
611 3237
612 3012
612 3089
612 3155
613 3064
613 3296
615 3015
615 3046
615 3097
615 3183
615 3184
615 3248
615 3268
616 3011
616 3039
616 3057
616 3084
616 3125
616 3138
616 3177
616 3225
617 3087
617 3170
617 3182
617 3214
617 3276
618 3000
618 3012
618 3026
618 3043
618 3078
618 3121
618 3143
618 3235
619 3054
619 3078
619 3098
619 3134
619 3188
619 3271
619 3278
619 3289
620 3004
620 3104
620 3117
620 3158
620 3177
620 3179
620 3201
621 3037
621 3053
621 3104
621 3152
621 3164
621 3185
621 3200
621 3206
621 3287
622 3005
622 3213
622 3215
622 3264
622 3281
623 3000
623 3016
623 3084
623 3142
623 3165
623 3189
623 3247
624 3107
624 3117
624 3137
624 3155
624 3197
624 3218
625 3098
625 3173
625 3178
625 3197
625 3251
626 3025
626 3152
626 3274
626 3288
627 3029
627 3067
627 3093
627 3238
627 3254
628 3114
628 3141
628 3151
628 3168
628 3191
628 3200
629 3052
629 3082
629 3096
629 3146
629 3161
629 3252
630 3199
630 3221
630 3253
630 3278
630 3288
631 3000
631 3040
631 3121
631 3129
631 3194
632 3068
632 3100
632 3115
632 3143
632 3267
633 3090
633 3109
633 3140
633 3231
634 3019
634 3085
634 3167
634 3221
634 3241
635 3013
635 3073
635 3148
635 3150
635 3196
636 3003
636 3069
636 3195
636 3224
636 3262
637 3084
637 3096
637 3173
638 3030
638 3186
638 3271
639 3037
639 3071
639 3178
639 3234
640 3162
640 3184
640 3207
641 3069
641 3231
641 3248
642 3069
642 3081
642 3149
643 3059
643 3173
643 3200
644 3090
644 3091
644 3252
645 3012
645 3158
645 3182
646 3016
646 3258
647 3111
647 3120
648 3297
649 3159
649 3221
651 3013
651 3038
651 3155
651 3161
651 3256
651 3263
651 3275
651 3294
652 3066
652 3108
652 3166
652 3172
652 3182
652 3197
652 3199
652 3254
652 3262
653 3017
653 3026
653 3037
653 3071
653 3172
653 3190
653 3287
654 3019
654 3053
654 3067
654 3126
654 3186
654 3198
654 3243
654 3292
655 3089
655 3101
655 3140
655 3156
655 3158
655 3172
655 3180
655 3203
656 3053
656 3070
656 3097
656 3105
656 3120
656 3134
656 3225
657 3025
657 3055
657 3206
657 3236
657 3244
657 3262
658 3142
658 3152
658 3178
658 3235
658 3264
658 3276
659 3053
659 3059
659 3117
659 3129
659 3188
659 3192
659 3202
659 3219
660 3010
660 3059
660 3107
660 3262
660 3278
661 3015
661 3032
661 3069
661 3087
661 3161
661 3222
662 3026
662 3065
662 3080
662 3086
662 3090
662 3155
663 3009
663 3019
663 3087
663 3243
663 3270
664 3262
664 3280
664 3294
665 3174
665 3222
665 3270
665 3273
665 3289
666 3132
666 3188
666 3211
667 3057
667 3092
667 3135
667 3172
668 3029
668 3268
669 3104
669 3229
669 3278
670 3025
670 3053
670 3177
671 3031
671 3133
672 3001
672 3045
672 3182
673 3026
673 3027
673 3264
674 3006
674 3012
674 3029
674 3063
674 3082
674 3084
674 3139
674 3176
674 3242
674 3265
674 3267
674 3285
675 3036
675 3088
675 3111
675 3119
675 3178
675 3186
675 3236
675 3242
675 3260
676 3011
676 3155
676 3242
676 3288
677 3063
677 3078
677 3102
677 3132
677 3138
677 3236
677 3249
677 3258
677 3289
678 3015
678 3050
678 3060
678 3072
678 3087
678 3135
679 3082
679 3145
679 3152
679 3188
679 3218
680 3121
680 3122
680 3167
680 3229
680 3231
681 3066
681 3122
681 3162
681 3168
681 3182
681 3204
681 3233
681 3272
681 3289
682 3047
682 3106
682 3204
682 3227
683 3029
683 3117
683 3144
683 3221
683 3222
683 3283
684 3014
684 3035
684 3176
684 3194
684 3209
685 3001
685 3123
685 3166
686 3023
686 3066
686 3075
686 3140
686 3183
686 3207
686 3208
686 3215
687 3001
687 3071
687 3098
687 3153
687 3188
687 3297
688 3010
688 3023
688 3070
688 3128
688 3149
688 3176
688 3187
689 3028
689 3068
689 3130
689 3176
689 3286
690 3006
690 3138
690 3222
690 3266
690 3279
691 3142
691 3176
691 3188
692 3038
692 3042
692 3251
692 3277
692 3281
693 3021
693 3188
693 3214
693 3269
693 3294
694 3064
694 3072
694 3098
694 3147
694 3223
695 3003
695 3144
695 3175
695 3251
695 3257
696 3002
696 3192
696 3210
696 3241
696 3248
697 3061
697 3107
697 3214
697 3235
698 3003
698 3015
698 3016
698 3163
698 3177
699 3093
699 3157
699 3203
700 3154
700 3197
700 3299
701 3163
701 3179
701 3294
702 3144
702 3204
703 3029
703 3153
703 3267
704 3130
705 3006
705 3125
705 3279
706 3068
707 3046
707 3108
707 3191
707 3212
707 3247
707 3289
708 3024
708 3033
708 3111
708 3152
708 3158
708 3163
708 3194
708 3298
709 3016
709 3049
709 3052
709 3055
709 3142
709 3168
709 3253
709 3264
710 3020
710 3122
710 3253
711 3130
711 3145
711 3172
711 3195
711 3257
711 3271
712 3086
712 3159
712 3169
712 3178
712 3297
713 3005
713 3182
713 3190
713 3254
713 3282
714 3068
714 3080
714 3165
714 3288
714 3294
714 3299
715 3051
715 3056
715 3090
715 3091
715 3271
716 3013
716 3029
716 3141
716 3189
716 3216
717 3002
717 3034
717 3085
717 3102
717 3111
718 3059
718 3110
718 3217
718 3295
719 3026
719 3132
719 3198
720 3004
720 3030
720 3043
721 3030
721 3234
722 3142
722 3157
722 3289
723 3058
723 3062
723 3085
723 3226
724 3090
724 3146
724 3178
724 3241
725 3017
725 3104
726 3112
726 3161
726 3252
727 3138
727 3159
728 3094
728 3258
729 3039
729 3161
730 3001
730 3009
730 3064
730 3077
730 3134
730 3139
730 3214
730 3238
730 3246
730 3299
731 3055
731 3157
731 3226
731 3296
732 3007
732 3013
732 3054
732 3055
732 3080
732 3197
732 3250
733 3078
733 3168
733 3171
733 3223
734 3019
734 3059
734 3111
734 3125
734 3153
734 3177
734 3212
734 3295
735 3052
735 3116
735 3120
735 3124
735 3142
736 3005
736 3125
736 3126
736 3127
736 3137
736 3243
736 3283
737 3089
737 3150
737 3183
737 3210
738 3204
738 3217
738 3245
738 3264
739 3007
739 3014
739 3032
739 3109
740 3001
740 3031
740 3059
740 3194
740 3233
740 3261
741 3125
741 3182
741 3266
741 3294
742 3019
742 3030
742 3051
742 3061
743 3083
743 3188
743 3233
743 3283
744 3024
744 3136
744 3285
744 3294
745 3183
745 3188
745 3206
746 3102
746 3113
746 3163
746 3165
746 3182
747 3078
747 3135
748 3070
748 3229
748 3272
749 3114
749 3222
750 3074
750 3164
750 3184
750 3261
751 3097
751 3258
752 3054
752 3132
753 3112
754 3001
754 3045
754 3085
754 3103
754 3107
754 3210
754 3215
754 3275
754 3283
754 3287
755 3025
755 3041
755 3128
755 3155
755 3176
755 3205
755 3233
755 3270
756 3007
756 3037
756 3092
756 3179
756 3218
756 3235
756 3242
756 3245
757 3075
757 3102
757 3117
757 3154
757 3196
757 3216
757 3246
758 3073
758 3076
758 3134
758 3160
758 3234
758 3235
758 3267
759 3004
759 3086
759 3111
759 3122
759 3183
759 3277
759 3292
760 3017
760 3085
760 3149
760 3247
760 3260
761 3024
761 3061
761 3173
761 3185
761 3283
762 3092
762 3118
762 3136
762 3144
762 3183
762 3256
763 3013
763 3093
763 3263
764 3030
764 3085
764 3152
764 3182
764 3215
764 3240
765 3030
765 3247
765 3256
765 3271
766 3029
766 3089
766 3198
766 3280
767 3009
767 3083
767 3238
767 3253
768 3183
768 3230
768 3279
769 3111
769 3162
769 3185
770 3039
770 3056
770 3206
771 3070
771 3149
771 3163
771 3210
771 3226
772 3020
772 3102
772 3104
772 3117
773 3113
773 3147
774 3053
774 3058
774 3269
775 3200
775 3274
776 3184
777 3023
777 3040
777 3050
777 3068
777 3121
777 3194
777 3207
777 3266
777 3283
777 3286
777 3291
778 3014
778 3015
778 3027
778 3132
778 3147
778 3153
778 3228
778 3259
778 3275
779 3123
779 3142
779 3159
779 3161
779 3186
779 3206
779 3224
779 3285
780 3054
780 3109
780 3172
780 3179
780 3240
780 3246
781 3050
781 3077
781 3126
781 3143
781 3148
781 3158
781 3210
781 3228
781 3248
782 3075
782 3107
782 3140
782 3167
782 3240
782 3257
783 3019
783 3067
783 3071
783 3205
783 3260
784 3008
784 3065
784 3096
784 3177
784 3199
784 3261
784 3262
785 3058
785 3094
785 3198
785 3208
785 3251
786 3077
786 3119
786 3197
786 3233
786 3272
787 3016
787 3143
787 3182
787 3206
787 3224
787 3297
788 3048
788 3102
788 3156
788 3219
788 3291
789 3024
789 3045
789 3123
789 3225
789 3251
789 3279
790 3238
790 3295
791 3004
791 3108
791 3115
791 3126
791 3193
792 3025
792 3067
792 3134
792 3155
793 3096
793 3174
793 3196
793 3211
794 3006
794 3040
794 3221
795 3026
795 3052
795 3155
795 3158
795 3247
796 3035
796 3065
796 3163
796 3220
796 3265
796 3294
797 3011
797 3146
797 3255
797 3279
798 3000
798 3140
798 3166
798 3175
799 3034
799 3144
799 3233
799 3240
800 3154
800 3233
800 3289
801 3058
801 3231
802 3001
802 3195
803 3146
803 3216
803 3271
804 3089
804 3176
804 3284
805 3266
805 3270
806 3155
806 3214
806 3256
806 3257
807 3072
807 3244
807 3269
808 3049
808 3239
808 3251
809 3007
809 3282
810 3128
810 3273
811 3038
811 3051
811 3119
811 3144
811 3159
811 3189
811 3260
811 3291
811 3294
812 3011
812 3106
812 3201
812 3223
812 3293
813 3004
813 3025
813 3081
813 3085
813 3108
813 3140
813 3237
814 3013
814 3077
814 3080
814 3133
814 3179
814 3195
814 3268
815 3054
815 3111
815 3183
815 3203
815 3285
815 3291
816 3022
816 3031
816 3083
816 3097
816 3100
816 3225
817 3081
817 3166
817 3198
817 3240
817 3261
817 3268
818 3032
818 3059
818 3120
818 3211
818 3241
819 3052
819 3082
819 3161
819 3166
820 3053
820 3054
820 3079
820 3127
820 3184
820 3246
821 3206
821 3218
822 3014
822 3021
822 3118
822 3170
822 3239
823 3018
823 3025
823 3180
823 3234
824 3057
824 3088
824 3214
824 3255
824 3274
825 3062
825 3190
825 3194
825 3241
825 3292
826 3091
826 3108
826 3114
826 3125
826 3182
827 3219
827 3280
828 3010
828 3034
828 3215
828 3235
829 3101
829 3141
829 3146
829 3261
830 3004
830 3062
830 3167
830 3176
830 3186
831 3050
831 3199
831 3247
832 3112
832 3260
833 3091
834 3082
834 3228
835 3065
835 3226
835 3266
836 3121
836 3127
836 3158
836 3250
837 3082
837 3122
837 3244
837 3282
838 3107
838 3167
839 3013
840 3174
840 3221
840 3242
841 3073
841 3190
842 3221
843 3049
843 3055
843 3081
843 3134
843 3137
843 3174
843 3177
843 3212
843 3224
844 3007
844 3152
844 3204
844 3209
844 3231
844 3249
844 3270
845 3007
845 3145
845 3218
845 3235
845 3289
846 3038
846 3039
846 3067
846 3071
846 3182
846 3283
846 3289
847 3098
847 3171
847 3198
847 3199
847 3288
848 3021
848 3076
848 3133
848 3165
848 3169
848 3217
849 3020
849 3037
849 3190
849 3271
850 3055
850 3145
850 3209
850 3219
850 3223
850 3245
851 3007
851 3016
851 3102
851 3105
851 3234
851 3290
852 3002
852 3049
852 3066
852 3076
852 3158
853 3153
853 3174
853 3285
853 3287
853 3296
854 3107
854 3137
854 3188
854 3229
854 3239
855 3088
855 3102
855 3123
855 3141
855 3142
855 3262
855 3294
856 3058
856 3170
856 3193
856 3196
857 3036
857 3146
857 3164
857 3233
858 3005
858 3116
858 3126
858 3148
858 3291
859 3010
859 3046
859 3056
859 3102
859 3241
860 3058
860 3111
860 3143
860 3299
861 3076
861 3134
861 3215
861 3261
861 3275
862 3082
862 3110
862 3177
862 3211
862 3297
863 3008
863 3103
863 3187
863 3241
863 3294
864 3053
864 3116
865 3083
865 3168
865 3274
866 3012
866 3030
866 3235
867 3058
867 3147
868 3016
868 3256
869 3012
869 3112
869 3192
870 3021
870 3087
870 3210
871 3266
871 3273
872 3018
872 3048
872 3067
872 3097
872 3106
872 3118
872 3202
872 3207
872 3220
872 3293
873 3001
873 3010
873 3042
873 3052
873 3063
873 3085
873 3182
873 3202
873 3281
873 3297
874 3013
874 3015
874 3094
874 3131
874 3137
874 3145
874 3194
874 3235
874 3268
875 3010
875 3014
875 3016
875 3027
875 3034
875 3065
875 3122
875 3164
875 3217
876 3055
876 3097
876 3116
876 3123
876 3154
876 3180
876 3192
876 3279
877 3079
877 3166
877 3175
877 3189
877 3199
877 3215
877 3257
878 3043
878 3082
878 3108
878 3109
878 3180
878 3251
879 3023
879 3040
879 3052
879 3062
879 3199
879 3243
880 3212
880 3224
880 3254
880 3293
881 3000
881 3009
881 3013
881 3170
881 3194
881 3201
881 3211
881 3216
882 3091
882 3200
882 3216
882 3245
882 3252
882 3273
883 3010
883 3046
883 3102
883 3108
883 3194
883 3253
883 3281
883 3297
884 3030
884 3044
884 3065
884 3066
884 3072
884 3135
884 3285
885 3080
885 3179
885 3281
885 3291
886 3015
886 3075
886 3093
886 3148
887 3018
887 3053
887 3091
887 3110
887 3136
887 3186
887 3268
888 3054
888 3096
888 3182
888 3229
888 3265
888 3267
889 3049
889 3155
889 3250
890 3013
890 3108
890 3194
890 3270
891 3045
891 3074
891 3167
891 3250
891 3252
892 3006
892 3043
892 3246
892 3261
892 3284
893 3128
893 3140
893 3146
893 3180
893 3214
893 3253
894 3030
894 3067
894 3081
894 3271
895 3019
895 3042
895 3056
895 3263
895 3273
896 3059
896 3071
896 3085
896 3216
897 3047
897 3126
897 3145
897 3217
897 3251
898 3024
898 3063
898 3073
899 3136
899 3140
899 3294
900 3084
900 3099
900 3210
900 3214
900 3299
901 3019
901 3056
901 3074
901 3161
902 3077
902 3102
902 3128
903 3215
903 3264
903 3279
904 3092
904 3130
904 3180
905 3164
905 3171
905 3223
906 3087
906 3174
906 3210
907 3260
908 3106
909 3048
909 3125
910 3255
911 3070
911 3096
911 3100
911 3114
911 3124
911 3182
911 3188
911 3201
911 3224
911 3266
911 3290
912 3017
912 3079
912 3083
912 3232
912 3264
912 3280
912 3296
913 3048
913 3083
913 3103
913 3208
913 3249
913 3266
914 3055
914 3070
914 3224
914 3228
914 3231
914 3233
914 3248
915 3142
915 3181
915 3185
915 3232
915 3289
915 3294
916 3041
916 3078
916 3097
916 3153
916 3255
917 3145
917 3151
917 3161
917 3216
918 3031
918 3076
918 3091
918 3287
919 3017
919 3018
919 3175
919 3197
919 3246
920 3102
920 3138
920 3150
920 3178
920 3258
920 3274
921 3057
921 3164
921 3166
921 3210
921 3229
922 3008
922 3269
923 3112
923 3245
923 3283
924 3078
924 3089
924 3274
924 3276
925 3074
925 3228
925 3266
925 3299
926 3082
926 3106
926 3185
926 3276
927 3151
927 3167
927 3192
928 3112
929 3056
929 3098
929 3202
929 3298
930 3263
931 3051
931 3075
932 3142
933 3020
933 3073
933 3107
933 3110
933 3129
933 3151
933 3191
933 3236
933 3245
933 3249
933 3259
933 3264
934 3031
934 3032
934 3080
934 3112
934 3153
934 3168
934 3231
934 3248
935 3056
935 3083
935 3106
935 3112
935 3135
935 3145
935 3237
936 3007
936 3075
936 3080
936 3084
936 3106
936 3180
936 3182
936 3266
937 3005
937 3036
937 3042
937 3080
937 3168
937 3188
937 3200
937 3253
937 3280
938 3002
938 3050
938 3142
938 3212
938 3220
938 3229
938 3255
939 3013
939 3017
939 3174
939 3189
939 3215
939 3251
940 3093
940 3122
940 3128
940 3137
940 3184
940 3199
941 3051
941 3057
941 3095
941 3151
941 3157
941 3190
942 3004
942 3117
942 3176
942 3222
942 3263
942 3280
942 3281
943 3074
943 3079
943 3206
943 3253
943 3296
943 3299
944 3107
944 3146
944 3217
944 3236
944 3275
945 3048
945 3185
945 3205
945 3245
946 3067
946 3086
946 3110
946 3148
946 3292
947 3113
947 3120
947 3242
947 3287
948 3072
948 3144
948 3149
948 3161
948 3261
949 3150
949 3167
949 3183
949 3207
949 3217
950 3089
950 3106
950 3158
951 3005
951 3046
951 3247
951 3293
952 3072
953 3050
953 3212
953 3280
953 3289
954 3004
954 3077
954 3174
954 3175
954 3179
955 3066
955 3156
955 3272
956 3054
956 3069
956 3125
956 3173
956 3238
957 3027
957 3111
957 3258
958 3014
958 3033
958 3168
958 3172
959 3137
959 3152
960 3085
960 3148
960 3185
960 3215
961 3103
962 3097
962 3178
962 3209
963 3100
963 3132
963 3162
964 3110
964 3171
964 3248
965 3199
965 3205
965 3269
966 3135
966 3240
967 3113
968 3077
968 3186
969 3007
969 3072
969 3081
969 3085
970 3086
970 3104
970 3222
970 3252
970 3292
971 3049
971 3148
971 3158
971 3252
972 3024
972 3082
972 3161
972 3255
972 3296
973 3028
973 3080
973 3085
973 3152
973 3178
973 3280
974 3058
974 3199
974 3241
975 3043
975 3106
975 3138
975 3156
975 3199
975 3244
976 3203
976 3208
976 3217
976 3224
976 3267
977 3046
977 3206
977 3242
977 3244
978 3050
978 3066
978 3110
978 3138
978 3154
978 3250
979 3077
979 3122
979 3156
979 3217
980 3062
980 3073
980 3194
980 3274
980 3287
981 3030
981 3034
981 3074
981 3091
982 3026
982 3106
982 3124
982 3187
982 3228
983 3016
983 3018
983 3051
983 3075
983 3187
984 3016
984 3166
984 3201
984 3295
985 3114
985 3209
985 3291
986 3029
986 3095
986 3148
986 3285
987 3024
987 3074
987 3220
987 3222
987 3231
988 3113
988 3242
989 3074
989 3226
989 3251
990 3022
990 3127
990 3217
990 3280
991 3127
992 3146
992 3214
992 3253
993 3005
993 3036
993 3041
993 3252
994 3006
994 3071
994 3231
995 3048
996 3040
996 3245
996 3295
997 3104
997 3187
997 3290
998 3259
1000 3002
1000 3087
1000 3101
1000 3125
1000 3130
1000 3138
1000 3178
1000 3201
1000 3290
1000 3299
1001 3023
1001 3038
1001 3045
1001 3067
1001 3094
1001 3105
1001 3158
1001 3164
1001 3224
1001 3244
1001 3280
1001 3298
1002 3006
1002 3035
1002 3044
1002 3081
1002 3097
1002 3125
1002 3148
1002 3216
1002 3251
1003 3075
1003 3079
1003 3118
1003 3221
1003 3268
1003 3290
1003 3292
1004 3002
1004 3064
1004 3107
1004 3111
1004 3171
1004 3181
1004 3247
1005 3013
1005 3140
1005 3144
1005 3178
1005 3193
1005 3264
1006 3021
1006 3032
1006 3131
1006 3167
1006 3226
1006 3244
1006 3291
1007 3060
1007 3225
1007 3234
1007 3280
1007 3281
1007 3282
1007 3299
1008 3032
1008 3065
1008 3250
1008 3251
1008 3256
1008 3275
1009 3016
1009 3078
1009 3097
1009 3120
1009 3218
1009 3299
1010 3003
1010 3004
1010 3071
1010 3087
1010 3099
1010 3159
1011 3079
1011 3101
1011 3113
1011 3126
1011 3136
1012 3145
1012 3148
1012 3159
1012 3250
1012 3256
1012 3262
1013 3050
1013 3068
1013 3220
1013 3227
1013 3276
1014 3002
1014 3045
1014 3047
1014 3075
1014 3147
1014 3185
1015 3009
1015 3160
1015 3162
1015 3206
1015 3236
1015 3299
1016 3206
1016 3232
1016 3269
1016 3297
1017 3029
1017 3137
1017 3178
1017 3237
1018 3021
1018 3028
1018 3041
1018 3221
1018 3275
1019 3033
1019 3048
1019 3165
1019 3252
1020 3150
1020 3182
1020 3231
1020 3234
1020 3269
1021 3034
1021 3216
1021 3285
1022 3134
1022 3154
1022 3187
1023 3016
1023 3163
1023 3220
1023 3263
1024 3023
1024 3125
1024 3144
1024 3198
1025 3181
1025 3209
1027 3087
1027 3145
1027 3248
1028 3088
1028 3138
1028 3162
1029 3149
1030 3103
1030 3245
1031 3003
1031 3131
1032 3156
1032 3184
1033 3067
1033 3119
1033 3237
1034 3012
1035 3000
1035 3031
1035 3045
1035 3087
1035 3146
1035 3159
1035 3165
1035 3189
1036 3051
1036 3058
1036 3122
1036 3257
1036 3273
1036 3299
1037 3005
1037 3027
1037 3037
1037 3085
1037 3096
1037 3128
1037 3165
1037 3223
1038 3076
1038 3122
1038 3150
1038 3171
1038 3172
1038 3177
1038 3232
1039 3094
1039 3103
1039 3119
1039 3183
1039 3197
1039 3251
1039 3289
1040 3024
1040 3032
1040 3066
1040 3137
1040 3191
1040 3234
1041 3025
1041 3088
1041 3183
1041 3216
1041 3240
1041 3264
1041 3293
1042 3012
1042 3054
1042 3070
1042 3215
1042 3268
1043 3036
1043 3041
1043 3064
1043 3167
1043 3189
1043 3197
1043 3245
1044 3081
1044 3095
1044 3221
1044 3276
1044 3279
1044 3290
1045 3011
1045 3024
1045 3116
1045 3130
1045 3132
1045 3155
1045 3294
1046 3061
1046 3086
1046 3094
1046 3130
1046 3132
1047 3006
1047 3058
1047 3085
1047 3136
1047 3164
1047 3249
1048 3012
1048 3016
1048 3053
1048 3058
1048 3193
1048 3201
1048 3260
1049 3000
1049 3036
1049 3093
1049 3201
1049 3217
1050 3049
1050 3061
1050 3096
1050 3100
1050 3116
1050 3259
1051 3040
1051 3053
1051 3160
1051 3184
1051 3204
1052 3010
1052 3071
1052 3107
1052 3276
1052 3284
1053 3041
1053 3141
1053 3252
1053 3271
1054 3064
1054 3068
1054 3095
1054 3136
1054 3233
1055 3175
1055 3200
1055 3203
1055 3210
1055 3233
1055 3246
1056 3088
1056 3181
1056 3195
1056 3290
1057 3102
1057 3115
1057 3193
1057 3210
1058 3028
1058 3106
1058 3111
1058 3135
1058 3157
1059 3146
1059 3210
1059 3294
1060 3061
1060 3071
1061 3025
1061 3082
1061 3112
1061 3137
1062 3185
1063 3010
1063 3174
1063 3239
1064 3050
1064 3292
1065 3196
1066 3023
1067 3006
1067 3019
1067 3038
1067 3050
1067 3120
1067 3179
1067 3260
1067 3274
1067 3281
1067 3297
1068 3006
1068 3028
1068 3031
1068 3040
1068 3100
1068 3174
1068 3201
1068 3214
1068 3264
1069 3030
1069 3078
1069 3126
1069 3156
1069 3168
1069 3170
1069 3186
1069 3259
1069 3286
1070 3020
1070 3091
1070 3115
1070 3214
1070 3263
1070 3296
1071 3024
1071 3028
1071 3069
1071 3134
1071 3153
1071 3200
1071 3249
1072 3073
1072 3083
1072 3104
1072 3178
1072 3196
1072 3246
1073 3097
1073 3172
1073 3190
1074 3012
1074 3016
1074 3076
1074 3082
1074 3094
1075 3024
1075 3048
1075 3109
1075 3116
1075 3137
1075 3168
1076 3050
1076 3088
1076 3097
1076 3204
1076 3212
1076 3266
1077 3000
1077 3045
1077 3078
1077 3141
1077 3171
1078 3119
1078 3145
1078 3200
1078 3263
1078 3271
1079 3034
1079 3144
1079 3186
1079 3266
1080 3065
1080 3067
1080 3199
1081 3013
1081 3060
1081 3129
1081 3156
1081 3249
1082 3116
1082 3212
1082 3223
1082 3281
1082 3283
1083 3053
1083 3057
1083 3283
1084 3082
1084 3274
1085 3077
1085 3115
1085 3218
1086 3109
1087 3113
1088 3025
1088 3028
1088 3033
1088 3034
1088 3118
1088 3187
1088 3234
1088 3292
1089 3017
1089 3071
1089 3122
1089 3177
1089 3291
1090 3186
1090 3209
1090 3218
1090 3241
1090 3261
1090 3285
1091 3075
1091 3093
1091 3149
1091 3201
1091 3251
1091 3275
1091 3295
1092 3003
1092 3013
1092 3051
1092 3075
1092 3181
1092 3195
1092 3236
1092 3269
1093 3085
1093 3122
1093 3197
1093 3231
1093 3246
1093 3273
1094 3018
1094 3168
1094 3176
1094 3244
1094 3253
1095 3175
1095 3196
1095 3246
1095 3263
1095 3290
1096 3020
1096 3070
1096 3099
1096 3127
1096 3194
1097 3055
1097 3075
1097 3078
1097 3179
1097 3284
1097 3299
1098 3009
1098 3060
1098 3205
1098 3211
1098 3219
1099 3029
1099 3035
1099 3105
1099 3127
1100 3082
1100 3092
1100 3167
1100 3174
1100 3176
1101 3022
1101 3042
1101 3282
1102 3025
1102 3029
1102 3063
1102 3128
1102 3193
1103 3008
1103 3247
1103 3275
1104 3122
1104 3253
1104 3299
1105 3251
1105 3260
1105 3272
1105 3276
1105 3279
1106 3056
1106 3128
1106 3273
1107 3138
1107 3145
1107 3169
1107 3276
1108 3077
1108 3172
1108 3196
1108 3263
1109 3047
1109 3082
1109 3289
1110 3078
1110 3219
1110 3294
1111 3203
1111 3285
1112 3027
1112 3124
1113 3217
1113 3253
1114 3019
1114 3115
1114 3117
1114 3126
1114 3165
1114 3171
1114 3182
1114 3192
1114 3278
1115 3091
1115 3110
1115 3126
1115 3132
1115 3154
1115 3165
1115 3168
1115 3201
1116 3046
1116 3096
1116 3112
1116 3178
1116 3179
1116 3215
1116 3235
1117 3000
1117 3086
1117 3124
1117 3171
1117 3236
1117 3245
1117 3290
1118 3098
1118 3131
1118 3191
1118 3219
1118 3246
1118 3254
1119 3064
1119 3079
1119 3111
1119 3140
1119 3166
1119 3288
1120 3044
1120 3190
1120 3207
1120 3217
1120 3246
1120 3272
1121 3042
1121 3126
1121 3154
1121 3167
1121 3248
1122 3005
1122 3007
1122 3034
1122 3150
1122 3166
1122 3233
1122 3256
1123 3048
1123 3151
1123 3171
1123 3252
1123 3266
1123 3274
1124 3027
1124 3237
1124 3239
1125 3032
1125 3057
1125 3063
1125 3147
1125 3269
1125 3277
1126 3086
1126 3107
1126 3109
1126 3111
1126 3115
1126 3241
1127 3080
1127 3081
1127 3170
1127 3241
1128 3031
1128 3045
1128 3163
1128 3265
1129 3133
1129 3188
1129 3251
1130 3075
1130 3284
1130 3291
1131 3012
1131 3120
1131 3214
1132 3075
1132 3247
1132 3269
1133 3263
1134 3189
1134 3261
1134 3284
1134 3294
1135 3044
1135 3062
1135 3183
1136 3013
1136 3019
1136 3189
1137 3024
1137 3052
1137 3058
1138 3069
1138 3088
1138 3215
1139 3120
1139 3220
1140 3032
1141 3009
1141 3083
1141 3151
1141 3157
1141 3172
1141 3205
1141 3210
1141 3226
1141 3248
1141 3297
1142 3015
1142 3039
1142 3062
1142 3140
1142 3218
1142 3243
1142 3252
1143 3032
1143 3083
1143 3180
1143 3204
1143 3207
1143 3209
1143 3251
1144 3162
1144 3170
1144 3220
1145 3005
1145 3080
1145 3093
1145 3096
1145 3116
1145 3174
1145 3186
1145 3240
1146 3051
1146 3069
1146 3214
1146 3236
1147 3006
1147 3008
1147 3070
1147 3159
1147 3275
1148 3021
1148 3081
1148 3082
1148 3241
1149 3005
1149 3042
1149 3080
1149 3092
1149 3099
1149 3108
1150 3060
1150 3118
1150 3127
1150 3155
1150 3252
1150 3293
1150 3298
1151 3045
1151 3075
1151 3099
1151 3232
1151 3287
1152 3069
1152 3251
1153 3030
1153 3089
1153 3254
1153 3274
1154 3022
1154 3058
1154 3255
1154 3280
1154 3286
1155 3129
1155 3267
1155 3290
1156 3032
1156 3053
1156 3067
1156 3089
1156 3100
1156 3263
1157 3055
1157 3145
1157 3196
1157 3250
1157 3284
1158 3040
1158 3065
1158 3142
1158 3191
1158 3244
1159 3243
1159 3294
1160 3076
1160 3177
1160 3229
1160 3288
1161 3105
1161 3142
1161 3147
1161 3254
1161 3269
1162 3025
1162 3080
1162 3097
1163 3054
1163 3076
1163 3117
1163 3246
1164 3013
1164 3024
1165 3070
1165 3142
1165 3189
1165 3208
1166 3003
1166 3213
1167 3040
1167 3139
1167 3195
1167 3208
1168 3000
1168 3040
1169 3239
1169 3265
1169 3282
1169 3284
1170 3101
1170 3193
1170 3248
1170 3282
1171 3188
1171 3290
1172 3028
1172 3233
1173 3010
1173 3135
1173 3178
1173 3187
1173 3200
1173 3244
1173 3277
1174 3056
1174 3063
1174 3065
1174 3071
1174 3094
1174 3109
1174 3112
1174 3196
1175 3001
1175 3034
1175 3052
1175 3084
1175 3186
1175 3221
1175 3289
1175 3297
1176 3025
1176 3071
1176 3074
1176 3077
1176 3095
1176 3160
1176 3232
1177 3023
1177 3038
1177 3056
1177 3067
1177 3081
1177 3095
1177 3250
1178 3046
1178 3180
1178 3208
1178 3254
1178 3288
1179 3058
1179 3068
1179 3150
1179 3212
1180 3027
1180 3047
1180 3091
1180 3110
1180 3145
1181 3018
1181 3042
1181 3243
1181 3286
1182 3064
1182 3128
1182 3228
1182 3283
1183 3035
1183 3056
1183 3060
1183 3098
1183 3180
1184 3030
1184 3031
1184 3038
1184 3165
1184 3259
1184 3293
1185 3097
1185 3098
1185 3124
1185 3172
1185 3176
1186 3051
1186 3258
1186 3293
1186 3298
1187 3054
1187 3059
1187 3096
1187 3120
1187 3147
1187 3178
1188 3047
1188 3204
1188 3247
1188 3263
1189 3096
1189 3148
1189 3218
1190 3014
1190 3040
1190 3058
1190 3077
1191 3028
1191 3029
1191 3065
1191 3145
1191 3166
1192 3218
1193 3055
1193 3082
1193 3178
1194 3081
1194 3155
1194 3281
1195 3018
1195 3038
1195 3146
1195 3190
1196 3023
1196 3130
1196 3176
1197 3053
1198 3025
1198 3221
1198 3282
1199 3019
1199 3099
1199 3237
1200 3107
1200 3280
1201 3010
1201 3135
1201 3162
1202 3002
1202 3051
1202 3065
1202 3070
1202 3135
1202 3155
1202 3169
1202 3204
1202 3234
1202 3271
1202 3294
1203 3011
1203 3085
1203 3187
1203 3202
1203 3258
1203 3273
1203 3285
1204 3020
1204 3028
1204 3038
1204 3051
1204 3053
1204 3063
1204 3090
1204 3237
1205 3021
1205 3048
1205 3123
1205 3153
1205 3235
1205 3250
1205 3251
1205 3262
1206 3109
1206 3120
1206 3144
1206 3186
1206 3269
1207 3044
1207 3133
1207 3136
1207 3176
1207 3189
1207 3209
1207 3245
1208 3063
1208 3066
1208 3110
1208 3139
1208 3162
1208 3221
1208 3299
1209 3058
1209 3060
1209 3078
1209 3171
1209 3217
1210 3139
1210 3195
1210 3211
1210 3231
1210 3239
1210 3248
1210 3299
1211 3021
1211 3034
1211 3180
1211 3190
1211 3222
1212 3096
1212 3122
1212 3246
1213 3035
1213 3159
1213 3217
1213 3235
1213 3289
1214 3009
1214 3012
1214 3101
1214 3122
1214 3139
1214 3293
1215 3053
1215 3084
1215 3127
1215 3154
1215 3235
1216 3117
1216 3172
1216 3195
1216 3285
1217 3064
1217 3077
1217 3132
1217 3252
1218 3046
1218 3170
1218 3204
1218 3233
1218 3265
1219 3022
1219 3232
1219 3241
1219 3260
1219 3289
1220 3050
1220 3092
1220 3096
1220 3257
1220 3283
1221 3118
1221 3128
1221 3196
1221 3212
1222 3016
1222 3150
1222 3159
1222 3165
1223 3184
1223 3206
1223 3210
1223 3216
1224 3105
1224 3198
1224 3251
1224 3282
1225 3216
1225 3260
1225 3288
1226 3087
1226 3225
1226 3242
1227 3073
1227 3278
1228 3024
1228 3071
1229 3096
1230 3029
1230 3040
1230 3042
1230 3075
1230 3122
1230 3166
1230 3249
1230 3274
1230 3299
1231 3042
1231 3079
1231 3101
1231 3132
1231 3204
1231 3205
1231 3251
1231 3290
1232 3013
1232 3049
1232 3079
1232 3085
1232 3090
1232 3133
1232 3204
1233 3105
1233 3130
1233 3144
1233 3151
1233 3180
1233 3284
1233 3297
1234 3025
1234 3064
1234 3157
1234 3193
1234 3195
1234 3234
1234 3258
1234 3269
1235 3030
1235 3033
1235 3041
1235 3148
1235 3211
1235 3253
1236 3006
1236 3013
1236 3076
1236 3080
1236 3086
1236 3125
1236 3201
1237 3051
1237 3052
1237 3121
1237 3195
1237 3289
1238 3032
1238 3081
1238 3100
1238 3130
1238 3254
1239 3083
1239 3085
1239 3121
1239 3124
1239 3294
1239 3298
1240 3027
1240 3037
1240 3086
1240 3092
1240 3216
1240 3243
1241 3023
1241 3030
1241 3143
1241 3161
1241 3183
1241 3196
1242 3091
1242 3101
1242 3118
1242 3154
1242 3228
1242 3232
1243 3018
1243 3023
1243 3054
1243 3196
1243 3219
1244 3025
1244 3106
1244 3182
1244 3216
1244 3279
1245 3068
1245 3107
1246 3008
1246 3051
1246 3063
1246 3073
1246 3231
1247 3017
1247 3126
1247 3157
1248 3007
1248 3210
1249 3043
1249 3084
1249 3160
1249 3230
1250 3176
1250 3180
1250 3292
1251 3018
1251 3026
1251 3160
1251 3203
1252 3062
1252 3132
1253 3019
1253 3084
1254 3168
1254 3193
1254 3244
1255 3017
1255 3080
1255 3134
1255 3244
1256 3152
1257 3004
1257 3157
1258 3136
1258 3226
1259 3046
1259 3268
1260 3072
1260 3118
1260 3128
1260 3151
1260 3157
1260 3199
1260 3220
1260 3221
1260 3256
1260 3296
1261 3002
1261 3008
1261 3031
1261 3120
1261 3169
1262 3003
1262 3032
1262 3077
1262 3093
1262 3122
1262 3139
1262 3183
1262 3242
1263 3071
1263 3073
1263 3179
1263 3257
1263 3281
1264 3107
1264 3121
1264 3133
1264 3176
1264 3257
1264 3269
1264 3286
1265 3041
1265 3107
1265 3124
1265 3192
1265 3212
1265 3250
1266 3010
1266 3022
1266 3026
1266 3115
1266 3164
1266 3258
1266 3296
1267 3020
1267 3160
1267 3215
1267 3249
1267 3299
1268 3018
1268 3066
1268 3268
1269 3222
1269 3234
1269 3292
1270 3020
1270 3123
1270 3136
1270 3144
1270 3157
1271 3021
1271 3067
1271 3094
1271 3212
1271 3228
1271 3233
1271 3240
1272 3001
1272 3019
1272 3039
1272 3281
1273 3041
1273 3103
1273 3164
1273 3223
1273 3231
1273 3298
1274 3251
1274 3286
1274 3288
1275 3035
1275 3051
1275 3057
1275 3133
1275 3272
1276 3021
1276 3038
1276 3104
1276 3208
1276 3221
1276 3284
1277 3062
1277 3122
1277 3217
1277 3259
1277 3271
1277 3298
1278 3006
1278 3020
1278 3054
1278 3196
1278 3216
1279 3018
1279 3119
1279 3159
1279 3206
1279 3227
1280 3073
1280 3095
1280 3110
1280 3173
1281 3141
1281 3148
1281 3150
1281 3181
1281 3214
1282 3074
1282 3097
1282 3199
1282 3292
1283 3040
1283 3054
1283 3177
1284 3101
1284 3163
1284 3178
1284 3207
1285 3030
1285 3113
1285 3173
1285 3225
1286 3040
1286 3090
1286 3164
1286 3253
1287 3043
1287 3095
1287 3126
1288 3223
1289 3224
1289 3254
1290 3206
1290 3231
1291 3004
1292 3001
1292 3055
1292 3121
1292 3160
1292 3164
1292 3219
1292 3234
1292 3241
1292 3269
1293 3001
1293 3055
1293 3081
1293 3094
1293 3134
1293 3170
1293 3289
1293 3297
1294 3018
1294 3062
1294 3081
1294 3100
1294 3114
1294 3230
1294 3274
1294 3289
1295 3002
1295 3008
1295 3023
1295 3082
1295 3088
1295 3177
1295 3255
1295 3276
1296 3039
1296 3078
1296 3084
1296 3127
1296 3166
1296 3169
1296 3294
1297 3036
1297 3100
1297 3107
1297 3108
1297 3161
1297 3181
1298 3025
1298 3109
1298 3162
1298 3168
1298 3228
1299 3022
1299 3039
1299 3115
1299 3147
1299 3230
1300 3003
1300 3207
1300 3263
1300 3270
1300 3280
1301 3045
1301 3118
1301 3210
1301 3224
1301 3228
1302 3147
1302 3182
1302 3223
1302 3240
1303 3029
1303 3068
1303 3159
1303 3225
1303 3296
1304 3099
1304 3210
1304 3226
1305 3059
1305 3082
1305 3100
1305 3199
1305 3260
1306 3000
1306 3018
1306 3050
1306 3143
1306 3222
1306 3285
1307 3074
1307 3079
1307 3090
1307 3169
1307 3209
1308 3017
1308 3074
1308 3132
1308 3174
1308 3198
1308 3219
1309 3103
1309 3124
1309 3199
1310 3036
1310 3158
1310 3267
1310 3272
1310 3276
1311 3038
1311 3277
1312 3016
1312 3232
1312 3270
1312 3276
1313 3005
1313 3046
1313 3057
1314 3058
1314 3276
1314 3292
1315 3012
1315 3261
1315 3277
1316 3133
1316 3180
1317 3000
1317 3271
1318 3037
1319 3090
1319 3126
1320 3014
1320 3153
1320 3256
1321 3057
1322 3038
1322 3054
1322 3079
1322 3097
1322 3157
1322 3174
1322 3250
1322 3279
1322 3283
1322 3290
1323 3037
1323 3041
1323 3117
1323 3191
1323 3271
1323 3298
1324 3020
1324 3090
1324 3162
1324 3251
1324 3270
1324 3272
1325 3003
1325 3064
1325 3126
1325 3157
1325 3159
1325 3188
1325 3190
1326 3079
1326 3095
1326 3136
1326 3142
1326 3148
1326 3161
1326 3236
1326 3251
1326 3279
1327 3025
1327 3037
1327 3055
1327 3063
1327 3065
1327 3106
1327 3243
1328 3038
1328 3201
1328 3222
1328 3253
1328 3261
1328 3290
1328 3299
1329 3014
1329 3045
1329 3118
1329 3242
1329 3278
1330 3088
1330 3113
1330 3138
1330 3210
1330 3213
1330 3262
1331 3150
1331 3207
1331 3233
1331 3284
1331 3286
1332 3028
1332 3040
1332 3060
1332 3231
1332 3246
1332 3281
1333 3071
1333 3149
1333 3225
1333 3267
1334 3029
1334 3082
1334 3105
1334 3131
1334 3189
1334 3264
1335 3175
1335 3199
1335 3220
1335 3242
1336 3008
1336 3120
1336 3225
1337 3040
1337 3108
1338 3001
1338 3160
1338 3265
1338 3274
1339 3103
1339 3237
1339 3265
1340 3124
1340 3162
1340 3235
1340 3244
1340 3248
1341 3167
1341 3216
1341 3223
1342 3049
1342 3130
1342 3293
1342 3296
1343 3016
1343 3250
1343 3253
1344 3141
1344 3206
1344 3208
1344 3247
1345 3136
1345 3203
1346 3005
1346 3197
1346 3244
1347 3041
1347 3294
1348 3138
1348 3219
1348 3246
1349 3121
1350 3118
1351 3012
1351 3022
1351 3033
1351 3039
1351 3086
1351 3140
1351 3152
1351 3183
1351 3198
1351 3224
1351 3267
1352 3018
1352 3021
1352 3028
1352 3068
1352 3094
1352 3150
1352 3157
1352 3163
1353 3016
1353 3040
1353 3050
1353 3065
1353 3160
1353 3168
1354 3055
1354 3079
1354 3092
1354 3117
1354 3163
1354 3176
1354 3212
1355 3009
1355 3123
1355 3154
1355 3166
1355 3295
1356 3088
1356 3218
1356 3237
1356 3257
1356 3284
1357 3042
1357 3048
1357 3090
1357 3174
1357 3229
1357 3253
1357 3280
1358 3039
1358 3046
1358 3063
1358 3110
1358 3114
1358 3205
1359 3042
1359 3081
1359 3144
1359 3179
1359 3241
1360 3011
1360 3045
1360 3164
1360 3183
1360 3233
1361 3020
1361 3064
1361 3073
1361 3086
1361 3188
1361 3269
1362 3175
1362 3180
1362 3202
1363 3039
1363 3149
1364 3030
1364 3044
1364 3090
1364 3136
1364 3213
1365 3047
1365 3056
1365 3161
1365 3169
1366 3001
1366 3024
1366 3132
1366 3244
1367 3054
1367 3098
1367 3239
1368 3043
1368 3181
1369 3187
1369 3261
1370 3040
1370 3111
1370 3242
1370 3269
1371 3047
1371 3097
1371 3121
1371 3129
1372 3056
1372 3157
1372 3158
1372 3229
1373 3000
1373 3022
1373 3052
1373 3226
1374 3014
1374 3144
1375 3218
1375 3261
1376 3210
1377 3000
1378 3099
1378 3141
1378 3145
1378 3179
1378 3196
1378 3200
1378 3229
1378 3246
1379 3026
1379 3059
1379 3079
1379 3092
1379 3106
1379 3135
1379 3169
1379 3207
1379 3280
1380 3079
1380 3123
1380 3183
1380 3200
1380 3232
1380 3261
1380 3274
1380 3275
1380 3279
1381 3059
1381 3083
1381 3102
1381 3106
1381 3214
1381 3273
1382 3027
1382 3028
1382 3046
1382 3073
1382 3171
1382 3197
1382 3285
1383 3000
1383 3035
1383 3067
1383 3130
1383 3187
1383 3245
1383 3272
1384 3011
1384 3204
1384 3221
1384 3237
1384 3260
1384 3266
1384 3289
1385 3112
1385 3126
1385 3140
1385 3190
1385 3198
1385 3235
1385 3262
1386 3000
1386 3073
1386 3091
1386 3100
1386 3127
1386 3165
1387 3003
1387 3094
1387 3095
1387 3102
1387 3212
1387 3224
1388 3035
1388 3099
1388 3118
1388 3161
1388 3221
1388 3228
1388 3247
1389 3022
1389 3047
1389 3172
1389 3203
1389 3229
1390 3118
1390 3150
1390 3219
1390 3284
1391 3046
1391 3085
1391 3159
1391 3170
1391 3275
1392 3012
1392 3130
1392 3155
1392 3211
1392 3280
1393 3083
1393 3108
1393 3171
1393 3195
1394 3146
1394 3191
1394 3236
1395 3126
1395 3155
1395 3200
1395 3294
1396 3140
1396 3170
1396 3253
1397 3067
1397 3104
1397 3167
1397 3170
1397 3293
1398 3091
1398 3127
1398 3213
1399 3149
1399 3184
1399 3228
1399 3269
1399 3290
1400 3037
1400 3190
1400 3199
1400 3270
1401 3015
1401 3027
1401 3209
1401 3251
1401 3287
1402 3047
1402 3050
1402 3171
1402 3230
1403 3026
1403 3078
1403 3080
1403 3194
1404 3073
1404 3238
1405 3115
1405 3144
1406 3080
1406 3142
1406 3150
1406 3188
1407 3033
1408 3194
1408 3261
1409 3137
1409 3147
1409 3161
1409 3281
1410 3063
1410 3177
1411 3046
1411 3171
1412 3002
1412 3233
1413 3073
1414 3038
1414 3144
1414 3160
1414 3165
1414 3187
1414 3207
1414 3228
1414 3268
1415 3006
1415 3011
1415 3026
1415 3035
1415 3159
1415 3180
1416 3059
1416 3098
1416 3120
1416 3140
1416 3152
1416 3250
1416 3280
1416 3291
1417 3071
1417 3086
1417 3126
1417 3179
1417 3195
1417 3278
1418 3070
1418 3125
1418 3160
1418 3168
1418 3245
1418 3266
1419 3008
1419 3058
1419 3155
1419 3211
1419 3260
1420 3011
1420 3081
1420 3091
1420 3135
1420 3162
1420 3271
1421 3000
1421 3024
1421 3126
1421 3127
1421 3210
1421 3217
1421 3236
1422 3069
1422 3145
1422 3248
1422 3251
1422 3260
1422 3281
1423 3012
1423 3226
1423 3228
1423 3249
1423 3282
1424 3049
1424 3050
1424 3107
1424 3192
1425 3066
1425 3145
1425 3179
1425 3189
1425 3281
1425 3298
1426 3025
1426 3035
1426 3127
1426 3249
1426 3256
1427 3001
1427 3080
1427 3185
1427 3266
1428 3007
1428 3137
1428 3215
1428 3299
1429 3003
1429 3145
1429 3256
1430 3049
1430 3069
1430 3084
1430 3291
1431 3110
1431 3283
1432 3073
1432 3106
1432 3130
1432 3230
1433 3068
1433 3173
1433 3255
1434 3047
1434 3088
1434 3273
1434 3288
1435 3167
1435 3189
1435 3209
1435 3290
1436 3170
1436 3281
1437 3099
1437 3118
1438 3116
1438 3172
1438 3194
1439 3235
1440 3018
1440 3030
1440 3066
1440 3074
1440 3161
1440 3226
1440 3228
1440 3239
1440 3261
1441 3024
1441 3035
1441 3047
1441 3059
1441 3204
1441 3213
1441 3225
1442 3031
1442 3124
1442 3194
1442 3214
1442 3246
1442 3247
1443 3047
1443 3066
1443 3078
1443 3103
1443 3201
1443 3276
1443 3290
1444 3012
1444 3105
1444 3130
1444 3213
1444 3237
1444 3264
1445 3095
1445 3104
1445 3105
1445 3195
1445 3199
1445 3254
1446 3010
1446 3025
1446 3072
1446 3121
1446 3180
1446 3189
1446 3282
1447 3071
1447 3073
1447 3131
1447 3148
1447 3225
1447 3283
1448 3008
1448 3098
1448 3121
1448 3156
1448 3221
1448 3274
1449 3093
1449 3096
1449 3260
1449 3262
1449 3288
1450 3060
1450 3160
1450 3167
1450 3203
1450 3264
1451 3186
1451 3220
1451 3245
1451 3276
1452 3085
1452 3147
1452 3207
1453 3033
1453 3117
1453 3133
1453 3178
1453 3270
1454 3089
1454 3239
1454 3294
1455 3006
1455 3106
1455 3170
1455 3182
1456 3049
1456 3100
1456 3106
1456 3141
1456 3208
1456 3291
1457 3088
1457 3290
1458 3025
1458 3195
1459 3040
1459 3099
1459 3128
1460 3042
1460 3072
1460 3190
1461 3115
1461 3125
1461 3218
1462 3036
1462 3072
1462 3198
1462 3260
1463 3138
1463 3169
1464 3209
1464 3231
1465 3144
1465 3242
1466 3013
1466 3081
1466 3141
1466 3143
1466 3145
1466 3160
1466 3187
1466 3263
1466 3264
1466 3278
1467 3044
1467 3121
1467 3168
1467 3201
1467 3227
1467 3240
1467 3250
1467 3281
1468 3000
1468 3025
1468 3032
1468 3113
1468 3218
1468 3297
1469 3024
1469 3045
1469 3211
1469 3220
1469 3234
1469 3267
1470 3022
1470 3075
1470 3106
1470 3141
1470 3296
1471 3091
1471 3096
1471 3097
1471 3117
1471 3133
1471 3238
1471 3255
1472 3025
1472 3136
1472 3140
1472 3160
1473 3005
1473 3049
1473 3094
1473 3101
1473 3107
1473 3130
1473 3215
1474 3140
1474 3164
1474 3168
1474 3217
1474 3248
1474 3257
1474 3289
1475 3166
1475 3191
1475 3232
1475 3258
1476 3035
1476 3063
1476 3118
1476 3119
1476 3165
1476 3218
1477 3010
1477 3071
1477 3142
1477 3258
1477 3297
1478 3098
1478 3190
1478 3213
1478 3225
1478 3251
1479 3115
1479 3231
1479 3258
1480 3030
1480 3148
1480 3166
1480 3167
1480 3174
1480 3215
1481 3004
1481 3011
1481 3128
1481 3142
1481 3226
1481 3271
1482 3064
1482 3106
1482 3145
1482 3170
1482 3185
1482 3255
1483 3189
1483 3193
1483 3206
1483 3249
1484 3013
1484 3025
1484 3031
1484 3055
1484 3124
1484 3199
1485 3038
1485 3057
1485 3085
1485 3240
1486 3027
1486 3240
1486 3251
1486 3259
1486 3290
1487 3119
1487 3138
1487 3165
1487 3208
1487 3209
1487 3246
1488 3000
1488 3074
1488 3144
1488 3228
1488 3251
1489 3012
1489 3132
1489 3200
1489 3260
1490 3017
1490 3084
1490 3116
1490 3165
1490 3261
1491 3000
1491 3033
1491 3074
1491 3184
1492 3091
1492 3152
1492 3153
1492 3181
1493 3053
1493 3064
1493 3216
1494 3044
1494 3107
1494 3184
1494 3245
1495 3052
1495 3076
1495 3278
1496 3074
1496 3090
1496 3114
1496 3119
1496 3248
1497 3101
1497 3223
1498 3051
1498 3062
1498 3099
1499 3018
1499 3157
1500 3104
1500 3263
1501 3041
1501 3239
1502 3117
1502 3236
1502 3272
1503 3028
1503 3193
1503 3235
1504 3154
1504 3156
1504 3161
1505 3158
1505 3173
1505 3247
1507 3259
1508 3193
1508 3216
1509 3276
1510 3221
1511 3026
1511 3139
1511 3152
1511 3170
1511 3184
1511 3205
1511 3207
1511 3265
1512 3012
1512 3081
1512 3101
1512 3146
1512 3169
1512 3178
1512 3270
1513 3025
1513 3054
1513 3197
1513 3267
1513 3271
1513 3276
1513 3287
1514 3054
1514 3077
1514 3082
1514 3128
1514 3135
1514 3271
1514 3299
1515 3042
1515 3087
1515 3169
1515 3173
1516 3065
1516 3094
1516 3207
1516 3213
1516 3237
1517 3123
1517 3128
1517 3160
1517 3297
1518 3107
1518 3141
1518 3145
1518 3213
1518 3237
1518 3286
1519 3075
1519 3107
1519 3112
1519 3172
1519 3174
1519 3229
1519 3239
1520 3015
1520 3137
1520 3200
1520 3252
1520 3283
1521 3031
1521 3177
1521 3208
1522 3034
1522 3070
1522 3089
1522 3108
1522 3266
1523 3026
1523 3039
1523 3048
1523 3149
1524 3015
1524 3044
1524 3191
1524 3216
1525 3073
1525 3110
1525 3219
1525 3229
1525 3244
1525 3264
1526 3022
1526 3055
1526 3060
1526 3242
1527 3008
1527 3020
1527 3250
1527 3289
1528 3012
1528 3089
1528 3172
1528 3188
1529 3009
1529 3018
1529 3088
1529 3200
1529 3221
1529 3284
1530 3036
1530 3185
1530 3284
1531 3027
1531 3079
1531 3120
1531 3185
1531 3206
1532 3068
1532 3185
1532 3203
1532 3239
1533 3068
1533 3177
1533 3244
1533 3286
1534 3002
1534 3060
1534 3077
1534 3160
1534 3261
1535 3056
1535 3228
1535 3266
1536 3110
1536 3134
1536 3153
1536 3249
1537 3061
1537 3070
1537 3220
1537 3250
1538 3128
1538 3172
1538 3186
1538 3247
1539 3205
1539 3207
1539 3231
1540 3153
1540 3253
1541 3059
1541 3184
1542 3011
1542 3110
1543 3061
1544 3121
1544 3141
1546 3011
1546 3042
1546 3074
1546 3129
1546 3168
1546 3202
1546 3209
1546 3244
1546 3256
1547 3006
1547 3013
1547 3030
1547 3036
1547 3108
1547 3185
1547 3264
1547 3284
1548 3045
1548 3098
1548 3113
1548 3260
1548 3285
1548 3291
1548 3294
1549 3064
1549 3084
1549 3185
1549 3217
1549 3273
1550 3031
1550 3082
1550 3087
1550 3090
1550 3141
1550 3177
1550 3278
1551 3019
1551 3111
1551 3223
1551 3229
1552 3018
1552 3103
1552 3112
1552 3142
1552 3225
1552 3232
1552 3262
1552 3292
1553 3038
1553 3107
1553 3146
1553 3149
1553 3200
1553 3229
1553 3287
1554 3032
1554 3153
1554 3168
1554 3241
1554 3253
1554 3264
1555 3082
1555 3209
1555 3286
1555 3292
1556 3011
1556 3109
1556 3157
1556 3160
1556 3285
1557 3023
1557 3272
1557 3282
1557 3290
1558 3100
1558 3103
1558 3142
1558 3251
1558 3271
1558 3283
1559 3041
1559 3146
1559 3170
1559 3270
1560 3061
1560 3090
1560 3229
1560 3265
1561 3154
1561 3216
1561 3299
1562 3189
1562 3251
1562 3254
1562 3296
1563 3026
1563 3033
1563 3048
1563 3051
1563 3130
1563 3237
1564 3065
1564 3079
1564 3184
1564 3229
1565 3065
1565 3266
1565 3296
1565 3299
1566 3054
1566 3063
1566 3092
1566 3244
1567 3053
1567 3178
1567 3238
1568 3092
1568 3163
1568 3218
1568 3283
1569 3026
1569 3152
1569 3171
1569 3225
1570 3152
1570 3161
1570 3170
1570 3178
1570 3238
1571 3007
1571 3018
1571 3099
1571 3228
1572 3034
1572 3131
1572 3227
1572 3251
1573 3049
1573 3113
1573 3213
1574 3125
1574 3260
1575 3152
1575 3287
1576 3051
1576 3117
1576 3169
1577 3169
1577 3250
1578 3054
1578 3070
1578 3079
1578 3125
1578 3167
1578 3177
1578 3227
1578 3254
1578 3295
1579 3002
1579 3015
1579 3073
1579 3102
1579 3108
1579 3112
1579 3161
1579 3260
1579 3271
1579 3282
1580 3069
1580 3083
1580 3132
1580 3190
1580 3292
1581 3009
1581 3035
1581 3063
1581 3275
1581 3285
1581 3290
1582 3157
1582 3298
1582 3299
1583 3041
1583 3101
1583 3118
1583 3179
1583 3212
1583 3232
1583 3242
1584 3056
1584 3097
1584 3118
1584 3140
1584 3153
1584 3188
1585 3075
1585 3126
1585 3185
1585 3235
1585 3239
1585 3241
1586 3090
1586 3116
1586 3139
1586 3225
1586 3257
1587 3101
1587 3142
1587 3162
1587 3231
1588 3024
1588 3136
1588 3176
1588 3207
1589 3052
1589 3168
1589 3186
1589 3217
1589 3226
1589 3264
1590 3024
1590 3129
1590 3141
1590 3227
1590 3292
1591 3016
1591 3020
1591 3160
1591 3189
1591 3226
1591 3272
1592 3035
1592 3091
1592 3121
1592 3167
1592 3183
1592 3239
1593 3048
1593 3053
1593 3215
1593 3249
1594 3055
1594 3063
1594 3267
1595 3032
1595 3036
1595 3086
1595 3182
1595 3270
1596 3121
1596 3174
1596 3213
1596 3295
1597 3101
1597 3136
1597 3154
1598 3074
1598 3104
1598 3236
1598 3260
1599 3028
1599 3191
1599 3225
1600 3035
1600 3110
1600 3137
1600 3231
1601 3011
1601 3070
1601 3117
1601 3291
1602 3006
1602 3130
1603 3101
1603 3229
1604 3016
1604 3236
1605 3118
1605 3146
1605 3279
1606 3039
1606 3261
1607 3007
1607 3170
1608 3057
1608 3130
1608 3140
1608 3145
1608 3179
1608 3189
1608 3221
1608 3226
1608 3233
1608 3249
1608 3267
1609 3012
1609 3100
1609 3138
1609 3152
1609 3157
1609 3163
1609 3267
1609 3268
1610 3122
1610 3133
1610 3142
1610 3203
1610 3252
1610 3268
1611 3023
1611 3058
1611 3062
1611 3099
1611 3107
1611 3110
1611 3114
1611 3115
1611 3233
1612 3036
1612 3127
1612 3160
1612 3186
1612 3229
1612 3239
1612 3270
1613 3002
1613 3075
1613 3132
1613 3134
1613 3260
1613 3263
1614 3025
1614 3062
1614 3070
1614 3193
1615 3111
1615 3129
1615 3143
1615 3190
1615 3226
1615 3258
1615 3298
1616 3030
1616 3092
1616 3209
1616 3211
1616 3259
1617 3039
1617 3155
1617 3168
1617 3172
1617 3173
1617 3228
1618 3034
1618 3168
1618 3175
1618 3218
1618 3279
1619 3074
1619 3291
1620 3040
1620 3098
1620 3115
1620 3197
1621 3097
1621 3100
1621 3104
1621 3161
1621 3178
1621 3265
1622 3061
1622 3093
1622 3136
1622 3188
1622 3189
1623 3018
1623 3037
1623 3049
1624 3171
1624 3219
1624 3268
1625 3045
1625 3105
1625 3121
1625 3128
1626 3155
1626 3235
1626 3274
1627 3197
1627 3214
1627 3290
1628 3108
1628 3237
1629 3006
1629 3167
1629 3220
1629 3260
1630 3020
1630 3139
1630 3298
1631 3075
1631 3090
1631 3170
1632 3001
1632 3257
1633 3102
1633 3121
1633 3242
1634 3078
1634 3137
1634 3224
1635 3145
1635 3277
1636 3175
1636 3210
1637 3017
1637 3018
1637 3032
1637 3057
1637 3126
1637 3150
1637 3258
1637 3292
1638 3037
1638 3064
1638 3077
1638 3087
1638 3122
1638 3257
1638 3260
1638 3271
1638 3295
1639 3015
1639 3194
1639 3201
1639 3238
1639 3242
1640 3016
1640 3029
1640 3075
1640 3104
1640 3180
1640 3288
1641 3034
1641 3093
1641 3164
1641 3172
1641 3283
1641 3287
1641 3299
1642 3049
1642 3092
1642 3156
1642 3211
1642 3260
1642 3295
1643 3039
1643 3092
1643 3157
1643 3255
1643 3262
1644 3011
1644 3024
1644 3041
1644 3157
1644 3260
1645 3060
1645 3111
1645 3132
1645 3181
1645 3278
1645 3287
1645 3292
1646 3188
1646 3203
1646 3234
1646 3241
1647 3003
1647 3027
1647 3033
1647 3087
1647 3140
1647 3149
1647 3206
1648 3007
1648 3032
1648 3082
1648 3119
1648 3207
1649 3076
1649 3080
1649 3121
1649 3210
1649 3216
1650 3084
1650 3107
1650 3121
1650 3136
1650 3159
1650 3193
1651 3085
1651 3135
1651 3200
1651 3235
1651 3249
1652 3103
1652 3136
1652 3146
1652 3193
1652 3225
1653 3019
1653 3070
1653 3082
1653 3188
1653 3196
1653 3232
1654 3173
1654 3211
1654 3231
1654 3282
1654 3299
1655 3015
1655 3017
1655 3211
1655 3222
1656 3083
1656 3168
1656 3277
1656 3298
1657 3044
1657 3085
1657 3104
1658 3067
1658 3090
1658 3186
1658 3242
1658 3265
1659 3177
1659 3190
1659 3275
1660 3036
1660 3046
1660 3104
1660 3123
1660 3251
1661 3065
1661 3152
1661 3167
1661 3213
1662 3250
1662 3298
1663 3043
1663 3137
1663 3257
1664 3157
1664 3197
1664 3240
1665 3202
1665 3224
1666 3085
1667 3034
1668 3106
1668 3113
1668 3153
1669 3066
1669 3177
1669 3242
1669 3252
1669 3261
1669 3293
1670 3031
1670 3044
1670 3075
1670 3100
1670 3141
1670 3150
1670 3219
1670 3248
1670 3298
1671 3071
1671 3084
1671 3146
1671 3173
1671 3176
1671 3220
1671 3235
1671 3244
1671 3279
1672 3081
1672 3124
1672 3146
1672 3166
1672 3205
1672 3216
1672 3224
1672 3277
1672 3283
1672 3284
1673 3027
1673 3044
1673 3108
1673 3114
1673 3123
1673 3132
1673 3154
1673 3164
1673 3166
1673 3185
1674 3000
1674 3024
1674 3098
1674 3109
1674 3136
1674 3196
1674 3227
1674 3286
1675 3000
1675 3004
1675 3016
1675 3043
1675 3122
1675 3197
1675 3198
1675 3229
1675 3238
1676 3007
1676 3052
1676 3246
1676 3286
1676 3299
1677 3019
1677 3092
1677 3103
1677 3234
1677 3257
1677 3280
1677 3296
1678 3026
1678 3096
1678 3144
1678 3212
1678 3250
1678 3285
1679 3048
1679 3096
1679 3119
1679 3172
1679 3231
1680 3034
1680 3112
1680 3162
1680 3192
1680 3256
1680 3275
1681 3064
1681 3111
1681 3171
1681 3272
1682 3044
1682 3077
1682 3094
1682 3098
1682 3149
1682 3188
1683 3002
1683 3123
1683 3168
1683 3230
1683 3243
1683 3251
1684 3018
1684 3051
1684 3097
1684 3136
1684 3142
1684 3234
1685 3013
1685 3113
1685 3152
1685 3175
1685 3257
1685 3280
1686 3051
1686 3064
1686 3284
1686 3287
1687 3080
1687 3086
1687 3102
1687 3109
1687 3208
1687 3227
1688 3000
1688 3027
1688 3179
1688 3244
1688 3298
1689 3081
1689 3082
1689 3087
1689 3253
1690 3026
1690 3107
1690 3128
1690 3181
1690 3220
1690 3230
1691 3003
1691 3076
1691 3192
1692 3012
1692 3028
1692 3145
1692 3245
1693 3004
1693 3036
1693 3194
1693 3242
1694 3021
1694 3174
1694 3249
1694 3272
1694 3298
1695 3033
1695 3039
1695 3096
1695 3220
1695 3254
1696 3006
1696 3047
1696 3228
1696 3285
1697 3007
1697 3056
1697 3131
1697 3199
1698 3012
1698 3098
1698 3131
1698 3227
1698 3257
1699 3012
1699 3139
1699 3281
1699 3299
1700 3082
1700 3244
1700 3269
1701 3120
1701 3168
1701 3180
1702 3011
1702 3086
1702 3165
1703 3153
1703 3173
1704 3106
1704 3235
1705 3220
1705 3230
1706 3151
1707 3023
1707 3024
1707 3047
1707 3067
1707 3139
1707 3178
1707 3196
1708 3048
1708 3057
1708 3060
1708 3079
1708 3102
1708 3138
1708 3162
1708 3241
1709 3094
1709 3096
1709 3135
1709 3146
1709 3183
1709 3190
1709 3261
1710 3003
1710 3020
1710 3039
1710 3097
1710 3106
1710 3176
1710 3213
1711 3002
1711 3063
1711 3070
1711 3103
1711 3128
1711 3138
1711 3208
1712 3122
1712 3130
1712 3134
1712 3135
1712 3178
1712 3245
1713 3020
1713 3028
1713 3051
1713 3133
1713 3180
1713 3184
1714 3000
1714 3026
1714 3043
1714 3142
1714 3263
1714 3291
1714 3295
1715 3165
1715 3169
1715 3189
1715 3192
1715 3197
1715 3228
1716 3126
1716 3127
1716 3145
1716 3255
1717 3038
1717 3203
1717 3208
1717 3215
1717 3284
1718 3010
1718 3040
1718 3051
1718 3164
1718 3177
1719 3103
1719 3194
1719 3195
1719 3282
1720 3063
1720 3093
1720 3105
1720 3119
1720 3153
1720 3272
1721 3031
1721 3078
1721 3156
1721 3207
1721 3264
1722 3030
1722 3093
1722 3097
1722 3116
1722 3144
1722 3162
1723 3029
1723 3072
1723 3091
1723 3174
1724 3119
1724 3268
1725 3212
1725 3216
1725 3252
1725 3256
1726 3042
1726 3144
1726 3271
1727 3166
1727 3222
1727 3227
1728 3030
1728 3111
1729 3027
1729 3223
1729 3224
1731 3039
1731 3145
1731 3193
1732 3006
1732 3049
1732 3263
1733 3191
1734 3024
1734 3157
1734 3295
1735 3194
1735 3218
1736 3118
1736 3187
1737 3002
1737 3073
1737 3074
1737 3198
1737 3243
1737 3268
1737 3288
1737 3295
1738 3029
1738 3101
1738 3158
1738 3200
1738 3209
1738 3230
1738 3254
1738 3267
1738 3279
1739 3022
1739 3030
1739 3075
1739 3106
1739 3108
1739 3110
1739 3133
1739 3138
1740 3006
1740 3032
1740 3124
1740 3146
1741 3009
1741 3083
1741 3100
1741 3127
1741 3159
1741 3254
1741 3278
1742 3022
1742 3038
1742 3089
1742 3187
1742 3215
1742 3230
1742 3241
1743 3022
1743 3074
1743 3102
1743 3116
1743 3133
1743 3163
1743 3225
1743 3238
1744 3113
1744 3156
1744 3246
1744 3250
1744 3255
1745 3065
1745 3099
1745 3173
1745 3233
1745 3242
1745 3285
1746 3095
1746 3123
1746 3210
1746 3228
1746 3244
1747 3001
1747 3039
1747 3062
1747 3075
1747 3076
1748 3001
1748 3062
1748 3081
1748 3106
1748 3179
1748 3182
1749 3113
1749 3187
1749 3194
1749 3268
1750 3013
1750 3093
1750 3096
1750 3099
1750 3142
1750 3196
1750 3263
1751 3098
1751 3115
1751 3219
1751 3221
1751 3239
1752 3034
1752 3055
1752 3082
1752 3142
1753 3036
1753 3167
1753 3215
1754 3057
1754 3078
1754 3096
1754 3113
1754 3147
1755 3036
1755 3073
1755 3217
1755 3272
1756 3001
1756 3018
1756 3050
1756 3168
1756 3287
1757 3062
1757 3105
1757 3231
1757 3235
1757 3289
1758 3014
1758 3142
1758 3188
1758 3190
1759 3005
1759 3007
1759 3020
1759 3223
1759 3247
1760 3014
1760 3027
1760 3159
1760 3186
1761 3025
1761 3045
1761 3175
1761 3263
1761 3264
1762 3209
1762 3231
1762 3289
1762 3296
1763 3016
1763 3138
1764 3131
1764 3297
1765 3073
1765 3074
1765 3180
1765 3257
1766 3118
1766 3176
1767 3196
1767 3209
1767 3251
1768 3001
1768 3176
1768 3179
1769 3087
1770 3041
1770 3209
1770 3220
1770 3286
1770 3289
1771 3033
1771 3079
1771 3095
1771 3123
1771 3131
1771 3171
1771 3172
1771 3232
1771 3271
1771 3298
1772 3038
1772 3081
1772 3092
1772 3182
1772 3222
1772 3261
1772 3270
1773 3108
1773 3128
1773 3135
1773 3136
1773 3164
1773 3189
1773 3299
1774 3028
1774 3050
1774 3051
1774 3132
1774 3163
1774 3244
1775 3013
1775 3070
1775 3136
1775 3162
1775 3165
1775 3269
1776 3017
1776 3034
1776 3060
1776 3069
1776 3226
1777 3078
1777 3101
1777 3102
1777 3171
1777 3207
1777 3225
1777 3237
1778 3016
1778 3033
1778 3077
1778 3164
1778 3295
1779 3053
1779 3077
1779 3182
1779 3220
1779 3282
1779 3298
1780 3038
1780 3247
1780 3264
1780 3277
1781 3029
1781 3137
1781 3260
1781 3271
1782 3031
1782 3131
1782 3134
1782 3137
1783 3016
1783 3036
1783 3107
1783 3216
1783 3254
1784 3055
1784 3080
1784 3116
1784 3157
1785 3059
1785 3080
1785 3094
1785 3196
1785 3294
1786 3096
1786 3142
1786 3269
1786 3287
1787 3029
1787 3095
1787 3229
1787 3263
1788 3027
1788 3152
1788 3180
1788 3259
1788 3261
1789 3102
1789 3107
1789 3120
1789 3175
1789 3215
1790 3108
1790 3126
1790 3150
1790 3280
1791 3110
1791 3231
1791 3292
1792 3040
1792 3091
1793 3293
1793 3298
1794 3102
1794 3228
1794 3266
1795 3182
1795 3253
1796 3087
1796 3247
1798 3059
1798 3100
1798 3110
1798 3185
1798 3263
1799 3011
1799 3056
1799 3071
1799 3089
1799 3098
1799 3116
1799 3206
1800 3046
1800 3073
1800 3116
1800 3130
1800 3206
1800 3207
1801 3016
1801 3089
1801 3148
1801 3181
1801 3192
1801 3212
1801 3251
1802 3058
1802 3085
1802 3156
1802 3165
1802 3182
1802 3234
1803 3003
1803 3042
1803 3158
1803 3172
1803 3192
1803 3256
1803 3263
1804 3034
1804 3067
1804 3076
1804 3087
1804 3258
1805 3028
1805 3034
1805 3114
1805 3241
1805 3288
1805 3296
1806 3126
1806 3155
1806 3208
1807 3059
1807 3094
1807 3174
1807 3280
1807 3292
1808 3030
1808 3072
1808 3139
1808 3230
1808 3259
1808 3272
1809 3011
1809 3071
1809 3162
1809 3188
1809 3189
1809 3247
1810 3073
1810 3172
1810 3184
1810 3192
1810 3242
1811 3068
1811 3071
1811 3113
1812 3025
1812 3138
1812 3178
1812 3181
1812 3296
1813 3006
1813 3159
1813 3221
1814 3041
1814 3103
1814 3145
1815 3039
1815 3071
1815 3185
1815 3190
1816 3117
1816 3284
1817 3003
1817 3020
1817 3050
1817 3057
1817 3116
1817 3196
1817 3206
1817 3218
1817 3239
1817 3253
1817 3298
1818 3013
1818 3026
1818 3066
1818 3082
1818 3086
1818 3089
1818 3107
1818 3245
1818 3267
1819 3054
1819 3077
1819 3115
1819 3169
1819 3179
1819 3188
1819 3227
1819 3235
1819 3248
1820 3039
1820 3061
1820 3071
1820 3092
1820 3161
1820 3246
1820 3277
1821 3006
1821 3123
1821 3146
1821 3154
1821 3172
1821 3191
1821 3208
1822 3018
1822 3030
1822 3072
1822 3104
1822 3149
1822 3207
1822 3261
1823 3041
1823 3085
1823 3134
1823 3187
1823 3213
1824 3033
1824 3082
1824 3100
1824 3194
1824 3202
1824 3229
1824 3263
1825 3073
1825 3129
1825 3146
1825 3157
1825 3163
1825 3257
1826 3023
1826 3078
1826 3090
1826 3241
1827 3005
1827 3017
1827 3128
1827 3142
1827 3151
1827 3206
1827 3273
1828 3010
1828 3013
1828 3050
1828 3118
1828 3223
1828 3295
1829 3022
1829 3043
1829 3062
1829 3222
1830 3008
1830 3238
1830 3281
1830 3283
1831 3053
1831 3106
1831 3110
1831 3257
1831 3276
1832 3048
1832 3100
1832 3204
1832 3230
1832 3276
1832 3294
1833 3062
1833 3164
1833 3181
1833 3295
1834 3008
1834 3105
1834 3148
1834 3202
1834 3277
1835 3074
1835 3080
1835 3137
1836 3129
1836 3201
1836 3228
1836 3240
1836 3244
1837 3099
1837 3120
1837 3127
1837 3135
1837 3194
1838 3021
1838 3046
1839 3046
1839 3066
1839 3144
1839 3286
1840 3055
1840 3110
1840 3257
1840 3258
1841 3001
1841 3158
1842 3026
1842 3044
1843 3054
1843 3177
1844 3016
1844 3018
1844 3032
1844 3043
1844 3106
1844 3119
1844 3207
1844 3243
1844 3249
1845 3072
1845 3206
1845 3247
1845 3259
1845 3291
1846 3035
1846 3055
1846 3059
1846 3134
1846 3150
1846 3201
1846 3204
1846 3277
1846 3297
1847 3037
1847 3069
1847 3078
1847 3104
1847 3138
1847 3139
1847 3200
1847 3205
1848 3027
1848 3042
1848 3135
1848 3242
1848 3254
1848 3273
1848 3289
1849 3067
1849 3124
1849 3201
1849 3267
1849 3283
1850 3039
1850 3116
1850 3212
1850 3217
1850 3246
1851 3063
1851 3137
1851 3176
1851 3254
1851 3280
1852 3021
1852 3091
1852 3165
1852 3207
1852 3210
1852 3219
1853 3002
1853 3022
1853 3025
1853 3118
1853 3147
1853 3187
1853 3206
1854 3033
1854 3168
1854 3175
1854 3282
1854 3283
1854 3295
1855 3027
1855 3051
1855 3118
1855 3123
1855 3195
1855 3272
1856 3051
1856 3074
1856 3079
1856 3101
1856 3104
1856 3204
1856 3293
1857 3157
1858 3148
1858 3168
1858 3177
1858 3210
1858 3276
1859 3005
1859 3119
1859 3146
1859 3251
1860 3076
1860 3098
1860 3237
1860 3238
1861 3016
1861 3043
1861 3228
1861 3287
1862 3074
1862 3193
1863 3176
1863 3242
1863 3249
1864 3075
1864 3086
1864 3105
1864 3254
1865 3135
1865 3271
1866 3004
1866 3048
1866 3122
1867 3013
1867 3101
1867 3106
1867 3158
1867 3185
1867 3192
1867 3287
1868 3022
1868 3028
1868 3056
1868 3117
1868 3119
1868 3154
1868 3249
1868 3251
1868 3271
1869 3032
1869 3063
1869 3074
1869 3124
1869 3162
1869 3263
1869 3292
1870 3145
1870 3157
1870 3167
1870 3218
1870 3247
1870 3248
1871 3031
1871 3037
1871 3085
1871 3105
1871 3110
1871 3281
1872 3004
1872 3099
1872 3100
1872 3121
1872 3222
1873 3007
1873 3014
1873 3029
1873 3113
1873 3138
1873 3173
1873 3273
1873 3280
1874 3076
1874 3111
1874 3228
1875 3104
1875 3131
1875 3146
1875 3160
1875 3210
1875 3212
1876 3108
1876 3157
1876 3260
1876 3266
1876 3292
1877 3041
1877 3069
1877 3080
1877 3090
1877 3192
1877 3220
1877 3282
1878 3026
1878 3062
1878 3099
1878 3142
1879 3041
1879 3079
1879 3094
1879 3192
1879 3217
1879 3253
1880 3005
1880 3007
1880 3202
1880 3261
1881 3010
1881 3071
1881 3184
1881 3196
1881 3215
1882 3045
1882 3133
1882 3156
1882 3173
1882 3285
1883 3032
1883 3092
1883 3099
1884 3082
1884 3117
1884 3183
1884 3200
1884 3204
1885 3045
1885 3053
1885 3287
1886 3162
1886 3185
1886 3187
1887 3013
1887 3073
1887 3101
1888 3168
1889 3000
1889 3272
1889 3296
1890 3010
1890 3059
1890 3160
1891 3075
1892 3081
1893 3192
1893 3246
1894 3128
1895 3101
1895 3208
1896 3017
1896 3038
1896 3039
1896 3094
1896 3112
1896 3120
1896 3140
1896 3161
1896 3168
1896 3185
1896 3193
1896 3273
1897 3018
1897 3024
1897 3098
1897 3169
1897 3212
1897 3233
1898 3004
1898 3026
1898 3071
1898 3081
1898 3123
1898 3134
1898 3158
1898 3189
1899 3000
1899 3048
1899 3049
1899 3098
1899 3210
1899 3258
1900 3002
1900 3053
1900 3168
1900 3176
1900 3253
1900 3282
1901 3000
1901 3030
1901 3076
1901 3180
1901 3185
1901 3212
1901 3267
1902 3005
1902 3112
1902 3119
1902 3165
1902 3178
1902 3290
1903 3043
1903 3044
1903 3094
1903 3142
1903 3224
1903 3231
1904 3115
1904 3163
1904 3196
1904 3252
1904 3273
1904 3297
1905 3151
1905 3169
1905 3181
1905 3194
1905 3268
1906 3095
1906 3108
1906 3176
1906 3186
1907 3032
1907 3101
1907 3134
1907 3160
1907 3200
1908 3003
1908 3006
1908 3049
1908 3089
1908 3268
1909 3116
1909 3138
1909 3218
1909 3255
1910 3137
1910 3160
1910 3286
1910 3294
1911 3004
1911 3124
1911 3219
1912 3240
1912 3254
1912 3275
1912 3277
1913 3084
1913 3290
1914 3052
1914 3193
1914 3225
1915 3173
1916 3010
1916 3026
1916 3079
1916 3090
1916 3096
1916 3155
1916 3166
1916 3184
1917 3050
1917 3112
1917 3124
1917 3189
1917 3203
1917 3237
1917 3251
1917 3257
1917 3265
1918 3012
1918 3018
1918 3020
1918 3052
1918 3124
1918 3160
1918 3296
1919 3011
1919 3119
1919 3205
1919 3218
1919 3249
1919 3265
1919 3292
1920 3032
1920 3047
1920 3117
1920 3159
1920 3160
1920 3176
1920 3205
1920 3262
1921 3006
1921 3012
1921 3060
1921 3087
1921 3155
1921 3202
1921 3212
1921 3213
1921 3245
1922 3010
1922 3089
1922 3169
1922 3197
1922 3298
1923 3037
1923 3140
1923 3203
1923 3213
1923 3230
1923 3286
1924 3080
1924 3187
1924 3194
1925 3135
1925 3190
1925 3223
1925 3243
1926 3045
1926 3107
1926 3150
1926 3265
1926 3272
1926 3282
1927 3010
1927 3081
1927 3085
1928 3080
1928 3184
1929 3092
1929 3179
1929 3210
1930 3183
1930 3249
1931 3008
1931 3072
1931 3263
1932 3022
1932 3034
1932 3150
1933 3166
1934 3156
1934 3160
1935 3076
1935 3220
1936 3225
1936 3297
1937 3014
1937 3024
1937 3041
1937 3052
1937 3089
1937 3125
1937 3130
1937 3135
1937 3141
1937 3195
1938 3008
1938 3053
1938 3062
1938 3070
1938 3076
1938 3098
1938 3119
1939 3015
1939 3040
1939 3056
1939 3072
1939 3073
1939 3103
1939 3110
1939 3139
1939 3145
1939 3197
1940 3000
1940 3007
1940 3072
1940 3108
1940 3192
1940 3258
1940 3299
1941 3035
1941 3081
1941 3112
1941 3116
1941 3263
1942 3157
1942 3195
1942 3234
1942 3243
1942 3271
1942 3295
1943 3029
1943 3049
1943 3095
1943 3149
1943 3217
1944 3021
1944 3028
1944 3090
1944 3094
1944 3114
1944 3175
1944 3194
1944 3226
1945 3015
1945 3096
1945 3102
1945 3125
1945 3141
1945 3227
1946 3006
1946 3027
1946 3037
1946 3065
1946 3113
1946 3117
1946 3216
1947 3027
1947 3073
1947 3111
1947 3128
1947 3198
1948 3026
1948 3029
1948 3118
1948 3126
1948 3164
1948 3166
1948 3184
1948 3220
1949 3007
1949 3065
1949 3129
1949 3191
1950 3108
1950 3111
1950 3164
1950 3191
1950 3205
1951 3175
1951 3214
1951 3234
1951 3244
1951 3265
1952 3011
1952 3028
1952 3124
1952 3164
1952 3274
1953 3065
1953 3106
1953 3236
1953 3279
1953 3299
1954 3064
1954 3120
1954 3127
1954 3258
1955 3077
1955 3089
1955 3144
1955 3176
1955 3191
1956 3058
1956 3074
1956 3148
1956 3294
1957 3004
1957 3084
1957 3170
1957 3217
1957 3230
1958 3070
1958 3072
1958 3128
1958 3153
1959 3023
1959 3038
1959 3108
1959 3155
1959 3254
1960 3024
1960 3168
1960 3257
1961 3145
1961 3159
1961 3293
1962 3010
1962 3094
1962 3210
1963 3021
1963 3039
1963 3049
1963 3258
1964 3135
1964 3260
1964 3286
1965 3016
1965 3157
1965 3210
1966 3058
1966 3184
1966 3244
1966 3296
1967 3063
1967 3175
1968 3143
1968 3242
1969 3196
1970 3026
1970 3041
1970 3106
1970 3114
1970 3115
1970 3153
1970 3171
1970 3188
1970 3229
1970 3258
1971 3021
1971 3036
1971 3098
1971 3126
1971 3158
1971 3159
1971 3193
1971 3220
1972 3118
1972 3123
1972 3155
1972 3158
1972 3174
1972 3194
1972 3274
1973 3096
1973 3101
1973 3105
1973 3140
1973 3143
1973 3180
1973 3230
1973 3257
1973 3275
1974 3009
1974 3010
1974 3052
1974 3098
1974 3106
1974 3123
1974 3145
1974 3166
1974 3222
1974 3266
1975 3003
1975 3108
1975 3178
1975 3197
1975 3240
1975 3282
1976 3079
1976 3141
1976 3202
1976 3215
1976 3216
1976 3225
1976 3243
1976 3253
1976 3285
1977 3025
1977 3035
1977 3045
1977 3056
1977 3066
1977 3093
1977 3112
1977 3192
1977 3291
1978 3107
1978 3128
1978 3144
1978 3154
1978 3210
1978 3218
1978 3250
1979 3011
1979 3086
1979 3095
1979 3102
1979 3158
1979 3208
1979 3276
1980 3001
1980 3014
1980 3044
1980 3066
1980 3101
1980 3103
1980 3205
1981 3008
1981 3067
1981 3080
1981 3129
1981 3140
1981 3186
1982 3051
1982 3180
1982 3202
1982 3211
1982 3284
1982 3293
1983 3064
1983 3103
1983 3108
1983 3115
1983 3165
1983 3204
1983 3262
1984 3025
1984 3048
1984 3058
1984 3117
1984 3137
1984 3201
1984 3249
1984 3276
1985 3143
1985 3144
1985 3165
1985 3230
1986 3008
1986 3114
1986 3143
1986 3170
1986 3290
1987 3024
1987 3068
1987 3135
1987 3215
1987 3221
1988 3020
1988 3030
1988 3095
1988 3133
1988 3153
1988 3219
1988 3238
1989 3012
1989 3016
1989 3056
1989 3189
1989 3240
1989 3250
1990 3065
1990 3174
1990 3282
1990 3296
1991 3054
1991 3079
1991 3142
1991 3238
1991 3257
1992 3022
1992 3100
1992 3210
1992 3252
1993 3066
1993 3132
1993 3146
1993 3208
1993 3278
1994 3172
1994 3185
1995 3042
1995 3069
1995 3134
1995 3198
1995 3201
1996 3069
1996 3124
1996 3138
1996 3155
1996 3167
1997 3030
1997 3148
1997 3199
1998 3042
1998 3235
1998 3262
1999 3139
1999 3148
1999 3195
2000 3052
2000 3242
2001 3088
2001 3098
2001 3193
2002 3016
2002 3049
2002 3126
2002 3227
2003 3020
2003 3174
2003 3193
2004 3176
2004 3192
2004 3266
2005 3020
2005 3042
2005 3053
2005 3284
2006 3018
2006 3294
2007 3044
2007 3233
2008 3244
2008 3282
2009 3013
2009 3205
2010 3036
2010 3051
2010 3077
2010 3113
2010 3133
2010 3239
2010 3281
2011 3035
2011 3049
2011 3201
2011 3232
2011 3239
2012 3038
2012 3044
2012 3095
2012 3179
2012 3203
2012 3235
2013 3080
2013 3091
2013 3102
2013 3120
2013 3134
2013 3175
2013 3206
2013 3216
2014 3007
2014 3044
2014 3155
2014 3220
2014 3233
2015 3014
2015 3065
2015 3127
2015 3206
2015 3210
2015 3225
2015 3244
2016 3008
2016 3040
2016 3083
2016 3182
2016 3228
2016 3279
2016 3283
2017 3184
2017 3199
2017 3210
2017 3253
2017 3291
2018 3008
2018 3048
2018 3100
2018 3192
2018 3199
2018 3267
2019 3013
2019 3043
2019 3101
2019 3136
2019 3295
2020 3042
2020 3049
2020 3091
2020 3151
2020 3294
2021 3052
2021 3178
2021 3181
2022 3078
2022 3085
2022 3265
2022 3291
2023 3015
2023 3061
2023 3097
2024 3177
2024 3183
2024 3223
2024 3237
2024 3280
2025 3009
2025 3074
2025 3108
2025 3218
2026 3072
2026 3090
2026 3167
2026 3233
2026 3263
2027 3005
2027 3095
2027 3274
2027 3284
2027 3294
2028 3042
2028 3045
2028 3084
2028 3137
2028 3171
2029 3042
2029 3065
2029 3088
2029 3095
2029 3266
2030 3002
2030 3046
2030 3234
2031 3000
2031 3092
2031 3121
2031 3127
2031 3219
2032 3108
2032 3163
2032 3282
2033 3024
2033 3029
2033 3280
2034 3240
2035 3066
2035 3222
2036 3038
2036 3147
2037 3002
2037 3122
2037 3161
2037 3169
2037 3204
2037 3242
2037 3268
2038 3039
2038 3056
2038 3111
2038 3129
2038 3181
2038 3207
2038 3275
2039 3005
2039 3030
2039 3095
2039 3108
2039 3115
2039 3191
2039 3214
2039 3257
2040 3088
2040 3147
2040 3267
2041 3055
2041 3059
2041 3098
2041 3171
2041 3238
2041 3270
2042 3000
2042 3007
2042 3095
2042 3113
2042 3195
2042 3220
2043 3081
2043 3084
2043 3107
2043 3202
2043 3235
2043 3240
2043 3280
2044 3037
2044 3061
2044 3142
2044 3228
2045 3065
2045 3085
2045 3171
2045 3292
2046 3026
2046 3145
2046 3147
2046 3210
2046 3294
2047 3061
2047 3100
2047 3131
2047 3147
2047 3178
2047 3269
2048 3132
2048 3162
2048 3195
2048 3206
2048 3284
2049 3069
2049 3127
2049 3185
2049 3266
2050 3039
2050 3115
2050 3166
2050 3202
2050 3226
2050 3255
2051 3016
2051 3105
2051 3129
2051 3187
2052 3050
2052 3165
2052 3191
2052 3197
2052 3202
2052 3208
2053 3100
2053 3119
2053 3206
2053 3243
2054 3081
2054 3114
2054 3177
2054 3227
2055 3015
2055 3071
2055 3092
2055 3120
2055 3122
2056 3042
2056 3087
2056 3090
2056 3146
2056 3171
2056 3233
2057 3115
2057 3231
2057 3243
2058 3007
2058 3022
2058 3102
2058 3135
2059 3031
2059 3139
2059 3266
2060 3007
2060 3023
2060 3125
2060 3191
2061 3109
2061 3137
2061 3156
2062 3034
2062 3176
2063 3186
2063 3254
2064 3023
2065 3075
2065 3132
2066 3258
2067 3027
2067 3114
2067 3129
2067 3202
2067 3217
2067 3265
2067 3279
2068 3025
2068 3028
2068 3093
2068 3158
2068 3233
2069 3004
2069 3029
2069 3047
2069 3108
2069 3157
2069 3245
2069 3259
2069 3272
2070 3043
2070 3074
2070 3156
2070 3166
2070 3200
2070 3231
2071 3021
2071 3106
2071 3143
2071 3160
2071 3164
2071 3172
2072 3008
2072 3011
2072 3056
2072 3241
2072 3282
2073 3008
2073 3057
2073 3159
2073 3195
2073 3205
2073 3289
2074 3138
2074 3152
2074 3183
2074 3241
2075 3065
2075 3075
2075 3113
2075 3161
2075 3164
2075 3234
2075 3245
2076 3017
2076 3068
2076 3144
2076 3174
2076 3217
2076 3265
2077 3012
2077 3123
2078 3048
2078 3125
2078 3151
2078 3152
2078 3211
2078 3256
2079 3062
2079 3095
2079 3248
2079 3254
2079 3297
2080 3072
2080 3194
2080 3214
2081 3173
2081 3185
2081 3222
2081 3292
2082 3003
2082 3085
2082 3118
2082 3144
2083 3092
2083 3194
2083 3221
2083 3279
2083 3288
2084 3049
2084 3053
2084 3143
2084 3198
2085 3013
2085 3161
2085 3196
2086 3248
2086 3268
2086 3274
2086 3285
2087 3120
2087 3147
2087 3148
2088 3097
2088 3098
2088 3156
2088 3265
2089 3267
2089 3271
2090 3025
2090 3207
2090 3285
2091 3113
2091 3247
2092 3083
2092 3114
2092 3144
2093 3119
2093 3128
2093 3175
2093 3262
2094 3016
2094 3253
2094 3260
2095 3067
2095 3287
2096 3087
2097 3044
2097 3262
2098 3017
2101 3059
2102 3001
2102 3108
2102 3113
2102 3128
2102 3129
2102 3153
2102 3181
2103 3012
2103 3016
2103 3024
2103 3069
2103 3074
2103 3088
2103 3109
2103 3289
2103 3296
2104 3011
2104 3135
2104 3169
2104 3184
2104 3222
2104 3232
2104 3243
2104 3288
2105 3016
2105 3035
2105 3063
2105 3079
2105 3098
2105 3143
2105 3218
2105 3250
2106 3067
2106 3091
2106 3105
2106 3226
2106 3229
2107 3102
2107 3144
2107 3156
2107 3161
2107 3281
2108 3082
2108 3085
2108 3116
2108 3152
2108 3280
2109 3058
2109 3145
2109 3215
2109 3237
2109 3239
2110 3038
2110 3203
2110 3236
2110 3261
2111 3003
2111 3036
2111 3107
2112 3007
2112 3036
2112 3078
2112 3198
2113 3046
2113 3067
2113 3165
2114 3012
2115 3081
2115 3281
2116 3150
2116 3238
2116 3295
2117 3125
2117 3202
2117 3277
2118 3077
2118 3088
2118 3244
2119 3099
2119 3205
2119 3259
2120 3098
2120 3112
2121 3058
2122 3036
2122 3048
2123 3039
2123 3256
2124 3106
2125 3015
2125 3073
2125 3088
2125 3203
2125 3252
2125 3270
2126 3016
2126 3054
2126 3098
2126 3114
2126 3116
2126 3219
2126 3221
2127 3058
2127 3125
2127 3174
2127 3201
2127 3254
2127 3282
2127 3284
2128 3039
2128 3041
2128 3060
2128 3074
2128 3087
2128 3097
2128 3140
2128 3221
2128 3271
2129 3009
2129 3010
2129 3122
2129 3201
2129 3219
2129 3254
2129 3257
2130 3042
2130 3044
2130 3080
2130 3091
2130 3094
2130 3136
2130 3194
2130 3288
2131 3095
2131 3116
2131 3118
2131 3165
2131 3249
2132 3115
2132 3131
2132 3274
2133 3095
2133 3193
2133 3268
2133 3270
2133 3279
2134 3094
2134 3098
2134 3108
2134 3118
2134 3143
2134 3207
2135 3032
2135 3089
2135 3091
2135 3155
2135 3253
2135 3276
2136 3000
2136 3051
2136 3081
2136 3209
2136 3297
2137 3076
2137 3194
2137 3231
2137 3254
2137 3266
2137 3281
2137 3286
2138 3020
2138 3039
2138 3114
2138 3117
2138 3232
2138 3277
2139 3024
2139 3050
2139 3101
2139 3162
2139 3218
2139 3251
2140 3027
2140 3043
2140 3051
2140 3098
2140 3166
2140 3177
2140 3276
2141 3042
2141 3055
2141 3192
2141 3247
2142 3008
2142 3122
2142 3140
2142 3235
2143 3091
2143 3116
2143 3203
2143 3224
2144 3007
2144 3024
2144 3150
2144 3187
2144 3196
2145 3006
2145 3026
2145 3127
2145 3184
2145 3249
2145 3256
2146 3120
2146 3163
2146 3217
2146 3233
2146 3281
2147 3071
2147 3180
2147 3189
2147 3214
2148 3105
2148 3156
2148 3186
2148 3227
2148 3237
2148 3279
2149 3003
2149 3064
2149 3073
2149 3090
2149 3188
2149 3246
2150 3045
2150 3074
2150 3177
2150 3238
2151 3039
2151 3128
2151 3159
2151 3207
2151 3258
2151 3287
2152 3121
2152 3249
2152 3255
2153 3047
2153 3190
2153 3194
2153 3262
2154 3050
2154 3145
2154 3188
2154 3211
2154 3259
2155 3068
2155 3245
2155 3283
2155 3289
2156 3048
2156 3079
2156 3096
2156 3194
2157 3010
2157 3048
2157 3062
2157 3280
2158 3016
2158 3077
2158 3210
2158 3260
2159 3002
2159 3050
2159 3143
2159 3189
2159 3281
2160 3017
2160 3111
2160 3112
2160 3215
2161 3029
2162 3008
2162 3105
2162 3165
2163 3019
2163 3046
2164 3032
2164 3042
2164 3068
2164 3121
2164 3135
2164 3187
2164 3216
2165 3010
2165 3041
2165 3056
2165 3079
2165 3099
2165 3129
2165 3297
2166 3014
2166 3042
2166 3057
2166 3069
2166 3074
2166 3112
2166 3183
2167 3001
2167 3002
2167 3020
2167 3044
2167 3045
2167 3158
2167 3220
2168 3083
2168 3137
2168 3149
2168 3150
2168 3193
2168 3273
2169 3067
2169 3138
2169 3178
2169 3209
2169 3249
2169 3273
2170 3023
2170 3031
2170 3054
2170 3072
2170 3133
2170 3187
2170 3207
2171 3017
2171 3030
2171 3046
2171 3123
2171 3258
2171 3270
2171 3274
2172 3020
2172 3091
2172 3139
2172 3237
2172 3244
2173 3049
2173 3105
2173 3172
2174 3072
2174 3159
2174 3268
2174 3276
2175 3000
2175 3088
2175 3115
2175 3148
2175 3298
2176 3071
2176 3111
2176 3241
2176 3243
2177 3040
2177 3189
2178 3029
2178 3131
2178 3229
2179 3110
2179 3186
2179 3249
2179 3253
2180 3072
2180 3084
2180 3100
2180 3239
2181 3182
2181 3187
2181 3201
2181 3220
2182 3017
2182 3044
2182 3140
2182 3235
2183 3004
2183 3008
2183 3139
2184 3227
2184 3262
2185 3041
2185 3218
2186 3155
2186 3213
2187 3040
2187 3227
2189 3014
2189 3046
2189 3070
2189 3103
2189 3116
2189 3139
2189 3164
2189 3204
2189 3258
2189 3291
2190 3021
2190 3058
2190 3123
2190 3140
2190 3146
2190 3188
2190 3217
2190 3254
2190 3282
2191 3062
2191 3069
2191 3173
2191 3179
2191 3244
2192 3000
2192 3096
2192 3117
2192 3136
2192 3185
2192 3190
2192 3259
2192 3273
2193 3012
2193 3019
2193 3020
2193 3096
2193 3118
2193 3215
2193 3243
2193 3263
2194 3075
2194 3105
2194 3108
2194 3128
2194 3161
2194 3166
2194 3210
2194 3223
2194 3297
2195 3006
2195 3091
2195 3101
2195 3103
2195 3108
2195 3202
2195 3224
2195 3229
2195 3283
2195 3291
2196 3003
2196 3021
2196 3064
2196 3154
2196 3164
2196 3184
2196 3212
2196 3261
2197 3017
2197 3041
2197 3085
2197 3098
2197 3114
2197 3204
2198 3034
2198 3136
2198 3138
2198 3160
2198 3199
2198 3225
2198 3243
2199 3075
2199 3136
2199 3140
2199 3151
2200 3019
2200 3084
2200 3089
2200 3123
2200 3146
2200 3195
2200 3230
2201 3066
2201 3165
2201 3211
2201 3249
2201 3250
2202 3003
2202 3042
2202 3059
2202 3077
2202 3087
2202 3088
2202 3154
2202 3259
2203 3022
2203 3082
2203 3089
2203 3176
2203 3214
2203 3230
2203 3276
2204 3080
2204 3226
2204 3282
2204 3292
2205 3040
2205 3070
2205 3111
2205 3116
2205 3298
2206 3065
2206 3155
2206 3160
2206 3194
2206 3209
2207 3063
2207 3103
2207 3152
2207 3295
2208 3070
2208 3110
2208 3196
2208 3265
2209 3020
2209 3117
2209 3130
2209 3153
2209 3251
2209 3275
2210 3053
2210 3095
2210 3119
2210 3174
2211 3078
2211 3110
2211 3112
2211 3213
2211 3229
2212 3075
2212 3083
2212 3179
2213 3055
2213 3173
2213 3256
2213 3275
2213 3284
2214 3056
2214 3237
2214 3271
2215 3026
2215 3106
2215 3195
2216 3114
2217 3070
2217 3096
2217 3113
2217 3168
2218 3061
2218 3121
2218 3158
2218 3226
2219 3013
2219 3061
2219 3228
2219 3256
2220 3183
2220 3279
2220 3286
2221 3219
2221 3260
2221 3286
2222 3090
2222 3205
2222 3210
2222 3297
2223 3035
2223 3263
2224 3137
2224 3233
2225 3011
2226 3009
2226 3149
2226 3282
2227 3107
2228 3093
2228 3201
2229 3041
2229 3050
2229 3094
2229 3116
2229 3145
2229 3196
2229 3254
2229 3270
2230 3007
2230 3008
2230 3060
2230 3118
2230 3125
2230 3157
2230 3184
2230 3194
2230 3201
2230 3211
2231 3042
2231 3158
2231 3160
2231 3277
2231 3287
2232 3023
2232 3034
2232 3166
2232 3255
2232 3260
2232 3299
2233 3008
2233 3108
2233 3121
2233 3158
2233 3162
2233 3249
2233 3296
2234 3051
2234 3122
2234 3161
2234 3175
2234 3217
2234 3238
2234 3268
2235 3135
2235 3232
2235 3276
2236 3154
2236 3163
2236 3198
2237 3040
2237 3094
2237 3210
2237 3247
2237 3287
2238 3007
2238 3029
2238 3036
2238 3057
2238 3218
2238 3221
2238 3266
2239 3049
2239 3092
2239 3127
2239 3285
2240 3013
2240 3032
2240 3062
2240 3129
2240 3207
2240 3259
2241 3076
2241 3099
2241 3120
2241 3218
2241 3258
2242 3012
2242 3035
2242 3142
2242 3212
2242 3278
2242 3284
2243 3006
2243 3014
2243 3133
2243 3162
2243 3242
2244 3019
2244 3126
2244 3164
2244 3165
2244 3179
2244 3277
2245 3009
2245 3075
2245 3078
2245 3162
2245 3231
2246 3076
2246 3087
2246 3104
2246 3252
2247 3014
2247 3039
2248 3029
2248 3102
2248 3197
2248 3289
2249 3013
2249 3035
2249 3191
2250 3027
2250 3032
2250 3088
2250 3260
2251 3037
2251 3152
2251 3220
2251 3296
2252 3047
2252 3075
2252 3269
2253 3004
2253 3038
2253 3173
2253 3190
2254 3120
2254 3145
2254 3175
2254 3180
2254 3248
2255 3057
2255 3170
2256 3203
2256 3274
2257 3053
2257 3100
2257 3157
2258 3295
2259 3160
2260 3009
2260 3019
2260 3044
2260 3075
2260 3080
2260 3121
2260 3167
2260 3176
2260 3193
2260 3244
2261 3082
2261 3091
2261 3117
2261 3147
2261 3181
2262 3072
2262 3099
2262 3107
2262 3168
2262 3178
2262 3210
2262 3224
2262 3259
2263 3052
2263 3086
2263 3104
2263 3153
2263 3198
2263 3218
2263 3280
2264 3012
2264 3114
2264 3164
2264 3191
2264 3247
2264 3256
2265 3002
2265 3100
2265 3205
2265 3265
2265 3291
2266 3018
2266 3052
2266 3090
2266 3101
2266 3178
2266 3237
2266 3269
2266 3295
2267 3049
2267 3132
2267 3166
2267 3201
2267 3212
2267 3217
2267 3236
2267 3270
2268 3045
2268 3090
2268 3102
2268 3228
2268 3278
2269 3062
2269 3064
2269 3127
2269 3271
2269 3276
2270 3009
2270 3076
2270 3088
2270 3179
2270 3228
2271 3103
2271 3190
2271 3199
2271 3204
2271 3250
2271 3281
2272 3090
2272 3100
2272 3268
2273 3004
2273 3139
2273 3150
2273 3176
2273 3197
2273 3268
2274 3059
2274 3076
2274 3092
2274 3102
2274 3128
2274 3171
2275 3117
2275 3262
2276 3015
2276 3247
2276 3274
2277 3003
2277 3193
2277 3279
2277 3295
2278 3061
2278 3164
2278 3204
2278 3278
2279 3096
2279 3150
2279 3184
2279 3233
2279 3254
2280 3001
2280 3205
2280 3219
2280 3298
2281 3140
2281 3173
2281 3208
2281 3229
2281 3288
2282 3119
2282 3180
2283 3121
2283 3199
2283 3279
2283 3281
2283 3292
2284 3167
2284 3219
2284 3241
2284 3282
2285 3174
2285 3288
2285 3290
2286 3092
2286 3193
2286 3234
2286 3255
2287 3031
2287 3085
2288 3093
2288 3193
2288 3285
2289 3092
2289 3120
2289 3281
2289 3290
2290 3010
2290 3204
2290 3272
2291 3056
2291 3108
2291 3148
2292 3113
2292 3206
2293 3018
2293 3138
2293 3243
2294 3075
2294 3234
2295 3097
2295 3128
2295 3134
2295 3154
2295 3166
2295 3219
2295 3225
2295 3231
2295 3243
2296 3021
2296 3041
2296 3056
2296 3068
2296 3122
2296 3195
2296 3196
2296 3240
2297 3027
2297 3041
2297 3169
2297 3192
2297 3239
2297 3284
2297 3294
2298 3050
2298 3085
2298 3121
2298 3124
2298 3208
2298 3222
2298 3245
2299 3043
2299 3145
2299 3250
2300 3001
2300 3030
2300 3049
2300 3116
2300 3279
2301 3022
2301 3046
2301 3171
2301 3279
2301 3287
2302 3146
2302 3182
2302 3194
2302 3208
2302 3247
2302 3269
2302 3290
2303 3000
2303 3078
2303 3122
2303 3149
2303 3208
2303 3221
2304 3114
2304 3225
2304 3243
2304 3252
2304 3263
2305 3047
2305 3123
2305 3195
2305 3277
2305 3285
2306 3051
2306 3052
2306 3081
2306 3150
2306 3153
2306 3235
2307 3048
2307 3099
2307 3174
2307 3182
2308 3010
2308 3027
2308 3185
2308 3240
2309 3144
2309 3152
2309 3197
2310 3087
2310 3146
2310 3185
2311 3153
2311 3232
2311 3265
2312 3033
2312 3072
2312 3201
2312 3235
2313 3179
2313 3192
2313 3219
2313 3291
2314 3109
2314 3205
2315 3068
2315 3137
2315 3285
2316 3000
2316 3220
2317 3035
2317 3155
2318 3078
2318 3219
2319 3067
2320 3031
2320 3069
2320 3074
2320 3088
2320 3094
2320 3183
2320 3201
2320 3232
2320 3292
2321 3008
2321 3068
2321 3074
2321 3095
2321 3108
2321 3190
2321 3228
2321 3270
2322 3016
2322 3030
2322 3115
2322 3276
2322 3284
2322 3287
2323 3009
2323 3080
2323 3148
2323 3159
2323 3209
2323 3235
2323 3261
2324 3018
2324 3025
2324 3028
2324 3054
2324 3091
2324 3202
2324 3260
2324 3270
2325 3046
2325 3086
2325 3131
2325 3137
2325 3197
2326 3016
2326 3047
2326 3099
2326 3115
2326 3161
2326 3179
2326 3229
2327 3064
2327 3087
2327 3117
2327 3225
2327 3264
2328 3005
2328 3033
2328 3101
2328 3147
2329 3027
2329 3050
2329 3071
2329 3246
2330 3032
2330 3038
2330 3048
2330 3158
2330 3191
2330 3281
2331 3002
2331 3037
2331 3053
2331 3093
2331 3137
2331 3175
2331 3254
2332 3048
2332 3075
2332 3184
2332 3218
2333 3068
2333 3075
2333 3096
2333 3136
2333 3194
2334 3058
2334 3102
2334 3105
2334 3112
2334 3220
2335 3050
2335 3059
2335 3152
2335 3199
2335 3268
2335 3273
2336 3079
2336 3096
2336 3186
2336 3198
2337 3034
2337 3049
2337 3078
2337 3080
2337 3186
2338 3006
2338 3098
2338 3151
2338 3176
2339 3035
2339 3115
2339 3157
2339 3265
2340 3173
2340 3179
2341 3022
2341 3211
2341 3297
2342 3145
2342 3269
2342 3298
2343 3170
2343 3262
2343 3299
2344 3062
2344 3109
2345 3011
2345 3073
2345 3210
2346 3116
2346 3117
2347 3000
2347 3062
2347 3280
2348 3114
2348 3261
2349 3098
2349 3262
2349 3295
2350 3175
2351 3216
2351 3217
2352 3044
2352 3292
2353 3023
2353 3037
2353 3050
2353 3075
2353 3077
2353 3168
2353 3179
2353 3184
2353 3196
2353 3197
2353 3198
2353 3219
2353 3239
2354 3063
2354 3092
2354 3130
2354 3254
2354 3280
2354 3281
2354 3296
2355 3028
2355 3038
2355 3068
2355 3088
2355 3110
2355 3118
2355 3134
2355 3262
2355 3276
2356 3077
2356 3083
2356 3120
2356 3150
2356 3216
2356 3241
2356 3299
2357 3016
2357 3036
2357 3157
2357 3184
2357 3272
2357 3286
2357 3292
2358 3020
2358 3112
2358 3127
2358 3179
2358 3194
2358 3244
2358 3293
2359 3001
2359 3087
2359 3104
2359 3208
2359 3288
2360 3102
2360 3120
2360 3168
2360 3205
2360 3243
2361 3052
2361 3088
2361 3129
2361 3170
2361 3216
2362 3036
2362 3092
2362 3169
2362 3206
2363 3120
2363 3180
2363 3221
2363 3230
2363 3291
2363 3293
2364 3062
2364 3087
2364 3108
2364 3135
2364 3171
2364 3245
2365 3011
2365 3033
2365 3122
2365 3137
2365 3233
2365 3283
2366 3029
2366 3051
2366 3190
2366 3242
2366 3276
2367 3002
2367 3096
2367 3229
2367 3230
2367 3236
2367 3247
2368 3054
2368 3060
2368 3165
2368 3181
2368 3216
2368 3229
2369 3024
2369 3176
2369 3199
2369 3241
2370 3175
2370 3182
2370 3253
2371 3092
2371 3252
2371 3261
2372 3039
2372 3074
2372 3112
2372 3212
2372 3288
2373 3035
2373 3143
2373 3164
2373 3256
2374 3027
2374 3045
2374 3071
2374 3157
2374 3259
2375 3023
2375 3107
2375 3202
2375 3219
2376 3033
2376 3044
2376 3265
2377 3016
2377 3080
2377 3170
2378 3136
2378 3152
2378 3245
2379 3100
2379 3210
2380 3023
2380 3125
2380 3134
2380 3260
2381 3063
2381 3066
2382 3214
2382 3219
2383 3027
2383 3252
2383 3264
2384 3030
2384 3251
2385 3004
2386 3010
2386 3021
2386 3115
2386 3295
2386 3298
2387 3044
2387 3047
2387 3106
2387 3196
2387 3211
2387 3287
2388 3018
2388 3034
2388 3035
2388 3050
2388 3087
2388 3109
2388 3133
2388 3196
2389 3062
2389 3072
2389 3147
2389 3171
2389 3185
2389 3187
2389 3261
2389 3265
2390 3026
2390 3108
2390 3124
2390 3129
2390 3138
2391 3027
2391 3035
2391 3091
2391 3220
2391 3226
2391 3246
2391 3287
2391 3289
2392 3040
2392 3126
2392 3145
2392 3149
2392 3179
2392 3183
2392 3211
2392 3294
2393 3032
2393 3047
2393 3079
2393 3239
2394 3075
2394 3088
2394 3170
2394 3237
2394 3273
2394 3276
2395 3066
2395 3098
2395 3107
2395 3113
2395 3288
2395 3293
2396 3024
2396 3042
2396 3089
2396 3174
2397 3024
2397 3071
2397 3202
2397 3228
2397 3259
2397 3290
2398 3100
2398 3172
2398 3180
2398 3200
2399 3007
2399 3160
2399 3203
2399 3277
2400 3044
2400 3092
2400 3217
2400 3264
2401 3043
2401 3045
2401 3137
2401 3181
2401 3218
2401 3265
2402 3002
2402 3027
2402 3121
2402 3172
2402 3241
2403 3180
2403 3278
2404 3093
2404 3116
2404 3215
2404 3271
2404 3297
2405 3000
2405 3069
2405 3091
2405 3142
2405 3170
2405 3227
2406 3014
2406 3168
2406 3240
2406 3250
2406 3276
2407 3160
2407 3226
2407 3278
2408 3044
2408 3052
2409 3125
2409 3145
2409 3151
2409 3153
2409 3283
2410 3122
2410 3129
2410 3156
2410 3188
2410 3215
2411 3049
2411 3101
2411 3123
2411 3295
2412 3019
2412 3063
2412 3153
2412 3181
2412 3252
2413 3009
2413 3017
2413 3029
2413 3202
2413 3236
2414 3111
2414 3222
2414 3228
2414 3251
2414 3255
2415 3011
2415 3144
2415 3191
2415 3283
2416 3028
2416 3188
2416 3195
2416 3259
2417 3059
2417 3077
2417 3143
2417 3152
2418 3072
2418 3140
2418 3198
2418 3299
2419 3019
2420 3074
2420 3166
2421 3021
2421 3093
2422 3008
2422 3011
2422 3068
2422 3085
2422 3100
2422 3148
2422 3209
2422 3233
2422 3268
2423 3063
2423 3070
2423 3137
2423 3146
2423 3215
2423 3252
2423 3272
2424 3009
2424 3041
2424 3086
2424 3094
2424 3182
2424 3201
2424 3232
2424 3236
2424 3242
2425 3037
2425 3101
2425 3105
2425 3107
2425 3156
2425 3200
2425 3264
2426 3068
2426 3126
2426 3134
2426 3150
2426 3154
2426 3174
2427 3099
2427 3104
2427 3107
2427 3126
2427 3136
2427 3149
2427 3165
2428 3041
2428 3064
2428 3067
2428 3069
2428 3115
2428 3119
2428 3129
2429 3073
2429 3168
2429 3180
2429 3293
2430 3088
2430 3093
2430 3103
2430 3108
2430 3111
2430 3205
2430 3291
2431 3002
2431 3146
2431 3166
2431 3230
2431 3291
2431 3297
2432 3043
2432 3065
2432 3173
2432 3240
2433 3139
2433 3218
2433 3220
2433 3227
2433 3256
2433 3273
2434 3011
2434 3033
2434 3058
2434 3061
2434 3127
2434 3140
2434 3234
2435 3007
2435 3113
2435 3284
2435 3299
2436 3045
2436 3086
2436 3135
2436 3287
2436 3299
2437 3107
2437 3131
2437 3138
2437 3162
2437 3221
2437 3267
2438 3037
2438 3038
2438 3134
2438 3193
2438 3253
2439 3043
2439 3067
2439 3138
2439 3160
2439 3174
2439 3202
2440 3037
2440 3109
2440 3163
2440 3182
2440 3247
2441 3020
2441 3048
2441 3056
2441 3129
2441 3283
2442 3021
2442 3073
2442 3153
2443 3051
2443 3214
2443 3224
2443 3268
2443 3291
2444 3041
2444 3070
2444 3131
2444 3218
2444 3241
2445 3080
2445 3129
2445 3195
2445 3217
2446 3027
2446 3033
2446 3093
2446 3265
2447 3024
2447 3089
2447 3222
2447 3246
2447 3270
2448 3066
2448 3097
2448 3281
2448 3289
2449 3108
2449 3128
2449 3142
2450 3125
2450 3159
2451 3009
2451 3023
2451 3109
2451 3232
2452 3046
2452 3092
2452 3205
2453 3055
2453 3207
2454 3175
2454 3273
2455 3029
2455 3126
2456 3026
2456 3073
2456 3111
2456 3203
2456 3214
2456 3221
2456 3227
2456 3234
2456 3290
2457 3001
2457 3010
2457 3033
2457 3100
2457 3170
2457 3195
2457 3208
2458 3026
2458 3048
2458 3129
2458 3148
2458 3150
2458 3225
2458 3240
2459 3010
2459 3076
2459 3185
2459 3221
2459 3224
2459 3288
2459 3299
2460 3002
2460 3061
2460 3089
2460 3175
2460 3278
2461 3062
2461 3204
2461 3230
2461 3241
2461 3275
2461 3282
2462 3019
2462 3037
2462 3042
2462 3093
2462 3137
2462 3183
2463 3019
2463 3040
2463 3055
2463 3059
2464 3128
2464 3129
2464 3235
2464 3240
2464 3258
2465 3021
2465 3025
2465 3122
2465 3147
2465 3165
2466 3022
2466 3117
2466 3193
2466 3238
2467 3011
2467 3167
2467 3209
2468 3026
2468 3131
2468 3134
2468 3155
2468 3179
2469 3005
2469 3084
2469 3173
2469 3297
2470 3093
2470 3114
2470 3156
2470 3287
2471 3008
2471 3022
2471 3064
2471 3158
2471 3190
2472 3097
2472 3113
2472 3168
2472 3291
2473 3254
2473 3269
2473 3296
2473 3297
2474 3092
2474 3212
2474 3264
2474 3291
2475 3057
2475 3183
2475 3212
2475 3220
2476 3127
2476 3160
2477 3128
2477 3199
2478 3048
2478 3150
2478 3151
2479 3022
2479 3075
2480 3013
2480 3079
2480 3226
2480 3239
2481 3123
2481 3144
2481 3166
2481 3266
2482 3057
2482 3205
2482 3232
2482 3287
2483 3078
2483 3142
2483 3186
2483 3261
2484 3041
2484 3154
2485 3036
2485 3081
2485 3086
2485 3101
2485 3108
2485 3159
2485 3205
2485 3233
2485 3245
2485 3282
2486 3007
2486 3080
2486 3094
2486 3114
2486 3130
2487 3011
2487 3102
2487 3117
2487 3124
2487 3149
2487 3189
2487 3268
2487 3283
2488 3049
2488 3071
2488 3103
2488 3161
2488 3164
2489 3021
2489 3051
2489 3114
2489 3236
2489 3269
2489 3275
2490 3017
2490 3045
2490 3101
2490 3189
2491 3029
2491 3048
2491 3087
2491 3221
2491 3257
2492 3022
2492 3045
2492 3096
2492 3127
2492 3261
2492 3285
2493 3011
2493 3023
2493 3148
2493 3181
2493 3189
2493 3290
2494 3050
2494 3109
2494 3116
2494 3147
2494 3224
2494 3233
2494 3295
2495 3050
2495 3072
2495 3079
2495 3085
2495 3261
2496 3008
2496 3063
2496 3128
2496 3132
2496 3140
2496 3188
2497 3014
2497 3050
2497 3107
2497 3170
2497 3210
2497 3238
2497 3241
2498 3089
2498 3127
2498 3141
2498 3254
2498 3265
2498 3298
2499 3017
2499 3055
2499 3061
2499 3197
2499 3296
2500 3023
2500 3057
2500 3169
2500 3240
2500 3274
2501 3095
2501 3179
2501 3297
2502 3063
2502 3074
2502 3194
2502 3224
2503 3014
2503 3016
2503 3094
2503 3227
2503 3269
2504 3054
2504 3130
2504 3146
2505 3117
2505 3142
2505 3200
2505 3231
2506 3010
2506 3148
2506 3241
2506 3256
2506 3297
2507 3084
2507 3086
2507 3203
2507 3280
2507 3295
2508 3028
2508 3132
2508 3170
2508 3285
2509 3014
2510 3010
2510 3085
2510 3166
2511 3040
2511 3105
2512 3058
2512 3081
2512 3096
2513 3005
2513 3284
2514 3059
2514 3203
2515 3052
2515 3058
2515 3149
2515 3261
2516 3031
2516 3177
2517 3055
2517 3154
2517 3294
2518 3209
2518 3260
2518 3279
2519 3087
2519 3114
2520 3009
2520 3016
2520 3025
2520 3044
2520 3142
2520 3167
2520 3173
2521 3008
2521 3139
2521 3190
2521 3196
2521 3216
2521 3258
2522 3009
2522 3010
2522 3013
2522 3064
2522 3100
2522 3218
2522 3293
2523 3001
2523 3025
2523 3091
2523 3100
2523 3154
2523 3202
2523 3261
2524 3016
2524 3057
2524 3131
2524 3147
2524 3221
2524 3231
2524 3253
2525 3009
2525 3031
2525 3069
2525 3121
2525 3224
2525 3237
2526 3032
2526 3035
2526 3056
2526 3282
2526 3287
2527 3002
2527 3105
2527 3164
2527 3166
2527 3198
2527 3219
2528 3009
2528 3049
2528 3196
2528 3255
2529 3035
2529 3109
2529 3146
2529 3166
2529 3184
2530 3011
2530 3057
2530 3086
2530 3125
2531 3077
2531 3102
2531 3172
2531 3177
2531 3199
2532 3143
2532 3275
2532 3293
2532 3296
2533 3025
2533 3141
2533 3274
2534 3032
2534 3116
2534 3120
2534 3250
2534 3278
2535 3228
2535 3286
2536 3144
2536 3287
2537 3110
2537 3115
2537 3120
2537 3251
2538 3014
2538 3254
2539 3083
2539 3137
2539 3247
2539 3257
2540 3285
2540 3287
2541 3048
2541 3289
2542 3158
2542 3251
2543 3180
2544 3083
2544 3245
2545 3038
2545 3287
2546 3234
2548 3114
2549 3036
2549 3093
2549 3161
2549 3271
2550 3064
2550 3087
2550 3171
2550 3181
2550 3194
2550 3284
2551 3028
2551 3045
2551 3076
2551 3226
2551 3283
2552 3032
2552 3035
2552 3087
2552 3122
2552 3131
2552 3260
2553 3031
2553 3110
2553 3112
2553 3113
2553 3122
2553 3131
2553 3149
2554 3013
2554 3079
2554 3144
2554 3215
2554 3224
2554 3225
2555 3060
2555 3099
2555 3191
2555 3257
2555 3258
2555 3299
2556 3016
2556 3090
2556 3190
2556 3191
2556 3232
2556 3245
2556 3248
2556 3296
2557 3038
2557 3056
2557 3070
2557 3188
2557 3240
2557 3248
2557 3268
2558 3059
2558 3064
2558 3157
2558 3181
2558 3211
2558 3257
2559 3113
2559 3156
2559 3161
2560 3050
2560 3145
2560 3193
2561 3106
2561 3120
2561 3128
2561 3199
2561 3221
2562 3122
2562 3134
2562 3146
2562 3199
2563 3180
2563 3213
2563 3252
2564 3024
2564 3050
2564 3143
2564 3162
2564 3260
2565 3046
2565 3115
2565 3178
2565 3286
2566 3031
2566 3037
2566 3150
2566 3240
2566 3270
2566 3299
2567 3107
2567 3117
2567 3135
2567 3142
2567 3226
2567 3242
2568 3001
2568 3025
2568 3107
2568 3112
2568 3256
2568 3297
2569 3087
2569 3096
2569 3193
2570 3013
2570 3086
2570 3231
2570 3270
2571 3029
2571 3039
2571 3065
2571 3183
2572 3071
2572 3196
2572 3201
2573 3028
2573 3100
2574 3006
2574 3060
2575 3090
2575 3262
2576 3030
2576 3123
2576 3274
2577 3105
2577 3162
2578 3034
2578 3236
2578 3241
2580 3009
2580 3018
2580 3025
2580 3037
2580 3039
2580 3105
2580 3198
2580 3203
2580 3227
2580 3273
2581 3008
2581 3015
2581 3051
2581 3085
2581 3110
2581 3142
2581 3146
2581 3198
2582 3002
2582 3019
2582 3116
2582 3171
2582 3207
2582 3219
2582 3268
2582 3278
2583 3054
2583 3062
2583 3096
2583 3215
2583 3218
2583 3220
2583 3249
2583 3279
2584 3046
2584 3064
2584 3079
2584 3145
2584 3149
2584 3198
2585 3069
2585 3138
2585 3190
2585 3193
2586 3024
2586 3064
2586 3236
2586 3245
2586 3298
2587 3197
2587 3221
2587 3235
2587 3251
2587 3264
2587 3269
2588 3015
2588 3106
2588 3241
2588 3251
2588 3281
2589 3016
2589 3041
2589 3088
2589 3221
2590 3082
2590 3280
2590 3287
2590 3288
2591 3020
2591 3096
2591 3125
2591 3145
2591 3276
2592 3003
2592 3131
2592 3151
2592 3265
2593 3118
2593 3127
2593 3228
2593 3262
2594 3174
2594 3247
2594 3288
2595 3028
2595 3087
2595 3106
2595 3277
2596 3046
2596 3055
2596 3157
2597 3050
2597 3068
2597 3196
2597 3221
2598 3070
2598 3147
2598 3224
2599 3226
2599 3275
2599 3285
2599 3293
2600 3013
2600 3126
2600 3167
2600 3203
2601 3035
2601 3036
2601 3289
2602 3102
2602 3114
2602 3253
2603 3035
2603 3052
2603 3084
2604 3083
2604 3238
2605 3087
2605 3199
2606 3111
2606 3172
2607 3025
2607 3083
2607 3126
2608 3207
2609 3047
2610 3035
2610 3059
2610 3062
2610 3130
2610 3153
2610 3229
2610 3251
2611 3006
2611 3046
2611 3122
2611 3143
2611 3198
2611 3297
2612 3005
2612 3025
2612 3141
2612 3158
2612 3229
2612 3244
2613 3064
2613 3188
2613 3278
2613 3289
2614 3076
2614 3082
2614 3139
2614 3140
2614 3179
2615 3013
2615 3095
2615 3189
2615 3226
2615 3242
2616 3023
2616 3050
2616 3095
2616 3201
2616 3213
2616 3223
2617 3004
2617 3056
2617 3089
2617 3116
2617 3124
2617 3133
2618 3065
2618 3289
2619 3028
2619 3183
2619 3223
2619 3254
2620 3058
2620 3105
2620 3114
2620 3121
2620 3140
2621 3018
2621 3060
2621 3098
2621 3117
2621 3140
2622 3006
2622 3171
2622 3197
2622 3225
2623 3158
2623 3190
2623 3214
2623 3282
2624 3115
2624 3140
2624 3205
2624 3297
2625 3079
2625 3268
2626 3049
2626 3108
2626 3247
2627 3049
2628 3037
2628 3075
2628 3093
2628 3135
2629 3023
2629 3201
2629 3295
2630 3120
2630 3200
2630 3272
2631 3036
2631 3098
2633 3027
2633 3133
2634 3000
2634 3038
2634 3072
2634 3081
2634 3179
2634 3282
2635 3014
2635 3039
2635 3138
2635 3184
2635 3195
2635 3255
2636 3024
2636 3082
2636 3085
2636 3116
2636 3159
2636 3210
2636 3241
2636 3249
2636 3265
2637 3010
2637 3048
2637 3087
2637 3191
2637 3238
2637 3256
2638 3082
2638 3091
2638 3105
2638 3120
2639 3019
2639 3040
2639 3136
2639 3145
2639 3190
2639 3193
2640 3007
2640 3019
2640 3055
2640 3100
2640 3115
2640 3118
2640 3210
2641 3120
2641 3159
2641 3253
2641 3254
2641 3260
2642 3004
2642 3162
2642 3202
2642 3277
2643 3109
2643 3214
2644 3156
2644 3171
2645 3001
2645 3002
2645 3062
2645 3127
2645 3213
2646 3023
2646 3129
2646 3177
2646 3189
2647 3104
2647 3179
2647 3181
2647 3235
2648 3072
2648 3139
2648 3156
2648 3179
2648 3231
2649 3134
2649 3157
2649 3203
2649 3211
2650 3054
2650 3279
2650 3288
2651 3076
2651 3259
2652 3149
2652 3218
2652 3246
2652 3281
2653 3028
2653 3039
2653 3051
2654 3041
2654 3199
2655 3056
2655 3150
2656 3134
2656 3180
2657 3045
2658 3128
2658 3230
2658 3264
2659 3219
2659 3266
2660 3008
2661 3016
2661 3050
2661 3063
2661 3108
2661 3130
2661 3146
2661 3151
2661 3212
2661 3231
2661 3233
2662 3008
2662 3029
2662 3050
2662 3053
2662 3073
2662 3093
2662 3094
2662 3238
2663 3017
2663 3036
2663 3078
2663 3130
2663 3192
2663 3219
2663 3252
2663 3282
2664 3080
2664 3118
2664 3165
2664 3217
2664 3219
2664 3228
2664 3254
2664 3278
2665 3012
2665 3020
2665 3101
2665 3172
2665 3186
2666 3046
2666 3079
2666 3113
2666 3223
2666 3224
2666 3241
2666 3286
2667 3035
2667 3081
2667 3109
2667 3173
2667 3180
2667 3198
2667 3242
2667 3255
2668 3018
2668 3132
2668 3291
2669 3028
2669 3048
2669 3089
2669 3119
2669 3134
2669 3174
2669 3265
2670 3084
2670 3143
2670 3146
2670 3191
2670 3204
2670 3233
2670 3281
2671 3057
2671 3143
2671 3153
2671 3196
2671 3283
2671 3293
2672 3179
2672 3183
2672 3270
2673 3047
2673 3055
2673 3109
2673 3171
2673 3172
2673 3241
2674 3038
2674 3100
2674 3192
2674 3237
2674 3292
2675 3050
2675 3095
2675 3115
2675 3145
2675 3272
2676 3046
2676 3060
2676 3131
2676 3202
2677 3085
2677 3193
2677 3284
2678 3099
2678 3275
2678 3298
2679 3030
2679 3058
2679 3117
2679 3258
2680 3013
2680 3055
2680 3126
2680 3131
2680 3238
2681 3017
2681 3092
2681 3214
2681 3261
2682 3017
2682 3166
2682 3244
2682 3286
2683 3006
2683 3269
2684 3030
2684 3200
2684 3214
2684 3272
2685 3083
2685 3235
2686 3096
2686 3118
2686 3186
2687 3141
2687 3197
2689 3008
2689 3224
2691 3076
2691 3098
2691 3151
2691 3156
2691 3158
2691 3212
2691 3215
2691 3242
2692 3013
2692 3019
2692 3056
2692 3083
2692 3130
2692 3138
2692 3185
2692 3196
2692 3263
2692 3266
2693 3072
2693 3092
2693 3115
2693 3211
2693 3216
2693 3246
2693 3253
2693 3260
2694 3056
2694 3102
2694 3192
2694 3195
2694 3229
2694 3231
2694 3282
2695 3014
2695 3072
2695 3075
2695 3193
2695 3260
2695 3268
2695 3295
2696 3038
2696 3051
2696 3055
2696 3069
2696 3095
2696 3114
2696 3285
2697 3090
2697 3098
2697 3143
2697 3189
2697 3215
2697 3216
2698 3054
2698 3104
2698 3166
2698 3191
2698 3292
2698 3299
2699 3022
2699 3026
2699 3194
2699 3206
2699 3220
2699 3294
2700 3031
2700 3050
2700 3128
2700 3194
2701 3041
2701 3058
2701 3063
2701 3111
2701 3117
2701 3156
2701 3287
2702 3025
2702 3032
2702 3107
2702 3110
2702 3182
2702 3195
2702 3199
2703 3073
2703 3168
2703 3223
2703 3271
2704 3002
2704 3007
2704 3065
2704 3068
2704 3100
2704 3219
2704 3253
2705 3019
2705 3114
2705 3189
2705 3253
2705 3291
2706 3057
2706 3067
2706 3197
2706 3254
2707 3155
2707 3189
2707 3234
2708 3215
2709 3099
2709 3226
2709 3227
2710 3000
2710 3039
2710 3242
2710 3243
2710 3295
2711 3151
2711 3172
2712 3000
2712 3122
2712 3209
2712 3246
2713 3003
2713 3074
2713 3195
2713 3221
2714 3220
2714 3267
2714 3296
2715 3011
2715 3015
2715 3277
2715 3290
2716 3029
2716 3047
2716 3052
2716 3111
2716 3124
2717 3088
2717 3186
2717 3192
2717 3262
2718 3049
2718 3154
2718 3191
2718 3197
2718 3246
2719 3112
2719 3209
2720 3002
2720 3013
2720 3275
2721 3115
2721 3119
2721 3199
2721 3294
2722 3054
2722 3150
2722 3269
2723 3134
2723 3136
2723 3276
2724 3137
2725 3021
2725 3115
2726 3166
2727 3095
2729 3006
2729 3020
2729 3087
2729 3130
2729 3142
2729 3152
2729 3200
2729 3224
2729 3245
2729 3279
2730 3045
2730 3098
2730 3141
2730 3149
2730 3155
2730 3163
2730 3165
2730 3225
2731 3027
2731 3037
2731 3051
2731 3108
2731 3163
2731 3299
2732 3067
2732 3089
2732 3116
2732 3153
2732 3199
2732 3247
2732 3292
2733 3111
2733 3118
2733 3128
2733 3158
2733 3172
2733 3227
2734 3006
2734 3030
2734 3050
2734 3127
2734 3197
2734 3244
2734 3251
2734 3281
2735 3012
2735 3015
2735 3062
2735 3083
2735 3145
2735 3264
2736 3023
2736 3033
2736 3072
2736 3107
2736 3286
2737 3020
2737 3054
2737 3097
2737 3199
2737 3203
2737 3208
2738 3073
2738 3076
2738 3187
2738 3231
2738 3278
2738 3289
2739 3009
2739 3022
2739 3053
2739 3113
2739 3203
2740 3001
2740 3033
2740 3066
2740 3115
2740 3170
2740 3215
2741 3001
2741 3031
2741 3185
2741 3199
2741 3255
2741 3258
2742 3176
2742 3219
2742 3240
2743 3168
2743 3175
2743 3261
2743 3282
2744 3042
2744 3087
2744 3123
2744 3131
2744 3237
2745 3031
2745 3076
2745 3246
2745 3269
2746 3040
2746 3055
2746 3091
2746 3106
2746 3234
2747 3078
2747 3114
2747 3178
2747 3191
2747 3199
2748 3036
2748 3039
2748 3051
2748 3056
2748 3139
2749 3056
2749 3088
2749 3179
2749 3226
2749 3285
2750 3045
2750 3129
2750 3255
2751 3011
2751 3111
2751 3184
2751 3202
2752 3061
2752 3107
2753 3009
2753 3062
2753 3143
2753 3231
2754 3068
2754 3158
2754 3272
2754 3276
2754 3291
2755 3122
2755 3128
2756 3106
2756 3150
2756 3184
2756 3216
2756 3254
2757 3124
2757 3167
2757 3266
2758 3137
2758 3138
2758 3228
2758 3263
2759 3006
2759 3008
2759 3222
2760 3177
2760 3265
2761 3082
2761 3207
2761 3210
2761 3241
2762 3104
2762 3176
2763 3172
2763 3173
2763 3245
2764 3263
2764 3299
2765 3061
2766 3060
2766 3078
2766 3093
2766 3102
2766 3142
2766 3181
2766 3265
2766 3275
2767 3025
2767 3094
2767 3119
2767 3183
2767 3258
2767 3259
2768 3046
2768 3084
2768 3115
2768 3143
2768 3157
2768 3159
2768 3218
2768 3265
2769 3010
2769 3065
2769 3066
2769 3234
2769 3278
2769 3284
2770 3071
2770 3073
2770 3093
2770 3100
2770 3147
2770 3168
2770 3182
2770 3233
2770 3253
2771 3102
2771 3132
2771 3197
2771 3204
2772 3022
2772 3048
2772 3061
2772 3083
2772 3149
2772 3213
2772 3244
2773 3056
2773 3083
2773 3150
2773 3206
2774 3101
2774 3121
2774 3225
2774 3277
2774 3289
2775 3112
2775 3207
2776 3001
2776 3052
2776 3136
2776 3175
2776 3255
2777 3003
2777 3024
2777 3130
2777 3165
2778 3180
2778 3196
2778 3215
2778 3230
2779 3078
2779 3098
2779 3195
2779 3226
2779 3244
2780 3021
2780 3099
2780 3194
2780 3237
2780 3246
2780 3273
2781 3020
2781 3133
2781 3165
2781 3288
2781 3296
2782 3002
2782 3173
2782 3269
2782 3280
2782 3291
2783 3049
2783 3121
2783 3208
2783 3243
2784 3049
2784 3072
2784 3200
2784 3251
2784 3273
2785 3215
2785 3240
2785 3281
2786 3037
2786 3129
2786 3169
2787 3012
2787 3040
2787 3107
2787 3140
2787 3272
2788 3093
2788 3122
2788 3157
2788 3227
2788 3278
2789 3055
2789 3154
2789 3265
2790 3070
2790 3164
2790 3232
2790 3266
2790 3273
2791 3029
2791 3086
2791 3277
2791 3290
2792 3108
2792 3129
2792 3297
2793 3163
2793 3219
2793 3297
2794 3000
2794 3126
2794 3294
2795 3119
2795 3125
2796 3110
2796 3265
2797 3263
2798 3069
2798 3070
2798 3207
2798 3221
2798 3231
2798 3236
2798 3242
2798 3247
2798 3256
2798 3259
2798 3285
2799 3072
2799 3080
2799 3087
2799 3126
2799 3135
2799 3184
2799 3199
2799 3284
2799 3289
2800 3060
2800 3091
2800 3123
2800 3179
2800 3184
2800 3194
2800 3205
2800 3218
2801 3029
2801 3038
2801 3056
2801 3065
2801 3210
2801 3271
2801 3283
2802 3068
2802 3076
2802 3115
2802 3127
2802 3136
2802 3137
2802 3179
2802 3209
2803 3008
2803 3015
2803 3086
2803 3115
2803 3188
2803 3249
2804 3048
2804 3049
2804 3099
2804 3173
2804 3184
2804 3221
2804 3244
2804 3259
2805 3010
2805 3228
2805 3241
2805 3253
2805 3264
2806 3031
2806 3066
2806 3070
2806 3074
2806 3100
2806 3229
2807 3053
2807 3128
2807 3133
2807 3138
2807 3267
2807 3269
2808 3039
2808 3059
2808 3073
2808 3221
2809 3011
2809 3032
2809 3054
2809 3283
2810 3005
2810 3022
2810 3166
2810 3237
2810 3271
2811 3277
2812 3042
2812 3196
2812 3268
2812 3278
2813 3053
2813 3096
2813 3097
2813 3123
2814 3060
2814 3148
2814 3213
2814 3270
2814 3286
2815 3006
2815 3019
2815 3096
2815 3232
2816 3117
2816 3130
2816 3190
2816 3207
2817 3015
2817 3031
2817 3061
2817 3191
2817 3244
2818 3165
2818 3187
2818 3218
2819 3023
2819 3082
2819 3106
2819 3113
2820 3011
2820 3048
2820 3158
2820 3294
2821 3231
2821 3233
2822 3007
2823 3090
2823 3096
2823 3239
2823 3286
2824 3005
2824 3048
2824 3223
2824 3255
2825 3027
2825 3133
2826 3123
2826 3146
2827 3011
2827 3050
2827 3156
2828 3128
2828 3141
2829 3092
2829 3142
2830 3136
2830 3261
2831 3156
2832 3212
2832 3269
2833 3055
2833 3288
2834 3007
2834 3009
2834 3023
2834 3131
2834 3139
2834 3155
2834 3168
2834 3172
2834 3194
2834 3212
2834 3285
2835 3004
2835 3094
2835 3110
2835 3129
2835 3130
2835 3200
2835 3253
2836 3004
2836 3024
2836 3041
2836 3144
2836 3180
2836 3189
2836 3229
2836 3260
2836 3265
2837 3041
2837 3073
2837 3230
2837 3239
2837 3243
2837 3245
2837 3249
2838 3097
2838 3183
2838 3192
2838 3251
2838 3267
2838 3289
2839 3023
2839 3063
2839 3089
2839 3102
2839 3119
2839 3226
2840 3090
2840 3152
2840 3199
2840 3238
2840 3276
2840 3284
2841 3047
2841 3105
2841 3113
2841 3127
2841 3176
2842 3005
2842 3037
2842 3135
2842 3191
2842 3202
2842 3267
2842 3296
2843 3014
2843 3028
2843 3052
2843 3077
2843 3115
2843 3196
2843 3224
2843 3226
2844 3006
2844 3220
2844 3222
2844 3225
2845 3014
2845 3104
2846 3053
2846 3123
2846 3142
2847 3059
2847 3157
2847 3186
2847 3299
2848 3103
2848 3159
2848 3182
2848 3192
2848 3241
2848 3280
2849 3036
2849 3107
2849 3242
2850 3007
2850 3067
2850 3168
2850 3177
2850 3179
2850 3287
2851 3059
2851 3120
2851 3179
2851 3294
2852 3139
2852 3141
2852 3160
2852 3269
2853 3083
2853 3092
2853 3097
2853 3134
2853 3255
2854 3153
2854 3234
2854 3257
2854 3294
2855 3117
2855 3204
2855 3289
2856 3057
2856 3060
2856 3116
2856 3226
2857 3069
2857 3117
2857 3123
2857 3149
2857 3209
2858 3122
2858 3252
2858 3274
2859 3062
2859 3148
2859 3159
2859 3182
2859 3225
2860 3065
2860 3079
2860 3089
2860 3130
2861 3087
2861 3249
2862 3056
2862 3119
2862 3165
2862 3190
2863 3026
2863 3195
2864 3050
2864 3116
2864 3172
2864 3233
2865 3006
2865 3212
2865 3249
2866 3158
2867 3212
2867 3293
2868 3042
2868 3181
2868 3218
2868 3253
2869 3276
2870 3005
2870 3118
2870 3165
2870 3241
2871 3133
2871 3173
2872 3005
2872 3033
2872 3041
2872 3052
2872 3109
2872 3151
2872 3162
2872 3192
2872 3219
2872 3235
2872 3247
2873 3024
2873 3047
2873 3222
2873 3231
2873 3257
2873 3274
2873 3291
2874 3005
2874 3073
2874 3226
2874 3235
2874 3237
2874 3256
2874 3284
2874 3295
2875 3162
2875 3218
2875 3221
2875 3262
2875 3266
2875 3293
2876 3064
2876 3119
2876 3174
2876 3201
2876 3283
2877 3054
2877 3135
2877 3203
2877 3207
2877 3233
2877 3242
2878 3005
2878 3028
2878 3294
2879 3044
2879 3174
2879 3255
2879 3270
2879 3281
2880 3015
2880 3031
2880 3066
2880 3074
2880 3092
2880 3143
2880 3219
2881 3043
2881 3171
2881 3192
2881 3198
2881 3290
2882 3051
2882 3180
2882 3275
2883 3035
2883 3054
2883 3075
2883 3174
2883 3286
2884 3049
2884 3160
2884 3266
2885 3144
2885 3184
2886 3019
2886 3077
2886 3093
2886 3141
2886 3233
2887 3074
2887 3110
2887 3171
2887 3214
2888 3014
2888 3105
2888 3134
2888 3147
2889 3029
2889 3085
2889 3129
2890 3056
2890 3071
2890 3221
2891 3027
2891 3191
2891 3206
2892 3071
2892 3077
2893 3182
2894 3103
2895 3018
2895 3065
2895 3075
2895 3124
2895 3161
2895 3240
2895 3246
2895 3279
2896 3015
2896 3057
2896 3091
2896 3227
2896 3231
2896 3235
2896 3246
2896 3287
2897 3042
2897 3093
2897 3107
2897 3200
2897 3208
2897 3248
2897 3255
2897 3270
2897 3277
2897 3278
2898 3207
2898 3220
2898 3254
2898 3259
2898 3293
2899 3000
2899 3044
2899 3121
2899 3123
2899 3233
2900 3132
2900 3158
2900 3159
2900 3178
2900 3201
2900 3231
2900 3294
2901 3092
2901 3118
2901 3201
2901 3202
2901 3250
2901 3255
2901 3262
2902 3175
2902 3190
2902 3269
2902 3286
2902 3288
2902 3297
2903 3046
2903 3071
2903 3109
2903 3171
2903 3219
2903 3258
2903 3268
2904 3086
2904 3104
2904 3165
2904 3214
2904 3254
2905 3027
2905 3098
2905 3132
2905 3135
2905 3233
2906 3018
2906 3178
2906 3233
2907 3148
2907 3154
2907 3199
2907 3254
2907 3274
2907 3291
2908 3023
2908 3113
2908 3128
2908 3183
2908 3229
2908 3238
2909 3000
2909 3007
2909 3131
2909 3197
2909 3200
2910 3166
2910 3171
2910 3198
2910 3230
2911 3064
2911 3074
2911 3113
2911 3221
2911 3231
2912 3040
2912 3105
2912 3123
2913 3006
2913 3018
2913 3193
2913 3252
2914 3045
2914 3062
2914 3203
2915 3023
2915 3222
2916 3102
2916 3264
2916 3297
2917 3040
2917 3134
2918 3044
2918 3049
2918 3183
2919 3020
2919 3044
2919 3214
2920 3006
2920 3068
2921 3184
2921 3232
2922 3001
2922 3014
2922 3018
2922 3022
2922 3029
2922 3093
2922 3108
2922 3167
2922 3264
2922 3279
2923 3019
2923 3021
2923 3023
2923 3092
2923 3112
2923 3119
2923 3198
2924 3005
2924 3006
2924 3037
2924 3077
2924 3182
2924 3250
2925 3060
2925 3098
2925 3100
2925 3123
2925 3179
2925 3236
2925 3238
2925 3262
2926 3088
2926 3106
2926 3108
2926 3237
2926 3259
2926 3284
2927 3031
2927 3049
2927 3150
2927 3164
2927 3184
2927 3217
2928 3118
2928 3129
2928 3152
2928 3244
2928 3296
2929 3057
2929 3107
2929 3109
2929 3190
2929 3253
2929 3289
2929 3292
2930 3114
2930 3120
2930 3205
2930 3206
2930 3256
2931 3005
2931 3038
2931 3085
2931 3086
2931 3123
2931 3196
2932 3016
2932 3067
2932 3071
2932 3107
2932 3111
2932 3114
2933 3165
2933 3189
2934 3116
2934 3212
2934 3276
2935 3046
2935 3087
2935 3093
2935 3130
2936 3087
2936 3237
2936 3271
2937 3079
2938 3093
2938 3138
2938 3253
2938 3290
2939 3163
2939 3194
2939 3248
2939 3293
2940 3006
2940 3116
2940 3206
2940 3295
2941 3094
2941 3187
2941 3276
2941 3280
2942 3006
2942 3082
2942 3083
2942 3086
2943 3064
2943 3176
2943 3269
2944 3130
2944 3181
2945 3125
2945 3184
2946 3038
2947 3195
2948 3027
2948 3036
2948 3194
2948 3220
2948 3255
2948 3299
2949 3101
2949 3109
2949 3165
2949 3221
2950 3052
2950 3097
2950 3110
2950 3155
2950 3167
2950 3190
2950 3211
2950 3282
2951 3053
2951 3083
2951 3084
2951 3110
2951 3134
2951 3197
2951 3216
2951 3233
2951 3245
2952 3067
2952 3152
2952 3196
2952 3212
2952 3228
2952 3293
2953 3153
2953 3156
2953 3203
2953 3242
2953 3244
2954 3002
2954 3059
2954 3180
2954 3242
2954 3266
2955 3032
2955 3117
2955 3146
2955 3281
2956 3130
2956 3154
2956 3172
2956 3187
2956 3190
2956 3283
2957 3050
2957 3132
2957 3153
2957 3267
2957 3283
2958 3139
2958 3219
2958 3254
2958 3263
2958 3295
2959 3023
2959 3028
2959 3076
2959 3204
2960 3055
2960 3065
2960 3078
2960 3171
2960 3216
2961 3023
2961 3118
2961 3120
2962 3028
2962 3041
2962 3079
2962 3139
2963 3070
2963 3087
2963 3108
2963 3185
2964 3073
2964 3107
2964 3118
2964 3254
2965 3007
2965 3016
2965 3188
2965 3290
2966 3086
2966 3157
2966 3227
2966 3281
2967 3175
2967 3239
2967 3252
2968 3075
2968 3197
2969 3056
2969 3245
2970 3133
2970 3163
2970 3184
2971 3181
2972 3079
2973 3086
2973 3171
2974 3037
2974 3070
2975 3279
2976 3003
2976 3033
2976 3042
2976 3070
2976 3140
2976 3145
2976 3174
2976 3264
2976 3273
2977 3028
2977 3029
2977 3040
2977 3041
2977 3090
2977 3142
2977 3153
2977 3183
2977 3196
2978 3029
2978 3065
2978 3111
2978 3116
2978 3169
2978 3208
2978 3224
2979 3165
2979 3205
2979 3249
2979 3263
2979 3280
2980 3004
2980 3076
2980 3224
2980 3267
2980 3285
2980 3290
2981 3005
2981 3046
2981 3142
2981 3183
2981 3186
2981 3273
2982 3006
2982 3051
2982 3076
2982 3110
2982 3115
2982 3156
2982 3204
2983 3110
2983 3186
2983 3237
2984 3191
2984 3238
2984 3243
2984 3258
2985 3013
2985 3073
2985 3156
2986 3087
2986 3148
2986 3218
2986 3225
2986 3236
2987 3011
2987 3060
2987 3116
2987 3158
2987 3189
2988 3004
2988 3174
2988 3204
2989 3148
2989 3165
2989 3176
2990 3183
2990 3203
2990 3224
2991 3140
2991 3154
2991 3197
2991 3207
2992 3088
2992 3296
2993 3124
2993 3153
2993 3219
2993 3274
2994 3036
2995 3084
2995 3202
2995 3235
2996 3155
2996 3271
2997 3045
2997 3289
2999 3124
2999 3209
3000 75
3000 101
3000 206
3000 282
3000 618
3000 623
3000 881
3000 1035
3000 1049
3000 1077
3000 1117
3000 1168
3000 1306
3000 1323
3000 1373
3000 1377
3000 1383
3000 1398
3000 1491
3000 1675
3000 1714
3000 1719
3000 1892
3000 1901
3000 1968
3000 2031
3000 2042
3000 2074
3000 2102
3000 2119
3000 2303
3000 2316
3000 2399
3000 2512
3000 2530
3000 2603
3000 2634
3000 2655
3000 2712
3000 2794
3000 2858
3000 2886
3000 2899
3000 2909
3000 2937
3000 2952
3001 1
3001 95
3001 170
3001 260
3001 296
3001 300
3001 399
3001 498
3001 523
3001 541
3001 593
3001 605
3001 672
3001 740
3001 754
3001 763
3001 802
3001 873
3001 889
3001 895
3001 1022
3001 1035
3001 1092
3001 1175
3001 1206
3001 1272
3001 1292
3001 1293
3001 1338
3001 1589
3001 1632
3001 1747
3001 1768
3001 1841
3001 1897
3001 1980
3001 2102
3001 2167
3001 2261
3001 2280
3001 2300
3001 2359
3001 2457
3001 2491
3001 2523
3001 2550
3001 2619
3001 2740
3001 2741
3001 2767
3001 2776
3001 2885
3001 2936
3002 3
3002 33
3002 71
3002 75
3002 135
3002 229
3002 324
3002 382
3002 420
3002 626
3002 696
3002 717
3002 741
3002 756
3002 797
3002 852
3002 913
3002 938
3002 1000
3002 1004
3002 1261
3002 1356
3002 1412
3002 1534
3002 1551
3002 1555
3002 1683
3002 1711
3002 1737
3002 1853
3002 1900
3002 2159
3002 2167
3002 2236
3002 2265
3002 2331
3002 2367
3002 2429
3002 2431
3002 2460
3002 2582
3002 2637
3002 2666
3002 2720
3002 2731
3002 2742
3002 2949
3002 2954
3003 23
3003 153
3003 155
3003 187
3003 247
3003 291
3003 393
3003 445
3003 467
3003 571
3003 636
3003 732
3003 1031
3003 1166
3003 1230
3003 1238
3003 1262
3003 1265
3003 1300
3003 1314
3003 1325
3003 1387
3003 1454
3003 1469
3003 1647
3003 1679
3003 1691
3003 1709
3003 1803
3003 1859
3003 1908
3003 1975
3003 2082
3003 2111
3003 2149
3003 2202
3003 2227
3003 2277
3003 2441
3003 2488
3003 2713
3003 2772
3003 2839
3003 2949
3003 2950
3004 35
3004 65
3004 103
3004 224
3004 384
3004 421
3004 429
3004 453
3004 488
3004 516
3004 620
3004 720
3004 759
3004 791
3004 830
3004 954
3004 1010
3004 1257
3004 1291
3004 1387
3004 1481
3004 1648
3004 1693
3004 1820
3004 1980
3004 2183
3004 2253
3004 2273
3004 2305
3004 2385
3004 2532
3004 2611
3004 2617
3004 2642
3004 2835
3004 2866
3004 2874
3004 2968
3004 2980
3004 2983
3004 2988
3005 4
3005 9
3005 166
3005 377
3005 408
3005 432
3005 500
3005 526
3005 622
3005 640
3005 713
3005 715
3005 736
3005 738
3005 766
3005 937
3005 993
3005 1005
3005 1037
3005 1042
3005 1190
3005 1313
3005 1333
3005 1346
3005 1358
3005 1478
3005 1759
3005 1798
3005 1827
3005 1859
3005 1880
3005 1902
3005 1969
3005 2039
3005 2214
3005 2328
3005 2353
3005 2394
3005 2469
3005 2792
3005 2810
3005 2824
3005 2842
3005 2870
3005 2872
3005 2874
3005 2878
3005 2924
3006 273
3006 286
3006 373
3006 409
3006 468
3006 552
3006 674
3006 690
3006 722
3006 794
3006 994
3006 1026
3006 1030
3006 1047
3006 1095
3006 1147
3006 1415
3006 1455
3006 1547
3006 1629
3006 1698
3006 1732
3006 1740
3006 1821
3006 1921
3006 1946
3006 1954
3006 1992
3006 2017
3006 2100
3006 2145
3006 2173
3006 2243
3006 2449
3006 2574
3006 2611
3006 2622
3006 2683
3006 2729
3006 2734
3006 2759
3006 2815
3006 2835
3006 2844
3006 2913
3006 2940
3006 2942
3006 2944
3006 2982
3007 147
3007 156
3007 303
3007 324
3007 372
3007 434
3007 450
3007 519
3007 522
3007 529
3007 562
3007 590
3007 710
3007 739
3007 756
3007 844
3007 922
3007 936
3007 969
3007 1080
3007 1120
3007 1122
3007 1130
3007 1248
3007 1428
3007 1571
3007 1607
3007 1676
3007 1759
3007 1826
3007 1829
3007 1949
3007 2014
3007 2042
3007 2058
3007 2060
3007 2112
3007 2238
3007 2248
3007 2314
3007 2399
3007 2435
3007 2453
3007 2476
3007 2486
3007 2704
3007 2774
3007 2909
3007 2965
3008 10
3008 243
3008 297
3008 310
3008 312
3008 329
3008 426
3008 520
3008 527
3008 544
3008 615
3008 770
3008 784
3008 863
3008 922
3008 1103
3008 1117
3008 1118
3008 1246
3008 1252
3008 1261
3008 1295
3008 1336
3008 1442
3008 1448
3008 1537
3008 1731
3008 1830
3008 1834
3008 1981
3008 1986
3008 2016
3008 2018
3008 2072
3008 2073
3008 2183
3008 2230
3008 2328
3008 2333
3008 2378
3008 2433
3008 2496
3008 2585
3008 2662
3008 2759
3008 2876
3008 2933
3009 16
3009 24
3009 146
3009 194
3009 312
3009 421
3009 502
3009 588
3009 663
3009 709
3009 767
3009 880
3009 881
3009 917
3009 941
3009 1015
3009 1098
3009 1141
3009 1214
3009 1345
3009 1355
3009 1529
3009 1881
3009 1951
3009 1974
3009 2072
3009 2129
3009 2245
3009 2270
3009 2323
3009 2424
3009 2450
3009 2489
3009 2520
3009 2522
3009 2525
3009 2528
3009 2580
3009 2805
3009 2834
3009 2969
3010 11
3010 28
3010 62
3010 147
3010 170
3010 232
3010 440
3010 528
3010 591
3010 688
3010 792
3010 828
3010 859
3010 873
3010 877
3010 883
3010 971
3010 1052
3010 1063
3010 1132
3010 1173
3010 1201
3010 1266
3010 1382
3010 1446
3010 1739
3010 1755
3010 1828
3010 1881
3010 1927
3010 1974
3010 2070
3010 2129
3010 2290
3010 2345
3010 2386
3010 2457
3010 2506
3010 2522
3010 2631
3010 2637
3010 2779
3010 2990
3011 4
3011 142
3011 192
3011 259
3011 386
3011 488
3011 676
3011 797
3011 1045
3011 1070
3011 1203
3011 1256
3011 1360
3011 1415
3011 1481
3011 1556
3011 1559
3011 1601
3011 1644
3011 1702
3011 1799
3011 1809
3011 1919
3011 1979
3011 2042
3011 2072
3011 2104
3011 2262
3011 2345
3011 2365
3011 2415
3011 2422
3011 2434
3011 2467
3011 2493
3011 2530
3011 2591
3011 2715
3011 2751
3011 2809
3011 2820
3011 2827
3011 2987
3012 5
3012 136
3012 208
3012 319
3012 323
3012 483
3012 527
3012 564
3012 612
3012 618
3012 674
3012 731
3012 866
3012 969
3012 1048
3012 1074
3012 1096
3012 1173
3012 1213
3012 1230
3012 1444
3012 1489
3012 1512
3012 1528
3012 1578
3012 1584
3012 1595
3012 1609
3012 1692
3012 1699
3012 1918
3012 1921
3012 1989
3012 2011
3012 2103
3012 2114
3012 2193
3012 2242
3012 2264
3012 2280
3012 2282
3012 2528
3012 2638
3012 2697
3012 2735
3012 2949
3013 151
3013 160
3013 249
3013 292
3013 356
3013 357
3013 444
3013 467
3013 503
3013 635
3013 732
3013 763
3013 814
3013 839
3013 874
3013 890
3013 923
3013 950
3013 1081
3013 1092
3013 1128
3013 1136
3013 1164
3013 1232
3013 1236
3013 1466
3013 1484
3013 1561
3013 1728
3013 1750
3013 1775
3013 1818
3013 1867
3013 1945
3013 1946
3013 2019
3013 2042
3013 2085
3013 2108
3013 2219
3013 2240
3013 2249
3013 2353
3013 2480
3013 2522
3013 2554
3013 2570
3013 2588
3013 2600
3013 2615
3013 2627
3013 2680
3013 2692
3013 2767
3013 2898
3013 2985
3014 49
3014 174
3014 229
3014 344
3014 415
3014 450
3014 452
3014 474
3014 588
3014 739
3014 827
3014 875
3014 879
3014 1190
3014 1320
3014 1329
3014 1694
3014 1760
3014 1774
3014 1845
3014 1873
3014 1878
3014 1936
3014 1937
3014 2073
3014 2189
3014 2247
3014 2406
3014 2497
3014 2635
3014 2807
3014 2835
3014 2843
3014 2888
3014 2895
3014 2922
3015 29
3015 39
3015 57
3015 115
3015 154
3015 157
3015 211
3015 281
3015 368
3015 382
3015 440
3015 584
3015 590
3015 598
3015 661
3015 678
3015 874
3015 886
3015 974
3015 1142
3015 1269
3015 1336
3015 1401
3015 1520
3015 1639
3015 1880
3015 1939
3015 1992
3015 2019
3015 2021
3015 2023
3015 2040
3015 2081
3015 2125
3015 2216
3015 2276
3015 2395
3015 2588
3015 2714
3015 2715
3015 2817
3015 2880
3016 16
3016 174
3016 180
3016 184
3016 240
3016 244
3016 261
3016 307
3016 310
3016 449
3016 593
3016 596
3016 646
3016 787
3016 851
3016 868
3016 983
3016 984
3016 1023
3016 1048
3016 1074
3016 1130
3016 1312
3016 1343
3016 1452
3016 1468
3016 1497
3016 1591
3016 1675
3016 1763
3016 1783
3016 1801
3016 1844
3016 1861
3016 1922
3016 1965
3016 1989
3016 2103
3016 2105
3016 2126
3016 2158
3016 2322
3016 2326
3016 2366
3016 2377
3016 2503
3016 2520
3016 2524
3016 2589
3016 2808
3016 2932
3016 2937
3016 2965
3017 59
3017 113
3017 301
3017 409
3017 485
3017 518
3017 523
3017 539
3017 589
3017 594
3017 597
3017 624
3017 725
3017 912
3017 919
3017 939
3017 1089
3017 1255
3017 1298
3017 1308
3017 1490
3017 1517
3017 1643
3017 1655
3017 1776
3017 1852
3017 2111
3017 2182
3017 2190
3017 2191
3017 2201
3017 2371
3017 2413
3017 2423
3017 2490
3017 2565
3017 2682
3017 2808
3017 2884
3018 5
3018 28
3018 34
3018 66
3018 297
3018 299
3018 375
3018 391
3018 513
3018 556
3018 580
3018 595
3018 604
3018 748
3018 790
3018 823
3018 872
3018 983
3018 1079
3018 1094
3018 1173
3018 1181
3018 1195
3018 1243
3018 1251
3018 1268
3018 1306
3018 1347
3018 1352
3018 1443
3018 1499
3018 1529
3018 1552
3018 1623
3018 1637
3018 1811
3018 1918
3018 1979
3018 2138
3018 2185
3018 2266
3018 2293
3018 2324
3018 2388
3018 2514
3018 2580
3018 2584
3018 2621
3018 2668
3018 2800
3018 2895
3018 2906
3018 2913
3018 2915
3018 2922
3019 70
3019 100
3019 178
3019 232
3019 248
3019 279
3019 355
3019 479
3019 546
3019 567
3019 591
3019 600
3019 654
3019 663
3019 719
3019 734
3019 895
3019 901
3019 934
3019 1067
3019 1114
3019 1136
3019 1176
3019 1253
3019 1272
3019 1551
3019 1597
3019 1653
3019 1677
3019 1691
3019 1740
3019 1869
3019 1971
3019 2163
3019 2193
3019 2200
3019 2260
3019 2362
3019 2412
3019 2419
3019 2462
3019 2463
3019 2582
3019 2639
3019 2640
3019 2699
3019 2715
3019 2738
3019 2815
3019 2837
3019 2858
3019 2886
3020 8
3020 114
3020 177
3020 187
3020 206
3020 266
3020 279
3020 303
3020 334
3020 380
3020 423
3020 428
3020 476
3020 504
3020 548
3020 586
3020 668
3020 710
3020 794
3020 1056
3020 1070
3020 1096
3020 1204
3020 1267
3020 1270
3020 1630
3020 1678
3020 1713
3020 1739
3020 1749
3020 1759
3020 1817
3020 2003
3020 2077
3020 2096
3020 2138
3020 2167
3020 2172
3020 2209
3020 2214
3020 2403
3020 2441
3020 2463
3020 2511
3020 2591
3020 2729
3020 2737
3020 2801
3020 2842
3020 2919
3021 81
3021 87
3021 140
3021 321
3021 351
3021 383
3021 414
3021 947
3021 1006
3021 1018
3021 1148
3021 1211
3021 1256
3021 1271
3021 1352
3021 1353
3021 1522
3021 1776
3021 1852
3021 1857
3021 1971
3021 2033
3021 2071
3021 2196
3021 2296
3021 2386
3021 2421
3021 2442
3021 2780
3021 2979
3022 6
3022 82
3022 180
3022 271
3022 328
3022 381
3022 500
3022 517
3022 990
3022 1010
3022 1101
3022 1154
3022 1299
3022 1373
3022 1389
3022 1526
3022 1617
3022 1631
3022 1664
3022 1691
3022 1739
3022 1742
3022 1743
3022 1829
3022 1854
3022 1987
3022 1994
3022 2048
3022 2058
3022 2223
3022 2301
3022 2341
3022 2466
3022 2471
3022 2492
3022 2735
3022 2810
3022 2922
3023 29
3023 64
3023 143
3023 293
3023 338
3023 355
3023 487
3023 519
3023 603
3023 688
3023 761
3023 777
3023 922
3023 1001
3023 1066
3023 1123
3023 1177
3023 1178
3023 1196
3023 1206
3023 1232
3023 1235
3023 1241
3023 1295
3023 1330
3023 1557
3023 1611
3023 1707
3023 1773
3023 1826
3023 1883
3023 1959
3023 2060
3023 2064
3023 2131
3023 2165
3023 2170
3023 2232
3023 2241
3023 2375
3023 2380
3023 2451
3023 2493
3023 2500
3023 2629
3023 2646
3023 2736
3023 2819
3023 2834
3023 2839
3023 2841
3023 2923
3023 2948
3024 6
3024 23
3024 79
3024 312
3024 348
3024 352
3024 466
3024 557
3024 708
3024 761
3024 789
3024 972
3024 987
3024 1040
3024 1075
3024 1100
3024 1335
3024 1366
3024 1421
3024 1441
3024 1466
3024 1469
3024 1588
3024 1644
3024 1674
3024 1734
3024 1897
3024 1937
3024 1965
3024 2033
3024 2087
3024 2307
3024 2396
3024 2447
3024 2564
3024 2572
3024 2585
3024 2586
3024 2636
3024 2777
3024 2836
3024 2923
3025 175
3025 213
3025 215
3025 313
3025 315
3025 337
3025 403
3025 451
3025 626
3025 670
3025 697
3025 733
3025 823
3025 1088
3025 1102
3025 1131
3025 1176
3025 1198
3025 1244
3025 1293
3025 1298
3025 1353
3025 1426
3025 1446
3025 1449
3025 1458
3025 1513
3025 1557
3025 1635
3025 1737
3025 1744
3025 1940
3025 1977
3025 2324
3025 2520
3025 2523
3025 2533
3025 2549
3025 2568
3025 2607
3025 2612
3025 2702
3025 2767
3025 2841
3025 2910
3025 2985
3026 269
3026 286
3026 450
3026 471
3026 523
3026 597
3026 661
3026 662
3026 673
3026 707
3026 714
3026 719
3026 795
3026 879
3026 982
3026 1022
3026 1148
3026 1196
3026 1251
3026 1266
3026 1316
3026 1379
3026 1415
3026 1511
3026 1523
3026 1563
3026 1637
3026 1678
3026 1690
3026 1779
3026 1799
3026 1818
3026 1842
3026 1878
3026 1916
3026 1941
3026 1948
3026 1949
3026 1970
3026 1977
3026 2025
3026 2144
3026 2145
3026 2215
3026 2235
3026 2360
3026 2390
3026 2456
3026 2461
3026 2468
3026 2611
3026 2744
3026 2863
3027 88
3027 179
3027 236
3027 330
3027 379
3027 482
3027 519
3027 587
3027 673
3027 778
3027 832
3027 875
3027 946
3027 1112
3027 1124
3027 1180
3027 1225
3027 1323
3027 1381
3027 1401
3027 1459
3027 1531
3027 1580
3027 1594
3027 1647
3027 1729
3027 1760
3027 1788
3027 1848
3027 1855
3027 1941
3027 1946
3027 1972
3027 1973
3027 2067
3027 2140
3027 2192
3027 2250
3027 2297
3027 2308
3027 2321
3027 2329
3027 2374
3027 2383
3027 2391
3027 2446
3027 2468
3027 2521
3027 2633
3027 2667
3027 2676
3027 2731
3027 2825
3027 2854
3027 2891
3027 2948
3027 2978
3028 133
3028 146
3028 165
3028 170
3028 235
3028 297
3028 323
3028 399
3028 431
3028 517
3028 591
3028 689
3028 973
3028 1018
3028 1044
3028 1058
3028 1068
3028 1088
3028 1172
3028 1191
3028 1204
3028 1206
3028 1332
3028 1352
3028 1382
3028 1466
3028 1599
3028 1697
3028 1713
3028 1774
3028 1868
3028 1952
3028 2068
3028 2179
3028 2296
3028 2324
3028 2355
3028 2416
3028 2508
3028 2551
3028 2573
3028 2595
3028 2843
3028 2977
3029 45
3029 77
3029 125
3029 145
3029 198
3029 250
3029 251
3029 255
3029 570
3029 586
3029 627
3029 668
3029 674
3029 682
3029 683
3029 716
3029 766
3029 986
3029 1017
3029 1019
3029 1099
3029 1102
3029 1331
3029 1334
3029 1637
3029 1723
3029 1738
3029 1781
3029 1787
3029 1873
3029 1927
3029 1943
3029 1948
3029 2033
3029 2069
3029 2112
3029 2161
3029 2178
3029 2238
3029 2248
3029 2366
3029 2413
3029 2430
3029 2491
3029 2571
3029 2662
3029 2716
3029 2791
3029 2801
3029 2889
3029 2922
3029 2977
3029 2978
3030 22
3030 88
3030 132
3030 190
3030 204
3030 298
3030 343
3030 422
3030 441
3030 466
3030 560
3030 598
3030 608
3030 638
3030 651
3030 720
3030 765
3030 866
3030 894
3030 907
3030 981
3030 1069
3030 1153
3030 1184
3030 1200
3030 1235
3030 1241
3030 1285
3030 1520
3030 1530
3030 1728
3030 1739
3030 1808
3030 1822
3030 1857
3030 1872
3030 1988
3030 2039
3030 2171
3030 2300
3030 2384
3030 2386
3030 2576
3030 2679
3030 2684
3030 2734
3031 64
3031 75
3031 114
3031 148
3031 282
3031 362
3031 474
3031 500
3031 543
3031 671
3031 676
3031 740
3031 816
3031 918
3031 934
3031 1184
3031 1442
3031 1467
3031 1484
3031 1521
3031 1550
3031 1670
3031 1728
3031 1848
3031 1871
3031 1991
3031 2170
3031 2275
3031 2287
3031 2320
3031 2411
3031 2525
3031 2711
3031 2741
3031 2745
3031 2806
3031 2880
3032 189
3032 205
3032 383
3032 479
3032 661
3032 739
3032 818
3032 930
3032 934
3032 1006
3032 1008
3032 1040
3032 1111
3032 1125
3032 1140
3032 1156
3032 1262
3032 1272
3032 1336
3032 1595
3032 1648
3032 1811
3032 1844
3032 1869
3032 1883
3032 1920
3032 2047
3032 2113
3032 2135
3032 2250
3032 2389
3032 2393
3032 2526
3032 2534
3032 2552
3032 2581
3032 2776
3032 2902
3032 2955
3033 1
3033 58
3033 65
3033 86
3033 118
3033 216
3033 394
3033 484
3033 708
3033 753
3033 846
3033 1019
3033 1088
3033 1090
3033 1235
3033 1351
3033 1453
3033 1491
3033 1549
3033 1563
3033 1647
3033 1695
3033 1778
3033 1824
3033 1851
3033 1880
3033 2044
3033 2167
3033 2323
3033 2328
3033 2365
3033 2434
3033 2446
3033 2736
3033 2802
3033 2865
3033 2976
3034 6
3034 39
3034 76
3034 96
3034 236
3034 359
3034 512
3034 579
3034 617
3034 648
3034 717
3034 799
3034 845
3034 875
3034 1021
3034 1067
3034 1088
3034 1175
3034 1211
3034 1309
3034 1337
3034 1414
3034 1522
3034 1618
3034 1641
3034 1667
3034 1680
3034 1752
3034 1776
3034 1804
3034 1805
3034 1932
3034 2062
3034 2178
3034 2337
3034 2346
3034 2445
3034 2578
3034 2586
3034 2729
3034 2935
3035 63
3035 69
3035 131
3035 161
3035 171
3035 406
3035 447
3035 456
3035 465
3035 472
3035 473
3035 506
3035 562
3035 581
3035 671
3035 684
3035 716
3035 813
3035 878
3035 1002
3035 1139
3035 1152
3035 1183
3035 1213
3035 1388
3035 1415
3035 1426
3035 1441
3035 1476
3035 1581
3035 1600
3035 1616
3035 1820
3035 2011
3035 2220
3035 2242
3035 2249
3035 2329
3035 2339
3035 2388
3035 2391
3035 2486
3035 2526
3035 2529
3035 2552
3035 2560
3035 2601
3035 2603
3035 2610
3035 2883
3036 150
3036 173
3036 177
3036 179
3036 213
3036 220
3036 239
3036 243
3036 270
3036 275
3036 345
3036 348
3036 441
3036 483
3036 517
3036 544
3036 778
3036 993
3036 1049
3036 1197
3036 1297
3036 1310
3036 1530
3036 1547
3036 1612
3036 1660
3036 1693
3036 1755
3036 1782
3036 1835
3036 1947
3036 1971
3036 2010
3036 2021
3036 2082
3036 2111
3036 2112
3036 2122
3036 2131
3036 2133
3036 2238
3036 2271
3036 2362
3036 2485
3036 2514
3036 2549
3036 2573
3036 2601
3036 2631
3036 2663
3036 2748
3037 11
3037 84
3037 108
3037 118
3037 188
3037 381
3037 480
3037 508
3037 513
3037 621
3037 653
3037 849
3037 1037
3037 1240
3037 1323
3037 1327
3037 1400
3037 1616
3037 1638
3037 1686
3037 1819
3037 1846
3037 1847
3037 1871
3037 1923
3037 1929
3037 1946
3037 2011
3037 2044
3037 2251
3037 2331
3037 2353
3037 2390
3037 2408
3037 2425
3037 2435
3037 2438
3037 2462
3037 2580
3037 2731
3037 2737
3037 2885
3038 3
3038 6
3038 18
3038 23
3038 38
3038 164
3038 267
3038 280
3038 363
3038 457
3038 470
3038 489
3038 712
3038 802
3038 868
3038 1001
3038 1067
3038 1177
3038 1179
3038 1195
3038 1204
3038 1276
3038 1311
3038 1328
3038 1484
3038 1670
3038 1695
3038 1717
3038 1772
3038 1776
3038 1869
3038 1896
3038 1959
3038 2036
3038 2110
3038 2125
3038 2330
3038 2355
3038 2545
3038 2674
3038 2696
3038 2771
3038 2876
3038 2931
3038 2946
3039 104
3039 374
3039 398
3039 556
3039 616
3039 706
3039 770
3039 786
3039 1025
3039 1070
3039 1125
3039 1142
3039 1272
3039 1296
3039 1299
3039 1358
3039 1363
3039 1609
3039 1617
3039 1626
3039 1643
3039 1695
3039 1710
3039 1731
3039 1747
3039 1820
3039 1850
3039 1896
3039 1944
3039 2038
3039 2050
3039 2128
3039 2138
3039 2151
3039 2247
3039 2372
3039 2382
3039 2396
3039 2571
3039 2580
3039 2635
3039 2653
3039 2690
3039 2710
3039 2748
3039 2884
3039 2933
3039 2994
3040 18
3040 95
3040 305
3040 631
3040 710
3040 777
3040 794
3040 879
3040 990
3040 996
3040 1051
3040 1068
3040 1158
3040 1167
3040 1168
3040 1192
3040 1230
3040 1332
3040 1337
3040 1353
3040 1367
3040 1370
3040 1459
3040 1620
3040 1683
3040 1792
3040 1939
3040 2016
3040 2177
3040 2187
3040 2205
3040 2237
3040 2392
3040 2442
3040 2461
3040 2511
3040 2552
3040 2618
3040 2746
3040 2787
3040 2861
3040 2877
3041 116
3041 240
3041 303
3041 316
3041 332
3041 405
3041 430
3041 516
3041 539
3041 573
3041 678
3041 916
3041 1018
3041 1043
3041 1053
3041 1148
3041 1273
3041 1293
3041 1323
3041 1347
3041 1392
3041 1501
3041 1559
3041 1583
3041 1644
3041 1749
3041 1814
3041 1877
3041 1879
3041 1937
3041 2067
3041 2164
3041 2172
3041 2173
3041 2176
3041 2197
3041 2229
3041 2296
3041 2297
3041 2428
3041 2444
3041 2484
3041 2589
3041 2654
3041 2694
3041 2701
3041 2836
3041 2837
3041 2962
3041 2977
3041 2983
3042 102
3042 121
3042 143
3042 144
3042 161
3042 170
3042 300
3042 385
3042 387
3042 440
3042 493
3042 567
3042 605
3042 712
3042 721
3042 731
3042 873
3042 895
3042 915
3042 917
3042 948
3042 1101
3042 1121
3042 1149
3042 1162
3042 1181
3042 1230
3042 1231
3042 1357
3042 1359
3042 1423
3042 1460
3042 1546
3042 1848
3042 2020
3042 2028
3042 2043
3042 2056
3042 2130
3042 2166
3042 2231
3042 2387
3042 2396
3042 2462
3042 2744
3042 2812
3042 2976
3043 85
3043 143
3043 169
3043 296
3043 327
3043 331
3043 399
3043 527
3043 596
3043 618
3043 720
3043 795
3043 823
3043 892
3043 975
3043 1144
3043 1249
3043 1287
3043 1548
3043 1663
3043 1675
3043 1829
3043 1844
3043 1896
3043 2019
3043 2070
3043 2114
3043 2140
3043 2299
3043 2341
3043 2432
3043 2439
3043 2709
3043 2732
3043 2881
3043 2984
3044 1
3044 40
3044 156
3044 171
3044 231
3044 270
3044 275
3044 389
3044 418
3044 526
3044 545
3044 563
3044 745
3044 785
3044 829
3044 838
3044 839
3044 864
3044 1002
3044 1011
3044 1021
3044 1120
3044 1135
3044 1197
3044 1364
3044 1524
3044 1657
3044 1670
3044 1682
3044 1842
3044 1876
3044 1903
3044 1980
3044 2007
3044 2012
3044 2014
3044 2097
3044 2156
3044 2167
3044 2182
3044 2204
3044 2255
3044 2260
3044 2376
3044 2400
3044 2408
3044 2592
3044 2851
3044 2879
3044 2899
3044 2918
3044 2919
3044 2924
3044 2927
3045 17
3045 84
3045 126
3045 265
3045 443
3045 534
3045 584
3045 589
3045 639
3045 789
3045 891
3045 1001
3045 1014
3045 1128
3045 1151
3045 1160
3045 1329
3045 1360
3045 1390
3045 1469
3045 1548
3045 1625
3045 1761
3045 1882
3045 1885
3045 1977
3045 2057
3045 2167
3045 2268
3045 2401
3045 2436
3045 2490
3045 2526
3045 2551
3045 2599
3045 2730
3045 2731
3045 2786
3045 2914
3045 2997
3046 1
3046 182
3046 185
3046 254
3046 338
3046 352
3046 416
3046 487
3046 513
3046 615
3046 647
3046 683
3046 684
3046 859
3046 883
3046 951
3046 1116
3046 1178
3046 1313
3046 1358
3046 1382
3046 1411
3046 1480
3046 1660
3046 1756
3046 1800
3046 1838
3046 1875
3046 2030
3046 2113
3046 2141
3046 2163
3046 2189
3046 2206
3046 2301
3046 2325
3046 2408
3046 2452
3046 2530
3046 2584
3046 2596
3046 2611
3046 2666
3046 2676
3046 2768
3046 2847
3046 2884
3046 2903
3046 2981
3047 13
3047 132
3047 267
3047 277
3047 304
3047 333
3047 552
3047 766
3047 897
3047 945
3047 998
3047 1014
3047 1109
3047 1188
3047 1365
3047 1371
3047 1389
3047 1398
3047 1410
3047 1434
3047 1441
3047 1517
3047 1551
3047 1707
3047 1807
3047 1920
3047 2069
3047 2153
3047 2305
3047 2326
3047 2387
3047 2457
3047 2489
3047 2563
3047 2634
3047 2673
3047 2716
3047 2846
3047 2873
3047 2949
3048 118
3048 482
3048 788
3048 813
3048 896
3048 909
3048 913
3048 945
3048 995
3048 1019
3048 1059
3048 1075
3048 1123
3048 1205
3048 1357
3048 1679
3048 1708
3048 1744
3048 1829
3048 1832
3048 1866
3048 1899
3048 1984
3048 2018
3048 2122
3048 2156
3048 2157
3048 2232
3048 2233
3048 2296
3048 2441
3048 2458
3048 2478
3048 2491
3048 2541
3048 2637
3048 2707
3048 2772
3048 2800
3048 2824
3048 2837
3049 63
3049 107
3049 122
3049 228
3049 334
3049 401
3049 414
3049 426
3049 448
3049 709
3049 711
3049 843
3049 852
3049 971
3049 1020
3049 1050
3049 1152
3049 1232
3049 1424
3049 1430
3049 1535
3049 1586
3049 1623
3049 1732
3049 1749
3049 1882
3049 1908
3049 1943
3049 1963
3049 2002
3049 2011
3049 2014
3049 2020
3049 2110
3049 2173
3049 2239
3049 2267
3049 2325
3049 2337
3049 2528
3049 2580
3049 2626
3049 2627
3049 2784
3049 2804
3049 2884
3049 2927
3049 2930
3049 2931
3050 47
3050 116
3050 186
3050 204
3050 212
3050 284
3050 359
3050 397
3050 515
3050 600
3050 610
3050 617
3050 678
3050 777
3050 831
3050 938
3050 953
3050 978
3050 1013
3050 1076
3050 1181
3050 1306
3050 1402
3050 1680
3050 1689
3050 1752
3050 1756
3050 1774
3050 1783
3050 1817
3050 1917
3050 1997
3050 2052
3050 2159
3050 2268
3050 2329
3050 2335
3050 2353
3050 2494
3050 2495
3050 2497
3050 2560
3050 2564
3050 2579
3050 2597
3050 2613
3050 2616
3050 2635
3050 2636
3050 2662
3050 2675
3050 2719
3050 2827
3050 2864
3050 2904
3051 12
3051 27
3051 152
3051 207
3051 354
3051 355
3051 394
3051 531
3051 584
3051 626
3051 742
3051 811
3051 931
3051 1036
3051 1092
3051 1202
3051 1204
3051 1353
3051 1369
3051 1431
3051 1475
3051 1563
3051 1576
3051 1713
3051 1718
3051 1774
3051 1856
3051 1982
3051 2010
3051 2136
3051 2140
3051 2204
3051 2356
3051 2366
3051 2489
3051 2541
3051 2581
3051 2696
3051 2731
3051 2878
3051 2882
3051 2937
3051 2981
3052 2
3052 15
3052 17
3052 26
3052 58
3052 72
3052 95
3052 146
3052 154
3052 175
3052 265
3052 362
3052 553
3052 617
3052 629
3052 643
3052 709
3052 735
3052 785
3052 795
3052 811
3052 819
3052 873
3052 879
3052 928
3052 1053
3052 1074
3052 1137
3052 1175
3052 1237
3052 1373
3052 1495
3052 1589
3052 1627
3052 1676
3052 1855
3052 1914
3052 1918
3052 1927
3052 1974
3052 1994
3052 2000
3052 2115
3052 2263
3052 2306
3052 2314
3052 2340
3052 2361
3052 2386
3052 2408
3052 2603
3052 2716
3052 2950
3053 73
3053 114
3053 118
3053 196
3053 246
3053 280
3053 366
3053 406
3053 426
3053 581
3053 621
3053 654
3053 670
3053 774
3053 820
3053 864
3053 930
3053 1048
3053 1103
3053 1156
3053 1197
3053 1204
3053 1283
3053 1444
3053 1473
3053 1493
3053 1567
3053 1727
3053 1747
3053 1810
3053 1885
3053 1906
3053 1938
3053 2005
3053 2084
3053 2106
3053 2107
3053 2210
3053 2284
3053 2331
3053 2407
3053 2489
3053 2605
3053 2643
3053 2662
3053 2700
3053 2739
3053 2807
3053 2813
3053 2846
3053 2856
3053 2951
3054 31
3054 61
3054 87
3054 160
3054 274
3054 279
3054 296
3054 346
3054 397
3054 427
3054 428
3054 450
3054 470
3054 554
3054 619
3054 732
3054 780
3054 785
3054 808
3054 815
3054 888
3054 940
3054 956
3054 1159
3054 1163
3054 1209
3054 1243
3054 1274
3054 1283
3054 1322
3054 1367
3054 1396
3054 1513
3054 1578
3054 1604
3054 1819
3054 1843
3054 1851
3054 1879
3054 1991
3054 2126
3054 2276
3054 2324
3054 2393
3054 2545
3054 2557
3054 2583
3054 2650
3054 2698
3054 2722
3054 2737
3054 2743
3054 2809
3054 2877
3054 2883
3054 2958
3054 2982
3055 50
3055 64
3055 164
3055 186
3055 325
3055 333
3055 466
3055 513
3055 592
3055 657
3055 699
3055 731
3055 843
3055 850
3055 876
3055 914
3055 1054
3055 1157
3055 1173
3055 1193
3055 1293
3055 1299
3055 1526
3055 1594
3055 1752
3055 1784
3055 1840
3055 1846
3055 1849
3055 1865
3055 2041
3055 2108
3055 2117
3055 2141
3055 2190
3055 2213
3055 2453
3055 2499
3055 2517
3055 2596
3055 2673
3055 2696
3055 2705
3055 2732
3055 2746
3055 2789
3055 2943
3055 2960
3055 2979
3056 78
3056 106
3056 141
3056 155
3056 351
3056 445
3056 543
3056 550
3056 627
3056 715
3056 770
3056 859
3056 895
3056 901
3056 929
3056 935
3056 1183
3056 1268
3056 1287
3056 1539
3056 1584
3056 1697
3056 1799
3056 1868
3056 1915
3056 1922
3056 1939
3056 1989
3056 2165
3056 2214
3056 2225
3056 2287
3056 2291
3056 2296
3056 2441
3056 2526
3056 2557
3056 2655
3056 2692
3056 2733
3056 2748
3056 2749
3056 2773
3056 2801
3056 2969
3057 25
3057 27
3057 119
3057 157
3057 218
3057 256
3057 287
3057 303
3057 352
3057 424
3057 473
3057 594
3057 667
3057 678
3057 708
3057 833
3057 941
3057 952
3057 1083
3057 1125
3057 1275
3057 1298
3057 1313
3057 1321
3057 1415
3057 1468
3057 1608
3057 1754
3057 2045
3057 2055
3057 2073
3057 2166
3057 2238
3057 2255
3057 2400
3057 2482
3057 2500
3057 2530
3057 2671
3057 2856
3057 2929
3058 27
3058 117
3058 153
3058 310
3058 330
3058 539
3058 772
3058 774
3058 785
3058 856
3058 860
3058 912
3058 928
3058 952
3058 974
3058 1036
3058 1057
3058 1106
3058 1154
3058 1179
3058 1209
3058 1300
3058 1314
3058 1419
3058 1533
3058 1553
3058 1611
3058 1966
3058 1984
3058 2077
3058 2106
3058 2109
3058 2121
3058 2190
3058 2210
3058 2247
3058 2299
3058 2334
3058 2434
3058 2485
3058 2512
3058 2515
3058 2552
3058 2613
3058 2679
3058 2912
3059 48
3059 231
3059 244
3059 253
3059 302
3059 385
3059 443
3059 478
3059 643
3059 718
3059 734
3059 740
3059 818
3059 1230
3059 1305
3059 1379
3059 1381
3059 1407
3059 1416
3059 1785
3059 1798
3059 1807
3059 1846
3059 1890
3059 1983
3059 2041
3059 2202
3059 2246
3059 2274
3059 2335
3059 2357
3059 2417
3059 2514
3059 2558
3059 2610
3059 2847
3059 2851
3059 2954
3060 30
3060 58
3060 216
3060 249
3060 445
3060 518
3060 519
3060 539
3060 556
3060 589
3060 781
3060 1007
3060 1081
3060 1098
3060 1103
3060 1150
3060 1209
3060 1237
3060 1336
3060 1517
3060 1534
3060 1556
3060 1580
3060 1921
3060 1975
3060 2128
3060 2174
3060 2230
3060 2368
3060 2562
3060 2621
3060 2766
3060 2800
3060 2856
3060 2925
3060 2987
3061 38
3061 106
3061 107
3061 212
3061 326
3061 344
3061 345
3061 360
3061 524
3061 569
3061 697
3061 727
3061 742
3061 950
3061 1003
3061 1046
3061 1050
3061 1060
3061 1078
3061 1093
3061 1121
3061 1155
3061 1294
3061 1537
3061 1543
3061 1751
3061 1820
3061 1897
3061 1986
3061 2023
3061 2044
3061 2047
3061 2077
3061 2218
3061 2235
3061 2460
3061 2495
3061 2499
3061 2519
3061 2563
3061 2665
3061 2752
3061 2772
3061 2817
3062 202
3062 301
3062 407
3062 549
3062 577
3062 723
3062 830
3062 879
3062 980
3062 1016
3062 1071
3062 1252
3062 1277
3062 1472
3062 1498
3062 1611
3062 1614
3062 1807
3062 1829
3062 1833
3062 1878
3062 1898
3062 1938
3062 2079
3062 2191
3062 2235
3062 2347
3062 2364
3062 2389
3062 2391
3062 2407
3062 2491
3062 2583
3062 2610
3062 2753
3062 2803
3062 2859
3062 2878
3062 2914
3063 66
3063 156
3063 161
3063 269
3063 297
3063 491
3063 514
3063 545
3063 547
3063 592
3063 674
3063 898
3063 1174
3063 1208
3063 1441
3063 1476
3063 1514
3063 1566
3063 1669
3063 1711
3063 1720
3063 1851
3063 1869
3063 1967
3063 2059
3063 2105
3063 2207
3063 2294
3063 2381
3063 2423
3063 2496
3063 2644
3063 2661
3063 2701
3063 2798
3063 2914
3063 2928
3063 2953
3063 2985
3064 119
3064 239
3064 297
3064 463
3064 507
3064 512
3064 587
3064 599
3064 613
3064 1004
3064 1043
3064 1054
3064 1119
3064 1182
3064 1234
3064 1325
3064 1361
3064 1449
3064 1482
3064 1493
3064 1549
3064 1681
3064 1705
3064 1954
3064 1983
3064 2149
3064 2196
3064 2269
3064 2522
3064 2550
3064 2613
3064 2846
3065 44
3065 45
3065 72
3065 92
3065 112
3065 185
3065 188
3065 246
3065 249
3065 266
3065 449
3065 492
3065 512
3065 514
3065 568
3065 602
3065 768
3065 784
3065 796
3065 876
3065 899
3065 918
3065 970
3065 1143
3065 1158
3065 1174
3065 1191
3065 1202
3065 1327
3065 1352
3065 1353
3065 1564
3065 1643
3065 1661
3065 1745
3065 1949
3065 1990
3065 2015
3065 2029
3065 2045
3065 2075
3065 2206
3065 2269
3065 2348
3065 2571
3065 2618
3065 2704
3065 2769
3065 2822
3065 2860
3065 2869
3065 2895
3065 2960
3065 2978
3066 48
3066 70
3066 270
3066 622
3066 652
3066 681
3066 852
3066 884
3066 978
3066 1040
3066 1208
3066 1237
3066 1260
3066 1268
3066 1440
3066 1443
3066 1567
3066 1818
3066 1839
3066 1980
3066 2035
3066 2201
3066 2381
3066 2395
3066 2448
3066 2502
3066 2691
3066 2769
3066 2806
3066 2880
3067 34
3067 57
3067 189
3067 192
3067 249
3067 301
3067 360
3067 393
3067 400
3067 441
3067 442
3067 445
3067 485
3067 540
3067 627
3067 783
3067 792
3067 846
3067 872
3067 894
3067 1033
3067 1271
3067 1323
3067 1383
3067 1394
3067 1397
3067 1587
3067 1688
3067 1707
3067 1804
3067 1981
3067 1989
3067 2032
3067 2068
3067 2106
3067 2113
3067 2169
3067 2264
3067 2319
3067 2428
3067 2569
3067 2706
3067 2732
3067 2850
3067 2952
3067 2957
3068 6
3068 38
3068 95
3068 100
3068 151
3068 223
3068 320
3068 323
3068 485
3068 542
3068 562
3068 565
3068 576
3068 577
3068 625
3068 632
3068 689
3068 760
3068 777
3068 833
3068 854
3068 868
3068 1013
3068 1245
3068 1288
3068 1303
3068 1352
3068 1356
3068 1467
3068 1532
3068 1533
3068 1555
3068 1726
3068 1781
3068 1811
3068 2001
3068 2076
3068 2155
3068 2164
3068 2231
3068 2249
3068 2296
3068 2315
3068 2355
3068 2422
3068 2540
3068 2597
3068 2704
3068 2754
3068 2802
3068 2920
3069 66
3069 298
3069 328
3069 344
3069 462
3069 486
3069 595
3069 636
3069 641
3069 642
3069 661
3069 972
3069 1138
3069 1146
3069 1152
3069 1422
3069 1444
3069 1686
3069 1776
3069 1847
3069 1877
3069 1888
3069 1911
3069 1995
3069 1996
3069 2025
3069 2049
3069 2097
3069 2191
3069 2297
3069 2320
3069 2405
3069 2525
3069 2668
3069 2696
3069 2786
3069 2798
3069 2857
3070 51
3070 99
3070 103
3070 115
3070 271
3070 481
3070 499
3070 564
3070 589
3070 688
3070 748
3070 771
3070 911
3070 914
3070 969
3070 1040
3070 1131
3070 1147
3070 1189
3070 1522
3070 1537
3070 1601
3070 1614
3070 1711
3070 1792
3070 1938
3070 1958
3070 2068
3070 2205
3070 2217
3070 2308
3070 2444
3070 2509
3070 2598
3070 2625
3070 2806
3070 2949
3070 2963
3070 2974
3070 2976
3071 19
3071 87
3071 151
3071 156
3071 187
3071 199
3071 236
3071 267
3071 320
3071 329
3071 439
3071 465
3071 499
3071 522
3071 571
3071 590
3071 593
3071 639
3071 653
3071 684
3071 687
3071 783
3071 896
3071 989
3071 994
3071 1073
3071 1089
3071 1176
3071 1228
3071 1263
3071 1333
3071 1378
3071 1417
3071 1447
3071 1477
3071 1671
3071 1764
3071 1799
3071 1802
3071 1811
3071 1815
3071 1820
3071 1881
3071 1898
3071 1899
3071 1970
3071 2176
3071 2247
3071 2329
3071 2374
3071 2397
3071 2488
3071 2572
3071 2594
3071 2736
3071 2770
3071 2777
3071 2890
3072 0
3072 5
3072 57
3072 74
3072 219
3072 349
3072 366
3072 386
3072 470
3072 678
3072 807
3072 948
3072 969
3072 1260
3072 1446
3072 1521
3072 1677
3072 1931
3072 1939
3072 1958
3072 2026
3072 2080
3072 2089
3072 2170
3072 2174
3072 2389
3072 2418
3072 2495
3072 2560
3072 2634
3072 2648
3072 2693
3072 2784
3072 2799
3073 21
3073 278
3073 417
3073 428
3073 430
3073 441
3073 467
3073 469
3073 512
3073 519
3073 596
3073 635
3073 676
3073 684
3073 687
3073 790
3073 841
3073 898
3073 933
3073 1124
3073 1227
3073 1246
3073 1280
3073 1386
3073 1404
3073 1413
3073 1525
3073 1579
3073 1655
3073 1733
3073 1800
3073 1810
3073 1849
3073 2125
3073 2345
3073 2429
3073 2456
3073 2662
3073 2703
3073 2738
3073 2837
3073 2964
3073 2985
3074 57
3074 268
3074 283
3074 369
3074 439
3074 484
3074 486
3074 750
3074 891
3074 901
3074 925
3074 943
3074 981
3074 1176
3074 1282
3074 1307
3074 1440
3074 1488
3074 1496
3074 1737
3074 1765
3074 1835
3074 1856
3074 1862
3074 1928
3074 1956
3074 2025
3074 2070
3074 2150
3074 2166
3074 2320
3074 2321
3074 2420
3074 2474
3074 2806
3074 2887
3074 2911
3074 2994
3075 37
3075 99
3075 145
3075 208
3075 324
3075 391
3075 417
3075 493
3075 497
3075 498
3075 532
3075 533
3075 620
3075 686
3075 757
3075 853
3075 864
3075 931
3075 936
3075 983
3075 1003
3075 1092
3075 1130
3075 1151
3075 1230
3075 1470
3075 1523
3075 1585
3075 1613
3075 1640
3075 1670
3075 1692
3075 1739
3075 1740
3075 1747
3075 1804
3075 1878
3075 2199
3075 2252
3075 2260
3075 2294
3075 2332
3075 2394
3075 2479
3075 2589
3075 2628
3075 2695
3075 2895
3075 2968
3076 6
3076 33
3076 78
3076 120
3076 346
3076 368
3076 472
3076 540
3076 685
3076 758
3076 848
3076 852
3076 898
3076 972
3076 1038
3076 1074
3076 1160
3076 1163
3076 1182
3076 1268
3076 1445
3076 1495
3076 1557
3076 1640
3076 1649
3076 1691
3076 1804
3076 1906
3076 1935
3076 2241
3076 2246
3076 2270
3076 2274
3076 2467
3076 2551
3076 2585
3076 2614
3076 2651
3076 2691
3076 2738
3076 2745
3076 2802
3076 2867
3076 2959
3076 2980
3077 73
3077 123
3077 241
3077 264
3077 284
3077 317
3077 393
3077 543
3077 546
3077 559
3077 563
3077 730
3077 777
3077 786
3077 814
3077 902
3077 954
3077 968
3077 1009
3077 1085
3077 1108
3077 1190
3077 1217
3077 1262
3077 1513
3077 1514
3077 1638
3077 1682
3077 1712
3077 1778
3077 1779
3077 1819
3077 1955
3077 2010
3077 2095
3077 2118
3077 2202
3077 2325
3077 2353
3077 2356
3077 2426
3077 2531
3077 2757
3077 2843
3077 2886
3077 2892
3077 2924
3078 43
3078 60
3078 72
3078 79
3078 148
3078 183
3078 185
3078 189
3078 384
3078 583
3078 619
3078 677
3078 733
3078 747
3078 818
3078 916
3078 1011
3078 1069
3078 1097
3078 1110
3078 1209
3078 1296
3078 1403
3078 1639
3078 1754
3078 1777
3078 1826
3078 1847
3078 1925
3078 1938
3078 2040
3078 2245
3078 2337
3078 2483
3078 2488
3078 2663
3078 2695
3078 2747
3078 2750
3078 2766
3078 2779
3078 2845
3078 2852
3079 2
3079 67
3079 116
3079 122
3079 143
3079 298
3079 344
3079 376
3079 378
3079 439
3079 655
3079 820
3079 943
3079 1089
3079 1119
3079 1207
3079 1231
3079 1307
3079 1326
3079 1354
3079 1380
3079 1531
3079 1564
3079 1578
3079 1608
3079 1771
3079 1856
3079 1879
3079 1916
3079 1938
3079 1976
3079 2105
3079 2156
3079 2336
3079 2393
3079 2480
3079 2529
3079 2533
3079 2554
3079 2584
3079 2775
3079 2860
3079 2937
3079 2962
3079 2972
3080 0
3080 29
3080 89
3080 92
3080 240
3080 252
3080 387
3080 418
3080 519
3080 541
3080 597
3080 662
3080 700
3080 732
3080 885
3080 934
3080 973
3080 1127
3080 1149
3080 1162
3080 1217
3080 1233
3080 1313
3080 1403
3080 1406
3080 1427
3080 1619
3080 1649
3080 1687
3080 1701
3080 1784
3080 1877
3080 1924
3080 1928
3080 1981
3080 2013
3080 2045
3080 2130
3080 2204
3080 2260
3080 2323
3080 2337
3080 2377
3080 2664
3080 2846
3081 3
3081 7
3081 163
3081 211
3081 345
3081 351
3081 484
3081 595
3081 632
3081 646
3081 812
3081 813
3081 843
3081 969
3081 970
3081 995
3081 1044
3081 1127
3081 1148
3081 1177
3081 1230
3081 1238
3081 1293
3081 1294
3081 1359
3081 1404
3081 1420
3081 1466
3081 1512
3081 1672
3081 1689
3081 1748
3081 1772
3081 1880
3081 1892
3081 1927
3081 1941
3081 2089
3081 2115
3081 2147
3081 2236
3081 2306
3081 2398
3081 2404
3081 2485
3081 2512
3081 2634
3081 2667
3081 2707
3081 2813
3081 2835
3082 4
3082 60
3082 89
3082 140
3082 142
3082 149
3082 193
3082 235
3082 256
3082 324
3082 374
3082 424
3082 454
3082 505
3082 624
3082 629
3082 674
3082 679
3082 718
3082 763
3082 819
3082 837
3082 862
3082 926
3082 1061
3082 1074
3082 1109
3082 1146
3082 1148
3082 1152
3082 1193
3082 1295
3082 1305
3082 1334
3082 1497
3082 1550
3082 1555
3082 1657
3082 1689
3082 1700
3082 1752
3082 2261
3082 2276
3082 2590
3082 2614
3082 2638
3082 2697
3082 2761
3082 2819
3082 2942
3082 2948
3083 149
3083 245
3083 262
3083 275
3083 330
3083 372
3083 386
3083 398
3083 447
3083 467
3083 472
3083 526
3083 676
3083 743
3083 757
3083 865
3083 880
3083 913
3083 1141
3083 1239
3083 1381
3083 1580
3083 1582
3083 1656
3083 1681
3083 1686
3083 1741
3083 1868
3083 1938
3083 2113
3083 2168
3083 2212
3083 2285
3083 2356
3083 2544
3083 2604
3083 2607
3083 2692
3083 2735
3083 2772
3083 2853
3083 2942
3083 2951
3083 2955
3084 10
3084 98
3084 133
3084 177
3084 202
3084 279
3084 361
3084 368
3084 396
3084 448
3084 561
3084 623
3084 674
3084 936
3084 1012
3084 1101
3084 1175
3084 1215
3084 1234
3084 1249
3084 1253
3084 1296
3084 1430
3084 1490
3084 1650
3084 1671
3084 1813
3084 1913
3084 1957
3084 1994
3084 2020
3084 2028
3084 2200
3084 2205
3084 2460
3084 2670
3084 2768
3084 2995
3085 18
3085 118
3085 169
3085 181
3085 207
3085 259
3085 290
3085 299
3085 386
3085 416
3085 421
3085 435
3085 451
3085 515
3085 543
3085 573
3085 587
3085 588
3085 717
3085 723
3085 754
3085 760
3085 813
3085 873
3085 896
3085 973
3085 1029
3085 1037
3085 1047
3085 1093
3085 1109
3085 1203
3085 1232
3085 1239
3085 1452
3085 1485
3085 1651
3085 1657
3085 1666
3085 2019
3085 2022
3085 2045
3085 2082
3085 2108
3085 2197
3085 2298
3085 2332
3085 2422
3085 2495
3085 2536
3085 2581
3085 2611
3085 2677
3085 2762
3085 2775
3085 2889
3085 2898
3086 203
3086 413
3086 514
3086 662
3086 712
3086 733
3086 759
3086 824
3086 946
3086 1046
3086 1117
3086 1240
3086 1351
3086 1361
3086 1417
3086 1485
3086 1490
3086 1546
3086 1559
3086 1687
3086 1702
3086 1780
3086 1818
3086 1867
3086 1935
3086 1970
3086 1979
3086 2263
3086 2325
3086 2436
3086 2507
3086 2530
3086 2570
3086 2587
3086 2634
3086 2651
3086 2791
3086 2803
3086 2989
3087 0
3087 174
3087 217
3087 284
3087 287
3087 297
3087 325
3087 425
3087 440
3087 494
3087 564
3087 631
3087 661
3087 663
3087 678
3087 860
3087 870
3087 875
3087 906
3087 908
3087 1000
3087 1010
3087 1035
3087 1152
3087 1226
3087 1515
3087 1550
3087 1679
3087 1689
3087 1769
3087 1796
3087 1804
3087 1974
3087 2056
3087 2096
3087 2128
3087 2161
3087 2184
3087 2202
3087 2246
3087 2310
3087 2327
3087 2358
3087 2359
3087 2388
3087 2458
3087 2491
3087 2519
3087 2520
3087 2550
3087 2569
3087 2605
3087 2637
3087 2729
3087 2744
3087 2760
3087 2785
3087 2799
3087 2861
3087 2935
3087 2963
3088 63
3088 88
3088 96
3088 127
3088 150
3088 266
3088 284
3088 313
3088 323
3088 347
3088 425
3088 525
3088 565
3088 579
3088 783
3088 789
3088 794
3088 824
3088 855
3088 991
3088 1028
3088 1056
3088 1138
3088 1229
3088 1330
3088 1356
3088 1434
3088 1529
3088 1557
3088 1619
3088 1730
3088 2001
3088 2040
3088 2103
3088 2118
3088 2125
3088 2175
3088 2202
3088 2229
3088 2272
3088 2320
3088 2355
3088 2361
3088 2388
3088 2394
3088 2467
3088 2589
3088 2726
3088 2845
3088 2992
3089 195
3089 297
3089 474
3089 489
3089 612
3089 655
3089 700
3089 737
3089 804
3089 892
3089 924
3089 991
3089 1015
3089 1153
3089 1156
3089 1254
3089 1268
3089 1437
3089 1454
3089 1491
3089 1528
3089 1667
3089 1742
3089 1799
3089 1818
3089 1838
3089 1863
3089 1908
3089 1922
3089 1937
3089 1955
3089 2135
3089 2188
3089 2189
3089 2200
3089 2203
3089 2425
3089 2485
3089 2498
3089 2617
3089 2669
3089 2839
3089 2840
3089 2847
3089 2953
3090 76
3090 113
3090 145
3090 272
3090 273
3090 414
3090 633
3090 637
3090 644
3090 654
3090 662
3090 680
3090 715
3090 724
3090 890
3090 999
3090 1204
3090 1212
3090 1223
3090 1286
3090 1311
3090 1357
3090 1364
3090 1496
3090 1550
3090 1560
3090 1586
3090 1658
3090 1825
3090 1877
3090 1891
3090 1960
3090 2026
3090 2056
3090 2149
3090 2222
3090 2266
3090 2272
3090 2343
3090 2465
3090 2475
3090 2556
3090 2575
3090 2697
3090 2724
3090 2799
3090 2823
3090 2977
3091 101
3091 115
3091 176
3091 237
3091 309
3091 383
3091 439
3091 452
3091 521
3091 570
3091 660
3091 738
3091 826
3091 833
3091 882
3091 887
3091 918
3091 952
3091 981
3091 1115
3091 1180
3091 1242
3091 1282
3091 1386
3091 1420
3091 1471
3091 1492
3091 1681
3091 1784
3091 1792
3091 1852
3091 1978
3091 2013
3091 2020
3091 2106
3091 2143
3091 2194
3091 2199
3091 2391
3091 2397
3091 2487
3091 2523
3091 2549
3091 2554
3091 2659
3091 2693
3091 2746
3091 2800
3091 2896
3092 50
3092 93
3092 142
3092 145
3092 304
3092 361
3092 481
3092 515
3092 543
3092 569
3092 667
3092 745
3092 756
3092 762
3092 904
3092 1008
3092 1046
3092 1100
3092 1102
3092 1149
3092 1220
3092 1274
3092 1354
3092 1379
3092 1560
3092 1568
3092 1642
3092 1643
3092 1644
3092 1772
3092 1883
3092 2031
3092 2055
3092 2083
3092 2120
3092 2223
3092 2231
3092 2239
3092 2274
3092 2286
3092 2362
3092 2371
3092 2400
3092 2681
3092 2693
3092 2829
3093 3
3093 11
3093 118
3093 154
3093 178
3093 242
3093 383
3093 559
3093 625
3093 627
3093 758
3093 763
3093 769
3093 886
3093 940
3093 1049
3093 1145
3093 1304
3093 1415
3093 1449
3093 1470
3093 1594
3093 1599
3093 1618
3093 1641
3093 1953
3093 1999
3093 2068
3093 2114
3093 2208
3093 2228
3093 2288
3093 2316
3093 2331
3093 2404
3093 2421
3093 2430
3093 2446
3093 2470
3093 2522
3093 2594
3093 2628
3093 2766
3093 2886
3093 2897
3093 2912
3093 2922
3093 2938
3094 8
3094 29
3094 99
3094 116
3094 183
3094 204
3094 331
3094 371
3094 538
3094 546
3094 728
3094 785
3094 801
3094 1001
3094 1039
3094 1074
3094 1174
3094 1183
3094 1271
3094 1311
3094 1324
3094 1352
3094 1387
3094 1473
3094 1516
3094 1524
3094 1532
3094 1541
3094 1709
3094 1807
3094 1879
3094 1896
3094 1903
3094 1962
3094 1964
3094 2023
3094 2134
3094 2229
3094 2237
3094 2320
3094 2424
3094 2486
3094 2579
3094 2593
3094 2650
3094 2662
3094 2737
3094 2767
3094 2835
3094 2941
3094 2992
3095 87
3095 100
3095 172
3095 237
3095 241
3095 288
3095 300
3095 323
3095 326
3095 366
3095 419
3095 441
3095 465
3095 521
3095 531
3095 598
3095 638
3095 707
3095 941
3095 1094
3095 1176
3095 1177
3095 1287
3095 1445
3095 1448
3095 1651
3095 1740
3095 1746
3095 1771
3095 1787
3095 1906
3095 1943
3095 1988
3095 2012
3095 2027
3095 2042
3095 2079
3095 2131
3095 2133
3095 2164
3095 2210
3095 2321
3095 2485
3095 2501
3095 2569
3095 2615
3095 2616
3095 2675
3095 2696
3095 2727
3095 2750
3095 2898
3095 2926
3096 49
3096 62
3096 82
3096 84
3096 170
3096 189
3096 208
3096 222
3096 326
3096 380
3096 383
3096 418
3096 433
3096 469
3096 489
3096 492
3096 587
3096 615
3096 741
3096 793
3096 888
3096 1035
3096 1049
3096 1050
3096 1121
3096 1145
3096 1187
3096 1229
3096 1323
3096 1453
3096 1511
3096 1678
3096 1679
3096 1680
3096 1695
3096 1709
3096 1750
3096 1754
3096 1786
3096 1916
3096 1973
3096 2054
3096 2076
3096 2192
3096 2217
3096 2279
3096 2333
3096 2367
3096 2512
3096 2569
3096 2583
3096 2591
3096 2686
3096 2740
3096 2760
3096 2813
3096 2815
3096 2823
3097 72
3097 132
3097 143
3097 165
3097 232
3097 288
3097 298
3097 396
3097 404
3097 505
3097 656
3097 703
3097 751
3097 801
3097 814
3097 816
3097 872
3097 876
3097 935
3097 962
3097 1009
3097 1073
3097 1076
3097 1162
3097 1282
3097 1322
3097 1337
3097 1407
3097 1471
3097 1584
3097 1621
3097 1684
3097 1845
3097 1972
3097 2088
3097 2133
3097 2448
3097 2472
3097 2737
3097 2813
3097 2838
3097 2853
3097 2976
3098 22
3098 168
3098 265
3098 291
3098 414
3098 437
3098 619
3098 687
3098 694
3098 847
3098 851
3098 929
3098 1118
3098 1183
3098 1185
3098 1355
3098 1367
3098 1448
3098 1478
3098 1527
3098 1547
3098 1548
3098 1620
3098 1682
3098 1751
3098 1799
3098 1847
3098 1860
3098 1897
3098 1899
3098 1971
3098 1974
3098 2001
3098 2041
3098 2088
3098 2126
3098 2140
3098 2165
3098 2197
3098 2201
3098 2338
3098 2486
3098 2631
3098 2657
3098 2691
3098 2730
3098 2779
3098 2860
3098 2905
3099 32
3099 242
3099 380
3099 464
3099 474
3099 706
3099 731
3099 856
3099 1010
3099 1149
3099 1151
3099 1159
3099 1173
3099 1199
3099 1378
3099 1388
3099 1405
3099 1498
3099 1571
3099 1628
3099 1750
3099 1833
3099 1837
3099 1872
3099 1883
3099 1985
3099 2119
3099 2165
3099 2241
3099 2262
3099 2295
3099 2307
3099 2326
3099 2427
3099 2436
3099 2555
3099 2678
3099 2708
3099 2747
3099 2780
3099 2804
3100 144
3100 184
3100 264
3100 429
3100 546
3100 563
3100 632
3100 812
3100 816
3100 911
3100 915
3100 963
3100 984
3100 1050
3100 1156
3100 1238
3100 1248
3100 1294
3100 1297
3100 1305
3100 1386
3100 1455
3100 1456
3100 1558
3100 1621
3100 1798
3100 1823
3100 1832
3100 1867
3100 1872
3100 1992
3100 2092
3100 2180
3100 2199
3100 2257
3100 2299
3100 2300
3100 2379
3100 2392
3100 2398
3100 2457
3100 2522
3100 2640
3100 2674
3100 2844
3100 2846
3100 2923
3100 2925
3101 145
3101 154
3101 237
3101 297
3101 358
3101 396
3101 408
3101 424
3101 435
3101 583
3101 638
3101 655
3101 829
3101 1000
3101 1011
3101 1170
3101 1231
3101 1242
3101 1284
3101 1473
3101 1497
3101 1597
3101 1614
3101 1738
3101 1754
3101 1760
3101 1777
3101 1823
3101 1856
3101 1867
3101 1973
3101 1980
3101 2015
3101 2044
3101 2086
3101 2139
3101 2176
3101 2195
3101 2229
3101 2260
3101 2328
3101 2411
3101 2425
3101 2429
3101 2485
3101 2490
3101 2586
3101 2665
3101 2774
3101 2861
3101 2882
3101 2929
3101 2949
3102 42
3102 125
3102 140
3102 174
3102 202
3102 218
3102 221
3102 234
3102 594
3102 677
3102 717
3102 746
3102 757
3102 772
3102 788
3102 851
3102 855
3102 859
3102 883
3102 920
3102 1057
3102 1147
3102 1387
3102 1408
3102 1684
3102 1687
3102 1708
3102 1789
3102 1835
3102 1945
3102 1979
3102 2013
3102 2058
3102 2107
3102 2125
3102 2177
3102 2248
3102 2274
3102 2334
3102 2487
3102 2550
3102 2694
3102 2766
3102 2771
3102 2839
3103 111
3103 326
3103 335
3103 345
3103 379
3103 553
3103 596
3103 754
3103 863
3103 985
3103 1030
3103 1039
3103 1060
3103 1124
3103 1273
3103 1309
3103 1339
3103 1443
3103 1652
3103 1662
3103 1711
3103 1859
3103 1939
3103 1980
3103 1983
3103 2114
3103 2166
3103 2195
3103 2207
3103 2271
3103 2430
3103 2488
3103 2766
3103 2848
3103 2878
3103 2894
3103 2899
3104 107
3104 140
3104 155
3104 169
3104 227
3104 235
3104 349
3104 565
3104 566
3104 620
3104 621
3104 633
3104 710
3104 725
3104 772
3104 997
3104 1021
3104 1389
3104 1397
3104 1417
3104 1500
3104 1598
3104 1621
3104 1657
3104 1660
3104 1710
3104 1744
3104 1822
3104 1875
3104 2359
3104 2565
3104 2698
3104 2743
3104 2762
3104 2904
3105 46
3105 65
3105 90
3105 155
3105 202
3105 373
3105 388
3105 415
3105 440
3105 517
3105 604
3105 656
3105 946
3105 1001
3105 1099
3105 1161
3105 1224
3105 1350
3105 1444
3105 1625
3105 1720
3105 1757
3105 1834
3105 1864
3105 1871
3105 1940
3105 1973
3105 2051
3105 2148
3105 2162
3105 2173
3105 2334
3105 2488
3105 2527
3105 2577
3105 2580
3105 2638
3105 2841
3105 2852
3105 2888
3106 52
3106 105
3106 129
3106 296
3106 344
3106 402
3106 466
3106 487
3106 523
3106 682
3106 857
3106 872
3106 886
3106 908
3106 926
3106 935
3106 936
3106 945
3106 950
3106 975
3106 1244
3106 1252
3106 1327
3106 1432
3106 1469
3106 1470
3106 1482
3106 1646
3106 1668
3106 1704
3106 1748
3106 1763
3106 1831
3106 1844
3106 1900
3106 1953
3106 1974
3106 2124
3106 2387
3106 2561
3106 2588
3106 2746
3106 2756
3106 2819
3106 2926
3107 22
3107 119
3107 169
3107 181
3107 240
3107 555
3107 588
3107 622
3107 624
3107 697
3107 782
3107 800
3107 838
3107 1245
3107 1265
3107 1297
3107 1323
3107 1473
3107 1494
3107 1515
3107 1518
3107 1519
3107 1553
3107 1611
3107 1650
3107 1690
3107 1783
3107 1789
3107 1818
3107 1924
3107 1926
3107 1978
3107 2043
3107 2111
3107 2124
3107 2227
3107 2229
3107 2262
3107 2301
3107 2342
3107 2395
3107 2425
3107 2427
3107 2437
3107 2497
3107 2567
3107 2568
3107 2613
3107 2702
3107 2736
3107 2752
3107 2831
3107 2839
3107 2847
3107 2897
3107 2905
3107 2929
3107 2932
3107 2959
3108 20
3108 28
3108 91
3108 216
3108 312
3108 341
3108 392
3108 424
3108 476
3108 514
3108 519
3108 600
3108 652
3108 707
3108 812
3108 813
3108 826
3108 878
3108 1149
3108 1165
3108 1253
3108 1297
3108 1393
3108 1440
3108 1450
3108 1547
3108 1673
3108 1739
3108 1876
3108 1940
3108 1950
3108 1959
3108 1975
3108 1983
3108 2025
3108 2102
3108 2109
3108 2134
3108 2195
3108 2291
3108 2321
3108 2364
3108 2390
3108 2428
3108 2430
3108 2449
3108 2630
3108 2661
3108 2708
3108 2731
3108 2792
3108 2922
3108 2926
3108 2963
3109 72
3109 105
3109 130
3109 199
3109 375
3109 490
3109 496
3109 521
3109 617
3109 633
3109 739
3109 878
3109 1086
3109 1126
3109 1149
3109 1174
3109 1206
3109 1298
3109 1341
3109 1556
3109 1674
3109 1687
3109 1957
3109 2004
3109 2023
3109 2061
3109 2103
3109 2344
3109 2388
3109 2424
3109 2451
3109 2494
3109 2643
3109 2667
3109 2881
3109 2903
3109 2929
3110 18
3110 116
3110 173
3110 227
3110 388
3110 414
3110 440
3110 445
3110 465
3110 466
3110 553
3110 563
3110 634
3110 718
3110 737
3110 862
3110 887
3110 922
3110 1115
3110 1180
3110 1280
3110 1358
3110 1431
3110 1477
3110 1525
3110 1542
3110 1569
3110 1600
3110 1840
3110 1939
3110 2012
3110 2071
3110 2208
3110 2537
3110 2553
3110 2581
3110 2651
3110 2775
3110 2796
3110 2835
3110 2950
3110 2951
3110 2961
3110 2982
3111 76
3111 142
3111 191
3111 208
3111 264
3111 299
3111 346
3111 353
3111 382
3111 415
3111 495
3111 585
3111 647
3111 708
3111 717
3111 759
3111 769
3111 815
3111 871
3111 879
3111 957
3111 1006
3111 1126
3111 1294
3111 1444
3111 1615
3111 1645
3111 1728
3111 1867
3111 1874
3111 1950
3111 1990
3111 2038
3111 2160
3111 2176
3111 2205
3111 2414
3111 2456
3111 2466
3111 2476
3111 2606
3111 2634
3111 2733
3111 2877
3111 2932
3111 2955
3111 2978
3112 57
3112 101
3112 140
3112 186
3112 206
3112 235
3112 253
3112 267
3112 354
3112 397
3112 542
3112 674
3112 753
3112 832
3112 869
3112 923
3112 935
3112 938
3112 1061
3112 1116
3112 1154
3112 1174
3112 1261
3112 1322
3112 1385
3112 1519
3112 1552
3112 1579
3112 1680
3112 1896
3112 1902
3112 1917
3112 1941
3112 1970
3112 1977
3112 1998
3112 2160
3112 2166
3112 2325
3112 2334
3112 2358
3112 2372
3112 2398
3112 2553
3112 2601
3112 2729
3112 2913
3112 2923
3112 2988
3113 46
3113 94
3113 178
3113 228
3113 413
3113 537
3113 559
3113 773
3113 957
3113 967
3113 988
3113 1011
3113 1468
3113 1548
3113 1573
3113 1610
3113 1668
3113 1685
3113 1744
3113 1749
3113 1754
3113 1811
3113 1873
3113 1946
3113 2010
3113 2042
3113 2075
3113 2102
3113 2126
3113 2217
3113 2292
3113 2327
3113 2553
3113 2559
3113 2590
3113 2635
3113 2666
3113 2678
3113 2739
3113 2819
3113 2911
3114 57
3114 77
3114 145
3114 165
3114 180
3114 259
3114 379
3114 414
3114 424
3114 550
3114 628
3114 735
3114 826
3114 911
3114 985
3114 1044
3114 1168
3114 1358
3114 1413
3114 1611
3114 1624
3114 1673
3114 1944
3114 1970
3114 1986
3114 2092
3114 2126
3114 2138
3114 2197
3114 2216
3114 2232
3114 2243
3114 2304
3114 2340
3114 2348
3114 2470
3114 2486
3114 2489
3114 2519
3114 2524
3114 2538
3114 2548
3114 2555
3114 2602
3114 2620
3114 2696
3114 2747
3114 2866
3114 2932
3115 58
3115 159
3115 162
3115 243
3115 336
3115 508
3115 632
3115 970
3115 991
3115 1057
3115 1070
3115 1085
3115 1114
3115 1164
3115 1299
3115 1405
3115 1479
3115 1611
3115 1620
3115 1819
3115 1855
3115 1931
3115 1970
3115 2039
3115 2050
3115 2057
3115 2132
3115 2175
3115 2322
3115 2326
3115 2339
3115 2565
3115 2640
3115 2663
3115 2675
3115 2730
3115 2771
3115 2781
3115 2803
3115 2843
3116 119
3116 169
3116 308
3116 311
3116 352
3116 384
3116 420
3116 488
3116 735
3116 858
3116 864
3116 876
3116 905
3116 1045
3116 1050
3116 1070
3116 1075
3116 1145
3116 1438
3116 1490
3116 1541
3116 1586
3116 1784
3116 1800
3116 1817
3116 1850
3116 1909
3116 1933
3116 1941
3116 2131
3116 2143
3116 2189
3116 2229
3116 2404
3116 2494
3116 2582
3116 2617
3116 2636
3116 2732
3116 2856
3116 2864
3116 2934
3116 2940
3117 147
3117 162
3117 187
3117 195
3117 209
3117 301
3117 331
3117 350
3117 358
3117 468
3117 620
3117 624
3117 659
3117 732
3117 772
3117 872
3117 878
3117 882
3117 885
3117 942
3117 1017
3117 1114
3117 1163
3117 1216
3117 1354
3117 1453
3117 1502
3117 1601
3117 1816
3117 1841
3117 1868
3117 1884
3117 1920
3117 1984
3117 2138
3117 2192
3117 2261
3117 2275
3117 2317
3117 2327
3117 2346
3117 2403
3117 2466
3117 2487
3117 2505
3117 2567
3117 2621
3117 2626
3117 2701
3117 2755
3117 2819
3117 2851
3117 2855
3117 2857
3117 2895
3117 2955
3118 97
3118 201
3118 418
3118 762
3118 792
3118 872
3118 1003
3118 1088
3118 1091
3118 1242
3118 1260
3118 1301
3118 1350
3118 1420
3118 1437
3118 1476
3118 1605
3118 1736
3118 1828
3118 1853
3118 1855
3118 2132
3118 2193
3118 2230
3118 2260
3118 2298
3118 2355
3118 2399
3118 2496
3118 2686
3118 2815
3118 2870
3118 2901
3118 2928
3119 24
3119 36
3119 44
3119 68
3119 185
3119 204
3119 228
3119 233
3119 356
3119 462
3119 490
3119 574
3119 623
3119 633
3119 675
3119 786
3119 811
3119 845
3119 1039
3119 1078
3119 1279
3119 1476
3119 1487
3119 1560
3119 1679
3119 1693
3119 1724
3119 1844
3119 1859
3119 1868
3119 1919
3119 1952
3119 2093
3119 2174
3119 2210
3119 2239
3119 2282
3119 2324
3119 2428
3119 2721
3119 2795
3119 2839
3119 2862
3119 2923
3120 61
3120 154
3120 197
3120 366
3120 397
3120 417
3120 587
3120 660
3120 735
3120 793
3120 818
3120 979
3120 1009
3120 1026
3120 1067
3120 1131
3120 1133
3120 1187
3120 1206
3120 1261
3120 1381
3120 1384
3120 1416
3120 1531
3120 1581
3120 1701
3120 1784
3120 1823
3120 1837
3120 1896
3120 1954
3120 2013
3120 2087
3120 2146
3120 2289
3120 2320
3120 2356
3120 2360
3120 2388
3120 2534
3120 2537
3120 2630
3120 2641
3120 2672
3120 2930
3120 2961
3121 87
3121 218
3121 272
3121 326
3121 443
3121 499
3121 547
3121 567
3121 618
3121 631
3121 680
3121 777
3121 936
3121 1101
3121 1237
3121 1239
3121 1264
3121 1349
3121 1371
3121 1394
3121 1446
3121 1448
3121 1467
3121 1596
3121 1625
3121 1649
3121 1669
3121 2031
3121 2152
3121 2164
3121 2201
3121 2218
3121 2260
3121 2298
3121 2402
3121 2407
3121 2525
3121 2528
3121 2564
3121 2686
3121 2774
3121 2783
3121 2878
3121 2883
3122 102
3122 241
3122 357
3122 538
3122 540
3122 549
3122 657
3122 680
3122 681
3122 759
3122 811
3122 837
3122 875
3122 885
3122 906
3122 940
3122 979
3122 1038
3122 1089
3122 1093
3122 1212
3122 1214
3122 1262
3122 1277
3122 1288
3122 1565
3122 1582
3122 1610
3122 1733
3122 1866
3122 1896
3122 2055
3122 2080
3122 2129
3122 2142
3122 2256
3122 2296
3122 2303
3122 2365
3122 2423
3122 2460
3122 2465
3122 2508
3122 2552
3122 2562
3122 2611
3122 2755
3122 2788
3122 2845
3122 2858
3123 273
3123 520
3123 575
3123 685
3123 789
3123 855
3123 912
3123 941
3123 1205
3123 1270
3123 1363
3123 1365
3123 1455
3123 1517
3123 1660
3123 1683
3123 1726
3123 1746
3123 1798
3123 1821
3123 1960
3123 1981
3123 2040
3123 2077
3123 2129
3123 2171
3123 2190
3123 2411
3123 2481
3123 2490
3123 2576
3123 2638
3123 2694
3123 2730
3123 2744
3123 2813
3123 2826
3123 2899
3123 2906
3123 2925
3124 94
3124 188
3124 283
3124 312
3124 317
3124 572
3124 735
3124 839
3124 885
3124 982
3124 1239
3124 1263
3124 1309
3124 1318
3124 1340
3124 1555
3124 1612
3124 1672
3124 1757
3124 1911
3124 1917
3124 1918
3124 1952
3124 1996
3124 2037
3124 2298
3124 2329
3124 2332
3124 2390
3124 2443
3124 2617
3124 2622
3124 2716
3124 2746
3124 2757
3124 2801
3124 2895
3124 2993
3124 2999
3125 71
3125 172
3125 192
3125 344
3125 390
3125 539
3125 616
3125 736
3125 741
3125 909
3125 1000
3125 1024
3125 1418
3125 1431
3125 1461
3125 1574
3125 1678
3125 1831
3125 1945
3125 2060
3125 2078
3125 2102
3125 2111
3125 2132
3125 2230
3125 2409
3125 2530
3125 2795
3125 2956
3126 190
3126 230
3126 282
3126 439
3126 542
3126 572
3126 606
3126 654
3126 668
3126 781
3126 858
3126 897
3126 1011
3126 1069
3126 1075
3126 1121
3126 1247
3126 1319
3126 1385
3126 1395
3126 1417
3126 1421
3126 1585
3126 1637
3126 1716
3126 1790
3126 1948
3126 1971
3126 2153
3126 2244
3126 2392
3126 2426
3126 2427
3126 2455
3126 2488
3126 2562
3126 2600
3126 2680
3126 2799
3127 8
3127 32
3127 41
3127 144
3127 153
3127 159
3127 208
3127 328
3127 491
3127 514
3127 540
3127 625
3127 710
3127 736
3127 747
3127 792
3127 799
3127 820
3127 969
3127 990
3127 1150
3127 1215
3127 1386
3127 1416
3127 1421
3127 1426
3127 1612
3127 1741
3127 1844
3127 1867
3127 1954
3127 2015
3127 2031
3127 2049
3127 2145
3127 2239
3127 2269
3127 2434
3127 2476
3127 2498
3127 2560
3127 2593
3127 2595
3127 2645
3128 148
3128 173
3128 460
3128 501
3128 548
3128 582
3128 810
3128 818
3128 893
3128 902
3128 940
3128 1090
3128 1102
3128 1106
3128 1182
3128 1221
3128 1260
3128 1404
3128 1446
3128 1481
3128 1514
3128 1517
3128 1538
3128 1547
3128 1625
3128 1690
3128 1711
3128 1773
3128 1827
3128 1894
3128 1933
3128 1947
3128 1958
3128 1978
3128 2093
3128 2102
3128 2151
3128 2194
3128 2274
3128 2295
3128 2449
3128 2464
3128 2477
3128 2496
3128 2561
3128 2658
3128 2700
3128 2722
3128 2733
3128 2828
3129 26
3129 109
3129 177
3129 179
3129 181
3129 230
3129 261
3129 273
3129 378
3129 391
3129 566
3129 631
3129 659
3129 933
3129 1080
3129 1081
3129 1155
3129 1304
3129 1360
3129 1590
3129 1597
3129 1615
3129 1649
3129 1719
3129 1825
3129 1949
3129 1981
3129 2051
3129 2067
3129 2089
3129 2102
3129 2165
3129 2240
3129 2275
3129 2390
3129 2428
3129 2441
3129 2445
3129 2464
3129 2646
3129 2679
3129 2719
3129 2750
3129 2792
3129 2835
3129 2926
3129 2928
3130 85
3130 114
3130 131
3130 138
3130 177
3130 361
3130 478
3130 704
3130 711
3130 737
3130 798
3130 822
3130 904
3130 1036
3130 1045
3130 1046
3130 1090
3130 1178
3130 1238
3130 1342
3130 1383
3130 1432
3130 1444
3130 1563
3130 1671
3130 1741
3130 1845
3130 1937
3130 2085
3130 2209
3130 2354
3130 2394
3130 2485
3130 2486
3130 2504
3130 2590
3130 2661
3130 2663
3130 2692
3130 2729
3130 2742
3130 2777
3130 2816
3130 2860
3130 2935
3131 30
3131 67
3131 69
3131 172
3131 193
3131 283
3131 302
3131 328
3131 355
3131 422
3131 462
3131 591
3131 874
3131 957
3131 994
3131 1006
3131 1031
3131 1118
3131 1153
3131 1334
3131 1447
3131 1572
3131 1628
3131 1697
3131 1698
3131 1764
3131 1782
3131 2010
3131 2102
3131 2132
3131 2178
3131 2437
3131 2444
3131 2468
3131 2524
3131 2549
3131 2592
3131 2676
3131 2687
3131 2834
3131 2867
3131 2909
3132 24
3132 32
3132 39
3132 200
3132 202
3132 321
3132 325
3132 340
3132 391
3132 666
3132 677
3132 752
3132 890
3132 1045
3132 1046
3132 1179
3132 1231
3132 1252
3132 1308
3132 1489
3132 1588
3132 1645
3132 1673
3132 1774
3132 1844
3132 1993
3132 2065
3132 2200
3132 2267
3132 2406
3132 2496
3132 2597
3132 2771
3132 2900
3132 2905
3132 2928
3132 2957
3133 29
3133 209
3133 239
3133 281
3133 467
3133 489
3133 524
3133 540
3133 548
3133 790
3133 848
3133 961
3133 967
3133 1019
3133 1207
3133 1232
3133 1264
3133 1275
3133 1453
3133 1471
3133 1713
3133 1743
3133 1755
3133 1770
3133 1988
3133 2010
3133 2170
3133 2243
3133 2285
3133 2633
3133 2781
3133 2807
3133 2825
3133 2871
3133 2970
3134 149
3134 271
3134 340
3134 344
3134 349
3134 359
3134 457
3134 543
3134 576
3134 656
3134 730
3134 861
3134 903
3134 911
3134 1022
3134 1071
3134 1315
3134 1536
3134 1613
3134 1712
3134 1823
3134 1846
3134 1876
3134 1898
3134 1907
3134 1995
3134 2013
3134 2023
3134 2072
3134 2295
3134 2355
3134 2370
3134 2380
3134 2438
3134 2468
3134 2501
3134 2596
3134 2641
3134 2649
3134 2656
3134 2669
3134 2723
3134 2830
3134 2917
3135 60
3135 74
3135 88
3135 265
3135 321
3135 415
3135 567
3135 667
3135 884
3135 935
3135 1047
3135 1155
3135 1194
3135 1201
3135 1202
3135 1298
3135 1379
3135 1439
3135 1514
3135 1651
3135 1773
3135 1798
3135 1837
3135 1848
3135 1865
3135 1874
3135 1925
3135 1937
3135 1964
3135 2104
3135 2161
3135 2164
3135 2231
3135 2235
3135 2456
3135 2567
3135 2628
3135 2799
3135 2828
3135 2842
3135 2877
3136 40
3136 80
3136 271
3136 313
3136 348
3136 350
3136 390
3136 459
3136 479
3136 521
3136 605
3136 744
3136 1002
3136 1054
3136 1181
3136 1207
3136 1208
3136 1270
3136 1326
3136 1364
3136 1458
3136 1472
3136 1493
3136 1597
3136 1622
3136 1674
3136 1713
3136 1775
3136 1852
3136 2010
3136 2019
3136 2198
3136 2340
3136 2427
3136 2639
3136 2739
3136 2776
3136 2802
3137 105
3137 172
3137 266
3137 305
3137 506
3137 624
3137 843
3137 854
3137 874
3137 934
3137 940
3137 959
3137 1017
3137 1040
3137 1061
3137 1075
3137 1180
3137 1292
3137 1409
3137 1428
3137 1449
3137 1520
3137 1598
3137 1634
3137 1742
3137 1770
3137 1782
3137 1835
3137 1851
3137 1910
3137 1973
3137 2037
3137 2210
3137 2224
3137 2315
3137 2365
3137 2401
3137 2423
3137 2539
3137 2570
3137 2724
3137 2758
3138 3
3138 35
3138 126
3138 444
3138 476
3138 516
3138 616
3138 677
3138 687
3138 690
3138 727
3138 920
3138 978
3138 1000
3138 1028
3138 1289
3138 1293
3138 1330
3138 1348
3138 1463
3138 1476
3138 1487
3138 1674
3138 1708
3138 1711
3138 1739
3138 1763
3138 1812
3138 1873
3138 1996
3138 2152
3138 2169
3138 2198
3138 2293
3138 2390
3138 2635
3138 2692
3138 2734
3138 2748
3138 2758
3138 2915
3139 31
3139 58
3139 61
3139 70
3139 73
3139 203
3139 228
3139 231
3139 292
3139 371
3139 398
3139 471
3139 475
3139 571
3139 783
3139 1167
3139 1208
3139 1210
3139 1476
3139 1511
3139 1586
3139 1707
3139 1738
3139 1808
3139 1817
3139 1847
3139 1999
3139 2079
3139 2172
3139 2183
3139 2189
3139 2273
3139 2379
3139 2433
3139 2521
3139 2648
3139 2748
3139 2752
3139 2834
3139 2852
3139 2899
3139 2958
3139 2962
3140 13
3140 111
3140 174
3140 202
3140 226
3140 274
3140 295
3140 346
3140 475
3140 497
3140 521
3140 587
3140 588
3140 597
3140 633
3140 637
3140 655
3140 685
3140 782
3140 813
3140 899
3140 917
3140 974
3140 1005
3140 1119
3140 1142
3140 1155
3140 1222
3140 1258
3140 1351
3140 1472
3140 1573
3140 1608
3140 1647
3140 1766
3140 1973
3140 2128
3140 2142
3140 2182
3140 2190
3140 2281
3140 2434
3140 2496
3140 2614
3140 2620
3140 2621
3140 2624
3140 2634
3140 2787
3140 2948
3140 2991
3141 67
3141 175
3141 218
3141 267
3141 370
3141 453
3141 455
3141 829
3141 855
3141 928
3141 1077
3141 1281
3141 1378
3141 1456
3141 1466
3141 1470
3141 1544
3141 1590
3141 1890
3141 1927
3141 1932
3141 1937
3141 1945
3141 1971
3141 2143
3141 2270
3141 2330
3141 2498
3141 2612
3141 2687
3141 2773
3141 2828
3141 2852
3141 2886
3142 14
3142 75
3142 92
3142 272
3142 332
3142 357
3142 473
3142 488
3142 511
3142 530
3142 538
3142 623
3142 679
3142 691
3142 709
3142 722
3142 735
3142 779
3142 834
3142 855
3142 932
3142 1067
3142 1158
3142 1161
3142 1165
3142 1477
3142 1479
3142 1481
3142 1493
3142 1498
3142 1552
3142 1558
3142 1587
3142 1610
3142 1684
3142 1750
3142 1752
3142 1758
3142 1786
3142 1838
3142 1850
3142 1878
3142 1903
3142 1958
3142 2044
3142 2132
3142 2242
3142 2299
3142 2393
3142 2483
3142 2505
3142 2513
3142 2520
3142 2567
3142 2581
3142 2829
3142 2846
3142 2928
3142 2977
3142 2981
3142 2998
3143 256
3143 269
3143 364
3143 369
3143 513
3143 608
3143 618
3143 632
3143 781
3143 787
3143 825
3143 1203
3143 1241
3143 1306
3143 1466
3143 1568
3143 1615
3143 1700
3143 1800
3143 1973
3143 1985
3143 1986
3143 2048
3143 2084
3143 2088
3143 2091
3143 2105
3143 2159
3143 2167
3143 2196
3143 2417
3143 2532
3143 2564
3143 2611
3143 2644
3143 2646
3143 2670
3143 2671
3143 2753
3143 2768
3143 2825
3143 2875
3143 2880
3143 2961
3144 112
3144 142
3144 173
3144 231
3144 353
3144 415
3144 422
3144 428
3144 476
3144 606
3144 630
3144 702
3144 742
3144 762
3144 794
3144 828
3144 918
3144 948
3144 951
3144 1024
3144 1079
3144 1083
3144 1174
3144 1206
3144 1329
3144 1359
3144 1368
3144 1374
3144 1405
3144 1414
3144 1465
3144 1488
3144 1549
3144 1678
3144 1722
3144 1726
3144 1839
3144 1955
3144 1985
3144 2035
3144 2076
3144 2230
3144 2309
3144 2362
3144 2415
3144 2481
3144 2554
3144 2849
3144 2885
3145 8
3145 58
3145 140
3145 248
3145 265
3145 266
3145 276
3145 362
3145 392
3145 418
3145 550
3145 679
3145 711
3145 827
3145 897
3145 917
3145 1012
3145 1027
3145 1078
3145 1157
3145 1240
3145 1378
3145 1386
3145 1389
3145 1422
3145 1466
3145 1482
3145 1518
3145 1635
3145 1644
3145 1678
3145 1716
3145 1870
3145 1939
3145 1974
3145 1975
3145 2046
3145 2109
3145 2154
3145 2161
3145 2229
3145 2299
3145 2342
3145 2409
3145 2560
3145 2584
3145 2591
3145 2639
3145 2814
3145 2971
3145 2976
3146 33
3146 144
3146 180
3146 205
3146 232
3146 249
3146 285
3146 381
3146 564
3146 651
3146 797
3146 803
3146 829
3146 857
3146 886
3146 944
3146 992
3146 1035
3146 1059
3146 1072
3146 1166
3146 1195
3146 1394
3146 1512
3146 1516
3146 1559
3146 1605
3146 1637
3146 1672
3146 1730
3146 1740
3146 1821
3146 1825
3146 1859
3146 1875
3146 1947
3146 1993
3146 2190
3146 2200
3146 2310
3146 2529
3146 2562
3146 2581
3146 2661
3146 2670
3146 2826
3146 2838
3146 2955
3147 64
3147 89
3147 140
3147 287
3147 379
3147 395
3147 422
3147 477
3147 591
3147 691
3147 694
3147 773
3147 778
3147 867
3147 885
3147 1062
3147 1125
3147 1164
3147 1187
3147 1238
3147 1299
3147 1302
3147 1339
3147 1409
3147 1452
3147 1754
3147 2046
3147 2087
3147 2168
3147 2278
3147 2328
3147 2389
3147 2770
3147 2775
3147 2863
3147 2888
3148 0
3148 1
3148 65
3148 90
3148 91
3148 386
3148 395
3148 442
3148 446
3148 529
3148 593
3148 635
3148 728
3148 735
3148 781
3148 858
3148 971
3148 1002
3148 1189
3148 1235
3148 1269
3148 1281
3148 1326
3148 1447
3148 1480
3148 1801
3148 1834
3148 1858
3148 1870
3148 1908
3148 1943
3148 1972
3148 1999
3148 2087
3148 2291
3148 2359
3148 2493
3148 2506
3148 2564
3148 2769
3148 2773
3148 2811
3148 2814
3148 2859
3148 2924
3148 2989
3149 22
3149 96
3149 114
3149 344
3149 391
3149 457
3149 550
3149 652
3149 663
3149 677
3149 688
3149 771
3149 948
3149 1029
3149 1068
3149 1091
3149 1256
3149 1263
3149 1364
3149 1399
3149 1553
3149 1608
3149 1647
3149 1682
3149 1727
3149 1822
3149 1943
3149 2070
3149 2071
3149 2084
3149 2116
3149 2168
3149 2189
3149 2226
3149 2303
3149 2392
3149 2427
3149 2486
3149 2487
3149 2510
3149 2515
3149 2584
3149 2730
3149 2857
3150 94
3150 149
3150 194
3150 298
3150 384
3150 400
3150 737
3150 857
3150 975
3150 981
3150 1020
3150 1038
3150 1222
3150 1281
3150 1337
3150 1352
3150 1395
3150 1406
3150 1475
3150 1637
3150 1666
3150 1790
3150 1822
3150 1846
3150 1926
3150 1967
3150 2116
3150 2236
3150 2273
3150 2306
3150 2356
3150 2426
3150 2458
3150 2460
3150 2543
3150 2566
3150 2602
3150 2655
3150 2722
3150 2756
3150 2773
3150 2927
3151 11
3151 40
3151 73
3151 108
3151 167
3151 238
3151 342
3151 413
3151 443
3151 485
3151 521
3151 557
3151 575
3151 628
3151 917
3151 927
3151 939
3151 1141
3151 1546
3151 1696
3151 1706
3151 1714
3151 1827
3151 1905
3151 1941
3151 1942
3151 2078
3151 2199
3151 2255
3151 2338
3151 2356
3151 2502
3151 2592
3151 2661
3151 2711
3152 66
3152 135
3152 365
3152 416
3152 421
3152 449
3152 497
3152 621
3152 626
3152 658
3152 764
3152 844
3152 959
3152 973
3152 1351
3152 1381
3152 1416
3152 1472
3152 1492
3152 1511
3152 1564
3152 1661
3152 1685
3152 1691
3152 1707
3152 1725
3152 1925
3152 2041
3152 2074
3152 2078
3152 2108
3152 2207
3152 2251
3152 2272
3152 2309
3152 2378
3152 2432
3152 2729
3152 2745
3152 2927
3152 2952
3152 2983
3152 2997
3153 27
3153 87
3153 171
3153 188
3153 199
3153 207
3153 292
3153 379
3153 544
3153 554
3153 853
3153 934
3153 1071
3153 1205
3153 1492
3153 1536
3153 1540
3153 1554
3153 1668
3153 1703
3153 1778
3153 1899
3153 1958
3153 1970
3153 1986
3153 1988
3153 2012
3153 2058
3153 2102
3153 2135
3153 2172
3153 2225
3153 2231
3153 2263
3153 2264
3153 2359
3153 2409
3153 2551
3153 2610
3153 2661
3153 2671
3153 2854
3153 2889
3153 2900
3153 2936
3153 2977
3153 2979
3153 2993
3154 45
3154 115
3154 210
3154 227
3154 453
3154 509
3154 676
3154 700
3154 860
3154 867
3154 876
3154 933
3154 978
3154 1022
3154 1242
3154 1355
3154 1504
3154 1610
3154 1673
3154 1770
3154 1821
3154 1868
3154 1870
3154 1943
3154 1976
3154 2177
3154 2322
3154 2426
3154 2484
3154 2523
3154 2533
3154 2718
3154 2789
3154 2848
3154 2907
3154 2956
3155 38
3155 68
3155 127
3155 151
3155 182
3155 203
3155 220
3155 307
3155 393
3155 460
3155 624
3155 651
3155 662
3155 755
3155 792
3155 795
3155 806
3155 889
3155 955
3155 1045
3155 1068
3155 1150
3155 1202
3155 1241
3155 1419
3155 1451
3155 1580
3155 1608
3155 1626
3155 1804
3155 1806
3155 1921
3155 1924
3155 1929
3155 1959
3155 1972
3155 2014
3155 2017
3155 2131
3155 2135
3155 2186
3155 2317
3155 2329
3155 2468
3155 2697
3155 2707
3155 2768
3155 2834
3155 2950
3155 2952
3155 2996
3156 24
3156 28
3156 62
3156 162
3156 175
3156 223
3156 286
3156 302
3156 304
3156 380
3156 395
3156 473
3156 495
3156 538
3156 655
3156 955
3156 962
3156 975
3156 979
3156 1032
3156 1069
3156 1414
3156 1441
3156 1448
3156 1504
3156 1721
3156 1744
3156 1802
3156 1934
3156 2061
3156 2107
3156 2410
3156 2425
3156 2456
3156 2644
3156 2648
3156 2691
3156 2701
3156 2765
3156 2831
3156 2985
3157 0
3157 57
3157 203
3157 230
3157 240
3157 309
3157 415
3157 699
3157 722
3157 848
3157 941
3157 1045
3157 1058
3157 1234
3157 1236
3157 1247
3157 1248
3157 1257
3157 1260
3157 1372
3157 1432
3157 1499
3157 1556
3157 1609
3157 1664
3157 1693
3157 1772
3157 1784
3157 1825
3157 1850
3157 1857
3157 1876
3157 1942
3157 2024
3157 2046
3157 2094
3157 2230
3157 2558
3157 2649
3157 2768
3157 2788
3157 2847
3157 2966
3158 7
3158 61
3158 125
3158 298
3158 389
3158 470
3158 539
3158 620
3158 781
3158 795
3158 852
3158 950
3158 971
3158 1001
3158 1172
3158 1302
3158 1349
3158 1479
3158 1505
3158 1667
3158 1687
3158 1738
3158 1797
3158 1803
3158 1841
3158 1857
3158 1867
3158 1940
3158 1971
3158 1972
3158 1979
3158 2218
3158 2231
3158 2321
3158 2330
3158 2471
3158 2612
3158 2623
3158 2664
3158 2691
3158 2733
3158 2754
3158 2820
3158 2841
3158 2866
3158 2933
3159 31
3159 93
3159 160
3159 166
3159 173
3159 356
3159 363
3159 416
3159 445
3159 448
3159 458
3159 480
3159 513
3159 528
3159 649
3159 712
3159 727
3159 779
3159 1010
3159 1012
3159 1035
3159 1213
3159 1222
3159 1279
3159 1303
3159 1319
3159 1325
3159 1582
3159 1650
3159 1741
3159 1760
3159 1813
3159 1928
3159 1961
3159 1971
3159 1993
3159 2013
3159 2073
3159 2168
3159 2174
3159 2278
3159 2323
3159 2450
3159 2484
3159 2485
3159 2521
3159 2641
3159 2768
3159 2848
3159 2866
3159 2900
3160 55
3160 110
3160 179
3160 194
3160 227
3160 233
3160 316
3160 380
3160 683
3160 758
3160 1051
3160 1176
3160 1185
3160 1242
3160 1249
3160 1257
3160 1338
3160 1418
3160 1450
3160 1466
3160 1472
3160 1517
3160 1534
3160 1612
3160 1613
3160 1676
3160 1709
3160 1875
3160 1890
3160 1907
3160 1910
3160 1918
3160 2011
3160 2071
3160 2091
3160 2198
3160 2206
3160 2231
3160 2259
3160 2288
3160 2399
3160 2407
3160 2439
3160 2476
3160 2511
3160 2852
3161 13
3161 14
3161 32
3161 62
3161 143
3161 154
3161 182
3161 206
3161 331
3161 347
3161 349
3161 357
3161 550
3161 574
3161 588
3161 614
3161 651
3161 729
3161 759
3161 779
3161 784
3161 882
3161 901
3161 917
3161 948
3161 972
3161 1241
3161 1297
3161 1323
3161 1326
3161 1365
3161 1388
3161 1504
3161 1570
3161 1621
3161 1670
3161 1820
3161 1937
3161 2037
3161 2085
3161 2106
3161 2107
3161 2234
3161 2290
3161 2371
3161 2488
3161 2531
3161 2547
3161 2549
3161 2766
3161 2845
3161 2869
3161 2895
3162 8
3162 58
3162 327
3162 348
3162 390
3162 408
3162 526
3162 592
3162 597
3162 642
3162 681
3162 769
3162 977
3162 1074
3162 1129
3162 1144
3162 1151
3162 1201
3162 1208
3162 1230
3162 1298
3162 1340
3162 1359
3162 1587
3162 1594
3162 1680
3162 1775
3162 1809
3162 1862
3162 1886
3162 2048
3162 2051
3162 2233
3162 2243
3162 2245
3162 2564
3162 2577
3162 2642
3162 2872
3162 2875
3163 299
3163 403
3163 494
3163 564
3163 680
3163 698
3163 771
3163 796
3163 886
3163 1128
3163 1193
3163 1284
3163 1352
3163 1528
3163 1568
3163 1609
3163 1669
3163 1716
3163 1774
3163 1825
3163 1904
3163 2032
3163 2074
3163 2236
3163 2237
3163 2328
3163 2671
3163 2709
3163 2731
3163 2774
3163 2793
3163 2808
3163 2970
3164 120
3164 141
3164 175
3164 229
3164 267
3164 468
3164 578
3164 621
3164 666
3164 707
3164 750
3164 857
3164 875
3164 905
3164 921
3164 923
3164 1001
3164 1036
3164 1047
3164 1243
3164 1266
3164 1273
3164 1286
3164 1360
3164 1450
3164 1474
3164 1512
3164 1641
3164 1673
3164 1718
3164 1773
3164 1833
3164 1888
3164 1916
3164 1948
3164 1950
3164 1952
3164 2189
3164 2196
3164 2244
3164 2264
3164 2308
3164 2309
3164 2373
3164 2488
3164 2790
3164 2927
3165 118
3165 253
3165 260
3165 305
3165 362
3165 538
3165 623
3165 714
3165 746
3165 783
3165 848
3165 971
3165 984
3165 1019
3165 1037
3165 1040
3165 1091
3165 1115
3165 1184
3165 1386
3165 1443
3165 1476
3165 1486
3165 1487
3165 1582
3165 1764
3165 1775
3165 1802
3165 1902
3165 1955
3165 1985
3165 2052
3165 2113
3165 2131
3165 2162
3165 2201
3165 2244
3165 2368
3165 2386
3165 2427
3165 2478
3165 2627
3165 2664
3165 2730
3165 2777
3165 2781
3165 2904
3165 2933
3165 2989
3166 77
3166 97
3166 148
3166 185
3166 192
3166 249
3166 296
3166 325
3166 396
3166 446
3166 685
3166 798
3166 817
3166 819
3166 921
3166 1060
3166 1119
3166 1191
3166 1296
3166 1351
3166 1355
3166 1562
3166 1593
3166 1663
3166 1826
3166 1860
3166 1933
3166 1948
3166 1985
3166 2032
3166 2050
3166 2070
3166 2194
3166 2232
3166 2295
3166 2420
3166 2422
3166 2431
3166 2481
3166 2510
3166 2527
3166 2529
3166 2682
3166 2720
3166 2769
3166 2810
3166 2910
3167 44
3167 124
3167 173
3167 285
3167 302
3167 314
3167 327
3167 347
3167 348
3167 414
3167 421
3167 486
3167 551
3167 601
3167 634
3167 680
3167 782
3167 830
3167 838
3167 916
3167 927
3167 1043
3167 1076
3167 1100
3167 1121
3167 1147
3167 1325
3167 1397
3167 1435
3167 1480
3167 1561
3167 1578
3167 1629
3167 1746
3167 1870
3167 2026
3167 2173
3167 2260
3167 2272
3167 2464
3167 2520
3167 2600
3167 2610
3167 2629
3167 2668
3167 2757
3167 2909
3167 2922
3168 3
3168 72
3168 162
3168 225
3168 281
3168 308
3168 388
3168 513
3168 558
3168 628
3168 681
3168 702
3168 709
3168 733
3168 865
3168 934
3168 937
3168 958
3168 1053
3168 1075
3168 1180
3168 1254
3168 1298
3168 1414
3168 1467
3168 1546
3168 1554
3168 1589
3168 1617
3168 1618
3168 1656
3168 1662
3168 1683
3168 1701
3168 1753
3168 1756
3168 1854
3168 1888
3168 1900
3168 1917
3168 1934
3168 2045
3168 2155
3168 2217
3168 2262
3168 2353
3168 2360
3168 2390
3168 2406
3168 2423
3168 2429
3168 2472
3168 2743
3168 2770
3168 2834
3168 2850
3169 13
3169 22
3169 58
3169 124
3169 200
3169 246
3169 315
3169 420
3169 569
3169 591
3169 712
3169 779
3169 1000
3169 1077
3169 1107
3169 1173
3169 1261
3169 1296
3169 1307
3169 1379
3169 1463
3169 1512
3169 1515
3169 1576
3169 1577
3169 1715
3169 1819
3169 1865
3169 1897
3169 2037
3169 2063
3169 2104
3169 2204
3169 2276
3169 2320
3169 2323
3169 2362
3169 2555
3169 2642
3169 2978
3170 9
3170 15
3170 60
3170 63
3170 94
3170 151
3170 229
3170 302
3170 442
3170 453
3170 481
3170 601
3170 737
3170 822
3170 833
3170 856
3170 1032
3170 1069
3170 1144
3170 1218
3170 1303
3170 1391
3170 1396
3170 1400
3170 1441
3170 1511
3170 1559
3170 1631
3170 1986
3170 2255
3170 2322
3170 2361
3170 2394
3170 2405
3170 2740
3170 2805
3171 0
3171 26
3171 224
3171 228
3171 303
3171 344
3171 347
3171 490
3171 504
3171 518
3171 733
3171 847
3171 905
3171 1004
3171 1029
3171 1077
3171 1117
3171 1209
3171 1393
3171 1402
3171 1424
3171 1442
3171 1569
3171 1614
3171 1692
3171 1771
3171 1872
3171 1961
3171 2041
3171 2045
3171 2056
3171 2057
3171 2133
3171 2274
3171 2364
3171 2389
3171 2422
3171 2550
3171 2574
3171 2582
3171 2612
3171 2622
3171 2673
3171 2694
3171 2733
3171 2759
3171 2818
3171 2881
3171 2887
3171 2960
3171 2973
3172 7
3172 15
3172 57
3172 160
3172 281
3172 306
3172 369
3172 379
3172 404
3172 652
3172 653
3172 667
3172 711
3172 780
3172 787
3172 881
3172 977
3172 1038
3172 1073
3172 1141
3172 1166
3172 1216
3172 1231
3172 1389
3172 1538
3172 1617
3172 1641
3172 1728
3172 1771
3172 1801
3172 1803
3172 1821
3172 1870
3172 1896
3172 1943
3172 1994
3172 2090
3172 2122
3172 2173
3172 2252
3172 2402
3172 2446
3172 2531
3172 2584
3172 2606
3172 2673
3172 2763
3172 2811
3172 2834
3172 2855
3172 2864
3172 2923
3172 2956
3173 44
3173 140
3173 169
3173 299
3173 331
3173 370
3173 386
3173 413
3173 517
3173 625
3173 894
3173 1013
3173 1027
3173 1205
3173 1433
3173 1515
3173 1521
3173 1617
3173 1642
3173 1654
3173 1671
3173 1703
3173 1745
3173 1774
3173 1873
3173 1882
3173 1915
3173 2121
3173 2191
3173 2213
3173 2237
3173 2253
3173 2340
3173 2469
3173 2520
3173 2643
3173 2667
3173 2698
3173 2782
3174 130
3174 180
3174 218
3174 239
3174 423
3174 426
3174 506
3174 793
3174 840
3174 843
3174 853
3174 906
3174 939
3174 954
3174 1063
3174 1100
3174 1145
3174 1163
3174 1167
3174 1318
3174 1335
3174 1357
3174 1492
3174 1540
3174 1620
3174 1723
3174 1807
3174 1942
3174 1990
3174 2003
3174 2076
3174 2127
3174 2210
3174 2233
3174 2426
3174 2439
3174 2683
3174 2806
3174 2838
3174 2876
3174 2879
3174 2883
3174 2976
3174 2988
3175 156
3175 203
3175 212
3175 224
3175 300
3175 355
3175 370
3175 442
3175 454
3175 472
3175 535
3175 588
3175 695
3175 711
3175 798
3175 877
3175 954
3175 1041
3175 1055
3175 1095
3175 1216
3175 1280
3175 1584
3175 1618
3175 1636
3175 1724
3175 1761
3175 1789
3175 1854
3175 1874
3175 1944
3175 1951
3175 2013
3175 2093
3175 2234
3175 2331
3175 2370
3175 2460
3175 2776
3175 2849
3175 2948
3176 9
3176 15
3176 190
3176 377
3176 475
3176 546
3176 599
3176 609
3176 684
3176 755
3176 770
3176 804
3176 1094
3176 1100
3176 1196
3176 1250
3176 1448
3176 1561
3176 1588
3176 1671
3176 1710
3176 1745
3176 1768
3176 1851
3176 1900
3176 1920
3176 2004
3176 2103
3176 2203
3176 2260
3176 2273
3176 2300
3176 2338
3176 2369
3176 2425
3176 2470
3176 2491
3176 2553
3176 2561
3176 2742
3176 2762
3176 2989
3177 93
3177 135
3177 150
3177 242
3177 616
3177 620
3177 670
3177 698
3177 734
3177 784
3177 843
3177 862
3177 899
3177 1038
3177 1089
3177 1098
3177 1160
3177 1283
3177 1295
3177 1521
3177 1533
3177 1578
3177 1669
3177 1718
3177 1843
3177 1858
3177 2054
3177 2140
3177 2150
3177 2307
3177 2334
3177 2403
3177 2463
3177 2531
3177 2592
3177 2646
3177 2687
3177 2707
3177 2711
3177 2760
3177 2777
3177 2850
3177 2899
3178 91
3178 93
3178 102
3178 117
3178 141
3178 214
3178 257
3178 306
3178 322
3178 382
3178 490
3178 514
3178 639
3178 658
3178 675
3178 712
3178 724
3178 920
3178 962
3178 973
3178 1000
3178 1005
3178 1017
3178 1072
3178 1173
3178 1187
3178 1284
3178 1453
3178 1492
3178 1512
3178 1567
3178 1570
3178 1578
3178 1620
3178 1707
3178 1712
3178 1812
3178 1950
3178 2030
3178 2047
3178 2062
3178 2080
3178 2266
3178 2459
3178 2490
3178 2551
3178 2565
3178 2747
3178 2815
3178 2906
3178 2924
3179 102
3179 237
3179 238
3179 265
3179 276
3179 335
3179 358
3179 563
3179 588
3179 620
3179 679
3179 701
3179 756
3179 774
3179 814
3179 953
3179 954
3179 1116
3179 1124
3179 1217
3179 1229
3179 1422
3179 1580
3179 1608
3179 1614
3179 1688
3179 1748
3179 1819
3179 2012
3179 2054
3179 2191
3179 2270
3179 2313
3179 2340
3179 2353
3179 2358
3179 2392
3179 2440
3179 2488
3179 2501
3179 2513
3179 2560
3179 2614
3179 2634
3179 2648
3179 2800
3179 2850
3179 2851
3179 2923
3179 2925
3180 36
3180 60
3180 242
3180 293
3180 326
3180 366
3180 384
3180 456
3180 498
3180 525
3180 558
3180 562
3180 573
3180 592
3180 791
3180 823
3180 878
3180 893
3180 904
3180 936
3180 1143
3180 1178
3180 1183
3180 1211
3180 1215
3180 1283
3180 1316
3180 1362
3180 1393
3180 1415
3180 1446
3180 1477
3180 1551
3180 1640
3180 1701
3180 1713
3180 1730
3180 1765
3180 1788
3180 1901
3180 2104
3180 2147
3180 2254
3180 2363
3180 2398
3180 2429
3180 2543
3180 2618
3180 2656
3180 2757
3180 2778
3180 2816
3180 2836
3180 2882
3180 2954
3181 25
3181 36
3181 68
3181 156
3181 184
3181 185
3181 279
3181 291
3181 416
3181 432
3181 482
3181 569
3181 600
3181 927
3181 1004
3181 1092
3181 1281
3181 1297
3181 1368
3181 1491
3181 1645
3181 1690
3181 1812
3181 1833
3181 1905
3181 2021
3181 2102
3181 2261
3181 2341
3181 2368
3181 2401
3181 2412
3181 2477
3181 2509
3181 2550
3181 2665
3181 2766
3181 2971
3182 61
3182 66
3182 70
3182 230
3182 265
3182 271
3182 310
3182 325
3182 329
3182 444
3182 475
3182 488
3182 512
3182 555
3182 570
3182 599
3182 615
3182 617
3182 645
3182 681
3182 713
3182 741
3182 746
3182 764
3182 787
3182 888
3182 936
3182 1020
3182 1114
3182 1146
3182 1244
3182 1302
3182 1455
3182 1512
3182 1595
3182 1748
3182 1779
3182 1795
3182 1802
3182 1817
3182 1862
3182 2016
3182 2022
3182 2224
3182 2307
3182 2444
3182 2516
3182 2605
3182 2703
3182 2755
3182 2770
3182 2812
3182 2848
3182 2859
3182 2893
3182 2924
3183 37
3183 124
3183 268
3183 347
3183 419
3183 428
3183 465
3183 615
3183 686
3183 745
3183 768
3183 812
3183 1039
3183 1041
3183 1046
3183 1241
3183 1262
3183 1263
3183 1351
3183 1360
3183 1380
3183 1469
3183 1592
3183 1641
3183 1884
3183 1887
3183 2024
3183 2074
3183 2208
3183 2220
3183 2279
3183 2292
3183 2320
3183 2392
3183 2571
3183 2619
3183 2625
3183 2672
3183 2767
3183 2838
3183 2908
3183 2977
3183 2981
3183 2990
3184 47
3184 144
3184 281
3184 303
3184 326
3184 431
3184 444
3184 478
3184 515
3184 551
3184 588
3184 615
3184 640
3184 750
3184 776
3184 786
3184 940
3184 1051
3184 1099
3184 1223
3184 1366
3184 1419
3184 1494
3184 1511
3184 1530
3184 1541
3184 1603
3184 1639
3184 1723
3184 1810
3184 1881
3184 1928
3184 1948
3184 1966
3184 2038
3184 2104
3184 2145
3184 2230
3184 2279
3184 2357
3184 2479
3184 2529
3184 2634
3184 2729
3184 2751
3184 2756
3184 2799
3184 2804
3184 2885
3184 2921
3184 2927
3184 2945
3184 2970
3185 24
3185 43
3185 65
3185 68
3185 94
3185 134
3185 209
3185 382
3185 458
3185 621
3185 761
3185 769
3185 865
3185 926
3185 960
3185 1014
3185 1209
3185 1433
3185 1470
3185 1482
3185 1530
3185 1532
3185 1547
3185 1549
3185 1673
3185 1741
3185 1798
3185 1867
3185 1896
3185 1900
3185 1901
3185 1994
3185 2010
3185 2049
3185 2308
3185 2310
3185 2490
3185 2692
3185 2741
3185 2963
3186 0
3186 207
3186 268
3186 311
3186 356
3186 381
3186 487
3186 498
3186 503
3186 638
3186 654
3186 830
3186 887
3186 968
3186 1079
3186 1090
3186 1145
3186 1159
3186 1175
3186 1206
3186 1538
3186 1589
3186 1658
3186 1716
3186 1760
3186 1804
3186 1928
3186 1943
3186 1954
3186 2063
3186 2074
3186 2111
3186 2148
3186 2157
3186 2337
3186 2393
3186 2445
3186 2604
3186 2665
3186 2686
3186 2717
3186 2847
3186 2916
3186 2983
3186 2996
3187 159
3187 184
3187 189
3187 301
3187 308
3187 450
3187 487
3187 599
3187 602
3187 611
3187 688
3187 863
3187 914
3187 1022
3187 1088
3187 1106
3187 1173
3187 1322
3187 1369
3187 1414
3187 1466
3187 1718
3187 1736
3187 1742
3187 1749
3187 1924
3187 1941
3187 2022
3187 2051
3187 2144
3187 2164
3187 2170
3187 2193
3187 2277
3187 2389
3187 2589
3187 2738
3187 2789
3187 2818
3187 2941
3187 2956
3188 31
3188 131
3188 230
3188 270
3188 304
3188 402
3188 405
3188 423
3188 515
3188 619
3188 659
3188 666
3188 687
3188 691
3188 780
3188 854
3188 937
3188 951
3188 1116
3188 1129
3188 1171
3188 1325
3188 1406
3188 1528
3188 1618
3188 1682
3188 1758
3188 1819
3188 1851
3188 1937
3188 1979
3188 2149
3188 2154
3188 2197
3188 2198
3188 2287
3188 2295
3188 2410
3188 2416
3188 2557
3188 2613
3188 2632
3188 2803
3188 2904
3188 2965
3189 33
3189 34
3189 89
3189 152
3189 238
3189 329
3189 330
3189 388
3189 481
3189 496
3189 508
3189 595
3189 623
3189 707
3189 877
3189 908
3189 978
3189 1035
3189 1043
3189 1136
3189 1165
3189 1207
3189 1334
3189 1425
3189 1435
3189 1446
3189 1483
3189 1562
3189 1608
3189 1622
3189 1715
3189 1752
3189 1798
3189 1799
3189 1809
3189 1898
3189 1917
3189 1971
3189 1989
3189 2147
3189 2177
3189 2282
3189 2458
3189 2490
3189 2493
3189 2606
3189 2618
3189 2646
3189 2697
3189 2705
3189 2707
3189 2801
3189 2836
3189 2987
3190 22
3190 164
3190 173
3190 176
3190 324
3190 327
3190 367
3190 384
3190 419
3190 484
3190 552
3190 635
3190 691
3190 803
3190 825
3190 841
3190 849
3190 1073
3190 1232
3190 1268
3190 1325
3190 1478
3190 1615
3190 1659
3190 1709
3190 1758
3190 1815
3190 1925
3190 2064
3190 2098
3190 2115
3190 2153
3190 2192
3190 2253
3190 2271
3190 2321
3190 2435
3190 2471
3190 2585
3190 2623
3190 2639
3190 2816
3190 2862
3190 2902
3190 2929
3190 2950
3190 2956
3191 27
3191 103
3191 163
3191 204
3191 424
3191 554
3191 558
3191 578
3191 628
3191 707
3191 765
3191 809
3191 844
3191 933
3191 973
3191 1010
3191 1040
3191 1062
3191 1158
3191 1261
3191 1323
3191 1324
3191 1394
3191 1475
3191 1524
3191 1733
3191 1821
3191 1950
3191 2039
3191 2052
3191 2060
3191 2249
3191 2253
3191 2319
3191 2330
3191 2415
3191 2457
3191 2493
3191 2555
3191 2556
3191 2558
3191 2670
3191 2698
3191 2718
3191 2747
3191 2766
3191 2842
3191 2891
3191 2984
3192 7
3192 238
3192 327
3192 544
3192 656
3192 659
3192 749
3192 869
3192 876
3192 927
3192 1114
3192 1265
3192 1292
3192 1407
3192 1424
3192 1426
3192 1485
3192 1733
3192 1867
3192 1881
3192 1893
3192 1940
3192 1942
3192 1977
3192 2297
3192 2305
3192 2313
3192 2632
3192 2663
3192 2674
3192 2723
3192 2736
3192 2838
3192 2848
3192 2872
3192 2881
3193 5
3193 23
3193 26
3193 63
3193 151
3193 161
3193 272
3193 313
3193 385
3193 466
3193 524
3193 562
3193 592
3193 637
3193 693
3193 856
3193 1005
3193 1048
3193 1057
3193 1102
3193 1254
3193 1324
3193 1450
3193 1452
3193 1500
3193 1503
3193 1508
3193 1609
3193 1623
3193 1650
3193 1652
3193 1706
3193 1731
3193 1862
3193 1871
3193 1896
3193 1914
3193 1916
3193 1971
3193 2001
3193 2041
3193 2133
3193 2277
3193 2286
3193 2288
3193 2427
3193 2466
3193 2560
3193 2569
3193 2575
3193 2585
3193 2677
3193 2695
3193 2758
3194 32
3194 276
3194 294
3194 353
3194 468
3194 522
3194 609
3194 777
3194 780
3194 874
3194 881
3194 883
3194 898
3194 935
3194 980
3194 1016
3194 1017
3194 1096
3194 1403
3194 1429
3194 1438
3194 1442
3194 1509
3194 1512
3194 1639
3194 1693
3194 1703
3194 1719
3194 1735
3194 1837
3194 2080
3194 2083
3194 2153
3194 2156
3194 2206
3194 2207
3194 2230
3194 2302
3194 2303
3194 2358
3194 2699
3194 2700
3194 2713
3194 2780
3194 2800
3194 2939
3194 2948
3195 56
3195 59
3195 74
3195 229
3195 266
3195 275
3195 356
3195 380
3195 477
3195 482
3195 636
3195 692
3195 711
3195 802
3195 814
3195 889
3195 913
3195 976
3195 1056
3195 1092
3195 1119
3195 1142
3195 1167
3195 1210
3195 1216
3195 1234
3195 1329
3195 1447
3195 1458
3195 1467
3195 1506
3195 1518
3195 1937
3195 1942
3195 1971
3195 1999
3195 2010
3195 2040
3195 2215
3195 2296
3195 2445
3195 2457
3195 2526
3195 2542
3195 2635
3195 2702
3195 2713
3195 2863
3195 2898
3196 8
3196 53
3196 95
3196 117
3196 120
3196 170
3196 232
3196 337
3196 352
3196 363
3196 383
3196 487
3196 538
3196 544
3196 635
3196 685
3196 856
3196 888
3196 1065
3196 1072
3196 1095
3196 1108
3196 1157
3196 1174
3196 1241
3196 1243
3196 1278
3196 1307
3196 1378
3196 1674
3196 1707
3196 1767
3196 1785
3196 1817
3196 1881
3196 2049
3196 2085
3196 2144
3196 2208
3196 2229
3196 2296
3196 2353
3196 2387
3196 2388
3196 2521
3196 2528
3196 2572
3196 2644
3196 2662
3196 2692
3196 2812
3196 2843
3196 2931
3197 293
3197 317
3197 449
3197 596
3197 624
3197 625
3197 652
3197 732
3197 786
3197 1039
3197 1171
3197 1189
3197 1346
3197 1445
3197 1620
3197 1664
3197 1675
3197 1707
3197 1715
3197 1816
3197 1874
3197 1922
3197 1939
3197 2052
3197 2085
3197 2102
3197 2248
3197 2273
3197 2309
3197 2325
3197 2336
3197 2353
3197 2501
3197 2582
3197 2587
3197 2622
3197 2687
3197 2706
3197 2734
3197 2909
3197 2968
3198 190
3198 202
3198 268
3198 654
3198 713
3198 719
3198 785
3198 849
3198 864
3198 979
3198 1024
3198 1042
3198 1224
3198 1233
3198 1308
3198 1385
3198 1396
3198 1415
3198 1848
3198 1947
3198 1995
3198 2018
3198 2034
3198 2084
3198 2139
3198 2263
3198 2336
3198 2353
3198 2418
3198 2527
3198 2581
3198 2611
3198 2910
3198 2923
3199 59
3199 196
3199 227
3199 235
3199 246
3199 365
3199 368
3199 382
3199 385
3199 423
3199 561
3199 695
3199 752
3199 784
3199 847
3199 877
3199 940
3199 965
3199 975
3199 988
3199 1080
3199 1282
3199 1305
3199 1309
3199 1335
3199 1484
3199 1582
3199 1997
3199 2068
3199 2198
3199 2271
3199 2283
3199 2335
3199 2369
3199 2531
3199 2561
3199 2605
3199 2711
3199 2732
3199 2737
3199 2741
3199 2747
3199 2799
3199 2840
3199 2879
3199 2907
3200 64
3200 98
3200 163
3200 178
3200 230
3200 300
3200 392
3200 447
3200 518
3200 577
3200 621
3200 629
3200 744
3200 775
3200 845
3200 937
3200 1071
3200 1078
3200 1164
3200 1168
3200 1378
3200 1380
3200 1383
3200 1467
3200 1474
3200 1489
3200 1520
3200 1529
3200 1553
3200 1583
3200 1651
3200 1738
3200 1884
3200 1907
3200 2070
3200 2386
3200 2390
3200 2505
3200 2630
3200 2684
3200 2690
3200 2729
3200 2784
3200 2835
3200 2897
3200 2909
3201 32
3201 202
3201 234
3201 381
3201 391
3201 426
3201 465
3201 499
3201 503
3201 594
3201 616
3201 620
3201 739
3201 782
3201 812
3201 881
3201 911
3201 984
3201 1018
3201 1048
3201 1068
3201 1091
3201 1236
3201 1328
3201 1443
3201 1467
3201 1574
3201 1587
3201 1639
3201 1830
3201 1836
3201 1846
3201 1995
3201 2011
3201 2127
3201 2129
3201 2215
3201 2228
3201 2230
3201 2257
3201 2267
3201 2312
3201 2424
3201 2490
3201 2616
3201 2629
3201 2900
3202 40
3202 92
3202 210
3202 226
3202 230
3202 233
3202 245
3202 659
3202 821
3202 872
3202 1148
3202 1203
3202 1301
3202 1362
3202 1408
3202 1457
3202 1546
3202 1640
3202 1791
3202 1824
3202 1834
3202 1857
3202 1921
3202 1976
3202 1982
3202 1990
3202 2034
3202 2050
3202 2052
3202 2067
3202 2117
3202 2195
3202 2212
3202 2275
3202 2324
3202 2375
3202 2413
3202 2426
3202 2462
3202 2642
3202 2676
3202 2696
3202 2714
3202 2842
3202 2901
3202 2995
3203 29
3203 46
3203 69
3203 88
3203 325
3203 356
3203 376
3203 394
3203 694
3203 815
3203 976
3203 1111
3203 1389
3203 1495
3203 1532
3203 1588
3203 1676
3203 1917
3203 1923
3203 2012
3203 2125
3203 2143
3203 2256
3203 2320
3203 2376
3203 2399
3203 2456
3203 2477
3203 2507
3203 2514
3203 2649
3203 2672
3203 2737
3203 2752
3203 2873
3203 2953
3204 48
3204 245
3204 456
3204 589
3204 702
3204 738
3204 747
3204 779
3204 1008
3204 1051
3204 1076
3204 1143
3204 1186
3204 1212
3204 1218
3204 1232
3204 1269
3204 1441
3204 1483
3204 1485
3204 1832
3204 1846
3204 1856
3204 1857
3204 1884
3204 1983
3204 2104
3204 2164
3204 2169
3204 2189
3204 2197
3204 2216
3204 2278
3204 2290
3204 2387
3204 2461
3204 2670
3204 2898
3204 2980
3204 2988
3205 90
3205 139
3205 254
3205 272
3205 290
3205 422
3205 478
3205 501
3205 539
3205 680
3205 755
3205 783
3205 904
3205 945
3205 1098
3205 1124
3205 1168
3205 1231
3205 1464
3205 1511
3205 1679
3205 1748
3205 1838
3205 1847
3205 1867
3205 1885
3205 1907
3205 1919
3205 1920
3205 1980
3205 2009
3205 2119
3205 2212
3205 2222
3205 2265
3205 2280
3205 2360
3205 2419
3205 2429
3205 2430
3205 2452
3205 2482
3205 2485
3205 2598
3205 2624
3205 2691
3205 2749
3205 2785
3205 2800
3205 2871
3205 2979
3205 2992
3206 59
3206 150
3206 268
3206 276
3206 283
3206 316
3206 328
3206 417
3206 473
3206 604
3206 606
3206 657
3206 685
3206 690
3206 712
3206 779
3206 821
3206 1015
3206 1025
3206 1279
3206 1296
3206 1344
3206 1483
3206 1531
3206 1647
3206 1724
3206 1753
3206 1799
3206 1817
3206 1827
3206 1853
3206 2013
3206 2015
3206 2030
3206 2048
3206 2292
3206 2362
3206 2641
3206 2699
3206 2891
3206 2930
3206 2940
3207 80
3207 117
3207 120
3207 159
3207 208
3207 228
3207 277
3207 412
3207 453
3207 459
3207 468
3207 477
3207 496
3207 640
3207 686
3207 777
3207 783
3207 1120
3207 1143
3207 1171
3207 1284
3207 1291
3207 1300
3207 1317
3207 1331
3207 1452
3207 1516
3207 1539
3207 1648
3207 1659
3207 1665
3207 1669
3207 1721
3207 1800
3207 1822
3207 1844
3207 1852
3207 1905
3207 2038
3207 2044
3207 2134
3207 2151
3207 2170
3207 2263
3207 2453
3207 2520
3207 2582
3207 2600
3207 2608
3207 2775
3207 2798
3207 2812
3207 2816
3207 2991
3208 183
3208 204
3208 207
3208 219
3208 325
3208 346
3208 441
3208 551
3208 581
3208 785
3208 805
3208 884
3208 913
3208 976
3208 988
3208 1069
3208 1073
3208 1104
3208 1165
3208 1167
3208 1178
3208 1212
3208 1250
3208 1276
3208 1344
3208 1362
3208 1451
3208 1456
3208 1487
3208 1521
3208 1717
3208 1806
3208 1821
3208 1854
3208 1895
3208 1979
3208 2052
3208 2281
3208 2298
3208 2302
3208 2303
3208 2304
3208 2359
3208 2737
3208 2783
3208 2897
3208 2978
3209 0
3209 9
3209 92
3209 128
3209 142
3209 171
3209 172
3209 175
3209 182
3209 203
3209 217
3209 244
3209 307
3209 530
3209 684
3209 815
3209 844
3209 850
3209 962
3209 985
3209 1025
3209 1143
3209 1207
3209 1362
3209 1435
3209 1464
3209 1487
3209 1526
3209 1555
3209 1616
3209 1715
3209 1738
3209 1762
3209 1770
3209 1949
3209 2136
3209 2206
3209 2299
3209 2467
3209 2518
3209 2719
3209 2736
3209 2802
3209 2857
3209 2869
3209 2967
3209 2999
3210 6
3210 34
3210 76
3210 182
3210 248
3210 270
3210 280
3210 696
3210 737
3210 754
3210 771
3210 781
3210 858
3210 870
3210 906
3210 921
3210 961
3210 1055
3210 1057
3210 1059
3210 1089
3210 1141
3210 1248
3210 1301
3210 1304
3210 1418
3210 1421
3210 1619
3210 1636
3210 1649
3210 1713
3210 1716
3210 1746
3210 1852
3210 1875
3210 1899
3210 1929
3210 1962
3210 1992
3210 2015
3210 2017
3210 2046
3210 2118
3210 2130
3210 2134
3210 2158
3210 2194
3210 2222
3210 2237
3210 2379
3210 2497
3210 2582
3210 2636
3210 2654
3210 2761
3210 2801
3211 100
3211 103
3211 126
3211 205
3211 261
3211 347
3211 399
3211 469
3211 494
3211 666
3211 779
3211 793
3211 818
3211 1023
3211 1098
3211 1144
3211 1392
3211 1436
3211 1472
3211 1616
3211 1642
3211 1699
3211 1918
3211 1982
3211 2078
3211 2154
3211 2201
3211 2230
3211 2245
3211 2322
3211 2341
3211 2387
3211 2392
3211 2693
3211 2751
3211 2811
3211 2978
3212 125
3212 170
3212 318
3212 563
3212 707
3212 800
3212 843
3212 880
3212 938
3212 953
3212 1076
3212 1082
3212 1178
3212 1179
3212 1221
3212 1265
3212 1271
3212 1354
3212 1536
3212 1583
3212 1801
3212 1875
3212 1897
3212 1918
3212 1921
3212 2053
3212 2099
3212 2196
3212 2211
3212 2242
3212 2267
3212 2372
3212 2500
3212 2661
3212 2832
3212 2834
3212 2867
3212 2888
3212 2952
3213 71
3213 198
3213 296
3213 341
3213 425
3213 454
3213 458
3213 472
3213 489
3213 546
3213 617
3213 791
3213 1166
3213 1237
3213 1428
3213 1444
3213 1516
3213 1523
3213 1573
3213 1596
3213 1710
3213 1724
3213 1790
3213 1823
3213 1921
3213 1923
3213 1945
3213 2038
3213 2143
3213 2186
3213 2211
3213 2559
3213 2563
3213 2772
3213 2814
3213 2990
3214 42
3214 146
3214 157
3214 174
3214 203
3214 217
3214 274
3214 278
3214 431
3214 478
3214 480
3214 521
3214 534
3214 549
3214 604
3214 617
3214 693
3214 730
3214 805
3214 806
3214 824
3214 849
3214 893
3214 992
3214 1026
3214 1035
3214 1070
3214 1131
3214 1142
3214 1146
3214 1381
3214 1627
3214 1763
3214 1806
3214 2147
3214 2203
3214 2382
3214 2408
3214 2443
3214 2643
3214 2681
3214 2684
3214 2904
3214 2919
3215 31
3215 59
3215 76
3215 169
3215 265
3215 486
3215 507
3215 523
3215 580
3215 686
3215 730
3215 754
3215 764
3215 828
3215 861
3215 959
3215 960
3215 979
3215 1042
3215 1138
3215 1267
3215 1428
3215 1473
3215 1753
3215 1758
3215 1789
3215 1881
3215 1976
3215 1987
3215 2109
3215 2160
3215 2193
3215 2252
3215 2256
3215 2404
3215 2423
3215 2547
3215 2554
3215 2583
3215 2691
3215 2708
3215 2740
3215 2785
3215 2809
3216 15
3216 23
3216 183
3216 455
3216 480
3216 641
3216 716
3216 757
3216 780
3216 803
3216 807
3216 847
3216 853
3216 882
3216 896
3216 1002
3216 1004
3216 1021
3216 1223
3216 1225
3216 1240
3216 1244
3216 1278
3216 1341
3216 1429
3216 1470
3216 1493
3216 1508
3216 1524
3216 1561
3216 1649
3216 1672
3216 1725
3216 1729
3216 1783
3216 1976
3216 2046
3216 2356
3216 2361
3216 2521
3216 2632
3216 2677
3216 2693
3216 2697
3216 2708
3216 2756
3216 2960
3217 78
3217 116
3217 215
3217 232
3217 410
3217 419
3217 466
3217 471
3217 485
3217 525
3217 601
3217 618
3217 718
3217 819
3217 848
3217 875
3217 886
3217 889
3217 897
3217 944
3217 949
3217 990
3217 1007
3217 1120
3217 1209
3217 1235
3217 1421
3217 1474
3217 1549
3217 1639
3217 1704
3217 1755
3217 1850
3217 1943
3217 1957
3217 2076
3217 2127
3217 2146
3217 2190
3217 2234
3217 2267
3217 2351
3217 2400
3217 2445
3217 2551
3217 2638
3217 2661
3217 2664
3217 2681
3217 2764
3217 2797
3217 2810
3217 2922
3217 2927
3218 34
3218 133
3218 317
3218 351
3218 460
3218 465
3218 679
3218 756
3218 821
3218 880
3218 1009
3218 1085
3218 1090
3218 1189
3218 1192
3218 1249
3218 1374
3218 1468
3218 1476
3218 1549
3218 1568
3218 1618
3218 1735
3218 1780
3218 1817
3218 1919
3218 2014
3218 2105
3218 2185
3218 2190
3218 2199
3218 2238
3218 2240
3218 2241
3218 2263
3218 2332
3218 2401
3218 2444
3218 2522
3218 2652
3218 2692
3218 2698
3218 2768
3218 2800
3218 2845
3218 2868
3219 147
3219 209
3219 275
3219 332
3219 469
3219 512
3219 540
3219 595
3219 619
3219 622
3219 659
3219 788
3219 802
3219 827
3219 977
3219 1095
3219 1110
3219 1118
3219 1192
3219 1243
3219 1292
3219 1308
3219 1338
3219 1390
3219 1483
3219 1506
3219 1525
3219 1670
3219 1688
3219 1751
3219 1806
3219 1852
3219 1911
3219 2031
3219 2126
3219 2191
3219 2203
3219 2265
3219 2284
3219 2313
3219 2353
3219 2375
3219 2382
3219 2386
3219 2523
3219 2549
3219 2552
3219 2582
3219 2659
3219 2663
3219 2704
3219 2742
3219 2872
3219 2887
3219 2958
3219 2993
3220 83
3220 97
3220 119
3220 120
3220 212
3220 275
3220 314
3220 351
3220 381
3220 389
3220 418
3220 443
3220 573
3220 596
3220 796
3220 872
3220 938
3220 987
3220 1013
3220 1023
3220 1139
3220 1144
3220 1260
3220 1302
3220 1335
3220 1451
3220 1469
3220 1515
3220 1537
3220 1690
3220 1695
3220 1705
3220 1770
3220 1779
3220 1903
3220 1922
3220 1935
3220 1948
3220 1971
3220 1978
3220 2014
3220 2136
3220 2142
3220 2167
3220 2181
3220 2251
3220 2391
3220 2432
3220 2433
3220 2475
3220 2540
3220 2543
3220 2583
3220 2615
3220 2665
3220 2695
3220 2699
3220 2714
3220 2844
3220 2892
3220 2898
3220 2948
3221 96
3221 97
3221 98
3221 141
3221 179
3221 181
3221 250
3221 313
3221 395
3221 432
3221 473
3221 497
3221 516
3221 520
3221 607
3221 630
3221 649
3221 683
3221 739
3221 794
3221 943
3221 981
3221 1018
3221 1044
3221 1104
3221 1208
3221 1276
3221 1384
3221 1529
3221 1608
3221 1656
3221 2126
3221 2173
3221 2238
3221 2373
3221 2437
3221 2456
3221 2459
3221 2491
3221 2495
3221 2524
3221 2561
3221 2589
3221 2713
3221 2731
3221 2798
3221 2804
3221 2808
3221 2822
3221 2855
3221 2875
3221 2911
3221 2949
3222 13
3222 202
3222 301
3222 467
3222 470
3222 665
3222 683
3222 690
3222 749
3222 834
3222 970
3222 987
3222 1013
3222 1211
3222 1269
3222 1306
3222 1328
3222 1390
3222 1566
3222 1640
3222 1655
3222 1747
3222 1772
3222 1845
3222 1872
3222 1950
3222 1974
3222 2035
3222 2081
3222 2236
3222 2298
3222 2447
3222 2499
3222 2759
3222 2844
3222 2873
3222 2915
3223 10
3223 123
3223 247
3223 285
3223 338
3223 363
3223 571
3223 694
3223 733
3223 763
3223 767
3223 850
3223 1037
3223 1089
3223 1129
3223 1228
3223 1288
3223 1322
3223 1341
3223 1395
3223 1497
3223 1551
3223 1581
3223 1759
3223 1828
3223 1896
3223 1925
3223 1981
3223 2024
3223 2051
3223 2107
3223 2194
3223 2263
3223 2265
3223 2546
3223 2616
3223 2619
3223 2666
3223 2703
3223 2824
3223 2930
3224 62
3224 214
3224 215
3224 304
3224 380
3224 465
3224 518
3224 539
3224 583
3224 636
3224 708
3224 720
3224 779
3224 843
3224 872
3224 976
3224 1239
3224 1289
3224 1387
3224 1417
3224 1527
3224 1634
3224 1665
3224 1672
3224 1677
3224 1762
3224 1778
3224 1903
3224 1930
3224 2143
3224 2195
3224 2205
3224 2282
3224 2350
3224 2396
3224 2443
3224 2459
3224 2525
3224 2554
3224 2574
3224 2598
3224 2666
3224 2689
3224 2729
3224 2838
3224 2843
3224 2978
3224 2990
3225 67
3225 71
3225 117
3225 170
3225 206
3225 248
3225 333
3225 342
3225 367
3225 515
3225 578
3225 616
3225 816
3225 856
3225 1007
3225 1226
3225 1303
3225 1385
3225 1418
3225 1441
3225 1458
3225 1478
3225 1479
3225 1552
3225 1569
3225 1586
3225 1599
3225 1652
3225 1669
3225 1743
3225 1745
3225 1914
3225 1936
3225 1972
3225 1976
3225 2015
3225 2033
3225 2198
3225 2295
3225 2304
3225 2402
3225 2458
3225 2554
3225 2610
3225 2622
3225 2730
3225 2774
3225 2844
3225 2859
3225 2986
3226 80
3226 122
3226 144
3226 152
3226 353
3226 469
3226 510
3226 548
3226 590
3226 717
3226 731
3226 775
3226 780
3226 872
3226 1006
3226 1073
3226 1141
3226 1192
3226 1297
3226 1304
3226 1411
3226 1440
3226 1445
3226 1589
3226 1591
3226 1608
3226 1615
3226 1623
3226 1776
3226 1944
3226 2098
3226 2106
3226 2136
3226 2204
3226 2231
3226 2391
3226 2400
3226 2599
3226 2709
3226 2749
3226 2843
3226 2856
3226 2874
3226 2925
3227 48
3227 169
3227 202
3227 209
3227 217
3227 241
3227 382
3227 406
3227 664
3227 680
3227 682
3227 773
3227 982
3227 1119
3227 1279
3227 1467
3227 1488
3227 1545
3227 1556
3227 1572
3227 1590
3227 1819
3227 1894
3227 2002
3227 2054
3227 2148
3227 2184
3227 2187
3227 2215
3227 2381
3227 2433
3227 2456
3227 2580
3227 2709
3227 2733
3227 2788
3228 66
3228 374
3228 510
3228 778
3228 781
3228 834
3228 914
3228 925
3228 1182
3228 1242
3228 1271
3228 1301
3228 1399
3228 1423
3228 1488
3228 1535
3228 1617
3228 1657
3228 1696
3228 1715
3228 1746
3228 1818
3228 1861
3228 1874
3228 1909
3228 2016
3228 2044
3228 2268
3228 2270
3228 2321
3228 2322
3228 2397
3228 2414
3228 2535
3228 2664
3228 2666
3228 2805
3228 2952
3229 90
3229 387
3229 509
3229 669
3229 679
3229 680
3229 748
3229 749
3229 790
3229 823
3229 852
3229 888
3229 921
3229 972
3229 973
3229 1031
3229 1127
3229 1274
3229 1357
3229 1378
3229 1393
3229 1463
3229 1519
3229 1548
3229 1551
3229 1553
3229 1560
3229 1564
3229 1612
3229 1675
3229 1775
3229 1787
3229 1813
3229 1878
3229 1970
3229 2106
3229 2126
3229 2165
3229 2178
3229 2211
3229 2281
3229 2326
3229 2367
3229 2431
3229 2554
3229 2806
3229 2872
3229 2908
3230 94
3230 141
3230 193
3230 210
3230 339
3230 400
3230 401
3230 458
3230 518
3230 731
3230 1009
3230 1244
3230 1249
3230 1294
3230 1299
3230 1402
3230 1432
3230 1436
3230 1630
3230 1705
3230 1738
3230 1786
3230 1832
3230 1845
3230 1874
3230 1957
3230 1973
3230 2175
3230 2363
3230 2431
3230 2461
3230 2549
3230 2604
3230 2639
3230 2658
3230 2778
3230 2906
3230 2910
3231 2
3231 23
3231 227
3231 238
3231 246
3231 318
3231 590
3231 633
3231 641
3231 844
3231 934
3231 994
3231 1093
3231 1144
3231 1186
3231 1210
3231 1246
3231 1273
3231 1299
3231 1332
3231 1369
3231 1482
3231 1539
3231 1587
3231 1600
3231 1679
3231 1757
3231 1762
3231 1791
3231 1860
3231 1903
3231 2037
3231 2057
3231 2070
3231 2137
3231 2245
3231 2295
3231 2360
3231 2570
3231 2648
3231 2738
3231 2753
3231 2798
3231 2900
3231 2991
3232 38
3232 49
3232 88
3232 167
3232 285
3232 286
3232 304
3232 392
3232 401
3232 436
3232 456
3232 518
3232 721
3232 912
3232 915
3232 991
3232 1016
3232 1017
3232 1151
3232 1176
3232 1219
3232 1227
3232 1312
3232 1380
3232 1475
3232 1552
3232 1583
3232 1653
3232 1771
3232 1849
3232 2104
3232 2138
3232 2235
3232 2260
3232 2311
3232 2320
3232 2338
3232 2344
3232 2424
3232 2466
3232 2482
3232 2538
3232 2559
3232 2581
3232 2742
3232 2790
3232 2815
3232 2921
3232 2922
3233 126
3233 131
3233 170
3233 176
3233 250
3233 270
3233 287
3233 314
3233 385
3233 472
3233 589
3233 702
3233 738
3233 740
3233 755
3233 786
3233 799
3233 800
3233 914
3233 1054
3233 1172
3233 1218
3233 1331
3233 1360
3233 1412
3233 1543
3233 1593
3233 1608
3233 1611
3233 1745
3233 1897
3233 2007
3233 2026
3233 2068
3233 2107
3233 2125
3233 2261
3233 2365
3233 2422
3233 2485
3233 2670
3233 2844
3233 2864
3233 2899
3233 2906
3233 2934
3233 2951
3234 5
3234 93
3234 270
3234 448
3234 450
3234 502
3234 505
3234 520
3234 542
3234 575
3234 653
3234 721
3234 758
3234 851
3234 983
3234 1007
3234 1020
3234 1039
3234 1040
3234 1088
3234 1120
3234 1166
3234 1179
3234 1202
3234 1204
3234 1234
3234 1269
3234 1270
3234 1292
3234 1354
3234 1362
3234 1442
3234 1869
3234 1942
3234 1951
3234 2030
3234 2231
3234 2286
3234 2379
3234 2403
3234 2434
3234 2456
3234 2546
3234 2583
3234 2746
3234 2769
3234 2962
3235 3
3235 29
3235 79
3235 155
3235 168
3235 181
3235 190
3235 277
3235 413
3235 439
3235 480
3235 551
3235 658
3235 675
3235 828
3235 845
3235 866
3235 874
3235 919
3235 1182
3235 1205
3235 1385
3235 1538
3235 1585
3235 1587
3235 1651
3235 1671
3235 1704
3235 1730
3235 1933
3235 1975
3235 1998
3235 2012
3235 2036
3235 2043
3235 2141
3235 2142
3235 2182
3235 2306
3235 2323
3235 2436
3235 2464
3235 2573
3235 2587
3235 2647
3235 2691
3235 2698
3235 2699
3235 2789
3235 2874
3235 2995
3236 68
3236 78
3236 107
3236 158
3236 322
3236 336
3236 483
3236 530
3236 657
3236 675
3236 896
3236 933
3236 944
3236 959
3236 989
3236 1015
3236 1146
3236 1326
3236 1394
3236 1427
3236 1489
3236 1502
3236 1542
3236 1598
3236 1604
3236 1858
3236 1897
3236 1956
3236 2267
3236 2268
3236 2413
3236 2424
3236 2535
3236 2559
3236 2575
3236 2578
3236 2586
3236 2735
3236 2925
3236 2986
3237 24
3237 219
3237 274
3237 337
3237 351
3237 380
3237 388
3237 394
3237 421
3237 611
3237 675
3237 778
3237 788
3237 813
3237 935
3237 1017
3237 1046
3237 1204
3237 1339
3237 1354
3237 1356
3237 1384
3237 1516
3237 1518
3237 1563
3237 1585
3237 1628
3237 1917
3237 2077
3237 2214
3237 2266
3237 2419
3237 2492
3237 2509
3237 2525
3237 2674
3237 2683
3237 2780
3237 2810
3237 2874
3237 2926
3237 2936
3237 2948
3237 2950
3237 2983
3238 12
3238 38
3238 106
3238 167
3238 235
3238 266
3238 306
3238 383
3238 442
3238 730
3238 767
3238 812
3238 831
3238 955
3238 961
3238 1117
3238 1193
3238 1275
3238 1404
3238 1471
3238 1567
3238 1639
3238 1675
3238 1830
3238 1860
3238 1874
3238 1988
3238 2006
3238 2041
3238 2116
3238 2150
3238 2234
3238 2311
3238 2604
3238 2662
3238 2680
3238 2706
3238 2825
3238 2908
3238 2925
3239 77
3239 128
3239 385
3239 439
3239 793
3239 808
3239 822
3239 844
3239 854
3239 1063
3239 1111
3239 1124
3239 1210
3239 1367
3239 1454
3239 1532
3239 1612
3239 1751
3239 1781
3239 1817
3239 2010
3239 2011
3239 2109
3239 2180
3239 2297
3239 2342
3239 2353
3239 2480
3239 2642
3239 2823
3239 2875
3239 2967
3240 91
3240 92
3240 121
3240 221
3240 264
3240 306
3240 375
3240 461
3240 607
3240 626
3240 764
3240 780
3240 801
3240 817
3240 852
3240 916
3240 966
3240 1128
3240 1145
3240 1271
3240 1297
3240 1302
3240 1468
3240 1485
3240 1486
3240 1524
3240 1540
3240 1632
3240 1659
3240 1664
3240 1721
3240 1836
3240 1870
3240 1904
3240 1975
3240 1989
3240 2034
3240 2296
3240 2308
3240 2406
3240 2432
3240 2464
3240 2742
3240 2785
3241 33
3241 36
3241 171
3241 262
3241 300
3241 334
3241 345
3241 382
3241 422
3241 465
3241 572
3241 724
3241 815
3241 818
3241 825
3241 859
3241 974
3241 1016
3241 1072
3241 1090
3241 1126
3241 1127
3241 1148
3241 1292
3241 1359
3241 1454
3241 1513
3241 1554
3241 1585
3241 1646
3241 1742
3241 1826
3241 1834
3241 1916
3241 1951
3241 2074
3241 2176
3241 2199
3241 2261
3241 2269
3241 2284
3241 2356
3241 2369
3241 2402
3241 2456
3241 2461
3241 2497
3241 2578
3241 2588
3241 2636
3241 2666
3241 2761
3241 2870
3241 2949
3242 34
3242 37
3242 171
3242 195
3242 298
3242 333
3242 339
3242 361
3242 446
3242 447
3242 517
3242 596
3242 662
3242 675
3242 676
3242 704
3242 720
3242 821
3242 947
3242 977
3242 1133
3242 1221
3242 1292
3242 1370
3242 1633
3242 1639
3242 1693
3242 1848
3242 1863
3242 1871
3242 1902
3242 1968
3242 2000
3242 2037
3242 2040
3242 2243
3242 2366
3242 2533
3242 2667
3242 2691
3242 2767
3242 2775
3242 2798
3242 2831
3242 2849
3242 2877
3242 2954
3243 153
3243 206
3243 257
3243 492
3243 533
3243 565
3243 597
3243 663
3243 879
3243 880
3243 974
3243 1142
3243 1181
3243 1240
3243 1261
3243 1327
3243 1363
3243 1440
3243 1451
3243 1494
3243 1511
3243 1737
3243 1925
3243 1942
3243 1976
3243 2057
3243 2104
3243 2176
3243 2192
3243 2198
3243 2293
3243 2304
3243 2710
3243 2765
3243 2783
3243 2984
3244 41
3244 43
3244 157
3244 211
3244 227
3244 305
3244 388
3244 399
3244 587
3244 657
3244 837
3244 1001
3244 1006
3244 1026
3244 1173
3244 1254
3244 1255
3244 1340
3244 1363
3244 1525
3244 1533
3244 1546
3244 1671
3244 1700
3244 1746
3244 1774
3244 1821
3244 1836
3244 2015
3244 2037
3244 2118
3244 2172
3244 2191
3244 2260
3244 2588
3244 2612
3244 2682
3244 2734
3244 2779
3244 2804
3244 2840
3244 2899
3244 2928
3244 2953
3244 2981
3245 23
3245 30
3245 201
3245 345
3245 398
3245 459
3245 562
3245 658
3245 738
3245 756
3245 782
3245 821
3245 850
3245 882
3245 933
3245 995
3245 996
3245 1034
3245 1117
3245 1207
3245 1383
3245 1451
3245 1479
3245 1494
3245 1692
3245 1707
3245 1712
3245 1818
3245 1921
3245 2057
3245 2069
3245 2075
3245 2155
3245 2354
3245 2378
3245 2393
3245 2472
3245 2485
3245 2556
3245 2586
3245 2674
3245 2729
3245 2742
3245 2763
3245 2837
3245 2845
3245 2951
3245 2955
3245 2969
3246 69
3246 91
3246 93
3246 231
3246 309
3246 311
3246 398
3246 495
3246 538
3246 601
3246 618
3246 721
3246 757
3246 820
3246 842
3246 919
3246 952
3246 1049
3246 1055
3246 1116
3246 1118
3246 1163
3246 1212
3246 1348
3246 1378
3246 1487
3246 1676
3246 1744
3246 1850
3246 1893
3246 1947
3246 2087
3246 2149
3246 2178
3246 2329
3246 2391
3246 2447
3246 2652
3246 2672
3246 2693
3246 2712
3246 2718
3246 2745
3246 2793
3246 2895
3246 2934
3247 39
3247 149
3247 225
3247 230
3247 323
3247 427
3247 441
3247 623
3247 707
3247 755
3247 760
3247 765
3247 819
3247 951
3247 1004
3247 1103
3247 1132
3247 1344
3247 1388
3247 1505
3247 1538
3247 1586
3247 1697
3247 1759
3247 1780
3247 1796
3247 1870
3247 2091
3247 2141
3247 2264
3247 2276
3247 2367
3247 2396
3247 2440
3247 2539
3247 2594
3247 2626
3247 2712
3247 2732
3247 2798
3247 2822
3247 2872
3248 2
3248 45
3248 60
3248 75
3248 146
3248 160
3248 382
3248 394
3248 471
3248 479
3248 489
3248 490
3248 641
3248 696
3248 781
3248 817
3248 882
3248 914
3248 934
3248 1027
3248 1036
3248 1069
3248 1094
3248 1121
3248 1141
3248 1170
3248 1262
3248 1325
3248 1339
3248 1340
3248 1343
3248 1422
3248 1474
3248 1496
3248 1602
3248 1670
3248 1819
3248 2014
3248 2300
3248 2332
3248 2549
3248 2556
3248 2662
3248 2939
3248 2998
3249 69
3249 152
3249 183
3249 258
3249 262
3249 371
3249 393
3249 769
3249 832
3249 844
3249 877
3249 992
3249 1000
3249 1047
3249 1052
3249 1071
3249 1081
3249 1235
3249 1267
3249 1309
3249 1426
3249 1483
3249 1536
3249 1593
3249 1608
3249 1820
3249 1844
3249 1863
3249 1868
3249 1872
3249 1930
3249 2061
3249 2067
3249 2110
3249 2152
3249 2169
3249 2201
3249 2206
3249 2233
3249 2265
3249 2583
3249 2636
3249 2653
3249 2685
3249 2688
3249 2837
3249 2861
3249 2896
3249 2979
3250 117
3250 214
3250 377
3250 387
3250 395
3250 440
3250 590
3250 725
3250 836
3250 891
3250 945
3250 1008
3250 1012
3250 1051
3250 1080
3250 1151
3250 1205
3250 1247
3250 1265
3250 1304
3250 1322
3250 1324
3250 1343
3250 1465
3250 1467
3250 1527
3250 1537
3250 1662
3250 1678
3250 1830
3250 1847
3250 1989
3250 2105
3250 2201
3250 2299
3250 2469
3250 2534
3250 2668
3250 2901
3250 2924
3250 2954
3251 78
3251 87
3251 126
3251 169
3251 228
3251 308
3251 341
3251 470
3251 557
3251 625
3251 785
3251 789
3251 843
3251 878
3251 897
3251 939
3251 989
3251 1002
3251 1004
3251 1008
3251 1039
3251 1091
3251 1105
3251 1152
3251 1205
3251 1224
3251 1231
3251 1274
3251 1324
3251 1326
3251 1379
3251 1401
3251 1422
3251 1478
3251 1486
3251 1488
3251 1501
3251 1558
3251 1572
3251 1660
3251 1683
3251 1801
3251 2105
3251 2139
3251 2146
3251 2229
3251 2384
3251 2414
3251 2537
3251 2542
3251 2587
3251 2588
3251 2784
3252 87
3252 116
3252 195
3252 238
3252 589
3252 629
3252 658
3252 768
3252 821
3252 882
3252 950
3252 970
3252 971
3252 993
3252 1019
3252 1053
3252 1123
3252 1142
3252 1150
3252 1217
3252 1520
3252 1526
3252 1669
3252 1725
3252 1806
3252 1849
3252 1904
3252 2044
3252 2125
3252 2150
3252 2207
3252 2221
3252 2246
3252 2304
3252 2371
3252 2383
3252 2423
3252 2467
3252 2469
3252 2563
3252 2663
3252 2795
3252 2803
3252 2913
3252 2954
3253 25
3253 61
3253 230
3253 333
3253 469
3253 474
3253 562
3253 587
3253 640
3253 709
3253 710
3253 883
3253 893
3253 943
3253 992
3253 1094
3253 1104
3253 1203
3253 1235
3253 1286
3253 1328
3253 1343
3253 1357
3253 1396
3253 1540
3253 1554
3253 1711
3253 1795
3253 1879
3253 1976
3253 2017
3253 2094
3253 2179
3253 2602
3253 2641
3253 2704
3253 2770
3253 2805
3253 2835
3253 2868
3253 2929
3253 2938
3253 2972
3253 2984
3254 4
3254 130
3254 237
3254 239
3254 273
3254 276
3254 350
3254 353
3254 444
3254 472
3254 517
3254 544
3254 593
3254 627
3254 652
3254 653
3254 880
3254 914
3254 947
3254 1161
3254 1178
3254 1238
3254 1245
3254 1289
3254 1562
3254 1695
3254 1738
3254 1741
3254 1769
3254 1772
3254 1783
3254 1848
3254 1851
3254 1864
3254 1912
3254 1959
3254 1982
3254 2063
3254 2127
3254 2137
3254 2190
3254 2229
3254 2232
3254 2331
3254 2354
3254 2435
3254 2473
3254 2487
3254 2498
3254 2538
3254 2619
3254 2664
3254 2678
3254 2756
3254 2898
3254 2904
3254 2922
3254 2958
3255 148
3255 153
3255 197
3255 357
3255 413
3255 485
3255 525
3255 568
3255 664
3255 910
3255 916
3255 938
3255 972
3255 1086
3255 1272
3255 1458
3255 1471
3255 1482
3255 1637
3255 1744
3255 1833
3255 1909
3255 2050
3255 2068
3255 2141
3255 2197
3255 2232
3255 2286
3255 2301
3255 2302
3255 2386
3255 2536
3255 2635
3255 2667
3255 2703
3255 2750
3255 2776
3255 2824
3255 2897
3255 2901
3255 2948
3256 4
3256 234
3256 306
3256 360
3256 365
3256 405
3256 420
3256 442
3256 513
3256 592
3256 601
3256 651
3256 707
3256 762
3256 765
3256 806
3256 880
3256 1008
3256 1012
3256 1122
3256 1153
3256 1260
3256 1320
3256 1403
3256 1429
3256 1567
3256 1624
3256 1680
3256 1725
3256 1888
3256 1889
3256 2115
3256 2123
3256 2145
3256 2213
3256 2219
3256 2264
3256 2373
3256 2433
3256 2505
3256 2568
3256 2798
3256 2878
3256 2930
3257 31
3257 239
3257 344
3257 358
3257 711
3257 743
3257 782
3257 806
3257 902
3257 1263
3257 1264
3257 1356
3257 1474
3257 1586
3257 1632
3257 1638
3257 1677
3257 1681
3257 1685
3257 1698
3257 1765
3257 1840
3257 2039
3257 2096
3257 2251
3257 2327
3257 2423
3257 2491
3257 2539
3257 2555
3257 2668
3257 2731
3257 2771
3257 2854
3257 2873
3258 130
3258 191
3258 198
3258 324
3258 455
3258 471
3258 512
3258 520
3258 538
3258 646
3258 677
3258 728
3258 957
3258 988
3258 1118
3258 1133
3258 1186
3258 1197
3258 1216
3258 1234
3258 1266
3258 1352
3258 1359
3258 1475
3258 1477
3258 1479
3258 1515
3258 1535
3258 1615
3258 1737
3258 1793
3258 1840
3258 1883
3258 1899
3258 1940
3258 1954
3258 1963
3258 1970
3258 2008
3258 2066
3258 2151
3258 2171
3258 2236
3258 2241
3258 2464
3258 2555
3258 2679
3258 2696
3258 2706
3258 2741
3258 2767
3258 2818
3258 2949
3258 2984
3259 22
3259 44
3259 143
3259 171
3259 234
3259 247
3259 263
3259 587
3259 778
3259 933
3259 939
3259 998
3259 1025
3259 1069
3259 1184
3259 1363
3259 1457
3259 1483
3259 1562
3259 1616
3259 1788
3259 1808
3259 1845
3259 1899
3259 2053
3259 2119
3259 2192
3259 2202
3259 2240
3259 2275
3259 2374
3259 2397
3259 2448
3259 2535
3259 2637
3259 2798
3259 2804
3259 2875
3259 2898
3259 2926
3260 24
3260 176
3260 295
3260 365
3260 371
3260 395
3260 396
3260 675
3260 690
3260 691
3260 692
3260 760
3260 765
3260 783
3260 811
3260 832
3260 907
3260 1048
3260 1067
3260 1105
3260 1219
3260 1384
3260 1419
3260 1422
3260 1424
3260 1449
3260 1462
3260 1489
3260 1548
3260 1629
3260 1638
3260 1702
3260 1876
3260 2000
3260 2158
3260 2189
3260 2221
3260 2250
3260 2324
3260 2380
3260 2518
3260 2552
3260 2563
3260 2564
3260 2571
3260 2608
3260 2641
3260 2695
3260 2836
3261 91
3261 120
3261 128
3261 141
3261 183
3261 236
3261 254
3261 307
3261 388
3261 495
3261 554
3261 603
3261 610
3261 641
3261 740
3261 750
3261 812
3261 817
3261 861
3261 892
3261 1090
3261 1134
3261 1269
3261 1305
3261 1315
3261 1369
3261 1375
3261 1380
3261 1386
3261 1408
3261 1475
3261 1490
3261 1534
3261 1606
3261 1676
3261 1709
3261 1772
3261 1788
3261 1880
3261 1892
3261 2110
3261 2196
3261 2241
3261 2270
3261 2371
3261 2483
3261 2492
3261 2495
3261 2515
3261 2657
3261 2681
3261 2693
3261 2700
3261 2743
3261 2745
3261 2769
3261 2783
3262 1
3262 104
3262 119
3262 205
3262 513
3262 556
3262 558
3262 560
3262 600
3262 636
3262 652
3262 664
3262 715
3262 733
3262 855
3262 866
3262 974
3262 1012
3262 1205
3262 1430
3262 1449
3262 1552
3262 1712
3262 1798
3262 1983
3262 1998
3262 2007
3262 2093
3262 2097
3262 2131
3262 2153
3262 2184
3262 2501
3262 2575
3262 2593
3262 2627
3262 2717
3262 2728
3262 2730
3262 2798
3262 2849
3262 2875
3262 2901
3262 2925
3263 17
3263 158
3263 235
3263 325
3263 441
3263 465
3263 467
3263 605
3263 763
3263 930
3263 942
3263 1070
3263 1078
3263 1108
3263 1133
3263 1188
3263 1300
3263 1466
3263 1470
3263 1500
3263 1714
3263 1750
3263 1787
3263 1798
3263 1803
3263 1824
3263 1869
3263 1892
3263 1941
3263 2026
3263 2193
3263 2304
3263 2309
3263 2339
3263 2387
3263 2442
3263 2647
3263 2692
3263 2758
3263 2778
3263 2958
3263 2979
3264 194
3264 255
3264 257
3264 271
3264 381
3264 461
3264 589
3264 657
3264 673
3264 709
3264 738
3264 810
3264 816
3264 903
3264 912
3264 933
3264 1000
3264 1040
3264 1041
3264 1293
3264 1334
3264 1478
3264 1516
3264 1525
3264 1547
3264 1589
3264 1625
3264 1732
3264 1761
3264 1780
3264 1891
3264 2127
3264 2191
3264 2297
3264 2425
3264 2474
3264 2587
3264 2658
3264 2805
3264 2881
3264 2882
3264 2922
3264 2976
3265 119
3265 198
3265 243
3265 358
3265 443
3265 447
3265 494
3265 566
3265 674
3265 796
3265 849
3265 888
3265 913
3265 944
3265 1169
3265 1173
3265 1218
3265 1338
3265 1368
3265 1382
3265 1511
3265 1521
3265 1560
3265 1621
3265 1658
3265 1770
3265 1917
3265 1919
3265 1926
3265 1951
3265 1982
3265 2010
3265 2022
3265 2067
3265 2076
3265 2311
3265 2339
3265 2376
3265 2389
3265 2486
3265 2550
3265 2592
3265 2636
3265 2760
3265 2766
3265 2768
3265 2789
3265 2821
3265 2829
3265 2836
3266 1
3266 7
3266 10
3266 35
3266 68
3266 114
3266 115
3266 137
3266 205
3266 211
3266 300
3266 311
3266 330
3266 381
3266 467
3266 468
3266 741
3266 777
3266 805
3266 835
3266 911
3266 913
3266 925
3266 969
3266 1076
3266 1079
3266 1123
3266 1209
3266 1418
3266 1522
3266 1590
3266 1638
3266 1701
3266 1794
3266 1876
3266 1930
3266 1941
3266 1987
3266 2004
3266 2021
3266 2029
3266 2049
3266 2059
3266 2114
3266 2137
3266 2238
3266 2457
3266 2481
3266 2692
3266 2757
3266 2790
3266 2875
3266 2884
3266 2954
3267 64
3267 196
3267 345
3267 370
3267 602
3267 632
3267 674
3267 689
3267 703
3267 758
3267 874
3267 995
3267 1333
3267 1351
3267 1355
3267 1360
3267 1469
3267 1513
3267 1530
3267 1608
3267 1609
3267 1786
3267 1849
3267 1861
3267 1901
3267 2011
3267 2018
3267 2099
3267 2304
3267 2437
3267 2450
3267 2714
3267 2807
3267 2809
3267 2838
3267 2842
3267 2957
3267 2989
3268 5
3268 104
3268 114
3268 615
3268 616
3268 668
3268 754
3268 817
3268 850
3268 1011
3268 1247
3268 1259
3268 1499
3268 1609
3268 1610
3268 1624
3268 1724
3268 1908
3268 1994
3268 2037
3268 2086
3268 2133
3268 2272
3268 2335
3268 2422
3268 2443
3268 2487
3268 2551
3268 2557
3268 2778
3268 2903
3269 30
3269 175
3269 193
3269 213
3269 245
3269 304
3269 324
3269 351
3269 360
3269 476
3269 579
3269 693
3269 747
3269 807
3269 922
3269 965
3269 1016
3269 1092
3269 1206
3269 1234
3269 1264
3269 1292
3269 1361
3269 1370
3269 1399
3269 1420
3269 1699
3269 1700
3269 1775
3269 1786
3269 1861
3269 1919
3269 2047
3269 2142
3269 2252
3269 2266
3269 2302
3269 2326
3269 2342
3269 2438
3269 2473
3269 2489
3269 2504
3269 2587
3269 2683
3269 2691
3269 2722
3269 2724
3269 2745
3269 2807
3269 2832
3269 2902
3269 2933
3269 2943
3270 37
3270 166
3270 350
3270 380
3270 431
3270 452
3270 595
3270 663
3270 755
3270 805
3270 891
3270 1245
3270 1300
3270 1324
3270 1405
3270 1453
3270 1489
3270 1512
3270 1559
3270 1595
3270 1646
3270 1862
3270 1902
3270 1975
3270 2041
3270 2067
3270 2125
3270 2158
3270 2171
3270 2267
3270 2277
3270 2324
3270 2447
3270 2566
3270 2570
3270 2688
3270 2879
3270 2897
3271 11
3271 90
3271 105
3271 115
3271 178
3271 181
3271 252
3271 299
3271 307
3271 332
3271 345
3271 389
3271 514
3271 575
3271 600
3271 619
3271 682
3271 711
3271 765
3271 1039
3271 1277
3271 1317
3271 1323
3271 1420
3271 1481
3271 1513
3271 1579
3271 1596
3271 1638
3271 1652
3271 1771
3271 1781
3271 1785
3271 1841
3271 1865
3271 1868
3271 2089
3271 2128
3271 2166
3271 2180
3271 2261
3271 2269
3271 2298
3271 2473
3271 2549
3271 2668
3271 2685
3271 2801
3271 2810
3271 2873
3271 2936
3271 2948
3272 27
3272 59
3272 88
3272 140
3272 184
3272 332
3272 350
3272 526
3272 568
3272 748
3272 786
3272 955
3272 1105
3272 1267
3272 1275
3272 1383
3272 1495
3272 1502
3272 1551
3272 1557
3272 1591
3272 1676
3272 1681
3272 1694
3272 1720
3272 1855
3272 1871
3272 2235
3272 2290
3272 2369
3272 2423
3272 2562
3272 2688
3272 2885
3273 36
3273 83
3273 94
3273 106
3273 232
3273 282
3273 387
3273 402
3273 413
3273 477
3273 598
3273 606
3273 622
3273 665
3273 682
3273 810
3273 878
3273 882
3273 895
3273 1043
3273 1070
3273 1162
3273 1381
3273 1434
3273 1514
3273 1546
3273 1578
3273 1827
3273 1848
3273 1873
3273 1901
3273 1904
3273 1916
3273 1961
3273 2168
3273 2169
3273 2192
3273 2239
3273 2249
3273 2335
3273 2394
3273 2433
3273 2454
3273 2522
3273 2563
3273 2580
3273 2784
3273 2844
3273 2981
3274 75
3274 87
3274 252
3274 268
3274 369
3274 461
3274 602
3274 626
3274 636
3274 682
3274 701
3274 775
3274 824
3274 924
3274 1067
3274 1110
3274 1123
3274 1153
3274 1230
3274 1338
3274 1380
3274 1471
3274 1610
3274 1626
3274 1746
3274 1942
3274 1972
3274 2027
3274 2127
3274 2129
3274 2132
3274 2235
3274 2533
3274 2576
3274 2654
3274 2858
3274 2933
3274 2993
3275 52
3275 146
3275 210
3275 216
3275 290
3275 324
3275 419
3275 472
3275 570
3275 580
3275 620
3275 651
3275 691
3275 861
3275 944
3275 949
3275 971
3275 1018
3275 1091
3275 1103
3275 1380
3275 1391
3275 1460
3275 1550
3275 1581
3275 1659
3275 1680
3275 1685
3275 1826
3275 1912
3275 1937
3275 1973
3275 2209
3275 2213
3275 2429
3275 2461
3275 2479
3275 2489
3275 2504
3275 2532
3275 2544
3275 2577
3275 2599
3275 2720
3275 2752
3275 2766
3275 2821
3275 2882
3275 2906
3276 27
3276 37
3276 54
3276 66
3276 228
3276 278
3276 421
3276 456
3276 465
3276 617
3276 658
3276 788
3276 907
3276 924
3276 926
3276 1038
3276 1044
3276 1052
3276 1101
3276 1105
3276 1261
3276 1295
3276 1312
3276 1314
3276 1443
3276 1513
3276 1682
3276 1831
3276 1832
3276 1858
3276 1923
3276 1979
3276 1984
3276 2035
3276 2132
3276 2135
3276 2140
3276 2147
3276 2174
3276 2177
3276 2235
3276 2269
3276 2286
3276 2322
3276 2355
3276 2366
3276 2394
3276 2532
3276 2591
3276 2643
3276 2754
3276 2840
3276 2869
3276 2879
3276 2941
3277 355
3277 359
3277 463
3277 966
3277 1125
3277 1173
3277 1192
3277 1203
3277 1248
3277 1292
3277 1300
3277 1311
3277 1315
3277 1507
3277 1635
3277 1656
3277 1672
3277 1820
3277 1846
3277 2117
3277 2132
3277 2244
3277 2305
3277 2503
3277 2623
3277 2774
3277 2811
3277 2844
3277 2863
3277 2897
3277 2980
3278 25
3278 36
3278 229
3278 387
3278 390
3278 444
3278 587
3278 619
3278 630
3278 660
3278 773
3278 780
3278 1041
3278 1114
3278 1188
3278 1227
3278 1267
3278 1324
3278 1417
3278 1431
3278 1466
3278 1495
3278 1550
3278 1645
3278 1741
3278 1886
3278 2126
3278 2216
3278 2242
3278 2250
3278 2268
3278 2377
3278 2403
3278 2460
3278 2534
3278 2613
3278 2738
3278 2769
3278 2788
3278 2897
3278 2905
3279 59
3279 161
3279 184
3279 208
3279 298
3279 512
3279 527
3279 679
3279 690
3279 705
3279 768
3279 789
3279 797
3279 835
3279 867
3279 1024
3279 1245
3279 1322
3279 1326
3279 1380
3279 1605
3279 1740
3279 1753
3279 1773
3279 1885
3279 1953
3279 1956
3279 2000
3279 2067
3279 2083
3279 2148
3279 2220
3279 2277
3279 2283
3279 2300
3279 2390
3279 2459
3279 2518
3279 2583
3279 2638
3279 2663
3279 2729
3279 2895
3279 2932
3280 140
3280 149
3280 180
3280 248
3280 277
3280 311
3280 589
3280 664
3280 689
3280 766
3280 827
3280 937
3280 942
3280 973
3280 985
3280 990
3280 1001
3280 1007
3280 1093
3280 1154
3280 1200
3280 1357
3280 1392
3280 1416
3280 1468
3280 1677
3280 1685
3280 1790
3280 1806
3280 1807
3280 1851
3280 2024
3280 2033
3280 2043
3280 2108
3280 2157
3280 2263
3280 2354
3280 2486
3280 2507
3280 2637
3280 2677
3280 2782
3280 2826
3280 2941
3280 2979
3281 81
3281 136
3281 206
3281 274
3281 497
3281 514
3281 622
3281 692
3281 873
3281 883
3281 885
3281 942
3281 1007
3281 1067
3281 1082
3281 1144
3281 1194
3281 1332
3281 1333
3281 1422
3281 1425
3281 1436
3281 1467
3281 1548
3281 1575
3281 1581
3281 1699
3281 1717
3281 1830
3281 1871
3281 2003
3281 2010
3281 2115
3281 2137
3281 2146
3281 2159
3281 2289
3281 2330
3281 2432
3281 2448
3281 2652
3281 2670
3281 2785
3281 2879
3281 2895
3281 2966
3282 178
3282 185
3282 196
3282 222
3282 258
3282 444
3282 535
3282 573
3282 704
3282 710
3282 713
3282 751
3282 809
3282 1007
3282 1079
3282 1101
3282 1169
3282 1170
3282 1198
3282 1224
3282 1245
3282 1423
3282 1446
3282 1557
3282 1579
3282 1779
3282 1854
3282 1900
3282 1926
3282 1952
3282 1990
3282 2008
3282 2032
3282 2068
3282 2072
3282 2127
3282 2190
3282 2204
3282 2284
3282 2461
3282 2485
3282 2526
3282 2634
3282 2635
3282 2694
3282 2743
3282 2771
3282 2950
3282 2988
3283 137
3283 197
3283 445
3283 683
3283 743
3283 761
3283 777
3283 778
3283 782
3283 846
3283 944
3283 1014
3283 1083
3283 1146
3283 1182
3283 1198
3283 1220
3283 1322
3283 1402
3283 1431
3283 1520
3283 1528
3283 1568
3283 1588
3283 1805
3283 1814
3283 1854
3283 1985
3283 2016
3283 2049
3283 2155
3283 2195
3283 2299
3283 2365
3283 2409
3283 2441
3283 2487
3283 2551
3283 2559
3283 2671
3283 2801
3283 2809
3283 2876
3283 2882
3283 2885
3283 2956
3283 2957
3284 5
3284 169
3284 212
3284 280
3284 283
3284 445
3284 510
3284 685
3284 804
3284 892
3284 940
3284 1003
3284 1038
3284 1097
3284 1134
3284 1169
3284 1233
3284 1276
3284 1331
3284 1529
3284 1530
3284 1547
3284 1672
3284 1686
3284 1816
3284 1982
3284 2005
3284 2121
3284 2127
3284 2213
3284 2322
3284 2435
3284 2550
3284 2614
3284 2677
3284 2733
3284 2799
3284 2811
3284 2874
3284 2926
3285 16
3285 28
3285 41
3285 77
3285 149
3285 251
3285 402
3285 526
3285 538
3285 542
3285 674
3285 730
3285 744
3285 779
3285 815
3285 853
3285 884
3285 1084
3285 1111
3285 1114
3285 1203
3285 1475
3285 1581
3285 1678
3285 1745
3285 1891
3285 1913
3285 1976
3285 2086
3285 2125
3285 2191
3285 2239
3285 2288
3285 2305
3285 2492
3285 2508
3285 2540
3285 2599
3285 2635
3285 2717
3285 2749
3285 2873
3285 2983
3286 2
3286 7
3286 67
3286 158
3286 299
3286 335
3286 350
3286 354
3286 389
3286 433
3286 442
3286 494
3286 514
3286 517
3286 547
3286 548
3286 549
3286 627
3286 689
3286 704
3286 847
3286 938
3286 980
3286 1069
3286 1181
3286 1264
3286 1274
3286 1331
3286 1394
3286 1518
3286 1533
3286 1555
3286 1674
3286 1676
3286 1802
3286 1839
3286 1850
3286 1910
3286 1964
3286 2137
3286 2237
3286 2357
3286 2565
3286 2666
3286 2736
3286 2741
3286 2814
3286 2823
3286 2883
3286 2902
3286 2917
3287 19
3287 20
3287 187
3287 210
3287 212
3287 484
3287 621
3287 628
3287 733
3287 947
3287 971
3287 1028
3287 1088
3287 1151
3287 1401
3287 1513
3287 1553
3287 1575
3287 1641
3287 1696
3287 1861
3287 1867
3287 1885
3287 1924
3287 2095
3287 2231
3287 2237
3287 2322
3287 2387
3287 2391
3287 2470
3287 2482
3287 2525
3287 2526
3287 2536
3287 2540
3287 2545
3287 2590
3287 2701
3287 2753
3287 2773
3287 2896
3287 2934
3288 189
3288 207
3288 335
3288 448
3288 457
3288 479
3288 519
3288 630
3288 676
3288 714
3288 731
3288 777
3288 779
3288 847
3288 854
3288 976
3288 1119
3288 1143
3288 1225
3288 1274
3288 1323
3288 1434
3288 1452
3288 1770
3288 1886
3288 1945
3288 1962
3288 2083
3288 2261
3288 2281
3288 2285
3288 2359
3288 2372
3288 2395
3288 2459
3288 2590
3288 2594
3288 2650
3288 2708
3288 2738
3288 2902
3289 30
3289 217
3289 251
3289 413
3289 468
3289 619
3289 626
3289 665
3289 677
3289 681
3289 722
3289 800
3289 802
3289 845
3289 846
3289 915
3289 953
3289 1039
3289 1109
3289 1127
3289 1175
3289 1219
3289 1237
3289 1293
3289 1294
3289 1384
3289 1474
3289 1689
3289 1708
3289 1757
3289 1762
3289 1848
3289 2069
3289 2073
3289 2103
3289 2155
3289 2248
3289 2361
3289 2448
3289 2541
3289 2613
3289 2738
3289 2774
3289 2838
3289 2855
3289 2876
3289 2926
3289 2929
3290 115
3290 334
3290 358
3290 417
3290 439
3290 650
3290 713
3290 760
3290 845
3290 918
3290 969
3290 997
3290 1003
3290 1005
3290 1056
3290 1095
3290 1117
3290 1121
3290 1171
3290 1231
3290 1322
3290 1328
3290 1435
3290 1443
3290 1581
3290 1627
3290 1639
3290 1740
3290 1782
3290 1803
3290 1913
3290 1919
3290 1986
3290 2012
3290 2090
3290 2285
3290 2289
3290 2302
3290 2397
3290 2456
3290 2493
3290 2535
3290 2612
3290 2662
3290 2665
3290 2715
3290 2791
3290 2938
3290 2965
3290 2980
3291 40
3291 108
3291 169
3291 171
3291 172
3291 289
3291 302
3291 339
3291 354
3291 466
3291 467
3291 482
3291 699
3291 788
3291 790
3291 858
3291 885
3291 985
3291 1006
3291 1042
3291 1089
3291 1130
3291 1144
3291 1177
3291 1211
3291 1430
3291 1456
3291 1457
3291 1468
3291 1601
3291 1646
3291 1845
3291 2017
3291 2022
3291 2064
3291 2189
3291 2195
3291 2265
3291 2299
3291 2310
3291 2313
3291 2363
3291 2387
3291 2430
3291 2431
3291 2472
3291 2474
3291 2668
3291 2705
3291 2754
3291 2782
3291 2809
3291 2873
3292 174
3292 281
3292 309
3292 349
3292 364
3292 566
3292 678
3292 825
3292 970
3292 1003
3292 1064
3292 1088
3292 1089
3292 1211
3292 1250
3292 1269
3292 1282
3292 1314
3292 1322
3292 1555
3292 1580
3292 1590
3292 1608
3292 1637
3292 1645
3292 1900
3292 1920
3292 2045
3292 2081
3292 2142
3292 2191
3292 2204
3292 2320
3292 2328
3292 2357
3292 2596
3292 2598
3292 2674
3292 2695
3292 2811
3292 2929
3293 33
3293 92
3293 116
3293 202
3293 203
3293 204
3293 269
3293 270
3293 394
3293 418
3293 420
3293 448
3293 492
3293 587
3293 718
3293 804
3293 827
3293 872
3293 880
3293 952
3293 986
3293 1150
3293 1214
3293 1232
3293 1342
3293 1397
3293 1419
3293 1454
3293 1669
3293 1787
3293 1793
3293 1853
3293 1856
3293 1982
3293 2049
3293 2193
3293 2198
3293 2358
3293 2395
3293 2429
3293 2671
3293 2802
3293 2867
3293 2875
3293 2898
3294 3
3294 216
3294 379
3294 396
3294 457
3294 470
3294 518
3294 606
3294 644
3294 651
3294 664
3294 676
3294 693
3294 701
3294 714
3294 741
3294 744
3294 796
3294 811
3294 855
3294 863
3294 899
3294 1045
3294 1073
3294 1134
3294 1159
3294 1239
3294 1253
3294 1296
3294 1347
3294 1395
3294 1832
3294 1956
3294 2020
3294 2046
3294 2337
3294 2395
3294 2721
3294 2820
3294 2851
3294 2854
3295 12
3295 47
3295 91
3295 134
3295 213
3295 231
3295 254
3295 574
3295 604
3295 718
3295 719
3295 734
3295 790
3295 841
3295 859
3295 921
3295 984
3295 996
3295 1091
3295 1099
3295 1204
3295 1295
3295 1391
3295 1441
3295 1447
3295 1481
3295 1578
3295 1613
3295 1638
3295 1700
3295 1714
3295 1734
3295 1737
3295 1778
3295 1800
3295 1833
3295 1854
3295 1942
3295 2116
3295 2207
3295 2258
3295 2266
3295 2277
3295 2349
3295 2354
3295 2386
3295 2411
3295 2442
3295 2494
3295 2507
3295 2629
3295 2695
3295 2710
3295 2739
3295 2874
3295 2940
3296 28
3296 45
3296 70
3296 116
3296 147
3296 170
3296 186
3296 228
3296 253
3296 302
3296 311
3296 341
3296 379
3296 451
3296 469
3296 531
3296 581
3296 593
3296 613
3296 731
3296 853
3296 912
3296 943
3296 972
3296 1070
3296 1115
3296 1260
3296 1266
3296 1296
3296 1303
3296 1378
3296 1459
3296 1470
3296 1472
3296 1554
3296 1565
3296 1666
3296 1805
3296 1828
3296 1867
3296 1966
3296 1990
3296 2103
3296 2354
3296 2370
3296 2499
3296 2532
3296 2556
3296 2624
3296 2700
3296 2703
3296 2714
3296 2985
3296 2992
3297 79
3297 152
3297 180
3297 186
3297 222
3297 309
3297 422
3297 466
3297 524
3297 712
3297 862
3297 873
3297 883
3297 1016
3297 1018
3297 1067
3297 1175
3297 1231
3297 1233
3297 1293
3297 1461
3297 1477
3297 1517
3297 1764
3297 1904
3297 1949
3297 2079
3297 2136
3297 2150
3297 2165
3297 2194
3297 2404
3297 2431
3297 2469
3297 2568
3297 2611
3297 2624
3297 2755
3297 2792
3297 2793
3297 2896
3297 2902
3298 9
3298 20
3298 256
3298 263
3298 346
3298 392
3298 417
3298 676
3298 708
3298 1150
3298 1186
3298 1239
3298 1270
3298 1273
3298 1297
3298 1323
3298 1396
3298 1425
3298 1582
3298 1615
3298 1619
3298 1630
3298 1670
3298 1694
3298 1771
3298 1779
3298 1793
3298 1817
3298 1910
3298 1922
3298 2034
3298 2197
3298 2205
3298 2234
3298 2239
3298 2280
3298 2342
3298 2344
3298 2386
3298 2521
3298 2586
3298 2678
3298 2813
3299 122
3299 176
3299 214
3299 219
3299 260
3299 296
3299 323
3299 361
3299 398
3299 607
3299 700
3299 714
3299 730
3299 860
3299 894
3299 900
3299 943
3299 1000
3299 1003
3299 1007
3299 1009
3299 1037
3299 1104
3299 1208
3299 1210
3299 1230
3299 1328
3299 1419
3299 1428
3299 1561
3299 1565
3299 1582
3299 1654
3299 1699
3299 1773
3299 1811
3299 1953
3299 2152
3299 2247
3299 2301
3299 2336
3299 2343
3299 2418
3299 2459
3299 2492
3299 2555
3299 2561
3299 2566
3299 2656
3299 2698
3299 2731
3299 2764
3299 2847
3000 3001 3002 3003 3004 3005 3006 3007 3008 3009 3010 3011 3012 3013 3014 3015 3016 3017 3018 3019 3020 3021 3022 3023 3024 3025 3026 3027 3028 3029 3030 3031 3032 3033 3034 3035 3036 3037 3038 3039 3040 3041 3042 3043 3044 3045 3046 3047 3048 3049 3050 3051 3052 3053 3054 3055 3056 3057 3058 3059 3060 3061 3062 3063 3064 3065 3066 3067 3068 3069 3070 3071 3072 3073 3074 3075 3076 3077 3078 3079 3080 3081 3082 3083 3084 3085 3086 3087 3088 3089 3090 3091 3092 3093 3094 3095 3096 3097 3098 3099 3100 3101 3102 3103 3104 3105 3106 3107 3108 3109 3110 3111 3112 3113 3114 3115 3116 3117 3118 3119 3120 3121 3122 3123 3124 3125 3126 3127 3128 3129 3130 3131 3132 3133 3134 3135 3136 3137 3138 3139 3140 3141 3142 3143 3144 3145 3146 3147 3148 3149 3150 3151 3152 3153 3154 3155 3156 3157 3158 3159 3160 3161 3162 3163 3164 3165 3166 3167 3168 3169 3170 3171 3172 3173 3174 3175 3176 3177 3178 3179 3180 3181 3182 3183 3184 3185 3186 3187 3188 3189 3190 3191 3192 3193 3194 3195 3196 3197 3198 3199 3200 3201 3202 3203 3204 3205 3206 3207 3208 3209 3210 3211 3212 3213 3214 3215 3216 3217 3218 3219 3220 3221 3222 3223 3224 3225 3226 3227 3228 3229 3230 3231 3232 3233 3234 3235 3236 3237 3238 3239 3240 3241 3242 3243 3244 3245 3246 3247 3248 3249 3250 3251 3252 3253 3254 3255 3256 3257 3258 3259 3260 3261 3262 3263 3264 3265 3266 3267 3268 3269 3270 3271 3272 3273 3274 3275 3276 3277 3278 3279 3280 3281 3282 3283 3284 3285 3286 3287 3288 3289 3290 3291 3292 3293 3294 3295 3296 3297 3298 3299
