1000 13500 50
0 5
0 6
0 8
0 10
0 20
0 60
0 70
0 90
0 100
0 300
0 600
0 700
0 900
1 0
1 2
1 4
1 6
1 31
1 41
1 61
1 91
1 301
1 401
2 0
2 3
2 4
2 6
2 8
2 12
2 22
2 32
2 202
2 402
2 502
2 702
3 0
3 1
3 6
3 8
3 13
3 63
3 73
3 93
3 203
3 403
3 903
4 0
4 3
4 5
4 6
4 8
4 24
4 34
4 44
4 74
4 84
4 94
4 104
4 304
4 404
4 804
5 1
5 2
5 3
5 7
5 9
5 15
5 25
5 45
5 55
5 65
5 85
5 305
5 405
5 805
6 5
6 7
6 16
6 26
6 36
6 56
6 66
6 86
6 96
6 506
6 706
6 806
7 0
7 1
7 2
7 3
7 4
7 8
7 9
7 17
7 47
7 67
7 87
7 307
7 607
7 707
7 807
8 1
8 5
8 6
8 18
8 48
8 98
8 108
8 208
8 408
8 808
9 0
9 1
9 2
9 3
9 4
9 6
9 8
9 19
9 29
9 39
9 49
9 59
9 79
9 89
9 99
9 509
9 609
9 709
9 909
10 12
10 13
10 15
10 40
10 60
10 110
10 210
10 410
10 510
10 610
10 810
10 910
11 1
11 10
11 12
11 14
11 16
11 17
11 18
11 61
11 71
11 81
11 91
11 411
11 611
11 811
11 911
12 13
12 14
12 15
12 17
12 52
12 62
12 82
12 92
12 412
12 512
12 612
12 912
13 11
13 15
13 16
13 18
13 23
13 53
13 63
13 93
13 113
13 213
13 313
13 613
13 813
14 4
14 10
14 13
14 16
14 17
14 18
14 34
14 64
14 74
14 84
14 94
14 214
14 514
14 814
14 914
15 11
15 14
15 19
15 25
15 55
15 65
15 85
15 115
15 415
15 715
16 10
16 12
16 15
16 17
16 19
16 56
16 76
16 86
16 96
16 116
16 616
16 916
17 10
17 13
17 15
17 27
17 47
17 57
17 67
17 97
17 517
17 617
17 817
18 10
18 12
18 15
18 16
18 17
18 19
18 28
18 38
18 48
18 78
18 88
18 218
18 518
18 818
18 918
19 10
19 11
19 12
19 13
19 14
19 17
19 89
19 99
19 119
19 219
19 319
19 519
19 719
20 10
20 21
20 22
20 23
20 24
20 25
20 26
20 30
20 40
20 60
20 80
20 120
20 220
20 620
20 720
20 820
21 1
21 11
21 22
21 23
21 26
21 27
21 28
21 29
21 51
21 71
21 81
21 121
21 321
21 621
21 721
21 821
21 921
22 12
22 23
22 27
22 29
22 42
22 52
22 62
22 82
22 92
22 322
22 522
22 622
23 3
23 24
23 25
23 26
23 28
23 29
23 43
23 73
23 323
23 523
23 623
23 923
24 14
24 21
24 22
24 26
24 28
24 29
24 34
24 54
24 64
24 74
24 84
24 94
24 324
24 424
24 524
24 624
24 724
25 21
25 22
25 24
25 27
25 28
25 29
25 45
25 55
25 75
25 95
25 125
25 225
25 425
25 525
25 825
26 16
26 22
26 25
26 29
26 56
26 96
26 126
26 226
26 526
26 726
26 826
26 926
27 7
27 20
27 23
27 24
27 26
27 28
27 29
27 57
27 77
27 87
27 97
27 127
27 227
27 327
27 427
27 627
27 827
27 927
28 8
28 20
28 22
28 26
28 29
28 38
28 48
28 58
28 128
28 328
28 428
29 19
29 20
29 49
29 69
29 79
29 89
29 329
29 429
29 529
29 629
29 829
30 0
30 10
30 32
30 34
30 36
30 37
30 38
30 40
30 50
30 80
30 130
30 230
30 830
30 930
31 11
31 21
31 30
31 33
31 35
31 37
31 38
31 41
31 61
31 81
31 91
31 631
31 931
32 12
32 22
32 31
32 33
32 35
32 36
32 38
32 39
32 42
32 72
32 82
32 92
32 132
32 232
32 432
32 632
32 732
33 3
33 13
33 23
33 30
33 34
33 35
33 38
33 53
33 63
33 73
33 93
33 433
33 633
33 933
34 31
34 32
34 36
34 37
34 38
34 39
34 44
34 64
34 94
34 234
34 334
34 534
34 834
34 934
35 5
35 15
35 25
35 30
35 34
35 38
35 65
35 75
35 85
35 95
35 235
35 335
35 435
35 635
35 735
35 835
36 16
36 26
36 31
36 33
36 35
36 37
36 39
36 46
36 56
36 66
36 86
36 236
36 336
36 636
36 836
37 7
37 17
37 27
37 32
37 33
37 35
37 38
37 39
37 57
37 67
37 77
37 87
37 97
37 137
37 337
37 437
37 637
37 737
37 837
37 937
38 8
38 36
38 39
38 48
38 58
38 68
38 138
38 238
38 438
38 638
38 938
39 19
39 29
39 30
39 31
39 33
39 35
39 49
39 59
39 69
39 89
39 99
39 139
39 639
39 739
39 839
40 0
40 43
40 46
40 47
40 60
40 80
40 90
40 140
40 240
40 340
40 440
40 540
40 740
40 840
41 11
41 21
41 40
41 44
41 45
41 46
41 81
41 91
41 241
41 441
41 541
41 641
41 741
41 841
42 2
42 12
42 40
42 41
42 43
42 44
42 45
42 62
42 92
42 142
42 242
42 442
42 942
43 3
43 13
43 33
43 41
43 45
43 46
43 47
43 53
43 73
43 243
43 543
44 14
44 24
44 40
44 43
44 45
44 46
44 47
44 49
44 54
44 64
44 74
44 444
44 544
44 644
44 744
44 944
45 15
45 35
45 40
45 55
45 85
45 545
46 6
46 16
46 26
46 42
46 45
46 47
46 66
46 446
46 546
46 746
46 946
47 27
47 37
47 41
47 42
47 45
47 49
47 87
47 147
47 247
47 347
47 847
47 947
48 40
48 41
48 42
48 43
48 44
48 45
48 46
48 47
48 58
48 68
48 78
48 88
48 248
48 448
48 648
49 19
49 40
49 41
49 42
49 43
49 45
49 46
49 48
49 79
49 249
49 349
49 549
49 649
49 849
49 949
50 0
50 10
50 20
50 40
50 51
50 53
50 54
50 55
50 56
50 57
50 58
50 59
50 950
51 1
51 11
51 31
51 41
51 53
51 56
51 58
51 61
51 71
51 91
51 351
51 751
51 851
52 2
52 32
52 42
52 50
52 51
52 53
52 55
52 56
52 57
52 59
52 62
52 92
52 352
52 452
52 752
53 3
53 23
53 58
53 59
53 63
53 253
53 353
53 453
53 653
53 853
53 953
54 4
54 14
54 34
54 51
54 52
54 53
54 64
54 154
54 254
54 354
54 554
54 654
54 854
54 954
55 35
55 51
55 53
55 54
55 56
55 57
55 65
55 75
55 155
55 255
55 455
55 555
55 655
55 755
55 855
56 46
56 53
56 54
56 57
56 58
56 66
56 76
56 156
56 256
56 456
56 756
56 956
57 7
57 47
57 51
57 53
57 54
57 67
57 87
57 97
57 157
57 257
57 357
57 557
57 657
57 757
58 8
58 18
58 52
58 54
58 55
58 57
58 59
58 68
58 78
58 88
58 98
58 258
58 458
58 558
58 758
59 19
59 29
59 49
59 51
59 54
59 55
59 56
59 57
59 89
59 99
59 559
59 659
59 859
60 30
60 50
60 61
60 64
60 66
60 70
60 80
60 260
60 460
61 21
61 41
61 65
61 66
61 67
61 69
61 71
61 91
61 261
61 561
61 861
61 961
62 2
62 32
62 60
62 61
62 63
62 64
62 65
62 66
62 92
62 162
62 462
62 862
63 23
63 43
63 60
63 61
63 64
63 66
63 67
63 68
63 83
63 93
63 263
63 363
63 663
63 763
64 4
64 61
64 66
64 69
64 84
64 164
64 364
64 664
64 764
64 864
65 25
65 45
65 60
65 63
65 64
65 165
65 465
65 565
65 765
65 865
65 965
66 16
66 26
66 65
66 68
66 69
66 96
66 166
66 266
66 466
66 666
66 766
66 866
67 27
67 47
67 60
67 62
67 64
67 65
67 66
67 68
67 69
67 77
67 87
67 97
67 367
67 467
67 567
67 767
67 867
68 8
68 18
68 28
68 60
68 61
68 62
68 64
68 65
68 78
68 98
68 168
68 368
68 568
68 868
69 9
69 19
69 49
69 59
69 60
69 62
69 63
69 65
69 68
69 169
69 469
69 569
69 769
69 969
70 10
70 20
70 30
70 40
70 50
70 72
70 76
70 78
70 79
70 80
70 90
70 470
70 570
70 970
71 1
71 31
71 41
71 70
71 72
71 73
71 74
71 76
71 79
71 671
71 771
71 871
72 2
72 12
72 22
72 42
72 52
72 62
72 73
72 76
72 77
72 82
72 272
72 372
72 572
72 672
72 772
72 972
73 13
73 53
73 63
73 70
73 77
73 93
73 373
73 473
73 773
73 973
74 34
74 54
74 64
74 70
74 72
74 73
74 76
74 78
74 79
74 94
74 174
74 274
74 374
74 574
74 974
75 5
75 15
75 45
75 65
75 70
75 71
75 72
75 73
75 74
75 76
75 77
75 85
75 175
75 375
75 875
75 975
76 6
76 26
76 36
76 46
76 66
76 73
76 78
76 86
76 96
76 176
76 276
76 376
76 776
76 976
77 7
77 17
77 47
77 57
77 70
77 71
77 74
77 76
77 78
77 79
77 97
77 377
77 577
77 677
77 977
78 8
78 28
78 38
78 71
78 72
78 73
78 75
78 79
78 88
78 98
78 378
78 578
78 778
78 878
79 19
79 39
79 59
79 69
79 72
79 73
79 75
79 76
79 89
79 279
79 379
79 479
79 579
79 779
80 0
80 10
80 50
80 83
80 85
80 86
80 89
80 90
80 480
80 580
80 680
80 780
80 880
80 980
81 1
81 51
81 61
81 71
81 80
81 83
81 84
81 87
81 88
81 89
81 91
81 281
81 681
81 781
81 981
82 2
82 42
82 52
82 62
82 80
82 81
82 84
82 86
82 87
82 88
82 89
82 282
82 582
82 682
82 782
82 882
82 982
83 3
83 13
83 23
83 33
83 43
83 53
83 73
83 82
83 85
83 88
83 89
83 93
83 383
83 683
83 783
83 983
84 34
84 44
84 54
84 74
84 80
84 83
84 94
84 284
84 384
84 684
84 784
85 25
85 55
85 65
85 81
85 82
85 84
85 86
85 87
85 185
85 585
85 985
86 26
86 46
86 56
86 66
86 81
86 83
86 84
86 89
87 17
87 77
87 80
87 83
87 84
87 86
87 88
87 97
87 187
87 287
87 387
87 687
87 887
88 8
88 28
88 38
88 68
88 80
88 84
88 85
88 86
88 89
88 388
88 588
88 688
88 788
88 888
89 49
89 69
89 84
89 85
89 87
89 99
89 189
89 389
89 689
89 889
90 10
90 20
90 30
90 50
90 60
90 91
90 92
90 94
90 95
90 97
90 99
90 290
90 390
90 490
90 590
90 690
90 890
91 21
91 71
91 92
91 93
91 97
91 98
91 191
91 791
91 891
92 2
92 72
92 82
92 93
92 94
92 96
92 292
92 392
92 692
92 792
92 892
92 992
93 23
93 43
93 53
93 90
93 95
93 96
93 97
93 98
93 193
93 393
93 693
94 44
94 54
94 64
94 91
94 93
94 97
94 694
94 794
94 994
95 5
95 15
95 45
95 55
95 65
95 75
95 85
95 91
95 92
95 94
95 97
95 98
95 99
95 595
95 695
95 795
95 895
96 36
96 46
96 56
96 86
96 90
96 91
96 94
96 95
96 98
96 196
96 796
96 896
96 996
97 7
97 47
97 92
97 96
97 99
97 197
97 297
97 697
97 997
98 18
98 28
98 38
98 48
98 88
98 90
98 92
98 94
98 97
98 99
98 198
98 698
99 29
99 49
99 69
99 79
99 91
99 92
99 93
99 94
99 96
99 299
99 699
99 899
99 999
100 102
100 103
100 104
100 105
100 106
100 107
100 108
100 109
100 120
100 170
100 180
100 190
100 200
100 400
100 500
100 600
100 700
101 1
101 100
101 102
101 103
101 105
101 107
101 109
101 111
101 121
101 141
101 191
101 201
101 501
101 701
101 801
101 901
102 2
102 105
102 107
102 109
102 122
102 132
102 152
102 172
102 182
102 192
102 302
102 402
102 602
103 3
103 102
103 104
103 105
103 108
103 113
103 143
103 153
103 173
103 183
103 203
103 703
104 101
104 102
104 105
104 106
104 108
104 109
104 114
104 124
104 144
104 164
104 174
104 194
104 204
104 404
104 704
104 804
104 904
105 5
105 106
105 115
105 155
105 195
105 305
105 505
105 605
105 805
106 6
106 101
106 102
106 103
106 107
106 109
106 116
106 126
106 136
106 156
106 166
106 176
106 186
106 196
106 306
106 406
106 706
107 7
107 103
107 104
107 105
107 109
107 117
107 127
107 157
107 167
107 207
107 507
108 101
108 102
108 105
108 106
108 107
108 109
108 118
108 128
108 138
108 148
108 178
108 198
108 208
108 708
108 808
108 908
109 9
109 103
109 105
109 119
109 129
109 169
109 179
109 189
109 509
110 100
110 111
110 114
110 117
110 119
110 120
110 130
110 150
110 160
110 180
110 510
110 610
110 710
110 810
111 11
111 112
111 113
111 115
111 116
111 118
111 119
111 121
111 131
111 151
111 181
111 211
111 311
111 411
111 511
111 611
111 711
112 12
112 102
112 110
112 115
112 117
112 118
112 119
112 122
112 132
112 152
112 172
112 182
112 212
112 312
112 712
112 812
113 110
113 112
113 114
113 117
113 123
113 143
113 163
113 193
113 213
113 313
113 413
113 513
113 613
113 913
114 14
114 111
114 112
114 116
114 117
114 118
114 134
114 144
114 154
114 164
114 174
114 194
114 314
114 414
114 514
114 814
115 110
115 113
115 114
115 118
115 119
115 125
115 135
115 155
115 175
115 185
115 195
115 315
115 715
115 915
116 110
116 112
116 113
116 115
116 117
116 126
116 146
116 186
116 196
116 216
116 416
116 716
116 816
117 17
117 111
117 115
117 127
117 167
117 187
117 217
117 417
117 517
117 717
117 817
118 18
118 110
118 113
118 116
118 117
118 119
118 138
118 148
118 168
118 178
118 188
118 418
118 618
118 818
119 113
119 114
119 116
119 117
119 129
119 139
119 169
119 199
119 219
119 319
119 419
119 819
120 122
120 123
120 125
120 126
120 128
120 129
120 130
120 160
120 170
120 180
120 220
120 320
120 420
120 520
120 620
121 120
121 122
121 124
121 125
121 126
121 129
121 151
121 171
121 181
121 221
121 421
121 521
121 621
121 721
122 22
122 123
122 124
122 125
122 126
122 127
122 129
122 162
122 192
122 622
122 722
122 822
122 922
123 23
123 103
123 121
123 128
123 143
123 153
123 173
123 183
123 223
123 323
123 523
123 623
123 723
124 24
124 114
124 120
124 123
124 125
124 126
124 128
124 134
124 144
124 164
124 184
124 194
124 224
124 324
124 424
124 524
124 824
125 105
125 123
125 126
125 127
125 128
125 129
125 175
125 195
125 325
125 525
125 825
126 123
126 129
126 136
126 156
126 176
126 196
126 526
126 626
126 726
127 120
127 121
127 123
127 124
127 126
127 128
127 129
127 137
127 157
127 167
127 227
127 527
127 727
127 927
128 118
128 121
128 122
128 126
128 129
128 138
128 148
128 168
128 178
128 188
128 528
128 628
129 29
129 123
129 124
129 149
129 159
129 169
129 179
129 189
129 199
129 229
129 329
129 429
129 529
129 729
130 100
130 132
130 136
130 137
130 138
130 140
130 150
130 160
130 180
130 190
130 230
130 430
130 630
130 730
130 930
131 31
131 101
131 121
131 130
131 136
131 139
131 151
131 181
131 191
131 231
131 331
131 731
131 831
131 931
132 122
132 131
132 133
132 135
132 139
132 142
132 182
132 192
132 732
132 832
132 932
133 33
133 103
133 113
133 123
133 130
133 131
133 137
133 138
133 153
133 173
133 193
133 333
133 633
134 34
134 104
134 130
134 131
134 132
134 133
134 135
134 136
134 138
134 154
134 174
134 184
134 334
134 534
134 734
135 35
135 105
135 125
135 130
135 131
135 133
135 136
135 175
135 195
135 235
135 335
135 535
135 735
135 835
136 36
136 116
136 132
136 133
136 137
136 139
136 146
136 166
136 436
136 536
136 636
136 736
136 836
136 936
137 107
137 117
137 131
137 132
137 134
137 135
137 138
137 147
137 157
137 337
137 937
138 131
138 132
138 135
138 136
138 158
138 168
138 198
138 238
138 338
138 438
138 538
138 638
138 738
138 938
139 109
139 129
139 130
139 133
139 134
139 135
139 137
139 138
139 149
139 159
139 179
139 189
139 199
139 339
139 539
139 839
139 939
140 100
140 110
140 120
140 142
140 145
140 146
140 147
140 148
140 150
140 170
140 180
140 340
140 440
140 940
141 41
141 111
141 121
141 131
141 140
141 142
141 143
141 149
141 161
141 171
141 181
141 241
141 541
141 841
141 941
142 102
142 112
142 122
142 145
142 147
142 172
142 182
142 642
143 43
143 133
143 140
143 142
143 144
143 146
143 173
143 343
143 443
143 643
143 743
143 943
144 44
144 134
144 140
144 141
144 142
144 145
144 146
144 147
144 149
144 174
144 244
144 344
144 744
144 844
145 45
145 105
145 115
145 125
145 135
145 141
145 143
145 147
145 148
145 175
145 185
145 195
145 345
145 445
145 545
145 645
146 46
146 106
146 126
146 141
146 142
146 145
146 148
146 156
146 196
146 246
146 346
146 546
146 746
146 846
146 946
147 107
147 117
147 127
147 141
147 143
147 146
147 148
147 167
147 177
147 347
147 447
147 547
147 647
147 947
148 48
148 138
148 141
148 142
148 143
148 144
148 158
148 178
148 198
148 248
148 348
148 448
148 748
149 49
149 109
149 119
149 140
149 142
149 143
149 145
149 146
149 147
149 148
149 159
149 169
149 199
149 249
149 449
149 549
149 749
149 849
150 50
150 100
150 120
150 155
150 158
150 159
150 650
150 750
150 850
151 51
151 101
151 141
151 150
151 152
151 153
151 154
151 155
151 157
151 159
151 191
151 251
151 551
151 651
151 751
152 52
152 122
152 132
152 142
152 150
152 153
152 154
152 155
152 156
152 158
152 182
152 192
152 352
152 552
152 752
152 852
152 952
153 53
153 113
153 143
153 150
153 155
153 156
153 193
153 553
153 653
153 953
154 104
154 124
154 144
154 150
154 153
154 157
154 158
154 164
154 194
154 254
154 354
154 454
154 554
154 754
154 854
155 125
155 135
155 145
155 154
155 156
155 159
155 195
155 355
155 755
155 855
156 116
156 136
156 150
156 151
156 154
156 157
156 158
156 166
156 656
156 856
156 956
157 117
157 147
157 150
157 152
157 153
157 155
157 159
157 167
157 357
157 457
157 657
157 757
158 58
158 108
158 118
158 128
158 151
158 153
158 155
158 157
158 178
158 258
158 458
158 658
158 758
158 858
159 59
159 109
159 119
159 152
159 153
159 154
159 156
159 158
159 199
159 359
159 559
159 759
159 959
160 60
160 100
160 140
160 150
160 162
160 163
160 166
160 167
160 169
160 170
160 190
160 260
160 460
160 660
160 960
161 61
161 101
161 111
161 121
161 131
161 151
161 160
161 165
161 169
161 361
161 461
161 561
161 761
161 861
161 961
162 102
162 112
162 132
162 142
162 152
162 161
162 163
162 164
162 165
162 168
162 169
162 182
162 262
162 462
162 562
162 662
162 862
162 962
163 63
163 103
163 123
163 133
163 143
163 153
163 161
163 165
163 166
163 168
163 169
163 183
163 663
163 763
163 863
163 963
164 134
164 144
164 160
164 161
164 163
164 165
164 166
164 167
164 168
164 169
164 174
164 364
164 464
164 564
164 664
164 764
164 864
165 105
165 115
165 125
165 135
165 145
165 155
165 160
165 166
165 167
165 168
165 169
165 195
165 265
165 465
165 665
165 765
165 865
165 965
166 116
166 126
166 146
166 161
166 162
166 366
166 466
166 766
166 866
167 67
167 137
167 161
167 162
167 163
167 166
167 177
167 197
167 267
167 367
168 108
168 148
168 158
168 160
168 161
168 166
168 167
168 188
168 198
168 268
168 468
168 868
169 139
169 159
169 166
169 167
169 168
169 189
169 199
169 369
169 569
169 669
169 869
169 969
170 70
170 110
170 130
170 150
170 172
170 174
170 176
170 177
170 178
170 179
170 180
170 370
170 670
170 770
170 870
171 71
171 101
171 111
171 131
171 151
171 161
171 170
171 173
171 174
171 175
171 176
171 177
171 178
171 181
171 191
171 271
171 371
171 771
172 72
172 122
172 132
172 152
172 162
172 171
172 175
172 179
172 182
172 272
172 372
172 472
172 872
173 73
173 113
173 153
173 163
173 170
173 172
173 176
173 178
173 183
173 193
173 273
173 373
173 473
173 673
173 773
173 873
173 973
174 124
174 154
174 172
174 173
174 177
174 178
174 179
174 194
174 574
174 674
174 974
175 105
175 155
175 165
175 170
175 173
175 174
175 178
175 475
175 575
175 675
175 975
176 116
176 136
176 146
176 156
176 166
176 172
176 174
176 175
176 177
176 179
176 196
176 376
176 576
176 676
177 77
177 107
177 117
177 127
177 137
177 157
177 172
177 173
177 175
177 178
177 179
177 187
177 197
177 677
178 78
178 138
178 168
178 172
178 176
178 179
178 188
178 198
178 278
178 378
178 578
178 678
179 79
179 119
179 149
179 159
179 169
179 171
179 173
179 175
179 579
179 779
179 879
180 80
180 150
180 160
180 181
180 183
180 186
180 187
180 280
180 380
180 480
180 880
180 980
181 81
181 101
181 151
181 161
181 182
181 183
181 184
181 185
181 186
181 187
181 189
181 281
181 381
181 481
181 681
181 781
181 881
181 981
182 82
182 122
182 180
182 187
182 188
182 192
182 282
182 482
182 582
182 682
182 782
182 882
182 982
183 83
183 113
183 133
183 143
183 153
183 182
183 184
183 283
183 483
183 583
183 683
183 983
184 84
184 104
184 114
184 144
184 154
184 164
184 174
184 180
184 182
184 185
184 194
184 584
184 784
185 105
185 125
185 135
185 155
185 165
185 175
185 180
185 182
185 183
185 186
185 187
185 189
185 195
185 285
185 385
185 485
185 885
186 86
186 126
186 136
186 146
186 156
186 166
186 176
186 182
186 183
186 184
186 187
186 196
186 286
186 586
187 107
187 127
187 137
187 147
187 157
187 167
187 183
187 184
187 188
187 189
187 197
187 287
187 487
187 687
187 987
188 88
188 108
188 138
188 148
188 158
188 180
188 181
188 183
188 184
188 185
188 186
188 189
188 388
188 788
189 119
189 149
189 159
189 179
189 180
189 182
189 183
189 184
189 186
189 389
189 589
190 90
190 110
190 120
190 140
190 150
190 170
190 180
190 192
190 193
190 194
190 195
190 197
190 198
190 199
190 290
190 390
190 490
190 990
191 111
191 121
191 141
191 161
191 181
191 190
191 193
191 197
191 198
191 199
191 391
191 491
191 591
191 891
192 92
192 112
192 142
192 162
192 172
192 191
192 197
192 198
192 292
192 492
192 592
192 792
192 892
192 992
193 103
193 123
193 143
193 163
193 183
193 192
193 195
193 196
193 197
193 199
193 293
193 693
193 793
193 893
194 94
194 134
194 144
194 164
194 191
194 192
194 193
194 195
194 196
194 197
194 294
194 394
194 494
194 694
194 894
194 994
195 95
195 175
195 191
195 192
195 196
195 199
195 395
195 495
195 595
195 895
196 136
196 156
196 166
196 190
196 191
196 192
196 198
196 199
196 296
196 396
196 696
197 107
197 117
197 127
197 137
197 147
197 157
197 195
197 196
197 199
197 397
197 497
197 597
197 897
198 118
198 128
198 158
198 188
198 193
198 194
198 195
198 197
198 199
198 498
199 99
199 109
199 179
199 189
199 192
199 194
199 499
199 599
199 699
199 799
200 0
200 203
200 204
200 206
200 207
200 208
200 209
200 210
200 220
200 240
200 250
200 260
200 290
200 300
200 400
200 500
200 600
200 900
201 1
201 200
201 202
201 205
201 209
201 231
201 261
201 271
201 301
201 401
201 601
201 701
201 901
202 102
202 200
202 203
202 204
202 205
202 208
202 209
202 222
202 242
202 262
202 272
202 282
202 302
202 902
203 201
203 204
203 205
203 207
203 208
203 213
203 243
203 253
203 273
203 403
203 503
203 603
203 703
204 4
204 201
204 224
204 244
204 274
204 284
204 294
204 304
204 404
204 504
204 904
205 5
205 105
205 200
205 204
205 207
205 215
205 225
205 235
205 245
205 255
205 265
205 305
205 405
205 605
205 705
205 805
206 6
206 106
206 201
206 202
206 203
206 204
206 205
206 207
206 209
206 236
206 266
206 276
206 296
206 506
206 806
207 7
207 201
207 202
207 204
207 217
207 257
207 267
207 277
207 297
207 307
207 607
207 807
207 907
208 201
208 204
208 205
208 206
208 207
208 209
208 218
208 228
208 268
208 288
208 298
208 608
208 708
208 908
209 9
209 109
209 203
209 204
209 205
209 207
209 219
209 239
209 249
209 269
209 289
209 409
209 609
209 709
209 909
210 110
210 211
210 214
210 216
210 218
210 220
210 230
210 260
210 280
210 290
210 310
210 410
210 910
211 11
211 201
211 213
211 214
211 216
211 221
211 261
211 271
211 291
211 311
211 511
211 611
211 811
211 911
212 12
212 202
212 210
212 211
212 213
212 214
212 215
212 216
212 218
212 219
212 232
212 242
212 262
212 292
212 612
212 912
213 210
213 233
213 243
213 253
213 283
213 293
213 313
213 513
213 713
213 813
213 913
214 114
214 204
214 213
214 216
214 217
214 224
214 234
214 244
214 264
214 284
214 294
214 414
214 714
214 914
215 15
215 115
215 210
215 211
215 213
215 214
215 216
215 217
215 218
215 225
215 245
215 255
215 265
215 285
215 295
215 715
215 815
215 915
216 16
216 206
216 213
216 226
216 256
216 266
216 416
216 516
216 916
217 17
217 210
217 211
217 212
217 213
217 216
217 218
217 227
217 237
217 247
217 257
217 267
217 297
217 317
217 617
217 717
218 118
218 211
218 213
218 214
218 216
218 228
218 238
218 278
218 318
218 518
218 918
219 210
219 211
219 213
219 214
219 215
219 216
219 217
219 218
219 249
219 269
219 289
219 419
220 222
220 224
220 227
220 260
220 270
220 420
220 520
220 620
220 920
221 21
221 201
221 220
221 222
221 223
221 224
221 225
221 226
221 227
221 229
221 241
221 291
221 421
221 721
222 22
222 122
222 212
222 224
222 225
222 227
222 229
222 232
222 252
222 262
222 282
222 292
222 422
222 522
222 722
223 23
223 203
223 213
223 220
223 222
223 233
223 243
223 253
223 273
223 283
223 523
223 923
224 24
224 223
224 225
224 227
224 228
224 229
224 244
224 254
224 264
224 284
224 294
224 424
224 724
225 125
225 220
225 223
225 226
225 227
225 229
225 235
225 255
225 265
225 295
225 425
225 525
225 625
226 126
226 206
226 220
226 222
226 223
226 224
226 227
226 228
226 246
226 266
226 276
226 426
226 526
226 626
226 826
226 926
227 207
227 223
227 228
227 229
227 267
227 277
227 287
227 297
227 327
227 427
227 727
228 28
228 128
228 220
228 221
228 222
228 223
228 225
228 229
228 278
228 428
228 528
228 628
228 728
228 828
228 928
229 29
229 209
229 219
229 220
229 223
229 226
229 249
229 259
229 269
229 279
229 299
229 329
229 529
229 729
229 829
229 929
230 200
230 220
230 232
230 236
230 238
230 260
230 280
230 330
230 630
230 830
230 930
231 31
231 211
231 221
231 230
231 235
231 237
231 241
231 251
231 271
231 291
231 331
231 431
231 731
231 831
232 132
232 202
232 231
232 233
232 234
232 237
232 239
232 252
232 432
232 832
233 33
233 133
233 203
233 230
233 231
233 235
233 236
233 239
233 283
233 533
233 633
233 833
234 134
234 204
234 224
234 230
234 231
234 233
234 235
234 237
234 238
234 239
234 244
234 254
234 274
234 294
234 334
234 534
234 634
234 834
235 215
235 230
235 232
235 237
235 238
235 245
235 265
235 275
235 285
235 435
235 535
235 735
236 136
236 216
236 226
236 231
236 232
236 234
236 235
236 238
236 246
236 256
236 336
236 536
237 37
237 137
237 207
237 227
237 230
237 233
237 236
237 239
237 247
237 257
237 267
237 277
237 297
237 337
237 537
238 208
238 228
238 231
238 232
238 233
238 237
238 239
238 248
238 258
238 288
238 298
238 338
238 438
238 738
238 838
239 39
239 139
239 219
239 229
239 230
239 231
239 235
239 236
239 259
239 439
239 539
239 839
239 939
240 140
240 210
240 220
240 230
240 241
240 242
240 245
240 248
240 249
240 280
240 290
240 540
240 940
241 201
241 211
241 248
241 249
241 261
241 281
241 341
241 441
241 541
241 641
242 142
242 222
242 232
242 241
242 247
242 249
242 272
242 282
242 292
242 342
242 542
242 742
242 842
243 143
243 233
243 240
243 241
243 242
243 263
243 273
243 343
243 443
243 743
244 44
244 240
244 241
244 242
244 243
244 245
244 246
244 247
244 248
244 249
244 264
244 274
244 284
244 294
244 344
244 444
244 844
245 45
245 145
245 225
245 241
245 242
245 243
245 247
245 248
245 249
245 265
245 275
245 295
245 345
245 445
245 545
245 945
246 46
246 206
246 216
246 240
246 241
246 242
246 243
246 245
246 256
246 266
246 296
246 446
246 646
246 946
247 147
247 207
247 227
247 240
247 241
247 243
247 246
247 248
247 249
247 267
247 277
247 647
247 747
248 208
248 218
248 228
248 242
248 243
248 246
248 249
248 298
248 348
248 448
248 548
248 648
249 239
249 243
249 246
249 259
249 269
249 279
249 299
249 349
249 549
249 749
249 949
250 50
250 150
250 210
250 220
250 230
250 240
250 252
250 254
250 257
250 259
250 270
250 280
250 450
250 550
250 650
250 750
250 850
250 950
251 51
251 201
251 211
251 221
251 241
251 250
251 254
251 256
251 257
251 259
251 261
251 271
251 281
251 291
251 351
251 651
251 851
251 951
252 52
252 152
252 202
252 212
252 242
252 251
252 253
252 254
252 258
252 259
252 292
252 352
252 452
252 852
252 952
253 153
253 233
253 243
253 250
253 251
253 255
253 257
253 263
253 273
253 353
253 553
253 853
254 204
254 214
254 244
254 253
254 255
254 256
254 257
254 258
254 259
254 284
254 294
254 554
254 654
254 754
254 854
255 155
255 235
255 245
255 250
255 251
255 252
255 256
255 257
255 258
255 259
255 265
255 285
255 295
255 355
255 455
255 555
255 655
255 755
255 955
256 156
256 206
256 226
256 250
256 252
256 253
256 258
256 286
256 356
256 456
257 157
257 227
257 247
257 252
257 256
257 258
257 287
257 457
257 557
257 757
257 857
257 957
258 208
258 218
258 228
258 248
258 250
258 251
258 253
258 278
258 288
258 358
258 558
258 658
258 758
258 858
259 59
259 159
259 209
259 219
259 253
259 256
259 257
259 258
259 279
259 289
259 459
260 240
260 250
260 261
260 265
260 266
260 268
260 270
260 290
260 360
260 660
260 960
261 161
261 221
261 231
261 266
261 281
261 291
261 361
261 761
261 861
262 62
262 232
262 242
262 252
262 260
262 261
262 263
262 264
262 265
262 267
262 272
262 562
262 662
262 762
263 163
263 203
263 213
263 223
263 233
263 260
263 261
263 265
263 273
263 283
263 363
263 463
263 863
263 963
264 64
264 164
264 204
264 234
264 254
264 260
264 261
264 263
264 266
264 268
264 274
264 284
264 364
264 564
264 964
265 65
265 261
265 264
265 267
265 268
265 275
265 285
265 295
265 565
265 665
266 166
266 236
266 256
266 262
266 263
266 265
266 267
266 268
266 269
266 276
266 566
266 666
267 67
267 257
267 260
267 261
267 263
267 264
267 268
267 277
267 287
267 567
267 867
267 967
268 68
268 218
268 228
268 238
268 248
268 258
268 261
268 262
268 263
268 288
268 368
268 568
268 868
268 968
269 69
269 169
269 239
269 259
269 260
269 261
269 262
269 263
269 264
269 265
269 267
269 268
269 279
269 469
270 70
270 170
270 200
270 210
270 230
270 240
270 271
270 274
270 275
270 278
270 280
270 470
270 970
271 71
271 221
271 241
271 261
271 272
271 274
271 276
271 277
271 371
271 471
271 571
271 971
272 212
272 222
272 232
272 252
272 270
272 273
272 274
272 277
272 279
272 372
272 572
272 872
272 972
273 73
273 213
273 233
273 270
273 271
273 275
273 279
273 283
273 293
273 573
273 673
273 773
273 873
274 174
274 214
274 224
274 254
274 273
274 276
274 279
274 374
274 874
275 75
275 175
275 205
275 215
275 225
275 255
275 271
275 272
275 274
275 375
275 575
275 675
275 875
276 176
276 216
276 236
276 246
276 256
276 270
276 272
276 273
276 275
276 278
276 286
276 476
276 576
276 776
277 77
277 177
277 217
277 257
277 270
277 273
277 274
277 275
277 276
277 278
277 297
277 577
277 677
277 777
277 977
278 78
278 208
278 238
278 248
278 268
278 271
278 272
278 273
278 274
278 275
278 279
278 378
278 478
278 578
278 878
279 179
279 209
279 219
279 239
279 270
279 271
279 275
279 276
279 277
279 479
279 579
280 80
280 200
280 220
280 260
280 283
280 284
280 288
280 289
280 290
280 580
280 680
280 880
281 201
281 211
281 221
281 231
281 271
281 280
281 283
281 285
281 287
281 288
281 289
281 291
281 681
281 781
281 881
282 212
282 232
282 252
282 262
282 272
282 280
282 281
282 283
282 284
282 292
282 382
282 482
282 582
283 83
283 203
283 243
283 253
283 285
283 286
283 287
283 289
283 383
283 583
283 883
283 983
284 184
284 234
284 274
284 281
284 283
284 285
284 289
284 384
284 584
284 684
284 784
285 85
285 205
285 225
285 245
285 275
285 280
285 282
285 286
285 287
285 295
285 385
285 885
286 86
286 206
286 216
286 226
286 236
286 246
286 266
286 280
286 281
286 282
286 284
286 287
286 288
286 296
286 786
286 886
286 986
287 207
287 217
287 237
287 247
287 277
287 280
287 282
287 284
287 288
287 289
287 297
287 387
287 587
287 887
287 987
288 88
288 188
288 218
288 228
288 248
288 278
288 282
288 283
288 284
288 285
288 488
288 588
288 688
288 788
288 888
289 89
289 189
289 229
289 239
289 249
289 269
289 279
289 282
289 285
289 286
289 288
289 389
289 689
289 789
289 989
290 220
290 230
290 250
290 270
290 292
290 294
290 298
290 299
290 390
290 590
290 990
291 91
291 191
291 201
291 241
291 271
291 290
291 292
291 294
291 295
291 298
291 299
291 691
291 991
292 202
292 232
292 262
292 272
292 294
292 392
292 692
292 792
293 93
293 203
293 223
293 233
293 243
293 253
293 263
293 283
293 290
293 291
293 292
293 294
293 296
293 298
293 393
293 493
293 593
293 793
294 94
294 264
294 274
294 284
294 295
294 296
294 297
294 298
294 299
294 794
294 994
295 95
295 195
295 205
295 235
295 275
295 290
295 292
295 293
295 297
295 298
295 495
295 795
295 995
296 96
296 216
296 226
296 236
296 256
296 266
296 276
296 290
296 291
296 292
296 295
296 396
296 496
296 696
296 996
297 197
297 247
297 257
297 267
297 290
297 291
297 292
297 293
297 296
297 298
297 397
297 497
297 597
297 697
297 797
297 897
298 98
298 198
298 218
298 228
298 258
298 268
298 278
298 288
298 292
298 296
298 398
298 498
298 898
298 998
299 199
299 209
299 219
299 239
299 259
299 269
299 279
299 289
299 292
299 293
299 295
299 296
299 297
299 298
299 699
300 100
300 301
300 303
300 307
300 310
300 320
300 340
300 350
300 400
300 500
300 600
300 700
301 101
301 303
301 306
301 307
301 309
301 341
301 361
301 501
301 801
302 2
302 300
302 301
302 303
302 304
302 305
302 306
302 308
302 309
302 312
302 322
302 332
302 352
302 362
302 392
302 502
302 602
302 902
303 3
303 103
303 203
303 304
303 306
303 309
303 333
303 363
303 383
303 403
303 503
303 603
303 803
303 903
304 104
304 300
304 301
304 305
304 307
304 308
304 314
304 344
304 364
304 384
304 704
304 804
304 904
305 300
305 301
305 303
305 306
305 308
305 309
305 315
305 325
305 335
305 345
305 365
305 375
305 395
305 405
305 605
305 705
305 905
306 6
306 206
306 300
306 304
306 307
306 336
306 356
306 376
306 386
306 396
306 406
306 506
306 606
306 706
306 806
307 107
307 302
307 303
307 305
307 309
307 317
307 347
307 357
307 367
307 377
307 397
307 607
307 707
308 8
308 108
308 208
308 300
308 301
308 303
308 306
308 307
308 309
308 318
308 338
308 348
308 368
308 388
308 408
308 508
309 9
309 109
309 209
309 300
309 304
309 306
309 329
309 339
309 349
309 379
309 409
309 509
309 609
309 709
309 909
310 10
310 110
310 311
310 313
310 315
310 317
310 350
310 370
310 510
310 710
311 11
311 301
311 315
311 317
311 319
311 321
311 381
311 391
311 611
311 811
311 911
312 12
312 212
312 310
312 311
312 314
312 318
312 319
312 322
312 332
312 342
312 612
312 712
313 303
313 311
313 312
313 315
313 317
313 318
313 319
313 323
313 343
313 353
313 383
313 393
313 513
313 613
314 14
314 214
314 310
314 311
314 313
314 316
314 317
314 354
314 364
314 374
314 414
314 614
314 714
314 914
315 15
315 215
315 312
315 314
315 317
315 318
315 319
315 325
315 355
315 365
315 415
315 515
315 615
316 16
316 116
316 216
316 306
316 310
316 311
316 312
316 313
316 315
316 319
316 326
316 336
316 356
316 366
316 396
317 17
317 117
317 312
317 316
317 318
317 319
317 327
317 337
317 377
317 387
317 397
317 417
317 617
317 717
317 817
317 917
318 18
318 118
318 310
318 311
318 314
318 316
318 319
318 328
318 338
318 358
318 368
318 378
318 388
318 398
318 818
318 918
319 219
319 309
319 310
319 314
319 339
319 349
319 369
319 519
319 619
319 719
320 20
320 220
320 310
320 321
320 325
320 326
320 327
320 328
320 340
320 360
320 390
320 520
321 121
321 221
321 301
321 322
321 323
321 326
321 327
321 328
321 331
321 341
321 361
321 371
321 381
321 521
321 621
321 921
322 122
322 222
322 320
322 323
322 324
322 325
322 327
322 332
322 342
322 352
322 382
322 922
323 223
323 303
323 320
323 325
323 327
323 328
323 329
323 333
323 353
323 423
323 823
324 224
324 304
324 314
324 320
324 321
324 323
324 325
324 326
324 327
324 328
324 329
324 334
324 354
324 374
324 394
324 424
324 524
324 624
324 724
324 924
325 25
325 225
325 321
325 326
325 328
325 329
325 335
325 345
325 355
325 375
325 395
325 525
325 625
325 725
326 26
326 126
326 226
326 306
326 322
326 323
326 327
326 329
326 346
326 356
326 386
326 626
326 826
326 926
327 127
327 307
327 325
327 328
327 329
327 347
327 397
327 627
327 727
328 128
328 228
328 308
328 322
328 326
328 329
328 338
328 358
328 368
328 388
328 398
328 628
328 728
328 828
329 319
329 320
329 321
329 322
329 349
329 369
329 379
329 529
329 629
329 729
330 30
330 130
330 300
330 310
330 320
330 331
330 334
330 336
330 337
330 338
330 350
330 360
330 370
330 380
330 390
330 430
330 930
331 31
331 301
331 311
331 334
331 338
331 341
331 351
331 381
331 431
331 531
332 32
332 132
332 232
332 330
332 331
332 333
332 335
332 336
332 337
332 338
332 339
332 352
332 382
332 392
332 432
333 33
333 233
333 313
333 330
333 331
333 335
333 343
333 363
333 373
333 433
333 633
333 833
333 933
334 304
334 314
334 332
334 333
334 335
334 336
334 364
334 374
334 394
334 834
335 235
335 315
335 330
335 331
335 336
335 345
335 355
335 385
335 395
335 435
335 635
336 136
336 326
336 331
336 333
336 337
336 356
336 366
336 376
336 386
336 436
336 836
337 307
337 327
337 331
337 333
337 334
337 335
337 338
337 347
337 377
337 387
337 397
337 437
337 637
337 937
338 38
338 333
338 334
338 335
338 336
338 339
338 378
338 388
338 538
338 738
339 39
339 239
339 329
339 330
339 331
339 333
339 334
339 335
339 336
339 337
339 389
339 439
339 839
340 240
340 310
340 330
340 343
340 345
340 349
340 370
340 390
340 440
340 740
341 41
341 141
341 311
341 340
341 343
341 345
341 347
341 348
341 361
341 371
341 381
342 42
342 142
342 302
342 332
342 340
342 341
342 349
342 442
342 642
342 742
342 942
343 43
343 303
343 323
343 342
343 345
343 348
343 363
343 373
343 383
343 393
343 443
343 943
344 44
344 314
344 324
344 334
344 340
344 341
344 342
344 343
344 346
344 347
344 349
344 354
344 544
344 644
344 744
345 45
345 315
345 342
345 344
345 347
345 395
345 445
345 545
345 745
345 845
345 945
346 46
346 246
346 306
346 316
346 336
346 340
346 341
346 342
346 343
346 345
346 348
346 349
346 366
346 376
346 396
346 646
347 247
347 317
347 340
347 342
347 343
347 346
347 349
347 367
347 377
347 647
347 747
348 48
348 318
348 328
348 338
348 340
348 342
348 344
348 345
348 347
348 349
348 368
348 398
348 648
348 948
349 149
349 339
349 341
349 343
349 345
349 369
349 449
349 649
349 749
349 849
349 949
350 50
350 150
350 250
350 320
350 340
350 352
350 353
350 355
350 359
350 360
350 390
350 650
350 850
350 950
351 151
351 301
351 311
351 321
351 341
351 350
351 353
351 354
351 355
351 356
351 381
351 391
351 551
351 651
351 951
352 312
352 342
352 351
352 356
352 359
352 362
352 382
352 392
353 153
353 303
353 333
353 343
353 352
353 355
353 358
353 373
353 383
353 393
353 453
353 753
353 953
354 254
354 304
354 334
354 350
354 352
354 353
354 355
354 358
354 359
354 394
354 454
354 554
354 854
354 954
355 55
355 305
355 345
355 352
355 365
355 375
355 395
355 655
355 755
356 56
356 156
356 346
356 350
356 353
356 354
356 355
356 386
356 396
356 656
356 756
356 856
356 956
357 257
357 317
357 327
357 337
357 347
357 350
357 351
357 352
357 353
357 354
357 355
357 356
357 367
357 377
357 387
357 557
357 657
357 857
357 957
358 58
358 158
358 308
358 338
358 348
358 350
358 351
358 352
358 355
358 356
358 357
358 359
358 378
358 458
358 558
358 658
358 758
358 858
358 958
359 59
359 259
359 309
359 319
359 329
359 339
359 349
359 351
359 353
359 355
359 356
359 357
359 369
359 389
359 399
359 559
359 759
360 60
360 160
360 300
360 310
360 340
360 361
360 363
360 365
360 366
360 369
360 390
360 560
360 660
360 960
361 61
361 311
361 331
361 351
361 362
361 363
361 364
361 365
361 366
361 368
361 369
361 381
361 461
361 561
361 861
361 961
362 62
362 162
362 262
362 312
362 322
362 332
362 342
362 360
362 363
362 364
362 365
362 366
362 368
362 392
362 462
362 562
362 662
363 163
363 313
363 323
363 353
363 367
363 369
363 373
363 383
363 393
363 463
363 563
363 663
363 763
363 863
364 324
364 344
364 354
364 360
364 363
364 367
364 369
364 374
364 564
364 964
365 65
365 165
365 265
365 325
365 335
365 345
365 363
365 364
365 366
365 367
365 368
365 369
365 375
365 565
365 765
365 965
366 66
366 266
366 306
366 326
366 356
366 363
366 364
366 376
366 386
366 566
366 766
366 866
366 966
367 267
367 317
367 327
367 337
367 360
367 361
367 362
367 366
367 369
367 397
367 467
367 567
368 168
368 338
368 358
368 360
368 363
368 364
368 366
368 367
368 388
368 398
369 69
369 269
369 309
369 339
369 362
369 366
369 368
369 379
369 389
369 399
369 469
370 70
370 270
370 300
370 320
370 350
370 360
370 372
370 377
370 378
370 379
370 770
371 71
371 301
371 311
371 331
371 351
371 361
371 370
371 373
371 374
371 375
371 376
371 378
371 379
371 381
371 391
371 571
371 671
371 771
372 302
372 312
372 322
372 332
372 342
372 352
372 362
372 371
372 374
372 377
372 572
373 273
373 303
373 313
373 323
373 370
373 372
373 374
373 376
373 377
373 383
373 393
373 473
373 673
373 773
373 873
374 174
374 304
374 344
374 354
374 370
374 376
374 377
374 379
374 674
374 774
374 974
375 175
375 315
375 335
375 345
375 370
375 372
375 373
375 374
375 376
375 377
375 385
375 475
375 675
375 875
376 276
376 316
376 326
376 356
376 370
376 372
376 377
376 378
376 386
376 396
376 476
376 676
376 776
377 177
377 277
377 327
377 367
377 371
377 378
377 379
377 387
377 777
378 308
378 328
378 348
378 368
378 372
378 373
378 374
378 375
378 388
378 478
378 578
378 678
378 778
378 878
378 978
379 179
379 279
379 319
379 339
379 349
379 359
379 372
379 373
379 375
379 376
379 378
379 399
379 479
379 779
380 80
380 280
380 300
380 310
380 320
380 340
380 350
380 360
380 370
380 381
380 385
380 389
380 390
380 980
381 81
381 281
381 301
381 382
381 385
381 387
381 391
381 881
381 981
382 82
382 182
382 302
382 312
382 342
382 362
382 372
382 380
382 384
382 386
382 388
382 389
382 392
382 482
382 682
382 782
382 982
383 183
383 323
383 333
383 380
383 381
383 382
383 384
383 385
383 387
383 388
383 389
383 483
383 583
383 683
383 783
384 184
384 314
384 324
384 334
384 344
384 354
384 364
384 374
384 380
384 381
384 386
384 387
384 388
384 484
384 584
384 984
385 85
385 305
385 315
385 325
385 345
385 355
385 365
385 382
385 384
385 388
385 389
385 395
385 685
385 785
386 86
386 186
386 286
386 316
386 346
386 380
386 381
386 383
386 385
386 686
386 786
386 886
386 986
387 187
387 307
387 327
387 347
387 367
387 380
387 382
387 385
387 386
387 397
387 487
387 587
387 787
388 288
388 348
388 358
388 380
388 381
388 386
388 387
388 588
388 888
389 309
389 319
389 329
389 349
389 379
389 381
389 384
389 386
389 387
389 388
389 399
389 589
389 989
390 300
390 310
390 370
390 391
390 395
390 397
390 398
390 399
390 590
390 790
390 890
390 990
391 91
391 291
391 301
391 321
391 331
391 341
391 361
391 392
391 394
391 395
391 397
391 398
391 399
391 691
391 791
391 991
392 192
392 312
392 322
392 342
392 372
392 390
392 394
392 396
392 398
392 492
392 992
393 193
393 303
393 323
393 333
393 383
393 390
393 391
393 392
393 394
393 397
393 493
393 693
393 893
394 94
394 294
394 304
394 314
394 344
394 364
394 374
394 384
394 390
394 395
394 397
394 398
394 399
394 694
394 794
395 95
395 295
395 315
395 365
395 375
395 392
395 393
395 396
395 397
395 399
395 695
395 895
396 96
396 326
396 336
396 366
396 386
396 390
396 391
396 393
396 394
396 397
396 398
396 399
396 496
396 596
396 696
396 796
396 896
397 97
397 347
397 357
397 377
397 392
397 497
397 597
398 98
398 198
398 308
398 338
398 358
398 378
398 388
398 393
398 395
398 397
398 399
398 598
398 698
398 898
398 998
399 99
399 199
399 299
399 309
399 319
399 329
399 339
399 349
399 392
399 393
399 397
399 599
399 799
400 0
400 401
400 402
400 404
400 407
400 409
400 420
400 430
400 440
400 460
400 470
400 600
400 700
400 800
401 101
401 301
401 403
401 404
401 406
401 408
401 481
401 501
401 801
401 901
402 202
402 302
402 401
402 403
402 404
402 432
402 442
402 462
402 482
402 492
402 602
402 702
402 802
403 103
403 400
403 404
403 405
403 407
403 408
403 413
403 443
403 453
403 473
403 483
403 493
403 703
403 803
403 903
404 304
404 409
404 414
404 424
404 444
404 454
404 464
404 494
404 504
404 704
404 904
405 105
405 400
405 401
405 402
405 404
405 408
405 409
405 415
405 425
405 445
405 465
405 485
405 495
405 505
405 705
406 6
406 206
406 400
406 402
406 403
406 404
406 405
406 408
406 409
406 416
406 436
406 446
406 456
406 466
406 606
406 706
406 806
406 906
407 7
407 107
407 207
407 307
407 401
407 402
407 404
407 405
407 406
407 409
407 707
408 108
408 208
408 400
408 402
408 404
408 407
408 409
408 418
408 438
408 448
408 468
408 478
408 488
408 808
409 9
409 109
409 401
409 402
409 403
409 429
409 509
409 709
409 809
410 110
410 310
410 400
410 412
410 413
410 414
410 440
410 460
410 480
410 490
410 610
410 710
411 211
411 311
411 401
411 410
411 413
411 415
411 417
411 481
411 511
411 711
411 911
412 112
412 212
412 312
412 402
412 411
412 418
412 422
412 432
412 452
412 472
412 492
412 512
412 712
412 812
413 13
413 213
413 313
413 412
413 414
413 415
413 417
413 418
413 419
413 463
413 493
413 513
413 813
413 913
414 14
414 411
414 412
414 415
414 417
414 464
414 474
414 484
414 514
414 614
414 914
415 115
415 215
415 410
415 412
415 416
415 435
415 455
415 475
415 495
415 615
415 715
415 815
416 16
416 316
416 410
416 411
416 412
416 413
416 414
416 417
416 418
416 419
416 426
416 476
416 486
416 496
416 516
416 616
416 716
416 916
417 17
417 217
417 407
417 410
417 412
417 415
417 418
417 427
417 457
417 477
417 517
417 617
418 18
418 218
418 318
418 410
418 411
418 414
418 415
418 419
418 428
418 438
418 468
418 478
418 518
418 618
418 718
418 918
419 19
419 319
419 409
419 410
419 411
419 412
419 414
419 415
419 417
419 429
419 439
419 489
419 619
419 819
420 20
420 320
420 410
420 421
420 424
420 426
420 440
420 470
420 620
420 720
420 820
421 21
421 321
421 401
421 411
421 424
421 427
421 429
421 491
421 521
421 621
421 721
421 821
421 921
422 22
422 122
422 322
422 402
422 420
422 421
422 423
422 425
422 427
422 428
422 432
422 442
422 452
422 472
422 482
422 522
422 622
423 23
423 123
423 223
423 403
423 413
423 420
423 421
423 424
423 425
423 426
423 428
423 429
423 433
423 443
423 483
423 493
423 623
423 723
424 414
424 422
424 425
424 427
424 428
424 444
424 464
424 474
424 524
424 624
425 125
425 325
425 415
425 420
425 421
425 426
425 428
425 429
425 435
425 445
425 465
425 495
425 525
426 26
426 126
426 326
426 406
426 421
426 422
426 424
426 428
426 446
426 456
426 466
426 476
426 496
426 526
427 127
427 327
427 407
427 420
427 423
427 425
427 426
427 429
427 457
427 527
428 128
428 328
428 408
428 420
428 421
428 427
428 429
428 448
428 458
428 468
428 478
428 488
428 928
429 229
429 329
429 420
429 422
429 424
429 426
429 439
429 459
429 469
429 489
429 529
429 829
429 929
430 30
430 230
430 410
430 420
430 432
430 433
430 434
430 437
430 438
430 439
430 470
430 490
430 630
430 730
430 830
431 31
431 131
431 401
431 411
431 421
431 430
431 432
431 433
431 437
431 438
431 439
431 441
431 451
431 461
431 471
431 491
431 531
431 731
431 831
431 931
432 132
432 433
432 439
432 472
432 482
432 492
432 532
432 632
432 732
432 832
432 932
433 133
433 233
433 403
433 413
433 439
433 443
433 463
433 473
433 533
433 833
433 933
434 34
434 134
434 234
434 334
434 404
434 414
434 424
434 431
434 432
434 433
434 454
434 464
434 474
434 484
434 494
434 834
434 934
435 135
435 405
435 430
435 431
435 432
435 433
435 434
435 436
435 439
435 455
435 475
435 635
435 735
435 835
436 36
436 236
436 416
436 426
436 430
436 431
436 432
436 433
436 434
436 439
436 446
436 456
436 466
436 476
436 486
436 496
436 536
436 636
436 836
437 137
437 237
437 407
437 417
437 427
437 432
437 433
437 434
437 435
437 436
437 438
437 467
437 537
437 637
437 937
438 338
438 428
438 432
438 433
438 434
438 435
438 436
438 458
438 498
438 638
438 838
438 938
439 39
439 139
439 409
439 434
439 437
439 438
439 459
439 479
439 499
439 739
439 839
439 939
440 240
440 430
440 447
440 450
440 460
440 470
440 480
440 490
440 540
440 740
440 840
441 141
441 341
441 401
441 411
441 421
441 440
441 442
441 443
441 444
441 446
441 448
441 451
441 471
441 481
441 491
441 541
441 841
442 142
442 242
442 412
442 432
442 440
442 443
442 447
442 462
442 472
442 482
442 492
442 542
442 742
442 842
442 942
443 43
443 413
443 440
443 446
443 447
443 493
443 543
443 943
444 144
444 344
444 414
444 434
444 440
444 442
444 443
444 445
444 446
444 464
444 474
444 484
444 494
444 544
444 644
444 744
444 844
444 944
445 45
445 415
445 435
445 440
445 441
445 442
445 443
445 449
445 465
445 495
445 545
445 745
445 845
445 945
446 146
446 346
446 416
446 440
446 442
446 445
446 447
446 449
446 466
446 476
446 946
447 47
447 247
447 347
447 407
447 417
447 427
447 437
447 441
447 444
447 445
447 448
447 449
447 467
447 477
447 497
447 547
447 647
447 847
447 947
448 348
448 418
448 438
448 440
448 442
448 443
448 444
448 445
448 446
448 449
448 458
448 468
448 748
448 848
448 948
449 49
449 249
449 409
449 419
449 429
449 439
449 440
449 441
449 442
449 443
449 444
449 479
449 549
449 649
450 50
450 150
450 350
450 400
450 410
450 420
450 430
450 451
450 452
450 454
450 455
450 456
450 457
450 458
450 460
450 470
450 650
450 750
450 950
451 51
451 151
451 251
451 351
451 401
451 411
451 421
451 452
451 453
451 454
451 455
451 457
451 458
451 481
451 491
451 851
452 152
452 352
452 402
452 432
452 442
452 453
452 472
452 752
452 852
452 952
453 153
453 253
453 413
453 423
453 433
453 443
453 450
453 458
453 483
453 553
453 853
453 953
454 54
454 254
454 414
454 424
454 444
454 452
454 453
454 458
454 464
454 474
454 494
455 155
455 355
455 405
455 425
455 445
455 452
455 453
455 454
455 457
455 465
455 485
455 495
455 555
455 655
455 855
455 955
456 156
456 356
456 416
456 446
456 451
456 452
456 453
456 454
456 455
456 457
456 458
456 459
456 556
456 956
457 57
457 357
457 407
457 437
457 447
457 452
457 453
457 454
457 459
457 467
457 477
457 487
457 497
457 557
457 957
458 258
458 408
458 418
458 452
458 455
458 457
458 478
458 488
458 498
458 758
458 858
458 958
459 59
459 159
459 359
459 409
459 419
459 449
459 450
459 451
459 452
459 453
459 454
459 455
459 458
459 469
459 479
459 489
459 659
460 260
460 360
460 420
460 430
460 462
460 463
460 465
460 467
460 469
460 470
460 480
460 490
460 760
460 860
460 960
461 61
461 261
461 401
461 411
461 421
461 441
461 451
461 460
461 464
461 465
461 469
461 471
461 481
461 561
461 661
461 761
461 861
462 262
462 412
462 422
462 432
462 452
462 461
462 466
462 468
462 469
462 472
462 762
462 962
463 63
463 163
463 403
463 423
463 443
463 453
463 461
463 462
463 464
463 483
463 563
463 663
463 763
463 863
463 963
464 64
464 264
464 364
464 460
464 462
464 465
464 466
464 467
464 468
464 469
464 494
464 664
464 764
464 864
464 964
465 265
465 365
465 415
465 435
465 462
465 463
465 466
465 469
465 475
465 485
465 495
465 565
465 765
466 266
466 366
466 416
466 456
466 460
466 461
466 463
466 467
466 468
466 469
466 476
466 486
466 566
466 666
467 167
467 267
467 407
467 417
467 427
467 461
467 462
467 463
467 465
467 468
467 469
467 487
467 497
467 667
468 68
468 268
468 368
468 438
468 458
468 460
468 461
468 463
468 465
468 498
468 668
468 968
469 169
469 409
469 419
469 439
469 449
469 463
469 468
469 489
469 499
469 669
469 869
470 170
470 370
470 410
470 473
470 474
470 475
470 476
470 477
470 478
470 479
470 480
470 570
470 670
470 770
470 870
470 970
471 71
471 171
471 371
471 401
471 411
471 421
471 451
471 470
471 472
471 475
471 476
471 479
471 481
471 491
471 571
471 671
472 72
472 272
472 372
472 402
472 470
472 474
472 476
472 477
472 482
472 972
473 273
473 413
473 423
473 443
473 453
473 463
473 471
473 472
473 474
473 477
473 478
473 479
473 483
473 673
473 773
474 74
474 174
474 274
474 374
474 404
474 464
474 471
474 476
474 477
474 494
474 574
474 674
474 974
475 75
475 275
475 405
475 425
475 445
475 455
475 472
475 473
475 474
475 476
475 478
475 479
475 485
475 495
475 775
475 875
475 975
476 76
476 176
476 406
476 456
476 473
476 478
476 486
476 496
476 576
476 676
476 876
476 976
477 77
477 177
477 277
477 377
477 407
477 427
477 437
477 467
477 471
477 475
477 476
477 479
477 677
477 977
478 78
478 178
478 438
478 448
478 468
478 471
478 472
478 474
478 477
478 498
478 578
479 179
479 409
479 419
479 429
479 469
479 472
479 474
479 476
479 478
479 499
479 579
479 679
479 779
479 979
480 280
480 380
480 400
480 420
480 430
480 450
480 482
480 483
480 486
480 487
480 680
480 780
480 980
481 81
481 281
481 381
481 421
481 431
481 480
481 482
481 484
481 486
481 488
481 781
481 981
482 82
482 412
482 452
482 462
482 483
482 484
482 485
482 487
482 488
482 882
482 982
483 83
483 283
483 413
483 433
483 443
483 481
483 489
483 493
483 583
483 683
484 84
484 184
484 284
484 404
484 424
484 454
484 464
484 474
484 480
484 483
484 486
484 487
484 488
484 984
485 85
485 285
485 385
485 415
485 425
485 435
485 445
485 480
485 481
485 483
485 484
485 486
485 487
485 489
485 685
485 785
485 885
485 985
486 86
486 186
486 286
486 386
486 406
486 426
486 446
486 456
486 482
486 483
486 488
486 489
486 686
486 986
487 87
487 287
487 407
487 417
487 427
487 437
487 447
487 477
487 481
487 483
487 486
487 488
487 787
487 887
488 88
488 188
488 388
488 418
488 438
488 448
488 468
488 478
488 480
488 483
488 485
488 498
488 788
489 89
489 189
489 289
489 389
489 409
489 439
489 449
489 479
489 480
489 481
489 482
489 484
489 487
489 488
489 499
489 689
489 889
489 989
490 290
490 390
490 400
490 420
490 450
490 470
490 480
490 493
490 494
490 495
490 498
490 499
490 590
490 790
490 990
491 91
491 291
491 391
491 401
491 411
491 461
491 481
491 490
491 493
491 496
491 497
491 591
492 92
492 292
492 422
492 452
492 462
492 472
492 482
492 490
492 491
492 494
492 498
492 592
492 692
492 892
493 93
493 193
493 433
493 453
493 463
493 473
493 492
493 494
493 495
493 498
493 499
493 593
493 693
493 793
494 94
494 294
494 394
494 414
494 424
494 484
494 491
494 495
494 496
494 497
494 498
494 499
494 694
494 994
495 95
495 395
495 435
495 485
495 491
495 492
495 497
495 498
495 795
495 895
496 96
496 196
496 406
496 446
496 456
496 466
496 486
496 490
496 492
496 493
496 495
496 497
496 696
496 796
496 896
496 996
497 97
497 407
497 417
497 427
497 437
497 477
497 487
497 490
497 492
497 493
497 498
497 499
497 897
498 98
498 398
498 408
498 418
498 428
498 448
498 491
498 496
498 499
498 698
498 898
498 998
499 99
499 299
499 399
499 409
499 419
499 429
499 449
499 459
499 491
499 492
499 495
499 496
499 599
499 699
499 899
499 999
500 0
500 400
500 507
500 510
500 520
500 530
500 540
500 580
500 590
500 700
500 900
501 1
501 201
501 500
501 505
501 506
501 507
501 509
501 511
501 541
501 551
501 561
501 601
501 701
501 801
502 102
502 202
502 402
502 500
502 501
502 503
502 508
502 522
502 552
502 582
502 602
502 702
502 802
503 3
503 103
503 403
503 500
503 501
503 504
503 505
503 508
503 509
503 523
503 543
503 563
503 573
503 603
503 803
503 903
504 4
504 104
504 304
504 500
504 501
504 502
504 506
504 507
504 509
504 524
504 564
504 574
504 584
504 594
504 604
504 804
505 5
505 205
505 305
505 500
505 502
505 504
505 507
505 508
505 515
505 565
505 575
505 905
506 106
506 406
506 500
506 502
506 503
506 505
506 507
506 509
506 526
506 556
506 566
506 586
506 606
506 906
507 7
507 207
507 307
507 407
507 502
507 503
507 509
507 517
507 537
507 547
507 577
507 587
507 607
507 707
507 907
508 8
508 108
508 208
508 408
508 500
508 501
508 504
508 506
508 507
508 518
508 538
508 558
508 588
508 608
509 209
509 500
509 502
509 505
509 508
509 519
509 529
509 539
509 559
509 569
509 599
509 609
509 709
509 809
510 210
510 410
510 511
510 512
510 515
510 517
510 518
510 519
510 530
510 540
510 550
510 570
510 580
510 590
510 810
510 910
511 11
511 311
511 512
511 516
511 518
511 519
511 581
511 611
511 711
511 811
512 112
512 212
512 312
512 502
512 513
512 514
512 515
512 562
512 582
512 592
512 712
512 812
513 13
513 503
513 510
513 511
513 514
513 515
513 518
513 519
513 543
513 553
513 583
513 613
514 214
514 314
514 504
514 510
514 511
514 515
514 516
514 544
514 554
514 574
514 584
514 614
514 714
514 814
515 15
515 115
515 215
515 415
515 511
515 535
515 545
515 555
515 575
515 585
515 595
515 615
515 715
516 16
516 116
516 316
516 506
516 510
516 512
516 513
516 515
516 518
516 519
516 536
516 546
516 556
516 566
516 576
516 616
517 217
517 317
517 511
517 512
517 513
517 514
517 515
517 516
517 518
517 519
517 537
517 547
517 557
517 597
517 617
517 917
518 118
518 318
518 512
518 514
518 515
518 528
518 548
518 568
518 618
518 718
518 818
518 918
519 119
519 219
519 419
519 512
519 514
519 515
519 518
519 529
519 539
519 549
519 559
519 589
520 20
520 420
520 510
520 522
520 523
520 524
520 526
520 529
520 530
520 550
520 560
520 570
520 580
520 820
521 21
521 221
521 501
521 511
521 520
521 529
521 541
521 551
521 571
521 581
521 921
522 122
522 322
522 512
522 521
522 524
522 525
522 552
522 582
522 622
523 323
523 423
523 513
523 521
523 522
523 524
523 525
523 529
523 583
523 623
523 823
523 923
524 224
524 514
524 521
524 525
524 527
524 528
524 529
524 554
524 564
524 584
524 824
525 505
525 515
525 520
525 521
525 526
525 527
525 528
525 529
525 545
525 555
525 565
525 575
525 585
525 595
525 725
526 326
526 516
526 521
526 522
526 523
526 524
526 529
526 546
526 556
526 566
526 576
526 596
526 726
527 27
527 227
527 327
527 507
527 517
527 520
527 521
527 522
527 523
527 526
527 528
527 529
527 537
527 557
527 567
527 577
527 587
527 597
527 827
527 927
528 28
528 328
528 428
528 508
528 520
528 521
528 522
528 523
528 526
528 538
528 558
528 578
528 598
528 728
528 828
529 522
529 528
529 549
529 569
529 599
529 629
530 30
530 130
530 230
530 330
530 430
530 534
530 535
530 560
530 570
530 580
530 730
530 830
531 31
531 131
531 231
531 501
531 511
531 521
531 530
531 532
531 535
531 537
531 539
531 561
531 581
531 631
531 831
531 931
532 32
532 132
532 232
532 332
532 502
532 512
532 522
532 530
532 533
532 534
532 535
532 536
532 537
532 539
532 562
532 572
532 582
532 592
532 632
532 732
532 932
533 33
533 133
533 333
533 503
533 513
533 523
533 530
533 531
533 536
533 537
533 538
533 539
533 543
533 573
533 583
533 593
533 633
533 733
534 334
534 434
534 504
534 514
534 524
534 531
534 533
534 535
534 539
534 544
534 564
534 574
534 594
534 734
534 834
534 934
535 35
535 335
535 435
535 505
535 525
535 533
535 545
535 555
535 595
535 635
535 735
535 835
535 935
536 36
536 336
536 506
536 526
536 530
536 531
536 534
536 535
536 538
536 539
536 546
536 556
536 586
536 736
536 836
536 936
537 37
537 137
537 337
537 530
537 534
537 535
537 536
537 547
537 557
537 637
537 737
537 837
537 937
538 38
538 238
538 438
538 518
538 530
538 531
538 532
538 534
538 535
538 537
538 539
538 548
538 558
538 578
538 598
538 838
539 39
539 339
539 439
539 529
539 530
539 535
539 537
539 589
539 639
539 939
540 140
540 340
540 520
540 530
540 542
540 544
540 545
540 547
540 550
540 580
540 590
540 640
540 840
540 940
541 341
541 511
541 531
541 540
541 543
541 544
541 545
541 547
541 548
541 549
541 551
541 591
541 641
541 741
541 841
542 42
542 142
542 342
542 502
542 512
542 522
542 532
542 541
542 543
542 545
542 546
542 562
542 582
542 592
542 642
542 842
543 143
543 243
543 343
543 523
543 540
543 544
543 545
543 549
543 553
543 583
543 593
543 743
543 843
544 144
544 244
544 504
544 524
544 542
544 545
544 546
544 547
544 548
544 549
544 564
544 574
544 584
544 594
544 644
544 744
545 505
545 548
545 549
545 565
545 575
545 745
545 945
546 246
546 346
546 446
546 506
546 540
546 541
546 543
546 545
546 547
546 549
546 556
546 576
546 586
546 596
546 646
546 946
547 47
547 247
547 347
547 527
547 542
547 543
547 545
547 548
547 549
547 577
547 587
547 647
547 847
548 48
548 148
548 348
548 448
548 508
548 528
548 540
548 542
548 543
548 546
548 549
548 558
548 568
548 578
548 598
548 648
548 748
548 848
548 948
549 349
549 509
549 539
549 540
549 542
549 559
549 579
549 589
549 849
550 50
550 150
550 350
550 450
550 500
550 530
550 551
550 552
550 553
550 554
550 555
550 556
550 557
550 558
550 559
550 570
550 650
550 750
550 850
551 51
551 251
551 451
551 511
551 531
551 553
551 555
551 556
551 557
551 558
551 571
551 581
551 591
551 751
552 52
552 252
552 352
552 452
552 512
552 532
552 542
552 551
552 554
552 555
552 557
552 582
552 752
553 53
553 353
553 503
553 523
553 533
553 552
553 554
553 555
553 557
553 558
553 559
553 563
553 583
553 653
553 953
554 454
554 504
554 534
554 544
554 551
554 558
554 559
554 564
554 594
554 654
554 754
554 854
554 954
555 155
555 355
555 505
555 545
555 554
555 556
555 557
555 565
555 575
555 585
555 655
555 955
556 56
556 156
556 256
556 356
556 552
556 553
556 554
556 559
556 566
556 576
556 586
556 596
556 656
556 856
557 157
557 507
557 547
557 554
557 556
557 567
557 587
557 597
557 857
558 158
558 458
558 518
558 552
558 555
558 556
558 557
558 588
558 658
558 758
558 858
558 958
559 259
559 459
559 529
559 539
559 551
559 552
559 555
559 557
559 558
559 589
559 659
559 959
560 60
560 160
560 260
560 460
560 500
560 510
560 540
560 550
560 564
560 565
560 566
560 568
560 569
560 660
560 860
560 960
561 261
561 511
561 521
561 541
561 551
561 560
561 563
561 565
561 567
561 568
561 569
561 591
561 661
561 761
561 861
561 961
562 62
562 462
562 502
562 522
562 552
562 560
562 561
562 564
562 565
562 566
562 568
562 592
562 962
563 63
563 163
563 263
563 513
563 523
563 533
563 543
563 560
563 562
563 564
563 566
563 567
563 583
563 663
563 863
564 64
564 464
564 514
564 561
564 567
564 568
564 574
564 594
564 864
564 964
565 165
565 515
565 535
565 563
565 564
565 567
565 569
565 575
565 595
565 665
565 865
565 965
566 66
566 166
566 536
566 546
566 561
566 564
566 565
566 569
566 586
566 766
567 167
567 467
567 507
567 517
567 537
567 547
567 560
567 562
567 566
567 577
567 767
568 168
568 368
568 468
568 508
568 528
568 538
568 558
568 563
568 565
568 566
568 567
568 569
568 578
568 588
568 668
568 768
568 868
568 968
569 269
569 369
569 469
569 519
569 539
569 549
569 559
569 562
569 563
569 564
569 567
569 579
569 589
569 599
569 869
570 170
570 270
570 370
570 500
570 540
570 560
570 574
570 575
570 576
570 577
570 579
570 580
570 670
570 970
571 71
571 171
571 501
571 511
571 531
571 541
571 561
571 570
571 573
571 579
571 581
571 591
571 871
571 971
572 172
572 472
572 502
572 512
572 522
572 542
572 552
572 562
572 570
572 571
572 573
572 574
572 576
572 582
572 772
572 872
573 73
573 173
573 373
573 473
573 513
573 523
573 543
573 553
573 563
573 570
573 575
573 577
573 578
573 583
573 593
573 673
573 773
573 873
574 274
574 374
574 524
574 554
574 571
574 573
574 594
574 674
574 774
574 974
575 75
575 375
575 475
575 535
575 571
575 572
575 574
575 577
576 76
576 376
576 506
576 536
576 566
576 571
576 573
576 574
576 575
576 577
576 578
576 586
576 596
577 177
577 377
577 477
577 517
577 537
577 557
577 571
577 572
577 574
577 579
577 677
577 877
577 977
578 508
578 518
578 558
578 570
578 571
578 572
578 574
578 575
578 577
578 978
579 379
579 509
579 519
579 529
579 539
579 559
579 572
579 573
579 574
579 575
579 576
579 578
579 589
579 879
579 979
580 180
580 380
580 480
580 550
580 560
580 584
580 585
580 587
580 589
580 590
581 81
581 181
581 281
581 381
581 481
581 501
581 541
581 561
581 580
581 583
581 585
581 586
581 588
581 589
581 681
581 881
581 981
582 382
582 482
582 562
582 580
582 581
582 583
582 586
582 589
582 982
583 83
583 503
583 580
583 783
583 883
583 983
584 84
584 484
584 534
584 554
584 564
584 574
584 581
584 582
584 583
584 594
584 684
584 784
584 884
585 185
585 285
585 385
585 485
585 505
585 535
585 545
585 565
585 575
585 582
585 583
585 584
585 588
585 685
585 985
586 86
586 286
586 386
586 486
586 516
586 526
586 580
586 583
586 584
586 585
586 587
586 686
586 886
587 87
587 187
587 487
587 517
587 537
587 567
587 577
587 581
587 582
587 583
587 584
587 585
587 588
587 597
587 687
588 188
588 488
588 518
588 528
588 538
588 548
588 578
588 580
588 582
588 583
588 584
588 586
588 589
588 688
588 888
588 988
589 89
589 289
589 489
589 509
589 529
589 583
589 584
589 585
589 586
589 587
589 599
589 889
589 989
590 190
590 520
590 530
590 550
590 560
590 570
590 593
590 598
590 599
590 890
590 990
591 91
591 291
591 391
591 501
591 511
591 521
591 531
591 581
591 590
591 593
591 594
591 595
591 599
591 691
591 791
592 92
592 292
592 392
592 502
592 522
592 552
592 572
592 582
592 590
592 591
592 594
592 595
592 596
592 597
592 598
592 599
592 892
592 992
593 93
593 193
593 393
593 503
593 513
593 523
593 553
593 563
593 583
593 592
593 594
593 595
593 598
593 693
593 793
594 94
594 194
594 294
594 394
594 494
594 514
594 524
594 590
594 596
594 597
594 694
594 994
595 295
595 395
595 495
595 505
595 545
595 555
595 575
595 585
595 590
595 594
595 597
595 695
595 795
595 895
595 995
596 96
596 196
596 296
596 496
596 506
596 516
596 536
596 566
596 586
596 590
596 591
596 593
596 595
596 599
596 796
596 996
597 97
597 497
597 507
597 537
597 547
597 567
597 577
597 590
597 591
597 593
597 596
597 697
597 997
598 98
598 198
598 298
598 498
598 508
598 518
598 558
598 568
598 578
598 588
598 591
598 594
598 595
598 596
598 597
598 698
598 798
598 998
599 99
599 299
599 519
599 539
599 549
599 559
599 579
599 593
599 594
599 595
599 597
599 598
599 699
599 799
599 899
599 999
600 500
600 601
600 602
600 604
600 607
600 608
600 610
600 630
600 650
600 660
600 670
600 680
600 900
601 1
601 101
601 301
601 401
601 602
601 606
601 607
601 609
601 611
601 631
601 641
601 671
601 681
601 691
602 2
602 202
602 604
602 606
602 608
602 612
602 652
602 662
602 682
602 692
602 902
603 3
603 103
603 403
603 600
603 601
603 602
603 605
603 608
603 609
603 613
603 643
603 653
603 663
603 703
604 4
604 104
604 204
604 304
604 404
604 601
604 603
604 605
604 606
604 608
604 614
604 624
604 644
604 654
604 664
604 674
604 694
604 704
604 904
605 5
605 405
605 505
605 600
605 601
605 602
605 606
605 625
605 635
605 645
605 665
605 685
605 695
605 905
606 6
606 106
606 206
606 600
606 603
606 616
606 626
606 646
606 656
606 676
606 806
606 906
607 107
607 407
607 602
607 603
607 604
607 605
607 606
607 609
607 627
607 637
607 647
607 687
607 907
608 8
608 108
608 308
608 408
608 601
608 605
608 606
608 607
608 609
608 618
608 628
608 638
608 648
608 658
608 668
608 688
608 698
608 708
608 908
609 109
609 409
609 600
609 602
609 604
609 605
609 606
609 649
609 659
609 669
609 679
609 699
609 709
609 809
609 909
610 210
610 310
610 510
610 613
610 615
610 619
610 620
610 650
610 690
610 710
610 810
610 910
611 411
611 610
611 614
611 615
611 616
611 621
611 631
611 641
611 681
611 811
612 112
612 412
612 512
612 610
612 611
612 614
612 622
612 632
612 642
612 662
612 712
612 912
613 213
613 413
613 611
613 612
613 615
613 616
613 618
613 619
613 623
613 633
613 643
613 653
613 663
613 683
613 693
613 713
613 913
614 14
614 114
614 214
614 610
614 613
614 617
614 619
614 634
614 644
614 664
614 674
614 714
615 15
615 115
615 215
615 605
615 612
615 614
615 616
615 619
615 625
615 635
615 655
615 675
615 685
615 695
615 815
616 116
616 216
616 316
616 610
616 612
616 614
616 617
616 619
616 656
616 666
616 686
616 716
616 816
616 916
617 117
617 607
617 610
617 611
617 612
617 613
617 615
617 618
617 627
617 647
617 687
617 697
617 917
618 18
618 218
618 318
618 610
618 611
618 612
618 614
618 615
618 616
618 638
618 648
618 658
618 678
618 698
618 718
618 818
619 19
619 119
619 219
619 519
619 609
619 611
619 612
619 617
619 618
619 649
619 659
619 669
619 689
619 699
619 819
620 320
620 520
620 600
620 621
620 623
620 627
620 640
620 660
620 670
620 690
620 720
620 920
621 221
621 521
621 601
621 624
621 627
621 629
621 631
621 641
621 661
621 671
621 681
621 691
622 222
622 322
622 602
622 620
622 621
622 623
622 624
622 625
622 629
622 682
622 722
622 922
623 223
623 323
623 603
623 621
623 624
623 625
623 626
623 627
623 628
623 629
623 633
623 673
624 124
624 224
624 524
624 614
624 620
624 626
624 628
624 629
624 674
624 684
624 694
624 824
625 25
625 125
625 425
625 525
625 620
625 621
625 624
625 626
625 628
625 635
625 645
625 675
625 825
625 925
626 26
626 426
626 526
626 616
626 620
626 621
626 622
626 627
626 636
626 646
626 686
626 696
626 726
626 926
627 127
627 227
627 427
627 527
627 622
627 624
627 625
627 628
627 647
627 657
627 667
627 687
627 697
627 727
627 827
628 28
628 428
628 528
628 618
628 620
628 621
628 622
628 626
628 648
628 668
628 678
629 129
629 229
629 429
629 609
629 619
629 620
629 625
629 626
629 627
629 628
629 659
629 679
629 689
629 699
629 829
630 30
630 330
630 530
630 610
630 620
630 632
630 633
630 636
630 639
630 640
630 680
630 690
630 730
631 131
631 231
631 331
631 431
631 630
631 635
631 637
631 639
631 661
631 681
631 731
632 132
632 232
632 332
632 602
632 622
632 631
632 633
632 635
632 637
632 638
632 639
632 642
632 652
632 672
632 682
632 692
633 433
633 603
633 631
633 634
633 636
633 639
633 643
633 683
633 833
634 34
634 134
634 334
634 434
634 534
634 604
634 624
634 630
634 631
634 632
634 635
634 636
634 674
634 684
634 694
634 734
634 834
634 934
635 135
635 235
635 630
635 633
635 638
635 645
635 655
635 685
635 695
635 735
635 835
636 236
636 336
636 536
636 606
636 616
636 631
636 632
636 635
636 638
636 666
636 686
637 137
637 237
637 617
637 627
637 630
637 633
637 634
637 635
637 636
637 647
637 697
637 937
638 238
638 338
638 538
638 628
638 630
638 631
638 633
638 634
638 637
638 658
638 668
638 698
638 738
638 938
639 139
639 239
639 339
639 439
639 609
639 619
639 629
639 634
639 635
639 636
639 637
639 638
639 659
639 669
639 679
640 40
640 140
640 240
640 340
640 440
640 600
640 610
640 643
640 644
640 647
640 648
640 649
640 660
640 680
640 840
640 940
641 141
641 341
641 441
641 631
641 640
641 644
641 647
641 649
641 661
641 671
641 681
641 691
641 841
642 42
642 242
642 442
642 602
642 622
642 640
642 641
642 643
642 646
642 647
642 648
642 652
642 692
642 842
642 942
643 43
643 243
643 343
643 443
643 543
643 623
643 641
643 645
643 646
643 648
643 649
643 653
643 663
643 673
643 693
643 743
644 144
644 244
644 624
644 634
644 642
644 643
644 645
644 648
644 649
644 654
644 684
644 694
644 944
645 45
645 245
645 345
645 445
645 545
645 615
645 640
645 641
645 642
645 646
645 647
645 648
645 649
645 655
645 665
645 945
646 46
646 146
646 446
646 616
646 636
646 640
646 641
646 644
646 647
646 648
646 676
646 696
646 746
646 846
647 47
647 643
647 644
647 648
647 649
647 667
647 677
647 747
648 148
648 448
648 638
648 641
648 649
648 668
648 688
648 698
649 149
649 249
649 549
649 629
649 639
649 642
649 646
649 659
649 679
649 689
649 749
649 949
650 50
650 620
650 630
650 640
650 652
650 653
650 656
650 658
650 659
650 690
650 750
650 850
651 51
651 451
651 551
651 601
651 611
651 621
651 631
651 641
651 650
651 652
651 655
651 656
651 657
651 671
651 691
651 751
651 851
652 52
652 152
652 252
652 352
652 452
652 552
652 612
652 622
652 654
652 655
652 656
652 659
652 672
652 682
652 752
652 952
653 253
653 353
653 453
653 623
653 633
653 651
653 652
653 654
653 655
653 657
653 658
653 659
653 663
653 753
653 853
654 154
654 354
654 454
654 614
654 624
654 634
654 650
654 651
654 655
654 656
654 657
654 658
654 659
654 664
654 684
654 854
654 954
655 155
655 605
655 625
655 650
655 657
655 665
655 755
655 855
656 56
656 256
656 456
656 626
656 636
656 646
656 653
656 655
656 657
656 659
656 696
657 257
657 457
657 557
657 607
657 617
657 637
657 647
657 650
657 652
657 658
657 667
657 677
657 757
657 957
658 58
658 458
658 628
658 648
658 651
658 652
658 655
658 656
658 659
658 668
658 758
658 858
658 958
659 159
659 259
659 359
659 651
659 655
659 657
659 679
659 759
660 60
660 460
660 610
660 630
660 650
660 661
660 664
660 666
660 668
660 670
660 680
660 690
660 760
660 860
661 61
661 161
661 261
661 361
661 601
661 611
661 651
661 664
661 667
661 668
661 681
661 691
661 761
661 861
661 961
662 62
662 462
662 562
662 622
662 632
662 642
662 652
662 660
662 661
662 664
662 666
662 667
662 668
662 672
662 682
662 762
662 862
662 962
663 263
663 623
663 633
663 660
663 661
663 662
663 664
663 665
663 667
663 683
663 763
664 264
664 364
664 564
664 624
664 634
664 644
664 668
664 684
664 764
664 964
665 65
665 365
665 465
665 615
665 625
665 635
665 660
665 661
665 662
665 664
665 666
665 667
665 668
665 669
665 675
665 685
665 695
665 865
665 965
666 166
666 366
666 566
666 606
666 626
666 646
666 656
666 661
666 663
666 664
666 676
666 866
666 966
667 67
667 167
667 267
667 367
667 567
667 607
667 617
667 637
667 660
667 664
667 666
667 669
667 697
667 867
667 967
668 68
668 168
668 268
668 368
668 618
668 663
668 666
668 667
668 678
668 688
668 698
668 868
669 69
669 269
669 369
669 569
669 629
669 649
669 659
669 660
669 661
669 662
669 663
669 664
669 666
669 668
669 679
669 769
669 869
669 969
670 70
670 270
670 370
670 610
670 630
670 640
670 650
670 676
670 678
670 680
670 690
670 770
670 870
670 970
671 171
671 271
671 571
671 611
671 631
671 661
671 670
671 673
671 675
671 678
671 681
671 691
671 771
672 172
672 272
672 372
672 472
672 572
672 602
672 612
672 622
672 642
672 670
672 671
672 675
672 676
672 692
673 73
673 603
673 613
673 633
673 653
673 663
673 670
673 672
673 676
673 677
673 683
673 873
673 973
674 74
674 274
674 644
674 654
674 664
674 670
674 671
674 672
674 673
674 678
674 684
674 774
674 874
674 974
675 75
675 475
675 575
675 605
675 635
675 645
675 655
675 670
675 673
675 674
675 678
675 695
675 775
676 76
676 276
676 576
676 616
676 626
676 636
676 656
676 671
676 674
676 675
676 678
676 679
676 686
676 696
676 776
677 377
677 607
677 617
677 627
677 637
677 667
677 670
677 671
677 672
677 674
677 675
677 676
677 678
677 679
677 697
677 877
677 977
678 78
678 278
678 478
678 578
678 608
678 638
678 648
678 658
678 672
678 673
678 679
678 688
678 698
678 878
679 79
679 179
679 279
679 379
679 579
679 619
679 670
679 671
679 672
679 673
679 674
679 675
680 180
680 380
680 580
680 610
680 620
680 650
680 681
680 684
680 686
680 687
680 688
680 689
680 690
680 780
681 381
681 481
681 651
681 683
681 685
681 686
681 687
681 689
681 691
681 981
682 282
682 482
682 582
682 612
682 642
682 672
682 680
682 681
682 683
682 684
682 686
682 688
682 689
682 692
682 782
682 882
682 982
683 283
683 583
683 603
683 623
683 643
683 653
683 680
683 686
683 687
683 693
683 783
684 184
684 384
684 484
684 604
684 614
684 681
684 683
684 686
684 687
684 688
684 689
684 984
685 85
685 185
685 285
685 625
685 645
685 655
685 675
685 680
685 682
685 683
685 684
685 686
685 688
685 785
685 885
685 985
686 86
686 186
686 286
686 606
686 646
686 656
686 666
686 688
686 696
686 786
686 886
687 287
687 387
687 487
687 637
687 647
687 657
687 667
687 677
687 682
687 685
687 686
687 689
687 787
687 887
687 987
688 188
688 388
688 488
688 618
688 628
688 638
688 658
688 681
688 683
688 687
688 689
688 888
688 988
689 189
689 389
689 589
689 609
689 639
689 659
689 669
689 679
689 683
689 685
689 686
689 989
690 190
690 290
690 390
690 490
690 590
690 600
690 640
690 691
690 693
690 694
690 695
690 697
690 990
691 91
691 191
691 491
691 611
691 631
691 692
691 695
691 696
691 699
691 791
691 891
691 991
692 192
692 392
692 592
692 612
692 622
692 652
692 662
692 690
692 693
692 695
692 696
692 697
692 698
692 699
692 892
692 992
693 293
693 603
693 623
693 633
693 653
693 663
693 673
693 691
693 694
693 697
693 793
693 893
693 993
694 294
694 614
694 654
694 664
694 674
694 684
694 691
694 692
694 697
694 698
694 699
694 794
694 894
695 195
695 295
695 495
695 625
695 645
695 655
695 685
695 693
695 694
695 699
695 795
695 895
695 995
696 96
696 596
696 606
696 616
696 636
696 666
696 690
696 693
696 694
696 695
696 697
696 698
696 796
697 197
697 397
697 497
697 607
697 647
697 657
697 687
697 691
697 695
697 698
697 699
697 797
697 997
698 198
698 298
698 628
698 658
698 688
698 690
698 691
698 693
698 695
698 898
698 998
699 399
699 639
699 649
699 659
699 669
699 679
699 689
699 690
699 693
699 696
699 698
699 799
699 899
700 200
700 600
700 701
700 703
700 704
700 707
700 708
700 760
700 770
700 780
700 790
701 1
701 301
701 401
701 601
701 703
701 705
701 711
701 731
701 751
701 761
701 771
701 781
701 801
702 102
702 202
702 302
702 602
702 700
702 701
702 703
702 708
702 722
702 732
702 742
702 762
702 772
703 3
703 303
703 503
703 704
703 705
703 733
703 763
703 793
704 4
704 204
704 504
704 701
704 702
704 705
704 707
704 709
704 724
704 744
704 764
704 774
704 794
704 804
704 904
705 5
705 105
705 505
705 605
705 700
705 702
705 707
705 709
705 725
705 765
705 785
705 805
706 206
706 506
706 606
706 700
706 701
706 702
706 703
706 704
706 705
706 708
706 709
706 716
706 736
706 746
706 776
706 796
706 806
706 906
707 107
707 207
707 607
707 701
707 702
707 703
707 706
707 708
707 717
707 777
707 787
707 797
707 907
708 8
708 308
708 408
708 508
708 701
708 703
708 704
708 705
708 709
708 718
708 738
708 758
708 768
708 798
709 109
709 700
709 701
709 702
709 703
709 707
709 739
709 749
709 759
709 789
709 799
709 809
710 10
710 210
710 510
710 700
710 711
710 713
710 720
710 730
710 740
710 750
710 770
710 910
711 11
711 211
711 311
711 611
711 715
711 716
711 717
711 741
711 751
711 771
711 781
711 791
711 911
712 12
712 212
712 702
712 710
712 711
712 714
712 715
712 716
712 742
712 762
712 772
712 782
713 13
713 113
713 313
713 413
713 513
713 703
713 711
713 712
713 714
713 716
713 718
713 743
713 763
713 773
713 783
713 793
713 813
714 14
714 114
714 414
714 704
714 710
714 711
714 716
714 717
714 719
714 744
714 754
714 764
714 914
715 315
715 615
715 705
715 710
715 713
715 714
715 716
715 717
715 718
715 765
715 815
715 915
716 16
716 216
716 316
716 516
716 710
716 718
716 736
716 756
716 766
716 796
716 916
717 17
717 417
717 517
717 617
717 710
717 712
717 713
717 716
717 727
717 737
717 747
717 757
717 777
717 787
717 817
717 917
718 18
718 118
718 218
718 318
718 710
718 711
718 712
718 714
718 717
718 719
718 738
718 748
718 758
718 798
718 918
719 119
719 219
719 419
719 519
719 619
719 709
719 710
719 711
719 712
719 713
719 715
719 716
719 717
719 739
719 759
719 789
720 120
720 220
720 320
720 520
720 700
720 721
720 722
720 723
720 725
720 727
720 729
720 740
720 750
720 760
720 770
720 820
721 321
721 521
721 621
721 701
721 711
721 724
721 726
721 727
721 729
721 741
721 751
721 761
721 771
721 781
721 921
722 22
722 322
722 422
722 522
722 712
722 721
722 723
722 724
722 726
722 729
722 742
722 752
722 772
722 792
722 822
722 922
723 23
723 223
723 323
723 523
723 623
723 703
723 713
723 721
723 725
723 726
723 727
723 729
723 733
723 753
723 773
723 793
724 124
724 424
724 524
724 624
724 714
724 720
724 723
724 728
724 729
724 734
724 774
725 25
725 125
725 225
725 425
725 625
725 715
725 721
725 722
725 724
725 726
725 728
725 729
725 775
725 785
725 795
725 825
726 226
726 326
726 426
726 706
726 716
726 720
726 724
726 728
726 746
726 776
726 786
726 826
727 27
727 427
727 527
727 707
727 722
727 724
727 725
727 726
727 737
727 747
727 757
727 777
727 797
727 827
728 28
728 128
728 428
728 628
728 708
728 718
728 720
728 721
728 722
728 723
728 727
728 748
728 758
728 778
728 788
728 828
728 928
729 29
729 429
729 529
729 629
729 709
729 719
729 726
729 727
729 728
729 759
729 769
729 779
729 829
729 929
730 30
730 230
730 330
730 700
730 720
730 731
730 733
730 734
730 737
730 738
730 740
730 770
730 790
730 930
731 31
731 331
731 531
731 711
731 721
731 732
731 733
731 734
731 735
731 736
731 737
731 739
731 741
731 751
731 831
731 931
732 232
732 332
732 632
732 712
732 722
732 730
732 733
732 735
732 738
732 739
732 742
732 752
732 762
732 792
732 832
733 33
733 133
733 233
733 333
733 433
733 633
733 713
733 736
733 737
733 738
733 763
733 773
733 793
734 34
734 234
734 334
734 434
734 704
734 714
734 732
734 733
734 736
734 739
734 744
734 754
734 774
734 794
734 934
735 335
735 705
735 715
735 725
735 730
735 733
735 734
735 745
735 775
735 795
736 36
736 236
736 336
736 436
736 636
736 726
736 730
736 732
736 735
736 737
736 738
736 739
736 756
736 776
736 796
736 936
737 137
737 237
737 337
737 437
737 637
737 707
737 732
737 734
737 735
737 739
737 777
737 837
738 38
738 438
738 538
738 728
738 731
738 734
738 735
738 737
738 748
738 758
738 778
739 139
739 239
739 339
739 539
739 639
739 729
739 730
739 733
739 735
739 738
739 749
739 769
739 789
739 799
739 939
740 140
740 240
740 540
740 640
740 700
740 741
740 742
740 744
740 745
740 746
740 747
740 748
740 749
740 750
740 780
741 141
741 241
741 341
741 441
741 641
741 701
741 743
741 745
741 747
741 748
741 749
741 761
741 771
741 781
741 791
741 941
742 42
742 142
742 542
742 642
742 741
742 743
742 746
742 748
742 749
742 752
742 782
742 842
743 43
743 343
743 443
743 703
743 723
743 733
743 740
743 745
743 746
743 748
743 793
744 244
744 644
744 724
744 741
744 742
744 743
744 745
744 748
744 774
744 794
744 844
745 45
745 145
745 245
745 645
745 705
745 715
745 725
745 742
745 746
745 747
745 749
745 755
745 785
745 795
745 845
745 945
746 246
746 346
746 446
746 546
746 716
746 736
746 741
746 744
746 747
746 748
746 756
746 766
746 776
746 786
746 946
747 47
747 147
747 447
747 547
747 707
747 737
747 742
747 743
747 744
747 748
747 749
747 757
747 777
747 787
747 947
748 48
748 248
748 348
748 648
748 708
748 745
748 749
748 788
748 848
748 948
749 49
749 449
749 549
749 719
749 729
749 743
749 744
749 746
749 769
749 779
749 849
750 50
750 350
750 700
750 730
750 753
750 755
750 756
750 757
750 759
750 760
750 780
750 790
750 850
751 251
751 351
751 451
751 741
751 750
751 755
751 756
751 757
751 758
751 761
751 771
751 791
751 851
752 252
752 352
752 702
752 712
752 750
752 751
752 753
752 754
752 755
752 756
752 758
752 772
752 782
752 792
752 952
753 53
753 153
753 253
753 453
753 553
753 703
753 713
753 733
753 743
753 751
753 755
753 756
753 758
753 763
753 783
754 54
754 354
754 454
754 654
754 704
754 724
754 744
754 750
754 751
754 753
754 755
754 757
754 764
754 774
754 794
755 455
755 555
755 705
755 715
755 725
755 735
755 758
755 759
755 775
755 785
755 795
756 156
756 256
756 456
756 556
756 656
756 706
756 726
756 754
756 755
756 758
756 796
756 856
756 956
757 357
757 457
757 557
757 707
757 737
757 752
757 753
757 755
757 756
757 758
757 767
757 957
758 748
758 750
758 754
758 759
758 778
758 788
758 798
758 858
759 59
759 259
759 459
759 559
759 739
759 749
759 751
759 752
759 753
759 754
759 756
759 757
759 769
759 859
759 959
760 60
760 160
760 260
760 360
760 560
760 710
760 730
760 740
760 762
760 769
760 770
761 61
761 361
761 711
761 731
761 760
761 762
761 763
761 765
761 766
761 771
761 781
761 791
761 861
761 961
762 62
762 162
762 362
762 562
762 722
762 742
762 752
762 763
762 767
762 769
762 772
762 792
763 263
763 563
763 723
763 743
763 760
763 764
763 766
763 769
763 773
764 264
764 364
764 564
764 724
764 734
764 744
764 760
764 761
764 762
764 766
764 794
764 864
765 265
765 565
765 665
765 725
765 735
765 745
765 755
765 760
765 762
765 763
765 764
765 768
765 769
765 785
765 795
766 266
766 466
766 666
766 706
766 726
766 736
766 756
766 760
766 762
766 765
766 767
766 769
766 796
766 866
766 966
767 167
767 267
767 367
767 467
767 667
767 707
767 717
767 727
767 737
767 747
767 760
767 761
767 763
767 764
767 765
767 768
767 777
768 68
768 168
768 268
768 368
768 468
768 668
768 718
768 728
768 738
768 748
768 758
768 760
768 761
768 762
768 763
768 764
768 766
768 769
768 788
768 798
768 968
769 169
769 269
769 369
769 469
769 569
769 709
769 719
769 761
769 764
769 767
769 789
769 799
769 969
770 70
770 270
770 570
770 740
770 750
770 772
770 773
770 775
770 776
770 778
770 780
770 870
771 271
771 471
771 571
771 731
771 770
771 772
771 773
771 774
771 775
771 776
771 777
771 791
772 172
772 272
772 372
772 472
772 672
772 732
772 742
772 774
772 777
772 779
772 782
772 872
772 972
773 673
773 703
773 743
773 753
773 772
773 775
773 776
773 778
773 779
773 793
773 973
774 74
774 174
774 274
774 474
774 714
774 764
774 770
774 773
774 778
774 974
775 75
775 175
775 275
775 375
775 575
775 705
775 715
775 745
775 765
775 772
775 774
775 779
775 785
775 875
776 176
776 476
776 576
776 716
776 756
776 766
776 772
776 774
776 775
776 779
776 786
777 77
777 177
777 477
777 577
777 677
777 757
777 770
777 773
777 774
777 775
777 776
777 787
777 797
778 178
778 278
778 478
778 578
778 678
778 708
778 718
778 748
778 768
778 771
778 772
778 775
778 776
778 777
778 878
779 279
779 579
779 679
779 709
779 719
779 739
779 759
779 769
779 770
779 771
779 774
779 777
779 778
779 879
779 979
780 180
780 280
780 380
780 580
780 710
780 720
780 730
780 760
780 781
780 782
780 784
780 789
781 381
781 581
781 681
781 731
781 751
781 771
781 782
781 785
781 787
781 789
781 791
781 881
782 282
782 482
782 582
782 702
782 722
782 732
782 762
782 783
782 785
782 787
782 789
783 183
783 283
783 483
783 703
783 723
783 733
783 743
783 763
783 773
783 780
783 781
783 784
783 785
783 786
783 793
783 883
783 983
784 384
784 484
784 684
784 704
784 714
784 724
784 734
784 744
784 754
784 764
784 774
784 781
784 782
784 785
784 789
785 85
785 185
785 285
785 585
785 715
785 735
785 780
785 786
785 787
785 788
785 795
785 985
786 86
786 186
786 486
786 586
786 706
786 716
786 736
786 756
786 766
786 780
786 781
786 782
786 784
786 788
786 789
787 87
787 187
787 287
787 587
787 727
787 737
787 757
787 767
787 780
787 783
787 784
787 786
787 788
787 789
787 987
788 388
788 588
788 688
788 708
788 718
788 738
788 778
788 780
788 781
788 782
788 783
788 784
788 789
788 888
788 988
789 89
789 189
789 389
789 489
789 589
789 689
789 729
789 749
789 759
789 779
789 783
789 785
789 989
790 90
790 190
790 290
790 590
790 690
790 710
790 720
790 740
790 760
790 770
790 780
790 791
790 792
790 795
790 799
790 990
791 191
791 291
791 491
791 701
791 721
791 731
791 792
791 797
791 991
792 392
792 492
792 592
792 692
792 702
792 712
792 742
792 772
792 782
792 794
792 795
792 796
792 797
792 798
792 799
792 992
793 93
793 393
793 753
793 763
793 790
793 791
793 792
793 794
793 893
794 194
794 494
794 594
794 714
794 724
794 774
794 784
794 790
794 791
794 795
794 994
795 195
795 395
795 705
795 715
795 775
795 791
795 793
795 796
795 995
796 196
796 296
796 726
796 746
796 776
796 786
796 790
796 791
796 793
796 794
796 797
796 799
796 996
797 97
797 197
797 397
797 497
797 597
797 717
797 737
797 747
797 757
797 767
797 787
797 790
797 793
797 794
797 795
798 98
798 198
798 298
798 398
798 498
798 698
798 728
798 738
798 748
798 778
798 788
798 790
798 791
798 793
798 794
798 795
798 796
798 797
798 799
799 99
799 299
799 499
799 719
799 729
799 749
799 759
799 779
799 789
799 791
799 793
799 794
799 795
799 797
799 899
800 0
800 100
800 200
800 300
800 500
800 600
800 700
800 801
800 802
800 803
800 804
800 807
800 808
800 809
800 820
800 840
800 850
800 860
800 870
800 880
800 890
800 900
801 1
801 201
801 601
801 803
801 806
801 811
801 821
801 901
802 2
802 102
802 202
802 302
802 602
802 702
802 801
802 804
802 806
802 808
802 812
802 832
802 842
802 882
802 892
802 902
803 3
803 103
803 203
803 603
803 703
803 802
803 804
803 806
803 813
803 833
803 853
803 873
803 893
804 204
804 404
804 604
804 801
804 805
804 806
804 824
804 834
804 854
804 864
804 884
804 894
804 904
805 305
805 405
805 505
805 605
805 800
805 801
805 802
805 803
805 806
805 807
805 808
805 809
805 815
805 835
805 845
805 855
805 865
805 885
805 895
805 905
806 106
806 506
806 800
806 808
806 826
806 836
806 846
806 856
806 866
806 896
807 107
807 307
807 407
807 507
807 607
807 707
807 801
807 802
807 803
807 804
807 806
807 808
807 809
807 817
807 827
807 837
807 847
807 877
808 208
808 308
808 508
808 608
808 708
808 801
808 803
808 804
808 818
808 828
808 878
808 888
808 908
809 9
809 109
809 209
809 309
809 801
809 802
809 803
809 804
809 806
809 808
809 819
809 829
809 849
809 859
809 869
809 889
809 899
809 909
810 210
810 310
810 410
810 710
810 800
810 811
810 813
810 814
810 815
810 830
810 840
810 880
811 111
811 411
811 711
811 821
811 831
811 851
811 861
811 871
811 891
811 911
812 12
812 212
812 312
812 612
812 712
812 810
812 811
812 813
812 814
812 816
812 832
812 842
812 862
812 892
813 113
813 313
813 513
813 613
813 811
813 814
813 817
813 823
813 843
813 853
813 863
813 893
813 913
814 214
814 314
814 414
814 614
814 714
814 804
814 811
814 815
814 818
814 819
814 824
814 854
814 864
814 874
814 884
814 914
815 15
815 115
815 315
815 515
815 811
815 812
815 813
815 816
815 818
815 819
815 825
815 835
815 845
815 855
815 865
815 885
815 915
816 16
816 216
816 316
816 416
816 516
816 716
816 806
816 810
816 811
816 813
816 814
816 876
816 886
816 896
817 217
817 417
817 517
817 617
817 810
817 811
817 812
817 814
817 815
817 816
817 818
817 819
817 867
817 877
817 887
817 897
817 917
818 218
818 418
818 718
818 810
818 811
818 812
818 813
818 816
818 819
818 828
818 848
818 858
818 868
818 898
819 19
819 219
819 319
819 519
819 719
819 810
819 811
819 812
819 813
819 816
819 829
819 839
819 859
819 869
819 879
819 889
820 120
820 220
820 320
820 620
820 810
820 821
820 822
820 823
820 825
820 826
820 828
820 840
820 860
820 890
820 920
821 121
821 221
821 321
821 521
821 621
821 721
821 822
821 823
821 825
821 826
821 827
821 828
821 831
821 861
821 881
821 891
822 22
822 222
822 322
822 422
822 522
822 622
822 802
822 812
822 823
822 824
822 825
822 827
822 828
822 872
823 23
823 123
823 223
823 423
823 623
823 723
823 803
823 826
823 829
823 843
823 863
823 883
823 923
824 24
824 224
824 324
824 424
824 724
824 820
824 821
824 823
824 825
824 829
824 834
824 844
824 854
824 924
825 225
825 325
825 425
825 525
825 805
825 823
825 827
825 828
825 829
825 835
825 885
825 895
826 126
826 426
826 526
826 626
826 816
826 822
826 824
826 825
826 827
826 828
826 829
826 836
826 856
826 876
827 127
827 227
827 327
827 427
827 817
827 820
827 823
827 824
827 828
827 837
827 867
828 28
828 128
828 428
828 628
828 823
828 824
828 829
828 848
828 858
828 888
828 898
829 129
829 329
829 529
829 820
829 821
829 822
829 827
829 849
829 859
829 879
830 130
830 330
830 630
830 730
830 800
830 820
830 831
830 833
830 834
830 838
830 839
830 840
830 850
831 31
831 331
831 631
831 801
831 832
831 833
831 834
831 839
831 851
831 861
832 32
832 332
832 532
832 632
832 822
832 830
832 833
832 836
832 839
832 862
832 872
833 33
833 133
833 533
833 733
833 813
833 823
833 834
833 835
833 836
833 839
834 134
834 734
834 814
834 832
834 836
834 839
834 864
834 874
835 235
835 335
835 735
835 830
835 831
835 832
835 834
835 836
835 838
835 839
835 845
835 855
835 865
835 895
836 236
836 636
836 736
836 816
836 830
836 831
836 838
836 856
837 137
837 237
837 337
837 437
837 637
837 817
837 830
837 831
837 832
837 833
837 834
837 835
837 836
837 847
837 857
837 867
837 877
837 887
837 897
837 937
838 38
838 138
838 338
838 638
838 738
838 808
838 818
838 828
838 831
838 832
838 833
838 834
838 837
838 848
838 868
838 878
838 888
838 898
838 938
839 539
839 639
839 739
839 809
839 829
839 836
839 837
839 838
839 849
839 859
840 140
840 240
840 340
840 740
840 841
840 843
840 844
840 845
840 846
840 847
840 848
840 849
840 850
840 860
840 880
841 241
841 341
841 741
841 801
841 811
841 821
841 831
841 843
841 846
841 848
841 849
841 851
841 871
841 881
842 42
842 142
842 342
842 822
842 832
842 840
842 841
842 848
842 852
842 862
842 872
842 942
843 43
843 143
843 243
843 343
843 443
843 643
843 743
843 803
843 833
843 842
843 844
843 846
843 847
843 849
843 883
843 943
844 44
844 344
844 544
844 644
844 804
844 814
844 834
844 841
844 842
844 845
844 846
844 848
845 45
845 145
845 245
845 545
845 645
845 825
845 841
845 842
845 843
845 849
845 885
845 945
846 46
846 246
846 346
846 446
846 546
846 746
846 816
846 826
846 836
846 842
846 845
846 848
846 849
846 856
846 886
846 946
847 147
847 247
847 347
847 647
847 747
847 817
847 827
847 841
847 842
847 844
847 845
847 846
847 848
847 849
847 857
847 867
847 897
848 48
848 148
848 248
848 348
848 648
848 808
848 843
848 845
848 858
848 868
848 878
848 888
848 948
849 249
849 449
849 649
849 819
849 842
849 844
849 848
849 869
849 879
850 50
850 450
850 810
850 820
850 851
850 854
850 855
850 856
850 857
850 890
851 151
851 351
851 551
851 801
851 821
851 852
851 853
851 855
851 857
851 858
851 859
851 861
851 881
851 951
852 52
852 352
852 552
852 652
852 752
852 802
852 812
852 822
852 832
852 850
852 853
852 854
852 855
852 856
852 858
852 859
852 892
853 153
853 353
853 553
853 753
853 823
853 833
853 843
853 850
853 854
853 858
853 873
853 883
854 454
854 754
854 834
854 844
854 851
854 855
854 856
854 857
854 858
854 864
854 954
855 255
855 355
855 555
855 755
855 825
855 845
855 853
855 856
855 858
855 859
855 865
855 875
855 955
856 56
856 256
856 456
856 656
856 816
856 851
856 853
856 857
856 858
856 886
857 57
857 157
857 457
857 657
857 757
857 807
857 817
857 827
857 852
857 853
857 855
857 859
857 867
857 877
857 887
858 58
858 808
858 838
858 850
858 857
858 859
858 878
858 888
858 898
859 159
859 259
859 359
859 459
859 559
859 659
859 849
859 850
859 853
859 854
859 856
859 869
859 889
860 60
860 160
860 260
860 360
860 760
860 810
860 830
860 850
860 861
860 862
860 865
860 866
860 870
860 880
860 960
861 801
861 841
861 862
861 863
861 864
861 865
861 869
861 891
861 961
862 262
862 362
862 462
862 562
862 762
862 802
862 822
862 852
862 863
862 866
862 869
862 882
862 892
862 962
863 63
863 663
863 763
863 803
863 833
863 843
863 853
863 860
863 864
863 865
863 867
863 868
863 893
863 963
864 264
864 364
864 664
864 824
864 844
864 860
864 862
864 865
864 866
864 867
864 868
864 869
864 894
864 964
865 265
865 365
865 465
865 765
865 825
865 845
865 862
865 866
865 867
865 868
865 869
865 875
865 885
865 895
865 965
866 266
866 466
866 566
866 816
866 826
866 836
866 846
866 856
866 861
866 863
866 867
866 868
866 869
866 876
866 886
866 896
866 966
867 167
867 367
867 467
867 567
867 767
867 807
867 860
867 861
867 862
867 868
867 869
867 877
867 897
868 368
868 468
868 768
868 808
868 828
868 858
868 860
868 861
868 862
868 869
868 878
869 69
869 269
869 369
869 769
869 829
869 839
869 860
869 863
869 879
869 889
869 899
869 969
870 70
870 270
870 370
870 570
870 810
870 820
870 830
870 840
870 850
870 873
870 875
870 876
870 877
870 879
870 970
871 171
871 271
871 371
871 471
871 671
871 771
871 801
871 821
871 831
871 851
871 861
871 870
871 878
871 879
871 881
871 971
872 72
872 372
872 472
872 672
872 802
872 812
872 852
872 862
872 870
872 871
872 874
872 876
872 877
872 878
872 879
872 882
873 73
873 473
873 773
873 813
873 823
873 833
873 843
873 863
873 871
873 872
873 875
873 876
873 877
874 74
874 174
874 374
874 474
874 574
874 774
874 804
874 824
874 844
874 854
874 864
874 870
874 871
874 873
874 876
874 877
874 878
875 175
875 575
875 675
875 805
875 815
875 825
875 835
875 845
875 871
875 872
875 874
875 876
875 877
875 878
875 885
875 975
876 76
876 176
876 276
876 376
876 576
876 676
876 776
876 806
876 836
876 846
876 856
876 871
876 877
876 878
876 879
876 886
877 77
877 177
877 277
877 377
877 477
877 777
877 827
877 847
877 871
877 879
877 887
877 977
878 178
878 478
878 578
878 818
878 828
878 870
878 873
878 877
878 888
878 898
878 978
879 79
879 279
879 379
879 479
879 679
879 809
879 839
879 859
879 873
879 874
879 875
879 878
879 899
880 380
880 480
880 580
880 680
880 780
880 820
880 830
880 850
880 870
880 881
880 884
880 885
880 887
880 888
880 890
880 980
881 81
881 481
881 681
881 801
881 811
881 831
881 861
881 886
881 888
881 891
882 282
882 382
882 582
882 782
882 812
882 822
882 832
882 842
882 852
882 880
882 881
882 884
882 887
882 888
882 892
883 83
883 183
883 383
883 483
883 683
883 803
883 813
883 833
883 863
883 873
883 880
883 881
883 882
883 884
883 885
883 886
883 887
884 84
884 184
884 284
884 384
884 484
884 684
884 784
884 824
884 834
884 844
884 854
884 864
884 874
884 881
884 886
884 888
884 889
884 894
884 984
885 85
885 385
885 585
885 785
885 835
885 855
885 881
885 882
885 884
885 888
886 86
886 186
886 486
886 786
886 806
886 826
886 836
886 880
886 882
886 885
886 887
886 888
886 986
887 187
887 387
887 587
887 787
887 807
887 827
887 847
887 867
887 881
887 884
887 885
887 889
887 897
888 188
888 488
888 818
888 868
888 883
888 887
888 889
888 898
888 988
889 189
889 289
889 389
889 689
889 789
889 829
889 839
889 849
889 879
889 880
889 881
889 882
889 883
889 885
889 886
889 899
889 989
890 190
890 290
890 490
890 690
890 790
890 810
890 830
890 840
890 860
890 870
890 894
890 897
890 898
890 990
891 291
891 391
891 491
891 591
891 791
891 801
891 831
891 841
891 851
891 871
891 890
891 892
891 893
891 895
891 896
891 899
891 991
892 292
892 392
892 792
892 822
892 832
892 842
892 872
892 890
892 896
892 898
892 899
893 93
893 293
893 493
893 593
893 823
893 833
893 843
893 853
893 873
893 883
893 890
893 892
893 895
893 896
893 897
893 898
893 899
894 94
894 294
894 394
894 494
894 594
894 794
894 814
894 824
894 834
894 844
894 854
894 874
894 891
894 892
894 893
894 895
894 896
894 897
894 898
895 295
895 795
895 815
895 845
895 855
895 875
895 885
895 890
895 892
895 896
895 897
895 898
896 196
896 296
896 596
896 696
896 796
896 826
896 836
896 846
896 856
896 876
896 886
896 890
896 996
897 97
897 397
897 597
897 697
897 797
897 807
897 827
897 857
897 877
897 891
897 892
897 896
898 98
898 198
898 598
898 798
898 808
898 848
898 868
898 891
898 896
898 897
899 199
899 299
899 399
899 819
899 829
899 839
899 849
899 859
899 890
899 894
899 895
899 896
899 897
899 898
900 100
900 300
900 400
900 700
900 903
900 907
900 920
900 970
900 980
900 990
901 1
901 301
901 501
901 601
901 701
901 900
901 902
901 904
901 905
901 906
901 908
901 909
901 921
901 931
901 941
901 951
901 961
901 971
901 991
902 2
902 102
902 402
902 502
902 702
902 900
902 905
902 908
902 909
902 922
902 942
902 962
903 103
903 203
903 603
903 703
903 803
903 901
903 902
903 904
903 905
903 906
903 907
903 909
903 923
903 953
903 963
903 973
903 983
903 993
904 4
904 504
904 900
904 902
904 905
904 907
904 914
904 924
904 934
904 944
904 974
904 984
904 994
905 5
905 105
905 205
905 405
905 705
905 900
905 906
905 907
905 908
905 909
905 915
905 925
905 955
905 975
906 6
906 106
906 206
906 306
906 806
906 900
906 902
906 904
906 907
906 908
906 909
906 936
906 946
906 956
906 986
907 7
907 107
907 307
907 407
907 807
907 901
907 902
907 908
907 909
907 927
907 967
907 997
908 8
908 308
908 408
908 508
908 708
908 900
908 903
908 904
908 948
908 958
908 978
909 109
909 409
909 509
909 709
909 900
909 904
909 908
909 929
909 959
909 979
909 999
910 110
910 310
910 410
910 810
910 900
910 911
910 915
910 916
910 917
910 919
910 920
910 940
910 950
910 970
910 980
910 990
911 111
911 511
911 611
911 901
911 912
911 913
911 915
911 916
911 917
911 918
911 919
911 921
911 931
911 951
911 961
912 112
912 312
912 412
912 512
912 712
912 812
912 902
912 910
912 913
912 914
912 915
912 916
912 917
912 919
912 932
912 952
912 962
912 972
912 992
913 13
913 313
913 513
913 713
913 903
913 910
913 914
913 915
913 923
913 953
913 963
913 993
914 114
914 514
914 614
914 910
914 911
914 919
914 924
914 934
914 974
915 15
915 315
915 415
915 515
915 615
915 914
915 919
915 925
915 945
915 965
915 985
915 995
916 116
916 316
916 516
916 816
916 906
916 913
916 914
916 915
916 918
916 919
916 956
916 966
916 976
917 17
917 117
917 217
917 417
917 907
917 913
917 914
917 915
917 916
917 927
917 937
917 947
917 977
917 997
918 118
918 618
918 818
918 908
918 910
918 912
918 913
918 914
918 915
918 917
918 948
918 988
919 19
919 119
919 219
919 319
919 419
919 519
919 619
919 719
919 819
919 909
919 913
919 917
919 918
919 939
919 949
919 969
919 989
920 20
920 120
920 320
920 420
920 520
920 720
920 925
920 926
920 929
920 940
920 990
921 121
921 221
921 621
921 821
921 920
921 923
921 926
921 941
921 951
921 961
921 971
921 981
922 22
922 222
922 422
922 522
922 822
922 912
922 920
922 921
922 925
922 927
922 962
922 972
923 123
923 323
923 423
923 623
923 723
923 920
923 922
923 924
923 928
923 933
923 963
923 973
923 983
924 24
924 124
924 224
924 424
924 524
924 624
924 724
924 920
924 921
924 922
924 925
924 926
924 928
924 929
924 994
925 25
925 125
925 225
925 325
925 425
925 525
925 725
925 825
925 921
925 923
925 926
925 935
925 965
925 975
925 985
925 995
926 126
926 426
926 526
926 726
926 826
926 906
926 916
926 922
926 923
926 928
926 936
926 946
926 956
927 227
927 327
927 427
927 627
927 727
927 827
927 920
927 921
927 923
927 924
927 925
927 926
927 947
927 967
927 977
927 987
927 997
928 28
928 128
928 328
928 528
928 628
928 828
928 908
928 918
928 920
928 921
928 922
928 925
928 927
928 929
928 938
928 948
928 968
929 29
929 129
929 329
929 529
929 629
929 829
929 919
929 921
929 922
929 923
929 925
929 926
929 927
929 939
929 949
929 979
929 989
929 999
930 430
930 530
930 630
930 830
930 900
930 910
930 920
930 931
930 934
930 936
930 938
930 940
930 950
930 960
930 970
930 990
931 231
931 331
931 631
931 831
931 921
931 934
931 938
931 951
931 971
931 991
932 32
932 232
932 332
932 632
932 732
932 832
932 902
932 922
932 930
932 931
932 934
932 935
932 937
932 938
932 942
932 952
932 962
932 972
933 133
933 233
933 533
933 633
933 733
933 833
933 903
933 913
933 930
933 931
933 932
933 934
933 935
933 936
933 938
933 939
933 963
933 973
933 983
933 993
934 134
934 234
934 334
934 834
934 924
934 935
934 937
934 939
934 954
934 974
934 984
935 35
935 135
935 235
935 335
935 435
935 635
935 735
935 835
935 905
935 915
935 930
935 931
935 936
935 937
935 975
935 985
936 36
936 236
936 336
936 436
936 636
936 836
936 916
936 931
936 932
936 934
936 938
936 939
936 946
936 966
936 986
936 996
937 237
937 737
937 907
937 927
937 930
937 931
937 933
937 936
937 939
937 947
937 967
937 977
937 997
938 238
938 338
938 538
938 738
938 908
938 918
938 934
938 935
938 937
938 939
938 948
938 958
938 968
938 978
938 988
938 998
939 39
939 339
939 639
939 839
939 909
939 930
939 931
939 932
939 935
939 949
939 959
939 969
939 979
940 40
940 340
940 440
940 740
940 840
940 900
940 941
940 942
940 943
940 944
940 946
940 947
940 950
940 960
940 980
940 990
941 41
941 241
941 341
941 441
941 541
941 641
941 841
941 911
941 931
941 942
941 946
941 961
941 971
941 981
941 991
942 142
942 242
942 542
942 742
942 912
942 922
942 943
942 945
942 946
942 948
942 952
942 972
943 43
943 243
943 543
943 643
943 743
943 903
943 913
943 923
943 933
943 941
943 945
943 947
943 949
943 953
943 963
943 983
943 993
944 144
944 244
944 344
944 544
944 744
944 844
944 914
944 924
944 934
944 941
944 942
944 943
944 964
944 974
944 984
944 994
945 45
945 145
945 905
945 925
945 935
945 940
945 941
945 944
945 948
945 955
945 985
945 995
946 346
946 646
946 916
946 943
946 944
946 945
946 947
946 948
946 976
946 996
947 247
947 347
947 547
947 647
947 847
947 907
947 941
947 942
947 944
947 945
947 977
948 48
948 148
948 248
948 648
948 940
948 941
948 943
948 944
948 947
948 949
948 978
948 988
949 149
949 449
949 549
949 749
949 849
949 909
949 940
949 941
949 942
949 944
949 945
949 946
949 947
949 959
949 969
949 989
950 150
950 550
950 650
950 750
950 850
950 900
950 920
950 953
950 954
950 955
950 956
950 959
950 960
950 970
951 51
951 151
951 451
951 551
951 651
951 751
951 941
951 950
951 952
951 954
951 957
951 971
951 991
952 52
952 352
952 552
952 852
952 902
952 922
952 950
952 956
952 958
952 962
952 972
952 982
952 992
953 253
953 653
953 753
953 853
953 923
953 933
953 951
953 952
953 956
953 959
953 963
953 973
953 983
954 154
954 254
954 454
954 754
954 904
954 914
954 924
954 944
954 952
954 953
954 955
954 956
954 958
954 959
954 974
954 984
954 994
955 55
955 155
955 355
955 655
955 755
955 915
955 925
955 935
955 951
955 952
955 953
955 956
955 957
955 958
955 965
955 995
956 256
956 556
956 656
956 856
956 936
956 946
956 951
956 957
956 958
956 966
956 996
957 57
957 157
957 557
957 857
957 907
957 917
957 927
957 937
957 947
957 950
957 952
957 953
957 954
957 958
957 959
957 967
957 977
958 58
958 158
958 258
958 758
958 858
958 918
958 928
958 948
958 950
958 951
958 953
959 59
959 259
959 359
959 459
959 659
959 859
959 919
959 929
959 951
959 952
959 955
959 956
959 958
959 979
960 60
960 660
960 760
960 900
960 910
960 920
960 961
960 962
960 965
960 967
960 968
960 969
960 970
960 990
961 261
961 461
961 931
961 951
961 962
961 963
961 964
961 965
961 966
961 967
961 968
961 969
961 971
962 62
962 262
962 362
962 762
962 942
962 963
962 965
962 966
962 967
962 968
962 969
962 972
963 63
963 363
963 563
963 663
963 763
963 960
963 967
963 968
963 969
963 973
964 64
964 164
964 764
964 904
964 914
964 924
964 934
964 954
964 960
964 962
964 963
964 965
964 969
964 974
964 994
965 265
965 465
965 765
965 905
965 935
965 945
965 963
965 967
965 975
965 995
966 66
966 166
966 266
966 466
966 566
966 906
966 926
966 946
966 960
966 963
966 964
966 965
966 968
966 969
966 976
966 986
967 67
967 167
967 367
967 467
967 567
967 767
967 867
967 917
967 947
967 964
967 966
967 969
967 977
967 997
968 68
968 168
968 368
968 668
968 868
968 908
968 918
968 948
968 958
968 964
968 965
968 967
968 988
969 269
969 369
969 469
969 569
969 909
969 929
969 959
969 965
969 968
969 989
969 999
970 170
970 370
970 770
970 920
970 940
970 973
970 978
970 979
970 980
970 990
971 71
971 171
971 371
971 471
971 671
971 771
971 911
971 970
971 972
971 973
971 974
971 975
971 977
971 979
971 981
972 172
972 372
972 572
972 672
972 872
972 902
972 970
972 973
972 975
972 976
972 977
972 978
973 273
973 373
973 473
973 573
973 873
973 913
973 943
973 974
973 975
973 993
974 274
974 874
974 924
974 970
974 972
974 976
974 977
974 978
974 979
974 994
975 275
975 375
975 575
975 675
975 775
975 915
975 945
975 955
975 970
975 974
975 979
975 995
976 176
976 276
976 376
976 576
976 676
976 776
976 876
976 906
976 926
976 936
976 956
976 970
976 971
976 973
976 975
976 977
976 979
976 986
976 996
977 177
977 377
977 777
977 907
977 970
977 973
977 975
978 78
978 178
978 278
978 478
978 678
978 778
978 918
978 928
978 958
978 968
978 971
978 973
978 975
978 976
978 977
978 988
978 998
979 79
979 179
979 279
979 379
979 679
979 879
979 919
979 949
979 969
979 972
979 973
979 977
979 978
979 989
979 999
980 280
980 580
980 680
980 780
980 920
980 930
980 950
980 960
980 981
980 982
980 984
980 986
980 987
980 989
981 281
981 781
981 881
981 901
981 911
981 931
981 951
981 961
981 982
981 983
981 984
981 985
981 991
982 282
982 782
982 882
982 902
982 912
982 922
982 932
982 942
982 962
982 972
982 983
982 985
982 986
983 383
983 483
983 683
983 883
983 913
983 963
983 973
983 980
983 989
984 84
984 184
984 284
984 584
984 784
984 914
984 924
984 964
984 974
984 982
984 983
984 986
984 989
984 994
985 185
985 285
985 385
985 885
985 905
985 955
985 965
985 975
985 980
985 983
985 984
985 986
985 987
986 86
986 186
986 586
986 686
986 786
986 916
986 926
986 946
986 956
986 981
986 983
986 987
986 988
986 989
986 996
987 87
987 387
987 487
987 587
987 887
987 907
987 917
987 937
987 947
987 957
987 967
987 977
987 981
987 982
987 983
987 984
987 989
988 88
988 188
988 288
988 388
988 488
988 908
988 928
988 958
988 980
988 981
988 982
988 983
988 984
988 985
988 987
988 998
989 89
989 189
989 909
989 939
989 959
989 981
989 982
989 985
989 988
990 90
990 950
990 980
990 997
990 999
991 91
991 191
991 491
991 591
991 911
991 921
991 961
991 971
991 990
991 992
991 993
991 994
991 995
991 997
991 998
992 292
992 492
992 892
992 902
992 922
992 932
992 942
992 962
992 972
992 982
992 990
992 993
992 996
992 998
993 93
993 193
993 293
993 393
993 493
993 593
993 793
993 893
993 923
993 953
993 963
993 983
993 990
993 996
994 394
994 694
994 894
994 914
994 934
994 990
994 992
994 993
994 995
994 997
994 999
995 95
995 195
995 395
995 495
995 895
995 905
995 935
995 985
995 990
995 992
995 993
995 996
995 997
996 196
996 396
996 696
996 906
996 916
996 926
996 966
996 990
996 991
996 994
997 197
997 297
997 397
997 497
997 797
997 897
997 947
997 957
997 977
997 987
997 992
997 993
997 996
998 98
998 198
998 798
998 898
998 908
998 918
998 928
998 948
998 958
998 968
998 990
998 993
998 994
998 995
998 996
998 997
999 199
999 299
999 399
999 699
999 799
999 899
999 919
999 939
999 949
999 959
999 989
999 991
999 992
999 993
999 995
999 996
999 997
999 998
29 34 46 73 91 105 118 157 160 182 200 212 255 268 287 324 333 349 371 396 423 436 441 474 499 526 531 544 579 593 608 610 652 667 685 721 739 743 776 794 802 817 850 865 888 907 915 958 962 980
