1200 14994 200
0 1003
0 1035
0 1057
0 1060
0 1077
0 1082
0 1100
0 1102
0 1140
0 1182
0 1186
0 1187
1 1016
1 1034
1 1065
1 1066
1 1082
1 1101
1 1146
1 1161
1 1190
1 1191
2 1053
2 1060
2 1064
2 1096
2 1123
2 1125
2 1140
2 1142
2 1191
2 1196
3 1025
3 1043
3 1066
3 1067
3 1069
3 1087
3 1094
3 1124
3 1155
4 1020
4 1029
4 1038
4 1045
4 1102
4 1110
4 1166
4 1182
4 1197
5 1046
5 1055
5 1092
5 1106
5 1134
5 1175
6 1055
6 1072
6 1075
6 1149
6 1179
6 1188
7 1019
7 1067
7 1089
7 1108
7 1145
7 1156
7 1184
8 1055
8 1173
9 1042
9 1044
9 1047
9 1063
9 1104
9 1119
9 1149
9 1175
9 1189
10 1003
10 1005
10 1034
10 1055
10 1059
10 1080
10 1104
10 1143
10 1187
10 1192
11 1014
11 1019
11 1027
11 1094
11 1135
11 1140
11 1160
12 1006
12 1064
12 1071
12 1119
12 1167
12 1194
13 1030
13 1043
13 1044
13 1050
13 1136
13 1141
14 1008
14 1022
14 1113
14 1162
15 1082
15 1152
15 1157
15 1163
16 1011
16 1092
16 1094
16 1114
16 1134
16 1145
16 1146
16 1147
16 1183
16 1190
16 1193
17 1029
17 1039
17 1040
17 1049
17 1052
17 1060
17 1108
17 1169
17 1194
18 1001
18 1003
18 1004
18 1104
18 1110
18 1173
18 1191
18 1196
18 1198
19 1006
19 1009
19 1024
19 1049
19 1102
19 1113
19 1157
20 1008
20 1021
20 1022
20 1037
20 1051
20 1089
20 1144
20 1186
21 1000
21 1006
21 1051
21 1056
21 1127
21 1155
21 1159
21 1187
21 1188
22 1048
22 1051
22 1086
22 1088
22 1140
22 1188
23 1075
23 1082
23 1178
23 1185
23 1199
24 1003
24 1050
24 1068
24 1069
24 1091
24 1101
25 1032
25 1033
25 1039
25 1106
25 1180
25 1182
25 1199
26 1028
26 1125
26 1130
26 1147
26 1157
26 1165
27 1024
27 1040
27 1049
27 1172
27 1189
28 1005
28 1007
28 1030
28 1034
28 1038
28 1039
28 1050
28 1071
28 1096
28 1098
28 1102
28 1109
28 1131
28 1176
29 1028
29 1043
29 1045
29 1053
29 1109
29 1110
29 1126
29 1140
29 1144
29 1170
29 1177
29 1180
30 1007
30 1016
30 1018
30 1036
30 1044
30 1053
30 1071
30 1104
30 1112
30 1180
30 1199
31 1025
31 1131
31 1158
31 1186
31 1192
32 1012
32 1056
32 1059
32 1087
32 1117
32 1126
32 1150
33 1015
33 1022
33 1053
33 1062
33 1147
33 1167
33 1180
34 1011
34 1071
34 1131
34 1175
34 1180
35 1023
35 1043
35 1047
35 1049
35 1070
35 1074
35 1140
35 1151
36 1037
36 1108
36 1134
36 1145
36 1188
37 1082
37 1088
37 1099
37 1115
37 1116
37 1171
38 1033
38 1034
38 1038
38 1124
38 1153
39 1126
39 1128
39 1139
39 1188
40 1021
40 1094
40 1140
40 1149
40 1179
41 1029
41 1061
41 1173
42 1025
42 1035
42 1072
42 1074
42 1090
42 1094
42 1125
42 1130
42 1141
42 1167
42 1186
42 1194
43 1001
43 1036
43 1044
43 1071
43 1083
43 1086
43 1105
43 1119
44 1050
44 1056
44 1073
44 1081
44 1090
44 1097
44 1140
44 1148
44 1160
44 1177
44 1181
44 1188
44 1194
45 1048
45 1067
45 1090
45 1117
45 1132
45 1142
45 1160
45 1182
46 1018
46 1073
46 1105
46 1116
46 1132
46 1168
46 1193
46 1198
47 1007
47 1040
47 1064
47 1068
47 1084
47 1108
47 1110
47 1169
47 1170
47 1183
48 1024
48 1028
48 1037
48 1046
48 1057
48 1116
48 1118
48 1146
48 1194
49 1075
49 1088
49 1094
49 1124
49 1161
49 1162
49 1178
49 1193
50 1013
50 1031
50 1046
50 1089
50 1122
50 1124
50 1166
51 1066
51 1083
51 1095
51 1138
51 1140
51 1148
52 1003
52 1043
52 1063
52 1110
52 1123
52 1139
52 1159
53 1010
53 1028
53 1041
53 1043
53 1081
53 1142
53 1192
54 1031
54 1034
54 1039
54 1042
54 1065
55 1104
55 1137
55 1168
55 1179
55 1196
56 1023
56 1153
56 1169
56 1194
57 1002
57 1009
57 1016
57 1017
57 1063
57 1067
57 1077
57 1136
57 1151
57 1166
57 1184
58 1022
58 1023
58 1140
58 1147
58 1159
58 1163
58 1176
58 1190
58 1193
58 1194
59 1012
59 1061
59 1063
59 1071
59 1109
59 1111
59 1151
59 1152
59 1179
59 1185
59 1192
59 1199
60 1025
60 1028
60 1039
60 1058
60 1060
60 1064
60 1068
60 1094
60 1095
60 1112
60 1150
61 1043
61 1082
61 1085
61 1104
61 1129
61 1152
61 1158
61 1190
62 1037
62 1053
62 1059
62 1080
62 1095
62 1160
62 1197
63 1001
63 1015
63 1048
63 1052
63 1079
63 1101
63 1135
63 1136
63 1173
64 1011
64 1081
64 1132
64 1144
64 1147
64 1177
65 1031
65 1044
65 1084
65 1099
65 1142
65 1171
65 1185
66 1026
66 1066
66 1067
66 1073
66 1108
66 1191
67 1105
67 1120
67 1129
67 1133
67 1141
67 1142
67 1162
67 1184
67 1191
68 1036
68 1039
68 1064
68 1072
68 1149
68 1156
68 1171
68 1193
69 1041
69 1046
69 1073
69 1085
69 1091
69 1096
69 1115
69 1117
69 1124
70 1073
70 1099
70 1155
70 1169
70 1179
71 1004
71 1033
71 1037
71 1055
71 1082
71 1134
71 1146
72 1043
72 1085
72 1109
72 1112
72 1115
72 1116
72 1169
72 1192
73 1022
73 1027
73 1099
73 1104
73 1120
73 1141
73 1199
74 1029
74 1087
74 1116
74 1117
75 1012
75 1043
75 1065
75 1080
75 1104
75 1111
75 1140
75 1157
75 1187
76 1023
76 1055
76 1067
76 1127
76 1170
76 1195
77 1001
77 1017
77 1056
77 1075
77 1089
77 1090
77 1103
77 1115
77 1133
77 1183
78 1020
78 1048
78 1100
78 1107
78 1161
78 1180
79 1006
79 1026
79 1106
79 1154
79 1158
80 1075
80 1083
80 1090
80 1195
81 1005
81 1014
81 1038
81 1042
81 1058
81 1065
81 1115
81 1118
81 1120
81 1130
81 1133
81 1150
81 1168
81 1189
81 1191
81 1198
82 1013
82 1019
82 1047
82 1077
82 1083
82 1086
82 1093
82 1109
82 1146
82 1161
82 1172
83 1027
83 1039
83 1069
83 1080
83 1108
83 1118
83 1154
83 1195
84 1054
84 1055
84 1064
84 1066
84 1112
84 1117
84 1139
85 1032
85 1100
85 1103
85 1145
86 1000
86 1097
86 1099
86 1106
86 1113
86 1173
87 1010
87 1032
87 1052
87 1071
87 1107
87 1108
87 1116
87 1139
88 1031
88 1110
88 1157
88 1188
89 1062
89 1121
89 1174
89 1178
90 1012
90 1044
90 1048
90 1066
90 1069
90 1096
90 1168
90 1187
91 1046
91 1049
91 1074
91 1076
91 1083
91 1109
91 1124
91 1132
92 1018
92 1022
92 1029
92 1065
92 1089
92 1147
92 1162
93 1025
93 1028
93 1050
93 1056
93 1076
93 1174
93 1188
93 1192
94 1022
94 1025
94 1084
94 1087
94 1088
94 1106
94 1128
94 1186
95 1022
95 1061
95 1119
95 1122
95 1180
95 1189
96 1051
96 1102
96 1140
96 1175
97 1009
97 1012
97 1049
97 1058
97 1092
97 1139
97 1173
98 1054
98 1096
98 1108
98 1110
99 1019
99 1113
99 1195
100 1014
100 1018
100 1058
100 1085
100 1115
100 1116
100 1146
100 1161
100 1174
100 1188
100 1192
101 1011
101 1027
101 1029
101 1034
101 1043
101 1073
101 1074
101 1114
101 1130
101 1162
101 1164
101 1179
102 1016
102 1019
102 1037
102 1085
102 1088
102 1090
102 1099
102 1107
102 1138
103 1009
103 1017
103 1044
103 1053
103 1067
103 1068
103 1081
104 1035
104 1076
104 1093
104 1105
104 1110
104 1126
104 1136
104 1174
104 1184
105 1015
105 1020
105 1082
105 1097
105 1106
105 1155
105 1169
106 1015
106 1050
106 1070
106 1078
106 1082
106 1148
106 1168
106 1173
106 1188
107 1031
107 1040
107 1089
107 1139
107 1141
107 1190
108 1039
108 1045
108 1130
108 1172
108 1177
109 1023
109 1082
110 1015
110 1065
110 1070
110 1176
110 1177
111 1008
111 1107
111 1115
111 1121
111 1132
111 1169
111 1178
111 1184
111 1193
111 1195
112 1007
112 1020
112 1040
112 1059
112 1079
112 1126
112 1127
112 1136
112 1175
113 1000
113 1014
113 1024
113 1036
113 1044
113 1075
113 1103
113 1121
113 1158
113 1182
114 1051
114 1084
114 1097
114 1106
114 1111
114 1125
114 1169
114 1176
114 1197
115 1001
115 1029
115 1111
115 1120
115 1128
115 1138
115 1142
115 1164
115 1182
116 1007
116 1073
116 1092
116 1128
116 1142
116 1149
116 1190
117 1029
117 1036
117 1041
117 1042
117 1181
117 1194
118 1017
118 1044
118 1065
118 1129
118 1178
118 1185
118 1197
119 1019
119 1071
119 1090
119 1105
119 1119
119 1199
120 1103
120 1184
120 1196
121 1014
121 1044
121 1064
121 1077
121 1089
121 1105
121 1136
121 1138
121 1140
121 1141
121 1150
121 1189
121 1194
122 1017
122 1039
122 1056
122 1058
122 1063
122 1119
122 1132
122 1142
122 1144
122 1165
123 1036
123 1067
123 1072
123 1081
123 1082
123 1086
123 1121
123 1186
123 1187
124 1016
124 1033
124 1056
124 1126
124 1129
124 1146
125 1004
125 1013
125 1035
125 1045
125 1064
125 1066
125 1119
125 1139
125 1193
125 1199
126 1003
126 1051
126 1054
126 1107
126 1144
126 1145
126 1149
126 1172
127 1034
127 1077
127 1106
128 1012
128 1046
128 1096
128 1107
128 1110
128 1199
129 1037
129 1070
129 1096
129 1098
129 1106
129 1139
130 1036
130 1047
130 1144
130 1147
130 1153
130 1192
131 1003
131 1008
131 1031
131 1063
131 1112
131 1165
132 1049
132 1055
132 1121
132 1137
132 1155
133 1029
133 1110
133 1128
133 1134
133 1139
133 1148
134 1010
134 1171
134 1176
134 1193
135 1016
135 1028
135 1032
135 1033
135 1078
135 1083
135 1090
135 1095
135 1144
135 1172
135 1192
135 1197
136 1006
136 1020
136 1076
136 1081
136 1132
136 1139
136 1156
136 1178
137 1045
137 1064
137 1091
137 1096
137 1100
137 1106
137 1122
137 1164
137 1197
138 1106
138 1138
138 1148
138 1151
139 1017
139 1024
139 1091
139 1098
139 1189
140 1013
140 1014
140 1028
140 1036
140 1059
140 1091
140 1110
140 1196
141 1017
141 1043
141 1113
141 1121
141 1126
141 1130
141 1193
142 1011
142 1135
142 1166
142 1198
143 1015
143 1022
143 1026
143 1045
143 1046
143 1110
143 1121
143 1141
143 1160
144 1017
144 1020
144 1063
144 1087
144 1093
144 1146
144 1165
144 1182
144 1186
145 1052
145 1058
145 1063
145 1105
145 1114
145 1121
145 1134
145 1146
145 1150
146 1029
146 1033
146 1091
146 1130
146 1137
146 1150
146 1157
146 1160
147 1024
147 1036
147 1042
147 1053
147 1087
147 1104
147 1137
147 1147
148 1006
148 1016
148 1021
148 1042
148 1046
148 1048
148 1117
148 1166
148 1179
149 1018
149 1056
149 1057
149 1072
149 1151
149 1154
150 1011
150 1042
150 1059
150 1099
150 1132
150 1166
150 1183
151 1055
151 1102
151 1105
151 1159
151 1199
152 1012
152 1014
152 1039
152 1050
152 1063
152 1095
152 1126
152 1180
152 1185
152 1197
153 1110
153 1151
153 1153
153 1181
153 1183
153 1190
153 1194
153 1197
154 1011
154 1018
154 1022
154 1031
154 1111
154 1132
154 1158
154 1189
154 1195
155 1032
155 1067
155 1081
155 1095
155 1113
155 1129
155 1136
155 1152
155 1154
156 1062
156 1077
156 1093
156 1102
156 1153
156 1166
157 1068
157 1093
157 1094
157 1129
157 1144
157 1182
158 1015
158 1038
158 1054
158 1057
158 1076
158 1112
158 1122
158 1175
158 1199
159 1080
159 1086
159 1115
159 1137
159 1149
159 1151
159 1187
160 1097
160 1115
160 1130
160 1134
160 1188
161 1040
161 1046
161 1048
161 1122
161 1184
161 1194
162 1004
162 1011
162 1012
162 1025
162 1039
162 1066
162 1070
162 1081
162 1083
162 1088
162 1131
162 1167
162 1175
163 1012
163 1043
163 1044
163 1056
163 1058
163 1082
163 1116
163 1124
163 1128
163 1136
163 1190
164 1039
164 1049
164 1075
164 1097
164 1114
164 1123
165 1000
165 1003
165 1004
165 1063
165 1103
165 1110
165 1185
166 1035
166 1050
166 1072
166 1094
166 1117
166 1158
166 1166
166 1191
166 1197
167 1000
167 1021
167 1040
167 1120
167 1131
167 1139
167 1166
167 1174
168 1008
168 1012
168 1033
168 1043
168 1067
168 1176
168 1180
168 1185
169 1018
169 1059
169 1078
169 1133
169 1151
169 1152
169 1187
170 1122
170 1180
171 1009
171 1011
171 1016
171 1053
171 1056
171 1064
171 1065
171 1088
171 1118
171 1176
172 1001
172 1005
172 1022
172 1032
172 1063
172 1068
172 1113
172 1135
172 1149
172 1172
173 1014
173 1045
173 1088
173 1131
173 1182
173 1192
174 1018
174 1057
174 1067
174 1095
174 1103
174 1111
174 1151
174 1165
175 1024
175 1072
175 1077
175 1132
175 1163
175 1174
176 1026
176 1126
176 1147
176 1149
177 1012
177 1069
177 1126
177 1162
177 1184
177 1186
178 1013
178 1029
178 1060
178 1077
178 1125
178 1150
178 1165
178 1183
179 1005
179 1081
179 1097
179 1130
179 1133
179 1181
180 1003
180 1013
180 1034
180 1095
180 1135
180 1158
181 1023
181 1060
181 1072
181 1127
181 1188
182 1033
182 1041
182 1100
182 1127
182 1168
183 1017
183 1033
183 1037
183 1105
183 1127
183 1132
183 1178
184 1023
184 1027
184 1043
184 1060
184 1087
184 1174
184 1187
184 1199
185 1007
185 1030
185 1082
185 1087
185 1093
185 1151
185 1152
185 1187
185 1188
186 1008
186 1049
186 1116
186 1134
186 1146
186 1155
186 1175
186 1197
187 1030
187 1035
187 1099
187 1127
187 1136
187 1196
187 1198
188 1029
188 1030
188 1079
188 1094
188 1096
188 1115
188 1175
188 1176
189 1002
189 1089
189 1113
189 1117
189 1168
189 1183
190 1001
190 1011
190 1027
190 1067
190 1170
190 1173
190 1188
190 1195
191 1017
191 1063
191 1078
191 1131
191 1141
191 1157
191 1160
191 1161
191 1165
191 1168
191 1179
192 1053
192 1061
192 1107
192 1156
192 1197
193 1024
193 1137
193 1147
193 1186
193 1190
193 1192
194 1002
194 1022
194 1041
194 1045
194 1092
194 1102
194 1119
194 1134
195 1002
195 1071
195 1081
195 1107
195 1170
195 1186
196 1060
196 1107
196 1127
196 1169
196 1185
196 1191
197 1002
197 1013
197 1109
197 1119
198 1045
198 1057
198 1110
198 1118
198 1147
199 1005
199 1011
199 1012
199 1023
199 1045
199 1077
199 1081
199 1097
199 1134
200 1004
200 1019
200 1034
200 1046
200 1048
200 1055
200 1064
200 1070
200 1083
200 1089
200 1152
201 1011
201 1023
201 1100
201 1103
201 1113
201 1115
201 1118
201 1187
202 1026
202 1047
202 1112
202 1123
202 1150
203 1033
203 1072
203 1087
203 1107
203 1146
203 1169
203 1188
203 1193
204 1001
204 1004
204 1140
204 1145
204 1177
204 1183
205 1031
205 1033
205 1055
205 1057
205 1068
205 1086
205 1155
206 1002
206 1051
206 1059
206 1078
206 1079
206 1165
206 1197
207 1012
207 1071
207 1085
207 1097
207 1187
208 1005
208 1007
208 1029
208 1030
208 1128
208 1130
208 1136
208 1151
208 1177
209 1011
209 1020
209 1028
209 1029
209 1036
209 1079
209 1105
209 1123
209 1146
209 1163
209 1177
210 1030
210 1061
210 1066
210 1115
210 1146
210 1170
211 1013
211 1018
211 1086
211 1129
211 1157
211 1160
211 1178
211 1187
212 1043
212 1058
212 1083
212 1167
212 1169
212 1172
212 1190
213 1021
213 1043
213 1074
213 1098
213 1119
213 1136
213 1151
214 1046
214 1073
214 1112
214 1114
214 1158
215 1074
215 1087
215 1106
215 1138
216 1014
216 1063
216 1087
216 1192
216 1195
217 1008
217 1013
217 1049
217 1050
217 1064
217 1082
217 1092
217 1125
217 1134
217 1153
217 1168
217 1194
217 1196
218 1016
218 1030
218 1059
218 1064
218 1066
218 1069
218 1093
218 1126
218 1152
218 1153
218 1199
219 1002
219 1006
219 1012
219 1068
219 1078
219 1111
219 1122
219 1130
219 1151
219 1169
220 1003
220 1079
220 1115
220 1158
220 1173
220 1180
221 1039
221 1057
221 1075
221 1093
221 1106
221 1138
221 1139
221 1173
222 1028
222 1040
222 1119
222 1134
222 1143
222 1147
222 1180
222 1183
223 1006
223 1037
223 1040
223 1041
223 1061
223 1115
223 1119
223 1156
224 1000
224 1025
224 1040
224 1045
224 1054
224 1112
224 1120
224 1133
224 1193
225 1018
225 1065
225 1081
225 1140
225 1143
225 1167
225 1180
225 1185
226 1038
226 1091
226 1107
226 1110
226 1112
226 1170
226 1173
226 1192
227 1023
227 1030
227 1049
227 1052
227 1128
227 1149
227 1158
227 1188
227 1197
227 1198
228 1013
228 1037
228 1070
228 1093
228 1125
228 1142
228 1152
228 1158
229 1039
229 1090
229 1117
229 1174
229 1180
229 1199
230 1032
230 1058
230 1084
230 1088
230 1101
230 1116
230 1131
231 1050
231 1077
231 1083
231 1089
231 1167
232 1021
232 1083
232 1103
232 1183
233 1010
233 1031
233 1051
233 1052
233 1074
233 1077
233 1093
233 1131
233 1134
233 1156
233 1158
234 1002
234 1010
234 1042
234 1079
234 1121
234 1126
234 1131
234 1170
235 1005
235 1012
235 1020
235 1060
235 1075
235 1083
235 1101
235 1113
235 1145
235 1171
235 1193
236 1036
236 1040
236 1041
236 1055
236 1061
236 1065
236 1092
236 1141
236 1150
236 1197
237 1006
237 1012
237 1018
237 1022
237 1044
237 1090
237 1132
237 1138
237 1197
238 1008
238 1010
238 1023
238 1032
238 1034
238 1036
238 1153
238 1188
238 1189
239 1032
239 1041
239 1053
239 1057
239 1074
239 1076
239 1096
239 1103
239 1136
239 1157
240 1006
240 1060
240 1064
240 1153
240 1184
241 1079
241 1160
242 1011
242 1015
242 1048
242 1094
242 1104
242 1122
242 1134
242 1153
242 1159
242 1191
243 1017
243 1059
243 1095
243 1134
243 1138
243 1145
243 1154
243 1167
243 1176
243 1194
244 1021
244 1032
244 1036
244 1049
244 1071
244 1108
244 1134
244 1152
244 1162
244 1191
245 1023
245 1057
245 1079
245 1082
245 1111
245 1114
245 1126
245 1130
245 1146
246 1007
246 1023
246 1024
246 1035
246 1100
246 1123
246 1140
246 1155
246 1195
247 1007
247 1012
247 1023
247 1034
247 1070
247 1103
247 1106
247 1111
247 1158
247 1186
248 1092
248 1108
248 1124
248 1197
249 1019
249 1021
249 1030
249 1047
249 1063
249 1064
249 1072
249 1076
249 1106
249 1139
249 1152
249 1156
249 1181
250 1013
250 1040
250 1056
250 1095
250 1099
250 1110
250 1188
251 1001
251 1005
251 1032
251 1035
251 1101
251 1123
251 1135
251 1152
251 1169
251 1181
251 1182
252 1010
252 1018
252 1021
252 1067
252 1076
252 1085
252 1104
252 1169
253 1035
253 1071
253 1076
253 1111
253 1158
253 1192
253 1197
254 1019
254 1025
254 1070
254 1078
254 1160
254 1177
255 1064
255 1124
255 1135
255 1143
255 1165
255 1176
255 1186
255 1196
256 1001
256 1123
256 1156
256 1180
257 1055
257 1063
257 1103
258 1013
258 1016
258 1122
258 1173
259 1033
259 1051
259 1055
259 1061
259 1107
259 1120
259 1133
259 1170
259 1187
260 1021
260 1038
260 1082
260 1122
260 1135
260 1162
260 1181
260 1199
261 1028
261 1045
261 1062
261 1131
261 1141
261 1154
261 1156
261 1167
262 1045
262 1072
262 1082
262 1132
262 1143
262 1145
262 1169
262 1186
263 1052
263 1068
263 1075
263 1101
263 1125
263 1138
263 1152
263 1182
264 1016
264 1024
264 1054
264 1057
264 1116
264 1148
264 1183
264 1192
265 1010
265 1036
265 1052
265 1069
265 1081
265 1110
265 1141
266 1016
266 1036
266 1046
266 1051
266 1120
266 1148
266 1164
266 1167
266 1179
267 1000
267 1025
267 1034
267 1102
267 1124
267 1153
268 1025
268 1048
268 1075
268 1108
268 1112
268 1127
269 1003
269 1005
269 1067
269 1109
269 1114
269 1116
269 1164
270 1148
271 1020
271 1029
271 1045
271 1050
271 1061
271 1065
271 1124
271 1141
271 1162
272 1029
272 1040
272 1053
272 1069
272 1075
272 1077
272 1097
272 1101
272 1133
272 1138
272 1184
273 1018
273 1057
273 1094
273 1099
273 1106
273 1111
273 1147
273 1173
274 1039
274 1052
274 1151
275 1000
275 1099
275 1101
275 1120
275 1145
275 1194
276 1002
276 1004
276 1025
276 1027
276 1109
276 1137
276 1182
277 1001
277 1005
277 1023
277 1025
277 1060
277 1070
277 1130
277 1142
277 1157
277 1173
277 1187
277 1195
278 1018
278 1047
278 1057
278 1074
278 1093
278 1098
278 1105
278 1122
278 1134
278 1145
278 1171
279 1013
279 1044
279 1048
279 1079
279 1099
279 1107
279 1179
279 1196
280 1010
280 1058
280 1086
280 1119
280 1132
280 1147
281 1099
281 1113
281 1127
281 1164
281 1189
282 1024
282 1029
282 1050
282 1106
282 1144
283 1002
283 1049
283 1059
283 1063
283 1112
283 1118
283 1123
283 1147
283 1160
283 1161
283 1182
283 1191
284 1002
284 1039
284 1047
284 1054
284 1056
284 1070
284 1072
284 1173
284 1174
284 1199
285 1034
285 1069
285 1120
285 1152
285 1159
285 1175
285 1190
285 1191
285 1195
286 1047
286 1071
286 1087
286 1101
286 1115
286 1131
286 1149
286 1168
286 1173
287 1007
287 1036
287 1048
287 1077
287 1109
287 1157
287 1159
287 1162
287 1195
288 1002
288 1007
288 1025
288 1053
288 1142
288 1159
289 1012
289 1079
289 1134
289 1135
289 1154
289 1182
290 1002
290 1009
290 1125
290 1154
291 1035
291 1094
291 1098
291 1102
291 1154
291 1156
291 1167
292 1006
292 1041
292 1043
292 1053
292 1073
292 1085
292 1148
292 1163
292 1186
292 1189
293 1002
293 1008
293 1024
293 1033
293 1060
293 1066
293 1106
293 1120
293 1124
293 1190
293 1198
294 1005
294 1023
294 1024
294 1062
294 1065
294 1112
294 1143
294 1160
294 1190
295 1129
295 1133
295 1147
295 1157
295 1181
295 1184
296 1008
296 1021
296 1058
296 1073
296 1090
296 1097
296 1129
296 1151
296 1177
296 1191
296 1195
297 1001
297 1011
297 1031
297 1066
297 1071
297 1097
297 1132
297 1151
297 1167
298 1023
298 1068
298 1070
298 1080
298 1085
298 1086
298 1090
298 1095
298 1108
298 1139
299 1055
299 1066
299 1097
299 1103
299 1135
299 1178
300 1014
300 1024
300 1038
300 1042
300 1051
300 1052
300 1061
300 1083
300 1156
301 1016
301 1057
301 1155
301 1183
301 1189
301 1192
302 1019
302 1022
302 1058
302 1065
302 1076
302 1077
302 1156
302 1181
303 1037
303 1045
303 1148
303 1182
303 1184
304 1105
304 1142
304 1149
305 1019
305 1026
305 1038
305 1069
305 1093
305 1095
305 1133
305 1180
305 1191
305 1198
306 1005
306 1032
306 1079
306 1082
306 1113
306 1155
306 1167
306 1174
306 1180
307 1015
307 1017
307 1034
307 1042
307 1054
307 1059
307 1142
307 1145
307 1146
307 1190
308 1031
308 1045
308 1050
308 1080
308 1099
308 1136
308 1153
308 1174
309 1006
309 1012
309 1019
309 1034
309 1035
309 1096
309 1103
309 1120
309 1181
310 1068
310 1073
310 1076
310 1085
310 1093
310 1094
310 1117
310 1133
310 1159
310 1177
311 1028
311 1074
311 1088
311 1110
311 1118
311 1133
311 1142
311 1157
311 1164
312 1031
312 1037
312 1091
312 1092
312 1107
312 1154
313 1075
313 1100
313 1106
313 1121
313 1131
313 1138
313 1156
314 1029
314 1056
314 1057
314 1101
314 1157
314 1188
315 1075
315 1092
315 1143
315 1183
315 1193
316 1012
316 1017
316 1027
316 1053
316 1060
316 1066
316 1093
316 1099
316 1113
316 1132
316 1156
316 1169
316 1171
317 1018
317 1029
317 1049
317 1058
317 1083
317 1107
317 1111
317 1114
317 1141
317 1162
317 1194
318 1000
318 1008
318 1030
318 1051
318 1079
318 1099
318 1121
318 1162
318 1167
318 1172
318 1189
318 1199
319 1026
319 1032
319 1054
319 1074
319 1098
319 1192
320 1018
320 1028
320 1032
320 1038
320 1039
320 1049
320 1066
320 1132
320 1136
320 1158
320 1168
321 1014
321 1043
321 1045
321 1070
321 1138
321 1154
321 1179
321 1188
322 1004
322 1078
322 1082
322 1131
322 1164
322 1175
322 1183
323 1005
323 1011
323 1058
323 1059
323 1069
323 1075
323 1087
323 1136
323 1154
324 1020
324 1040
324 1056
324 1140
324 1176
324 1185
324 1197
325 1001
325 1057
325 1113
325 1132
325 1159
325 1167
326 1032
326 1064
326 1110
326 1113
326 1189
327 1048
327 1076
327 1087
327 1125
327 1132
327 1150
327 1179
328 1011
328 1039
328 1060
328 1076
328 1084
328 1121
328 1135
329 1005
329 1012
329 1092
329 1139
329 1183
329 1196
330 1043
330 1059
330 1064
330 1098
330 1112
330 1167
330 1195
331 1050
331 1083
331 1089
331 1170
331 1185
332 1019
332 1053
332 1080
332 1152
332 1181
333 1037
333 1059
333 1070
333 1141
333 1158
334 1083
334 1085
334 1099
334 1111
334 1137
335 1116
335 1129
335 1161
336 1063
336 1093
336 1121
336 1150
336 1157
336 1162
336 1170
336 1174
337 1008
337 1018
337 1073
337 1105
337 1141
337 1176
337 1192
338 1004
338 1015
338 1022
338 1030
338 1033
338 1043
338 1068
338 1127
338 1194
339 1003
339 1012
339 1088
339 1099
339 1111
339 1160
339 1199
340 1075
340 1092
340 1122
340 1162
340 1173
340 1180
340 1183
341 1021
341 1071
341 1076
341 1078
341 1100
342 1004
342 1007
342 1009
342 1052
342 1072
342 1103
342 1136
342 1146
342 1149
342 1163
342 1166
342 1179
342 1198
343 1005
343 1019
343 1059
343 1067
343 1105
343 1108
343 1121
343 1126
343 1147
343 1157
343 1190
343 1194
344 1005
344 1046
344 1073
344 1095
344 1119
344 1162
344 1166
345 1030
345 1041
345 1061
345 1080
345 1101
345 1105
345 1135
345 1160
345 1176
345 1185
346 1009
346 1010
346 1015
346 1016
346 1056
346 1088
346 1089
346 1091
346 1097
346 1134
346 1137
346 1154
347 1001
347 1002
347 1032
347 1035
347 1047
347 1096
347 1110
347 1127
347 1151
347 1168
347 1171
348 1008
348 1014
348 1016
348 1033
348 1066
348 1070
348 1081
348 1083
348 1089
348 1096
348 1126
348 1171
349 1008
349 1011
349 1014
349 1016
349 1109
349 1116
349 1153
349 1193
350 1013
350 1029
350 1037
350 1073
350 1096
350 1157
350 1194
351 1009
351 1036
351 1062
351 1102
351 1107
351 1149
351 1160
351 1182
352 1005
352 1016
352 1050
352 1052
352 1076
352 1086
352 1104
352 1137
352 1146
352 1164
353 1022
353 1050
353 1084
353 1091
353 1092
353 1150
353 1159
353 1167
354 1011
354 1017
354 1046
354 1065
354 1100
354 1103
354 1193
355 1024
355 1065
355 1126
355 1164
355 1168
356 1001
356 1024
356 1080
356 1132
356 1184
357 1062
357 1072
357 1087
357 1132
358 1062
358 1073
358 1079
358 1089
358 1090
358 1108
358 1114
358 1121
358 1131
359 1021
359 1037
359 1044
359 1071
359 1098
359 1101
359 1145
359 1167
359 1180
359 1181
359 1189
360 1027
360 1106
360 1111
360 1132
360 1138
360 1158
360 1173
360 1194
361 1120
361 1127
361 1137
361 1158
361 1179
361 1180
361 1195
362 1033
362 1035
362 1083
362 1108
362 1119
362 1124
362 1167
363 1007
363 1039
363 1050
363 1118
363 1128
363 1187
364 1025
364 1029
364 1080
364 1087
364 1097
364 1119
364 1141
364 1176
364 1182
364 1184
365 1004
365 1014
365 1025
365 1034
365 1070
365 1090
365 1116
366 1030
366 1031
366 1032
366 1046
366 1049
366 1088
366 1096
366 1121
366 1131
367 1024
367 1035
367 1069
367 1092
367 1145
367 1156
367 1164
367 1190
368 1020
368 1045
368 1063
368 1067
368 1127
368 1134
368 1139
369 1001
369 1005
369 1065
369 1129
369 1151
369 1167
369 1195
370 1065
370 1096
370 1127
371 1007
371 1019
371 1051
371 1068
371 1122
371 1147
371 1182
372 1011
372 1053
372 1113
372 1142
372 1167
372 1199
373 1017
373 1094
373 1099
373 1132
373 1176
373 1180
373 1198
374 1092
374 1099
374 1151
375 1004
375 1053
375 1059
375 1062
375 1076
375 1077
375 1094
375 1097
375 1116
375 1136
375 1145
375 1150
375 1152
375 1185
375 1188
376 1036
376 1038
376 1061
376 1068
376 1085
376 1096
376 1098
376 1116
376 1121
376 1125
376 1129
377 1004
377 1006
377 1015
377 1039
377 1045
377 1052
377 1054
377 1062
377 1067
377 1081
377 1088
377 1120
377 1131
378 1025
378 1064
378 1116
378 1128
378 1148
378 1157
378 1163
378 1165
379 1108
379 1138
379 1156
379 1176
380 1007
380 1016
380 1031
380 1036
380 1076
381 1055
381 1079
381 1090
381 1175
382 1017
382 1103
382 1160
382 1179
382 1183
382 1199
383 1038
383 1093
383 1162
384 1076
384 1085
384 1101
384 1104
384 1115
384 1118
384 1126
384 1128
384 1163
384 1168
384 1174
384 1191
384 1193
384 1198
385 1030
385 1066
385 1083
385 1093
385 1104
385 1159
385 1167
385 1172
386 1007
386 1030
386 1042
386 1090
386 1108
386 1132
386 1136
386 1141
386 1155
386 1197
387 1027
387 1043
387 1076
387 1082
387 1097
387 1138
387 1152
387 1187
388 1025
388 1055
388 1063
388 1074
388 1162
388 1183
388 1186
388 1189
389 1057
389 1079
389 1162
390 1017
390 1053
390 1063
390 1110
390 1112
390 1191
391 1019
391 1062
391 1066
391 1099
391 1146
391 1196
392 1026
392 1107
392 1126
392 1143
392 1156
393 1068
393 1099
393 1179
394 1021
394 1047
394 1064
394 1077
394 1096
394 1106
394 1109
394 1126
394 1127
394 1157
394 1195
394 1196
395 1014
395 1053
395 1078
395 1093
395 1096
395 1134
395 1175
395 1178
396 1033
396 1080
396 1117
396 1120
396 1137
396 1155
396 1175
396 1192
396 1195
396 1199
397 1003
397 1012
397 1031
397 1059
397 1081
397 1121
397 1176
397 1191
398 1039
398 1050
398 1061
398 1066
398 1087
398 1122
398 1144
398 1162
399 1000
399 1009
399 1078
399 1083
399 1148
399 1188
400 1072
400 1165
401 1021
401 1028
401 1033
401 1056
401 1066
401 1069
401 1072
401 1089
401 1102
401 1160
401 1186
401 1187
401 1197
402 1012
402 1039
402 1055
402 1061
402 1077
402 1080
402 1099
402 1113
402 1118
402 1129
402 1139
402 1154
402 1157
402 1164
402 1179
403 1005
403 1010
403 1015
403 1022
403 1041
403 1114
403 1119
403 1122
403 1149
403 1181
403 1187
403 1199
404 1000
404 1046
404 1049
404 1065
404 1078
404 1117
404 1164
404 1181
404 1194
404 1199
405 1036
405 1041
405 1051
405 1080
405 1087
405 1148
405 1172
405 1186
405 1195
406 1054
406 1072
406 1086
406 1116
406 1117
406 1153
406 1158
406 1175
406 1184
406 1188
407 1003
407 1046
407 1047
407 1132
407 1136
407 1145
408 1005
408 1034
408 1097
408 1107
408 1152
408 1169
408 1187
408 1197
408 1198
409 1007
409 1067
409 1073
409 1074
409 1099
409 1115
409 1156
409 1195
410 1032
410 1057
410 1157
410 1178
410 1190
411 1000
411 1059
411 1087
411 1165
411 1185
411 1197
412 1005
412 1022
412 1177
412 1188
412 1190
413 1029
413 1037
413 1041
413 1073
413 1095
414 1024
414 1077
414 1081
414 1132
415 1001
415 1004
415 1042
415 1051
415 1067
415 1132
415 1139
415 1152
415 1156
415 1163
415 1179
416 1015
416 1025
416 1030
416 1039
416 1060
416 1069
416 1072
416 1079
416 1083
416 1088
416 1124
416 1142
416 1150
416 1176
416 1177
417 1001
417 1005
417 1015
417 1020
417 1022
417 1027
417 1111
417 1123
417 1125
417 1145
417 1157
417 1181
417 1191
418 1064
418 1079
418 1082
418 1114
418 1147
418 1149
418 1158
418 1175
419 1019
419 1033
419 1071
419 1076
419 1090
419 1103
419 1134
419 1143
419 1154
419 1165
420 1012
420 1016
420 1028
420 1078
420 1116
420 1150
421 1004
421 1024
421 1037
421 1074
421 1136
421 1154
422 1033
422 1049
422 1052
422 1053
422 1096
422 1126
422 1138
422 1165
423 1007
423 1027
423 1029
423 1072
423 1128
423 1143
423 1179
423 1181
424 1019
424 1062
424 1067
424 1102
424 1110
424 1134
424 1149
425 1043
425 1144
425 1145
425 1157
425 1161
425 1182
425 1195
426 1003
426 1037
426 1058
426 1087
426 1142
426 1183
426 1189
427 1031
427 1045
427 1085
427 1086
427 1107
427 1109
427 1199
428 1026
428 1059
428 1124
428 1143
428 1144
429 1011
429 1049
429 1102
429 1162
430 1006
430 1028
430 1053
430 1131
430 1140
430 1165
430 1188
431 1032
431 1077
431 1088
432 1000
432 1153
432 1186
433 1014
433 1022
433 1027
433 1032
433 1036
433 1047
433 1048
433 1136
433 1140
433 1162
433 1189
434 1004
434 1011
434 1044
434 1082
434 1096
434 1103
434 1123
434 1143
434 1172
435 1011
435 1018
435 1019
435 1023
435 1035
435 1040
435 1043
435 1079
435 1097
435 1149
435 1189
436 1008
436 1057
436 1075
436 1097
436 1116
436 1137
437 1055
437 1073
437 1085
437 1094
437 1106
437 1107
437 1153
437 1171
438 1023
438 1026
438 1055
438 1081
438 1087
438 1164
438 1165
439 1013
439 1015
439 1069
439 1083
439 1090
439 1128
439 1173
439 1186
440 1030
440 1062
440 1076
440 1099
440 1113
440 1156
441 1028
441 1058
441 1065
441 1142
442 1033
442 1100
442 1150
442 1174
443 1007
443 1021
443 1056
443 1089
443 1113
443 1118
443 1136
443 1152
443 1163
443 1173
444 1023
444 1030
444 1040
444 1047
444 1049
444 1110
444 1172
444 1186
445 1003
445 1037
445 1050
445 1079
445 1118
445 1198
446 1001
446 1019
446 1039
446 1082
446 1086
446 1133
446 1146
446 1164
447 1002
447 1097
447 1100
447 1101
447 1156
447 1185
447 1199
448 1022
448 1026
448 1039
448 1160
449 1048
449 1050
449 1097
450 1021
450 1040
450 1041
450 1067
450 1086
450 1089
450 1094
450 1097
450 1105
450 1134
450 1146
450 1158
450 1164
450 1173
451 1080
451 1087
451 1092
451 1094
451 1109
451 1126
451 1135
451 1138
451 1143
451 1161
451 1164
451 1190
452 1020
452 1035
452 1065
452 1074
452 1087
452 1093
452 1096
452 1126
452 1137
452 1148
452 1171
452 1185
453 1000
453 1023
453 1026
453 1028
453 1066
453 1067
453 1106
453 1108
453 1139
453 1189
454 1011
454 1012
454 1118
454 1152
454 1153
454 1171
454 1185
454 1189
455 1014
455 1050
455 1082
455 1117
455 1146
455 1166
455 1168
455 1175
455 1191
456 1009
456 1035
456 1067
456 1070
456 1092
456 1110
456 1118
456 1119
456 1190
457 1078
457 1088
457 1115
457 1128
457 1129
457 1184
458 1021
458 1022
458 1042
459 1036
459 1068
460 1006
460 1007
460 1011
460 1021
460 1040
460 1053
460 1096
460 1105
460 1136
460 1158
460 1170
461 1019
461 1035
461 1038
461 1074
461 1100
461 1149
461 1164
461 1165
462 1001
462 1003
462 1033
462 1049
462 1070
462 1096
462 1136
463 1020
463 1022
463 1024
463 1033
463 1056
463 1187
464 1037
464 1055
464 1070
464 1107
464 1135
464 1139
464 1177
464 1180
465 1026
465 1045
465 1069
465 1072
465 1099
465 1154
465 1166
465 1185
466 1025
466 1037
466 1095
466 1109
466 1141
466 1147
467 1022
467 1048
467 1052
467 1104
467 1124
467 1181
468 1016
468 1057
468 1068
468 1131
468 1140
469 1038
469 1086
469 1090
469 1112
469 1177
470 1006
470 1052
470 1095
470 1103
470 1108
470 1150
470 1172
471 1025
471 1037
471 1062
471 1161
471 1186
471 1194
472 1045
472 1091
472 1124
472 1138
472 1155
472 1177
473 1001
473 1008
473 1078
473 1083
473 1152
474 1019
474 1039
474 1102
474 1179
474 1184
474 1186
474 1198
475 1033
475 1094
475 1108
475 1116
475 1129
475 1136
475 1157
475 1180
476 1006
476 1024
476 1077
476 1101
476 1123
476 1132
476 1166
476 1171
477 1047
477 1060
477 1151
477 1167
477 1175
478 1008
478 1014
478 1015
478 1052
478 1061
478 1062
478 1085
478 1126
478 1129
478 1139
478 1163
478 1174
478 1193
479 1011
479 1028
479 1034
479 1074
479 1082
479 1096
479 1099
479 1141
479 1153
479 1167
479 1182
479 1197
480 1009
480 1011
480 1020
480 1132
480 1160
480 1162
480 1163
480 1197
481 1012
481 1058
481 1074
481 1078
481 1118
481 1139
481 1149
481 1174
482 1000
482 1008
482 1039
482 1056
482 1101
482 1125
482 1153
482 1194
483 1027
483 1033
483 1042
483 1045
483 1059
483 1077
483 1086
483 1089
483 1105
483 1195
484 1066
484 1092
484 1098
484 1102
484 1137
484 1163
484 1188
484 1199
485 1010
485 1062
485 1125
485 1142
485 1146
486 1000
486 1056
486 1118
487 1023
487 1074
487 1089
487 1090
487 1154
488 1036
488 1079
488 1083
488 1134
488 1164
489 1010
489 1040
489 1115
489 1118
489 1129
489 1137
489 1180
490 1037
490 1048
490 1142
490 1157
490 1187
491 1039
491 1048
491 1098
491 1107
491 1112
491 1121
492 1035
492 1046
492 1105
492 1138
493 1019
493 1142
493 1153
494 1013
494 1042
494 1060
494 1065
494 1085
494 1090
494 1094
494 1128
494 1174
494 1198
495 1025
495 1151
495 1164
495 1175
495 1180
495 1185
495 1195
496 1037
496 1058
496 1080
496 1081
496 1087
496 1185
497 1033
497 1055
497 1108
497 1113
497 1129
497 1163
497 1178
498 1030
498 1055
498 1074
498 1097
498 1109
498 1180
499 1011
499 1021
499 1048
499 1057
499 1131
500 1010
500 1013
500 1029
500 1072
500 1099
500 1101
500 1109
500 1112
500 1116
500 1131
500 1148
500 1152
500 1177
501 1011
501 1041
501 1073
501 1130
501 1142
501 1169
501 1186
501 1199
502 1015
502 1052
502 1059
502 1097
502 1124
502 1129
502 1132
502 1153
502 1176
502 1177
503 1018
503 1038
503 1081
503 1099
503 1102
503 1110
503 1135
503 1136
503 1157
503 1158
504 1030
504 1033
504 1035
504 1058
504 1075
504 1103
504 1106
504 1111
504 1158
505 1008
505 1021
505 1096
505 1130
505 1149
505 1167
506 1020
506 1033
506 1037
506 1105
506 1115
506 1160
507 1092
507 1098
507 1107
507 1130
507 1146
507 1195
508 1019
508 1026
508 1086
508 1087
508 1157
508 1185
509 1045
509 1061
509 1066
509 1131
509 1143
509 1174
510 1092
510 1094
510 1114
510 1153
511 1114
511 1120
512 1040
512 1054
512 1069
512 1089
512 1117
512 1126
512 1128
512 1131
512 1134
512 1137
512 1139
512 1148
512 1181
512 1189
513 1114
513 1116
513 1124
513 1129
513 1146
513 1191
513 1192
514 1023
514 1034
514 1082
514 1085
514 1113
514 1116
514 1117
514 1133
514 1147
514 1174
515 1073
515 1085
515 1086
515 1092
515 1110
515 1132
515 1133
515 1155
515 1179
515 1180
515 1187
516 1046
516 1072
516 1075
516 1133
516 1150
516 1186
517 1003
517 1014
517 1034
517 1051
517 1145
517 1168
518 1005
518 1022
518 1062
518 1125
518 1165
519 1023
519 1040
519 1055
519 1061
519 1089
519 1114
519 1155
520 1008
520 1064
520 1074
521 1045
521 1072
521 1078
521 1127
521 1129
521 1162
522 1026
522 1049
522 1143
522 1150
522 1156
522 1182
523 1028
523 1106
523 1125
523 1155
524 1009
524 1034
524 1051
525 1013
525 1047
525 1053
525 1059
525 1072
525 1117
525 1119
525 1121
525 1133
525 1141
526 1010
526 1020
526 1068
526 1071
526 1072
526 1100
526 1137
526 1175
526 1187
526 1198
527 1008
527 1015
527 1016
527 1060
527 1075
527 1098
527 1122
527 1146
528 1038
528 1058
528 1075
528 1095
528 1164
528 1168
528 1191
529 1006
529 1033
529 1049
529 1071
529 1110
529 1121
529 1142
529 1184
530 1024
530 1050
530 1054
530 1067
530 1075
530 1163
530 1167
530 1193
531 1020
531 1022
531 1043
531 1102
531 1122
532 1091
532 1149
532 1165
532 1193
533 1021
533 1056
533 1077
533 1154
534 1011
534 1020
534 1035
534 1075
534 1080
534 1091
534 1104
534 1162
534 1172
534 1196
534 1197
535 1006
535 1013
535 1056
535 1098
535 1099
535 1132
535 1144
535 1146
535 1172
535 1181
535 1182
535 1195
536 1022
536 1043
536 1046
536 1048
536 1054
536 1129
536 1164
536 1175
537 1033
537 1038
537 1053
537 1061
537 1090
537 1134
537 1170
537 1197
538 1036
538 1041
538 1044
538 1093
538 1175
538 1183
538 1188
539 1014
539 1053
539 1069
539 1083
539 1147
539 1186
539 1187
539 1189
540 1017
540 1042
540 1044
540 1069
540 1130
540 1144
540 1189
541 1006
541 1009
541 1018
541 1062
541 1087
541 1184
542 1008
542 1025
542 1039
542 1126
542 1128
543 1021
543 1044
543 1048
543 1081
543 1087
543 1113
543 1142
543 1157
543 1162
543 1190
543 1198
544 1003
544 1020
544 1043
544 1063
544 1090
544 1094
544 1095
544 1100
544 1112
544 1140
544 1161
544 1165
544 1199
545 1026
545 1045
545 1057
545 1082
545 1083
545 1105
545 1154
545 1183
546 1016
546 1019
546 1032
546 1040
546 1045
546 1056
546 1067
546 1086
546 1096
546 1125
546 1134
546 1150
546 1184
547 1034
547 1047
547 1050
547 1073
547 1106
547 1118
547 1137
547 1167
548 1058
548 1068
548 1109
548 1164
548 1177
548 1197
549 1063
549 1070
549 1076
549 1091
549 1094
549 1098
549 1142
549 1157
549 1180
549 1195
550 1033
550 1089
550 1092
550 1103
550 1106
550 1109
550 1116
550 1118
550 1130
550 1140
550 1149
551 1055
551 1171
551 1172
551 1179
552 1060
552 1106
552 1108
552 1109
552 1114
552 1144
552 1147
553 1101
553 1103
553 1189
554 1077
554 1121
554 1157
554 1186
555 1104
555 1110
555 1171
555 1187
556 1059
556 1090
556 1121
556 1166
557 1033
557 1072
557 1082
557 1093
557 1129
557 1141
557 1153
557 1154
557 1160
557 1175
558 1015
558 1016
558 1022
558 1038
558 1075
558 1081
558 1093
558 1100
558 1114
558 1150
558 1157
558 1189
559 1011
559 1016
559 1032
559 1072
559 1122
559 1140
559 1143
559 1152
559 1153
559 1169
559 1170
559 1189
560 1002
560 1011
560 1024
560 1034
560 1051
560 1070
560 1132
560 1164
560 1171
560 1189
561 1001
561 1014
561 1018
561 1021
561 1042
561 1074
561 1105
561 1106
561 1130
561 1182
562 1013
562 1017
562 1029
562 1075
562 1131
562 1137
562 1171
562 1186
562 1190
563 1058
563 1082
563 1093
563 1108
563 1125
563 1139
563 1156
564 1025
564 1028
564 1064
564 1140
564 1187
564 1195
565 1018
565 1191
565 1194
566 1054
566 1097
566 1121
566 1141
566 1195
567 1008
567 1010
567 1017
567 1019
567 1081
567 1102
567 1115
567 1169
567 1194
568 1043
568 1059
568 1092
568 1116
568 1153
568 1160
569 1020
569 1042
569 1046
569 1115
569 1118
570 1046
570 1099
570 1162
571 1036
571 1037
571 1105
571 1118
571 1126
571 1167
571 1194
572 1007
572 1030
572 1040
572 1064
572 1079
572 1118
572 1196
573 1056
573 1119
573 1132
573 1145
573 1159
573 1165
573 1174
574 1007
574 1038
574 1058
574 1068
574 1080
574 1095
574 1188
575 1013
575 1023
575 1090
575 1154
575 1168
576 1066
576 1074
576 1159
576 1178
577 1006
577 1022
577 1035
577 1060
577 1072
577 1104
577 1120
577 1142
577 1143
577 1162
577 1172
578 1030
578 1047
578 1067
578 1093
578 1097
578 1106
578 1119
578 1123
578 1137
578 1148
578 1149
578 1194
579 1018
579 1045
579 1060
579 1108
579 1110
579 1112
579 1113
579 1147
579 1155
579 1163
579 1165
580 1050
580 1052
580 1057
580 1058
580 1081
580 1092
580 1112
580 1129
580 1155
580 1163
580 1192
580 1193
581 1010
581 1043
581 1087
581 1107
581 1114
581 1124
581 1142
581 1143
581 1150
582 1019
582 1044
582 1122
582 1180
582 1184
582 1192
582 1195
583 1017
583 1022
583 1035
583 1036
583 1048
583 1056
583 1161
583 1196
584 1048
584 1066
584 1105
584 1153
584 1160
584 1162
584 1172
584 1194
585 1026
585 1059
585 1110
585 1115
585 1135
585 1163
585 1168
585 1195
586 1000
586 1002
586 1093
586 1101
586 1107
586 1152
586 1186
587 1066
587 1130
587 1138
587 1144
587 1166
588 1034
588 1094
588 1113
588 1168
589 1022
589 1037
589 1054
589 1056
589 1071
589 1074
589 1077
589 1099
589 1102
589 1105
589 1155
589 1190
589 1191
590 1022
590 1027
590 1037
590 1039
590 1098
590 1115
590 1148
590 1158
590 1163
590 1194
591 1008
591 1023
591 1040
591 1083
591 1084
591 1110
591 1129
591 1136
591 1177
592 1046
592 1109
592 1134
592 1144
592 1152
592 1157
592 1189
593 1026
593 1087
593 1089
593 1112
593 1118
593 1134
593 1141
594 1077
594 1099
594 1112
595 1006
595 1021
595 1023
595 1086
595 1105
595 1141
595 1152
595 1192
596 1015
596 1045
596 1081
596 1083
596 1149
596 1161
596 1162
597 1029
597 1098
597 1103
597 1107
598 1007
598 1058
598 1090
598 1105
598 1110
598 1134
598 1197
599 1039
599 1066
599 1187
599 1195
600 1087
600 1146
600 1155
600 1161
601 1017
601 1019
601 1036
601 1069
601 1077
601 1105
601 1106
601 1112
601 1132
601 1175
601 1177
602 1014
602 1066
602 1067
602 1112
602 1150
602 1152
602 1156
602 1173
602 1197
602 1198
603 1013
603 1020
603 1021
603 1035
603 1043
603 1097
603 1098
603 1128
603 1167
603 1172
604 1025
604 1044
604 1076
604 1097
604 1128
604 1135
604 1164
605 1009
605 1071
605 1115
605 1133
605 1138
605 1145
605 1149
605 1164
605 1166
605 1170
606 1013
606 1014
606 1041
606 1055
606 1091
606 1128
606 1148
606 1160
606 1167
607 1013
607 1014
607 1022
607 1050
607 1067
607 1118
607 1160
607 1172
607 1180
608 1000
608 1007
608 1070
608 1089
608 1169
608 1180
609 1023
609 1028
609 1078
609 1131
609 1134
609 1140
609 1147
609 1196
609 1198
610 1010
610 1013
610 1032
610 1068
610 1118
610 1176
610 1177
610 1184
611 1011
611 1030
611 1044
611 1078
611 1094
611 1096
611 1193
612 1047
612 1080
612 1150
613 1012
613 1031
613 1074
613 1160
613 1175
613 1184
614 1001
614 1059
614 1193
615 1011
615 1012
615 1017
615 1032
615 1053
615 1055
615 1069
615 1141
615 1181
615 1193
615 1194
616 1014
616 1030
616 1035
616 1059
616 1074
616 1080
616 1094
616 1143
616 1186
617 1003
617 1022
617 1108
617 1191
617 1199
618 1003
618 1033
618 1050
618 1054
618 1055
618 1071
618 1077
618 1159
618 1163
619 1054
619 1070
619 1076
619 1099
619 1120
619 1122
619 1180
619 1184
620 1005
620 1090
620 1123
620 1172
620 1183
620 1199
621 1009
621 1046
621 1050
621 1073
621 1128
621 1156
621 1192
622 1017
622 1028
622 1107
622 1149
622 1168
623 1001
623 1026
623 1054
623 1056
623 1105
623 1149
623 1156
624 1028
624 1056
624 1094
624 1124
624 1197
624 1199
625 1004
625 1015
625 1053
625 1058
625 1114
625 1119
625 1173
626 1038
626 1053
626 1065
626 1082
626 1182
626 1195
627 1045
627 1061
627 1067
627 1130
627 1132
627 1180
628 1009
628 1025
628 1026
628 1050
628 1058
628 1070
628 1100
628 1117
628 1126
628 1145
628 1153
628 1178
628 1199
629 1010
629 1013
629 1054
629 1075
629 1084
629 1127
629 1137
629 1172
629 1198
630 1036
630 1060
630 1071
630 1103
630 1110
630 1151
630 1170
630 1181
630 1188
631 1015
631 1019
631 1064
631 1089
631 1134
631 1151
631 1170
631 1182
632 1020
632 1045
632 1052
632 1056
632 1076
632 1182
632 1192
633 1005
633 1008
633 1022
633 1024
633 1036
633 1163
633 1190
634 1000
634 1045
634 1075
634 1089
634 1109
634 1111
634 1113
634 1133
634 1167
635 1007
635 1046
635 1067
635 1190
635 1197
636 1007
636 1013
636 1031
636 1060
636 1122
636 1149
637 1022
637 1059
637 1092
637 1148
637 1179
637 1197
638 1028
638 1115
638 1131
638 1179
639 1032
639 1081
639 1091
639 1103
639 1165
640 1020
640 1043
640 1083
640 1087
640 1095
640 1112
640 1118
640 1138
640 1162
640 1164
641 1006
641 1010
641 1019
641 1023
641 1077
641 1085
641 1091
641 1112
641 1122
641 1139
642 1049
642 1067
642 1069
642 1072
642 1074
642 1109
642 1123
642 1139
642 1172
642 1193
643 1024
643 1032
643 1033
643 1080
643 1112
643 1134
643 1160
643 1177
643 1188
644 1021
644 1053
644 1061
644 1065
644 1092
644 1127
644 1141
644 1183
645 1030
645 1043
645 1058
645 1108
646 1136
646 1175
646 1186
647 1028
647 1033
647 1092
647 1120
648 1017
648 1039
648 1059
648 1060
648 1069
648 1081
648 1092
648 1136
648 1146
648 1167
648 1178
649 1044
649 1059
649 1063
649 1070
649 1114
649 1130
649 1146
649 1155
649 1164
649 1189
649 1194
650 1013
650 1021
650 1027
650 1030
650 1049
650 1102
650 1126
650 1183
651 1000
651 1002
651 1062
651 1075
651 1080
651 1123
651 1134
651 1137
651 1168
651 1170
651 1191
651 1197
652 1060
652 1071
652 1099
652 1113
652 1146
652 1152
653 1006
653 1012
653 1024
653 1032
653 1034
653 1064
653 1087
653 1109
654 1035
654 1061
654 1063
654 1136
654 1142
655 1003
655 1007
655 1025
655 1058
655 1110
655 1113
655 1116
655 1143
655 1174
655 1191
655 1193
656 1067
656 1076
656 1078
656 1082
656 1096
656 1099
656 1106
656 1123
656 1138
656 1178
656 1188
657 1017
657 1019
657 1072
657 1083
657 1091
657 1094
657 1136
657 1142
657 1146
657 1173
657 1192
657 1198
658 1057
658 1081
658 1086
658 1123
658 1150
658 1197
659 1013
659 1017
659 1022
659 1038
659 1056
659 1075
659 1076
659 1126
659 1146
659 1171
659 1179
660 1004
660 1038
660 1066
660 1089
660 1111
660 1115
660 1133
661 1009
661 1016
661 1052
661 1070
661 1102
661 1104
661 1157
661 1177
662 1026
662 1049
662 1050
662 1141
662 1171
662 1196
663 1041
663 1044
663 1090
663 1119
663 1136
663 1197
664 1011
664 1067
664 1144
664 1151
664 1164
664 1179
664 1182
664 1197
665 1044
665 1073
665 1092
665 1153
665 1178
665 1182
665 1185
665 1190
666 1037
666 1067
666 1076
666 1085
666 1098
666 1108
666 1143
666 1165
666 1177
666 1196
667 1009
667 1023
667 1049
667 1080
667 1088
667 1131
667 1142
667 1153
667 1178
667 1181
668 1032
668 1074
668 1119
668 1121
668 1127
668 1169
669 1057
669 1066
669 1138
669 1180
670 1054
670 1166
670 1198
671 1045
671 1046
671 1086
671 1090
671 1123
671 1156
671 1180
671 1198
672 1028
672 1051
672 1059
672 1064
672 1081
672 1086
672 1107
672 1129
672 1199
673 1001
673 1003
673 1023
673 1062
673 1064
673 1070
673 1103
673 1107
673 1149
674 1036
674 1058
674 1078
674 1097
674 1100
674 1104
674 1124
674 1150
674 1161
674 1171
674 1180
674 1197
675 1006
675 1019
675 1043
675 1061
675 1114
675 1117
675 1161
675 1176
676 1019
676 1028
676 1050
676 1063
676 1073
676 1085
676 1096
676 1118
677 1054
677 1097
677 1178
677 1183
677 1192
677 1197
678 1013
678 1047
678 1064
678 1067
678 1103
678 1119
678 1136
678 1173
678 1193
678 1195
679 1021
679 1026
679 1031
679 1126
679 1139
680 1022
680 1116
680 1128
680 1183
681 1093
681 1152
681 1172
682 1016
682 1017
682 1033
682 1068
682 1083
682 1085
682 1116
682 1146
682 1156
682 1175
682 1193
682 1195
683 1001
683 1037
683 1049
683 1059
683 1122
683 1124
683 1137
683 1159
683 1161
683 1184
683 1185
683 1195
684 1036
684 1040
684 1063
684 1103
684 1111
684 1121
684 1152
684 1162
685 1038
685 1105
685 1116
685 1128
685 1141
685 1154
685 1159
685 1179
686 1010
686 1011
686 1036
686 1088
686 1105
686 1131
686 1134
686 1141
686 1153
686 1177
687 1001
687 1012
687 1032
687 1051
687 1071
687 1076
687 1092
687 1121
687 1131
687 1142
687 1163
687 1188
688 1027
688 1029
688 1049
688 1054
688 1098
688 1108
688 1112
688 1114
688 1118
688 1147
688 1171
688 1181
689 1024
689 1039
689 1044
689 1057
689 1068
689 1122
689 1164
689 1193
690 1090
690 1124
690 1137
690 1141
690 1144
690 1173
690 1187
691 1060
691 1063
691 1070
691 1080
691 1082
691 1092
691 1136
691 1152
691 1153
692 1012
692 1032
692 1072
692 1078
692 1080
692 1084
692 1090
692 1196
693 1028
693 1034
693 1054
693 1087
693 1110
693 1133
693 1181
693 1185
694 1000
694 1085
694 1101
694 1119
694 1131
694 1190
694 1192
695 1006
695 1055
695 1076
695 1088
695 1095
695 1113
696 1099
696 1122
696 1127
696 1143
696 1170
696 1181
697 1046
697 1078
697 1083
697 1085
697 1106
697 1130
697 1132
697 1185
698 1007
698 1034
698 1072
698 1076
698 1111
698 1112
699 1022
699 1093
699 1109
699 1173
700 1019
700 1038
700 1045
700 1066
700 1089
700 1096
700 1121
700 1161
700 1171
700 1192
701 1004
701 1037
701 1060
701 1090
701 1101
701 1123
701 1135
701 1159
701 1161
701 1176
701 1199
702 1014
702 1089
702 1091
702 1102
702 1104
702 1109
702 1167
702 1177
702 1182
703 1005
703 1017
703 1057
703 1132
703 1169
704 1007
704 1033
704 1051
704 1062
704 1064
704 1147
704 1166
704 1196
705 1005
705 1036
705 1092
705 1109
705 1178
705 1187
706 1001
706 1012
706 1041
706 1043
706 1070
706 1099
706 1106
706 1112
706 1126
707 1015
707 1016
707 1054
707 1061
707 1063
707 1085
707 1099
707 1103
707 1124
707 1190
707 1199
708 1000
708 1022
708 1023
708 1076
708 1099
708 1114
708 1116
708 1118
708 1151
708 1180
709 1044
709 1048
709 1054
709 1077
709 1092
709 1116
709 1128
709 1130
709 1158
709 1185
709 1191
710 1013
710 1026
710 1044
710 1074
710 1091
710 1101
710 1111
710 1123
710 1149
710 1173
711 1021
711 1074
711 1092
711 1100
712 1042
712 1045
712 1054
712 1063
712 1153
712 1166
713 1046
713 1074
713 1100
713 1139
713 1196
714 1020
714 1035
714 1088
714 1097
714 1170
714 1171
714 1176
714 1187
714 1189
715 1018
715 1040
715 1139
715 1154
715 1158
715 1176
716 1040
716 1052
716 1117
716 1120
716 1154
716 1158
716 1180
716 1195
717 1038
717 1092
717 1199
718 1031
718 1055
718 1076
718 1093
718 1106
718 1112
718 1154
718 1194
719 1002
719 1014
719 1098
719 1114
719 1123
719 1134
719 1142
719 1146
719 1186
720 1021
720 1033
720 1116
720 1151
720 1181
720 1199
721 1002
721 1012
721 1020
721 1030
721 1041
721 1061
721 1107
721 1125
721 1174
721 1198
722 1013
722 1022
722 1045
722 1052
722 1094
722 1108
722 1116
722 1135
722 1169
723 1003
723 1049
723 1051
723 1054
723 1093
723 1106
723 1139
724 1048
724 1071
724 1085
724 1112
725 1004
725 1010
725 1024
725 1032
725 1087
725 1183
726 1034
726 1051
726 1125
726 1142
727 1027
727 1037
727 1045
727 1089
727 1125
727 1130
728 1009
728 1020
728 1100
728 1112
729 1027
729 1028
729 1081
729 1112
730 1131
731 1008
731 1024
731 1054
731 1061
731 1072
731 1096
731 1122
731 1123
731 1127
731 1144
731 1179
731 1182
732 1011
732 1034
732 1045
732 1049
732 1058
732 1059
732 1060
732 1122
732 1129
732 1152
732 1165
732 1180
732 1190
733 1035
733 1047
733 1049
733 1051
733 1053
733 1059
733 1077
733 1104
733 1161
733 1165
734 1009
734 1022
734 1034
734 1070
734 1094
734 1141
734 1166
734 1167
735 1001
735 1031
735 1038
735 1059
735 1068
735 1074
735 1134
735 1193
735 1199
736 1028
736 1037
736 1054
736 1058
736 1065
736 1067
736 1169
736 1174
737 1019
737 1020
737 1059
737 1087
737 1112
737 1122
737 1184
738 1020
738 1044
738 1085
738 1090
738 1109
738 1115
738 1135
738 1181
739 1087
739 1161
739 1183
739 1194
740 1111
740 1114
740 1135
740 1139
740 1170
740 1196
740 1198
741 1032
741 1138
742 1007
742 1011
742 1015
742 1016
742 1043
742 1073
742 1081
742 1146
742 1162
742 1163
742 1170
742 1177
743 1010
743 1042
743 1050
743 1051
743 1067
743 1068
743 1079
743 1121
743 1144
743 1175
744 1005
744 1060
744 1075
744 1087
744 1135
744 1142
744 1159
744 1161
744 1185
744 1188
744 1198
745 1003
745 1051
745 1090
745 1092
745 1142
745 1145
745 1177
745 1188
746 1002
746 1027
746 1030
746 1046
746 1077
746 1146
746 1186
747 1007
747 1071
747 1082
747 1100
747 1109
747 1131
747 1178
747 1189
748 1075
748 1127
748 1136
748 1140
748 1166
748 1193
749 1059
749 1061
749 1062
749 1066
749 1114
749 1125
749 1166
750 1012
750 1047
750 1050
750 1051
750 1072
750 1084
750 1131
750 1157
750 1167
750 1183
751 1038
751 1045
751 1064
751 1082
751 1096
751 1129
751 1145
751 1146
751 1171
751 1193
752 1005
752 1022
752 1062
752 1072
752 1080
752 1104
752 1123
752 1132
752 1140
752 1159
752 1177
753 1004
753 1076
753 1079
753 1088
753 1091
753 1094
753 1095
753 1106
753 1130
753 1143
754 1028
754 1073
754 1077
754 1101
754 1120
754 1153
754 1182
754 1193
755 1058
755 1059
755 1103
755 1104
755 1122
755 1133
755 1145
755 1169
755 1177
755 1188
756 1044
756 1122
756 1123
756 1155
756 1158
756 1169
756 1177
757 1012
757 1027
757 1052
757 1055
757 1073
757 1075
757 1093
757 1138
758 1015
758 1029
758 1050
758 1126
758 1156
759 1002
759 1025
759 1036
759 1103
759 1116
759 1160
759 1164
760 1058
760 1068
760 1071
760 1150
761 1077
761 1094
761 1105
761 1123
762 1000
762 1027
762 1058
762 1080
762 1095
762 1169
762 1175
762 1191
763 1009
763 1019
763 1036
763 1068
763 1103
763 1117
763 1120
763 1124
763 1164
763 1172
763 1178
763 1183
764 1005
764 1055
764 1075
764 1094
764 1136
764 1156
764 1159
764 1194
765 1048
765 1050
765 1064
765 1073
765 1091
765 1106
765 1115
765 1118
765 1123
765 1138
766 1008
766 1099
766 1134
766 1154
766 1170
766 1177
767 1071
767 1117
767 1120
767 1131
767 1132
767 1134
767 1154
767 1172
768 1011
768 1013
768 1099
768 1141
768 1166
768 1168
768 1198
769 1003
769 1065
769 1082
769 1084
769 1123
769 1147
769 1169
769 1185
770 1079
770 1111
770 1185
771 1000
771 1005
771 1010
771 1011
771 1045
771 1055
771 1077
771 1085
771 1095
771 1131
771 1138
771 1141
772 1007
772 1009
772 1061
772 1082
772 1096
772 1153
772 1156
773 1000
773 1008
773 1026
773 1057
773 1085
773 1114
773 1115
773 1117
773 1118
773 1178
773 1183
774 1007
774 1030
774 1059
774 1072
774 1171
774 1194
774 1198
774 1199
775 1003
775 1005
775 1007
775 1049
775 1064
775 1092
775 1136
775 1148
776 1021
776 1025
776 1064
776 1093
776 1099
776 1106
776 1165
776 1172
777 1008
777 1059
777 1139
777 1158
777 1164
778 1023
778 1049
778 1104
778 1128
778 1157
779 1023
779 1039
779 1072
779 1098
779 1102
780 1000
780 1001
780 1002
780 1054
780 1060
780 1088
780 1090
780 1093
780 1111
780 1113
780 1132
780 1134
780 1156
781 1008
781 1046
781 1095
781 1096
781 1101
781 1109
781 1146
781 1163
781 1166
781 1169
781 1171
781 1188
782 1018
782 1041
782 1044
782 1094
782 1097
782 1119
782 1124
782 1149
782 1152
782 1193
783 1004
783 1039
783 1051
783 1057
783 1075
783 1103
783 1151
783 1178
783 1184
784 1021
784 1023
784 1146
784 1167
785 1013
785 1051
785 1059
785 1096
785 1104
785 1139
785 1193
786 1000
786 1008
786 1045
786 1106
786 1128
786 1134
787 1004
787 1006
787 1022
787 1031
787 1044
787 1077
787 1134
787 1172
788 1009
788 1071
788 1099
788 1108
788 1147
788 1149
788 1154
788 1165
788 1179
789 1010
789 1015
789 1026
789 1036
789 1088
789 1109
789 1151
789 1169
789 1187
789 1190
790 1001
790 1030
790 1044
790 1052
790 1062
790 1105
790 1158
790 1168
790 1186
791 1004
791 1011
791 1047
791 1148
791 1149
791 1175
791 1194
792 1002
792 1042
792 1056
792 1058
792 1127
792 1132
793 1047
793 1154
793 1172
793 1180
794 1013
794 1051
794 1062
794 1098
794 1174
795 1081
795 1165
796 1006
796 1044
796 1117
796 1134
796 1150
796 1165
796 1170
796 1175
796 1179
797 1001
797 1073
797 1091
797 1093
797 1104
797 1129
797 1179
797 1189
797 1195
798 1010
798 1011
798 1027
798 1034
798 1049
798 1063
798 1116
798 1119
798 1154
799 1007
799 1009
799 1015
799 1051
799 1097
799 1136
799 1184
799 1194
800 1047
800 1052
800 1065
800 1133
800 1134
800 1171
801 1050
801 1065
801 1074
801 1076
801 1113
801 1176
801 1186
801 1194
802 1048
802 1060
802 1100
802 1127
802 1168
802 1182
803 1011
803 1020
803 1070
803 1071
803 1072
804 1004
804 1018
804 1053
804 1063
805 1022
805 1026
805 1034
805 1038
805 1080
805 1097
805 1112
805 1114
805 1131
805 1136
805 1160
805 1163
805 1181
805 1198
806 1017
806 1018
806 1066
806 1074
806 1075
806 1088
806 1112
806 1150
806 1160
806 1176
807 1011
807 1026
807 1040
807 1055
807 1057
807 1067
807 1101
807 1134
807 1153
807 1174
807 1198
808 1023
808 1057
808 1062
808 1065
808 1105
808 1112
808 1121
808 1148
808 1166
808 1196
808 1199
809 1013
809 1020
809 1089
809 1124
809 1129
809 1143
809 1156
809 1161
809 1180
809 1190
810 1004
810 1013
810 1110
810 1150
810 1177
810 1196
810 1199
811 1144
811 1187
811 1190
812 1055
812 1096
812 1116
812 1134
813 1064
813 1119
813 1143
813 1164
813 1170
813 1177
814 1024
814 1110
814 1120
815 1013
815 1029
815 1047
815 1055
815 1059
815 1066
815 1067
815 1080
815 1108
815 1132
816 1012
816 1065
816 1088
816 1133
816 1153
816 1161
816 1172
816 1195
816 1197
817 1003
817 1056
817 1061
817 1062
817 1073
817 1089
817 1119
817 1139
817 1174
817 1175
818 1033
818 1064
818 1097
818 1113
818 1159
819 1031
819 1118
819 1154
819 1177
819 1196
820 1014
820 1032
820 1127
820 1180
821 1077
821 1162
821 1184
822 1020
822 1037
822 1038
822 1046
822 1063
822 1072
822 1102
822 1156
822 1187
822 1191
823 1018
823 1067
823 1077
823 1091
823 1149
823 1150
823 1154
823 1168
823 1178
824 1021
824 1026
824 1029
824 1035
824 1046
824 1050
824 1076
824 1194
825 1008
825 1018
825 1028
825 1075
825 1092
825 1137
825 1142
825 1143
825 1152
825 1188
826 1011
826 1035
826 1071
826 1123
826 1128
826 1130
826 1147
826 1190
827 1091
827 1137
827 1138
827 1139
827 1186
827 1199
828 1022
828 1063
828 1065
828 1068
828 1095
828 1128
828 1135
828 1160
829 1021
829 1022
829 1034
829 1036
829 1061
829 1070
829 1164
830 1013
830 1045
830 1064
830 1080
830 1082
830 1095
830 1152
830 1185
831 1033
831 1103
831 1155
831 1171
832 1022
832 1043
832 1093
832 1124
832 1136
833 1052
833 1056
833 1069
833 1082
833 1133
833 1184
834 1004
834 1023
834 1054
834 1065
834 1111
834 1137
834 1154
834 1172
834 1175
835 1026
835 1039
835 1053
835 1062
835 1067
835 1068
835 1074
835 1089
835 1185
835 1186
835 1188
836 1032
836 1033
836 1050
836 1053
836 1078
836 1137
836 1154
836 1199
837 1013
837 1086
837 1136
837 1154
837 1168
837 1196
838 1018
838 1084
838 1096
838 1125
838 1146
838 1167
838 1178
839 1007
839 1020
839 1021
839 1052
839 1075
839 1091
839 1106
839 1110
839 1123
839 1184
840 1015
840 1075
840 1087
840 1095
840 1104
840 1113
840 1141
840 1163
841 1000
841 1001
841 1020
841 1052
841 1053
841 1055
841 1148
841 1162
842 1016
842 1034
842 1045
842 1106
842 1186
843 1013
843 1067
843 1106
843 1126
843 1159
844 1029
844 1052
844 1076
844 1117
845 1003
845 1008
845 1038
845 1064
845 1101
845 1120
846 1013
846 1041
846 1098
846 1109
846 1175
846 1177
846 1197
847 1099
847 1102
847 1112
847 1117
847 1150
848 1060
848 1077
848 1095
848 1122
848 1131
848 1151
849 1006
849 1012
849 1041
849 1046
849 1077
850 1004
850 1014
850 1046
850 1105
850 1179
851 1009
851 1011
851 1048
851 1054
851 1064
851 1070
851 1083
851 1085
851 1090
851 1119
851 1130
851 1182
852 1014
852 1024
852 1030
852 1034
852 1057
852 1063
852 1066
852 1162
853 1007
853 1035
853 1050
853 1059
853 1081
853 1082
853 1097
854 1032
854 1041
854 1122
854 1138
854 1160
854 1189
855 1010
855 1031
855 1060
855 1096
855 1097
855 1160
855 1163
855 1191
856 1060
856 1077
856 1078
856 1106
856 1153
856 1157
856 1164
856 1188
857 1026
857 1059
857 1102
858 1053
858 1055
858 1074
858 1135
858 1163
858 1170
858 1181
859 1000
859 1069
859 1154
859 1194
860 1072
860 1175
861 1012
861 1029
861 1038
861 1063
861 1083
861 1093
861 1116
861 1128
861 1138
861 1157
861 1179
862 1013
862 1033
862 1039
862 1051
862 1073
862 1117
862 1122
862 1134
862 1135
862 1152
862 1182
862 1191
863 1006
863 1014
863 1024
863 1059
863 1085
863 1089
863 1109
863 1111
863 1112
863 1149
863 1172
864 1007
864 1009
864 1019
864 1030
864 1071
864 1113
864 1122
864 1155
864 1174
865 1032
865 1049
865 1077
865 1094
865 1131
865 1173
865 1183
865 1194
866 1002
866 1016
866 1037
866 1039
866 1063
866 1074
866 1077
866 1089
866 1098
866 1102
866 1112
866 1153
866 1171
867 1013
867 1033
867 1038
867 1045
867 1058
867 1091
867 1106
867 1107
867 1177
867 1179
867 1197
868 1060
868 1076
868 1082
868 1095
868 1117
868 1122
868 1139
868 1146
868 1180
869 1056
869 1058
869 1069
869 1108
869 1133
869 1135
869 1159
869 1160
870 1008
870 1041
870 1058
870 1087
870 1091
870 1115
870 1119
870 1130
870 1145
871 1015
871 1016
871 1073
871 1094
871 1143
871 1157
871 1186
872 1009
872 1011
872 1029
872 1063
872 1120
872 1126
872 1151
873 1009
873 1109
873 1154
873 1167
873 1178
873 1179
874 1067
874 1100
874 1143
874 1151
875 1023
875 1044
875 1067
875 1073
875 1074
875 1082
875 1114
875 1164
875 1184
875 1194
876 1000
876 1034
876 1063
876 1086
876 1093
876 1102
876 1105
876 1116
876 1124
877 1019
877 1085
877 1107
877 1110
877 1123
877 1129
877 1139
877 1164
877 1169
877 1179
877 1189
878 1047
878 1096
878 1117
878 1144
878 1146
878 1151
878 1155
879 1009
879 1012
879 1030
879 1082
879 1102
879 1103
879 1106
879 1140
879 1190
880 1006
880 1027
880 1085
880 1151
880 1181
880 1196
881 1055
881 1059
881 1074
881 1110
881 1122
881 1167
881 1177
882 1020
882 1078
882 1146
882 1165
883 1031
883 1032
883 1080
883 1082
883 1111
883 1120
883 1179
883 1182
883 1185
883 1197
884 1004
884 1017
884 1074
884 1080
884 1140
884 1148
884 1150
884 1194
885 1008
885 1029
885 1033
885 1036
885 1069
885 1101
885 1123
885 1174
886 1023
886 1037
886 1038
886 1040
886 1064
886 1085
886 1127
886 1130
886 1190
887 1035
887 1046
887 1056
887 1071
887 1113
887 1167
887 1191
888 1013
888 1022
888 1073
888 1082
888 1084
888 1146
888 1174
889 1033
889 1035
889 1036
889 1169
889 1197
890 1017
890 1049
890 1059
890 1099
890 1180
890 1182
891 1067
891 1137
891 1159
891 1189
892 1032
892 1109
892 1145
892 1148
892 1188
892 1193
893 1008
893 1041
893 1083
893 1091
893 1111
893 1119
893 1134
893 1174
893 1186
893 1198
894 1004
894 1006
894 1089
894 1151
894 1178
895 1083
895 1098
895 1131
895 1136
895 1199
896 1043
896 1070
896 1124
896 1140
896 1198
897 1023
897 1044
897 1150
897 1162
897 1187
898 1026
898 1030
898 1049
898 1053
898 1056
898 1067
898 1093
898 1099
898 1112
898 1113
898 1127
898 1132
898 1152
898 1166
898 1167
898 1175
899 1025
899 1031
899 1063
899 1084
899 1110
899 1146
899 1151
899 1158
900 1045
900 1050
900 1056
900 1063
900 1091
900 1098
900 1102
900 1161
900 1189
900 1192
901 1033
901 1043
901 1044
901 1061
901 1078
901 1161
901 1176
901 1179
901 1195
902 1014
902 1057
902 1061
902 1069
902 1084
902 1155
902 1165
902 1168
902 1170
903 1051
903 1060
903 1074
903 1075
903 1171
903 1181
903 1190
904 1007
904 1016
904 1018
904 1028
904 1088
904 1116
904 1183
905 1037
905 1046
905 1130
905 1145
905 1175
906 1031
906 1039
906 1061
906 1138
906 1155
907 1000
907 1011
907 1074
907 1083
907 1107
907 1126
907 1146
907 1153
907 1160
907 1190
907 1192
908 1008
908 1052
908 1060
908 1092
908 1097
908 1110
908 1125
909 1011
909 1065
909 1068
909 1078
909 1098
909 1104
909 1106
909 1128
909 1141
909 1143
909 1185
910 1028
910 1056
910 1075
910 1085
910 1092
910 1139
910 1152
910 1195
911 1034
911 1053
911 1072
911 1081
911 1155
912 1005
912 1055
912 1077
912 1083
912 1135
912 1158
912 1166
913 1018
913 1020
913 1079
913 1107
913 1161
913 1174
913 1177
913 1196
914 1005
914 1007
914 1146
914 1155
915 1043
915 1063
915 1079
915 1110
915 1155
915 1164
915 1197
916 1015
916 1024
916 1052
916 1083
916 1112
916 1191
917 1059
917 1060
917 1064
917 1093
917 1102
917 1164
918 1134
918 1135
918 1160
918 1187
919 1035
919 1049
919 1115
919 1123
919 1139
919 1143
919 1146
919 1178
919 1193
920 1008
920 1030
920 1063
920 1078
920 1084
920 1095
920 1134
920 1143
920 1184
921 1003
921 1042
921 1049
921 1053
921 1068
921 1140
921 1157
921 1189
922 1048
922 1084
922 1141
922 1146
922 1171
922 1181
923 1117
923 1127
923 1142
923 1168
923 1174
923 1177
924 1002
924 1065
924 1070
924 1071
924 1126
924 1161
925 1014
925 1025
925 1052
925 1071
925 1131
925 1191
926 1009
926 1056
926 1087
926 1107
926 1116
926 1180
927 1003
927 1011
927 1046
927 1084
927 1114
927 1156
927 1162
928 1066
928 1074
928 1082
928 1083
928 1166
929 1041
929 1042
929 1045
929 1106
929 1108
929 1114
929 1131
929 1136
929 1168
929 1177
929 1179
930 1039
930 1076
930 1194
931 1002
931 1030
931 1089
931 1116
931 1124
931 1131
931 1179
931 1181
931 1184
931 1188
932 1036
932 1102
932 1115
932 1163
932 1164
932 1168
932 1179
932 1187
933 1011
933 1040
933 1059
933 1083
933 1104
933 1135
933 1138
933 1139
934 1008
934 1022
934 1029
934 1038
934 1125
934 1138
934 1173
934 1185
935 1000
935 1005
935 1014
935 1079
935 1097
935 1108
935 1146
935 1185
935 1195
936 1001
936 1038
936 1041
936 1047
936 1095
936 1131
936 1148
936 1149
936 1189
937 1014
937 1033
937 1048
937 1067
937 1130
937 1142
937 1157
937 1179
938 1101
938 1104
938 1108
938 1125
939 1068
939 1074
939 1085
939 1171
940 1017
940 1079
940 1088
941 1012
941 1015
941 1099
941 1178
941 1192
942 1041
942 1055
942 1160
942 1168
942 1181
943 1115
943 1123
943 1177
944 1002
944 1015
944 1042
944 1055
944 1061
944 1067
944 1083
944 1091
944 1135
944 1137
944 1143
944 1185
945 1004
945 1021
945 1045
945 1058
945 1111
945 1146
946 1020
946 1031
946 1046
946 1064
946 1069
946 1087
946 1118
946 1125
946 1135
946 1166
946 1171
946 1184
947 1021
947 1036
947 1068
947 1123
947 1146
947 1163
947 1196
948 1001
948 1018
948 1057
948 1062
948 1070
948 1082
948 1099
948 1128
948 1177
948 1184
949 1026
949 1035
949 1087
949 1106
949 1107
949 1113
949 1160
949 1163
950 1069
950 1091
950 1138
950 1164
951 1040
951 1106
951 1153
951 1161
951 1170
951 1177
952 1012
952 1045
952 1091
952 1189
952 1199
953 1016
953 1101
953 1123
953 1179
953 1180
953 1183
954 1001
954 1007
954 1016
954 1110
954 1143
955 1000
955 1024
955 1034
955 1037
955 1051
955 1065
955 1079
955 1100
955 1106
955 1108
955 1127
955 1141
956 1000
956 1009
956 1033
956 1038
956 1040
956 1054
956 1065
956 1102
956 1105
956 1134
956 1156
956 1194
957 1057
957 1067
957 1080
957 1119
957 1164
957 1178
957 1199
958 1005
958 1013
958 1029
958 1077
958 1108
958 1137
958 1157
958 1165
958 1172
958 1183
959 1012
959 1032
959 1038
959 1092
959 1145
959 1175
959 1187
959 1196
960 1023
960 1036
960 1043
960 1067
960 1069
960 1160
960 1169
961 1047
961 1054
961 1060
961 1073
962 1000
962 1016
962 1112
962 1127
962 1187
963 1013
963 1102
963 1107
963 1173
964 1018
964 1059
965 1046
965 1082
965 1086
965 1158
965 1178
966 1039
966 1167
967 1000
967 1006
967 1013
967 1018
967 1057
967 1107
967 1115
967 1136
967 1155
967 1175
967 1191
968 1015
968 1025
968 1026
968 1065
968 1069
968 1084
968 1087
968 1129
968 1156
968 1196
969 1052
969 1091
969 1092
969 1106
969 1120
969 1124
969 1127
969 1138
969 1165
969 1195
970 1051
970 1058
970 1060
970 1079
970 1082
970 1115
970 1141
970 1160
971 1027
971 1063
971 1077
971 1086
971 1108
972 1053
972 1082
972 1117
972 1123
972 1179
972 1193
972 1195
973 1049
973 1063
973 1084
973 1097
973 1129
973 1150
974 1026
974 1059
974 1071
974 1116
974 1125
974 1128
974 1137
974 1141
974 1151
975 1015
975 1018
975 1033
975 1038
975 1078
975 1089
975 1132
975 1138
975 1185
975 1189
975 1197
976 1002
976 1011
976 1027
976 1053
976 1086
976 1107
976 1123
977 1044
977 1065
977 1073
977 1089
977 1126
977 1129
977 1140
977 1149
978 1051
978 1067
978 1087
978 1140
978 1146
978 1183
979 1010
979 1079
979 1108
979 1147
980 1010
980 1068
980 1069
980 1185
981 1011
981 1025
981 1045
981 1047
981 1055
981 1100
981 1109
981 1132
981 1187
981 1189
982 1027
982 1051
982 1056
982 1076
982 1085
982 1097
982 1122
982 1152
982 1198
983 1002
983 1003
983 1009
983 1067
983 1072
983 1093
983 1096
983 1116
984 1019
984 1037
984 1148
984 1157
984 1167
984 1169
984 1171
984 1176
985 1049
985 1068
985 1069
985 1123
985 1167
985 1179
985 1186
986 1037
986 1064
986 1092
986 1163
986 1181
986 1197
987 1015
987 1021
987 1061
987 1067
987 1118
987 1155
988 1008
988 1047
988 1054
988 1081
988 1091
988 1141
989 1012
989 1057
989 1110
989 1171
990 1023
990 1095
991 1023
991 1107
991 1175
991 1179
992 1002
992 1009
992 1032
992 1049
992 1088
992 1094
992 1096
992 1124
992 1139
992 1171
992 1172
992 1174
992 1181
992 1196
993 1032
993 1037
993 1056
993 1059
993 1070
993 1074
993 1083
993 1085
993 1096
993 1121
993 1147
993 1189
994 1018
994 1092
994 1093
994 1122
994 1190
995 1007
995 1027
995 1043
995 1104
995 1113
995 1145
995 1148
995 1156
995 1177
996 1038
996 1065
996 1101
996 1119
996 1148
996 1164
996 1180
997 1013
997 1053
997 1091
997 1121
997 1129
997 1134
997 1141
997 1194
997 1195
998 1009
998 1067
998 1094
998 1109
998 1119
998 1121
998 1134
998 1162
998 1168
998 1169
999 1019
999 1029
999 1065
999 1071
999 1108
1000 21
1000 113
1000 165
1000 167
1000 267
1000 275
1000 304
1000 309
1000 318
1000 377
1000 404
1000 411
1000 453
1000 482
1000 486
1000 586
1000 608
1000 634
1000 651
1000 694
1000 708
1000 762
1000 771
1000 773
1000 780
1000 826
1000 859
1000 876
1000 908
1000 955
1000 964
1000 967
1001 9
1001 18
1001 54
1001 63
1001 111
1001 115
1001 172
1001 190
1001 237
1001 251
1001 296
1001 317
1001 325
1001 356
1001 443
1001 446
1001 473
1001 555
1001 561
1001 614
1001 671
1001 673
1001 683
1001 687
1001 754
1001 790
1001 797
1001 841
1001 925
1001 936
1001 944
1001 948
1001 954
1002 16
1002 57
1002 135
1002 189
1002 194
1002 195
1002 197
1002 206
1002 219
1002 234
1002 283
1002 288
1002 290
1002 293
1002 299
1002 433
1002 475
1002 508
1002 509
1002 541
1002 560
1002 651
1002 706
1002 721
1002 746
1002 759
1002 772
1002 791
1002 924
1002 931
1002 944
1002 959
1002 976
1002 983
1002 989
1002 992
1003 0
1003 18
1003 24
1003 52
1003 131
1003 165
1003 184
1003 269
1003 319
1003 324
1003 339
1003 344
1003 402
1003 407
1003 426
1003 517
1003 542
1003 544
1003 617
1003 620
1003 673
1003 676
1003 723
1003 745
1003 772
1003 775
1003 845
1003 899
1003 921
1003 922
1003 927
1003 961
1003 983
1004 18
1004 71
1004 102
1004 109
1004 162
1004 165
1004 200
1004 204
1004 250
1004 276
1004 285
1004 292
1004 322
1004 338
1004 343
1004 365
1004 379
1004 406
1004 415
1004 421
1004 434
1004 608
1004 631
1004 660
1004 701
1004 725
1004 783
1004 787
1004 797
1004 804
1004 810
1004 834
1004 843
1004 850
1004 854
1004 861
1004 862
1004 894
1004 930
1004 994
1005 10
1005 81
1005 83
1005 168
1005 172
1005 235
1005 251
1005 269
1005 294
1005 306
1005 339
1005 343
1005 344
1005 352
1005 369
1005 375
1005 380
1005 403
1005 408
1005 412
1005 417
1005 474
1005 518
1005 538
1005 620
1005 686
1005 705
1005 744
1005 752
1005 764
1005 771
1005 871
1005 892
1005 912
1005 935
1006 12
1006 21
1006 183
1006 219
1006 223
1006 240
1006 309
1006 326
1006 349
1006 429
1006 460
1006 529
1006 541
1006 555
1006 577
1006 595
1006 641
1006 675
1006 681
1006 695
1006 787
1006 796
1006 797
1006 849
1006 863
1006 880
1006 911
1006 967
1006 976
1006 981
1007 31
1007 73
1007 112
1007 116
1007 142
1007 244
1007 247
1007 248
1007 252
1007 287
1007 288
1007 342
1007 363
1007 380
1007 381
1007 386
1007 409
1007 423
1007 523
1007 535
1007 574
1007 598
1007 635
1007 636
1007 655
1007 698
1007 704
1007 770
1007 775
1007 904
1007 914
1007 979
1007 992
1007 995
1008 14
1008 111
1008 131
1008 153
1008 183
1008 217
1008 238
1008 265
1008 293
1008 318
1008 348
1008 350
1008 410
1008 418
1008 473
1008 478
1008 496
1008 520
1008 527
1008 567
1008 572
1008 579
1008 599
1008 608
1008 633
1008 641
1008 655
1008 766
1008 773
1008 777
1008 781
1008 786
1008 825
1008 845
1008 885
1008 893
1008 934
1008 955
1008 985
1008 988
1009 19
1009 57
1009 97
1009 103
1009 124
1009 152
1009 170
1009 284
1009 342
1009 346
1009 399
1009 480
1009 487
1009 524
1009 534
1009 541
1009 605
1009 621
1009 661
1009 667
1009 673
1009 728
1009 734
1009 763
1009 772
1009 845
1009 853
1009 864
1009 873
1009 892
1009 926
1009 956
1009 983
1009 990
1010 5
1010 41
1010 67
1010 87
1010 103
1010 134
1010 157
1010 166
1010 233
1010 234
1010 252
1010 259
1010 264
1010 265
1010 280
1010 335
1010 346
1010 482
1010 485
1010 489
1010 495
1010 500
1010 535
1010 545
1010 617
1010 629
1010 641
1010 649
1010 686
1010 724
1010 743
1010 771
1010 789
1010 798
1010 871
1010 912
1010 979
1010 980
1011 0
1011 92
1011 154
1011 171
1011 190
1011 201
1011 209
1011 273
1011 297
1011 300
1011 323
1011 325
1011 328
1011 349
1011 372
1011 429
1011 435
1011 437
1011 454
1011 479
1011 501
1011 594
1011 611
1011 648
1011 664
1011 696
1011 719
1011 732
1011 742
1011 752
1011 768
1011 771
1011 851
1011 869
1011 872
1011 927
1011 981
1012 32
1012 97
1012 128
1012 130
1012 132
1012 152
1012 162
1012 163
1012 168
1012 177
1012 199
1012 207
1012 219
1012 237
1012 244
1012 259
1012 271
1012 284
1012 309
1012 316
1012 319
1012 329
1012 339
1012 397
1012 401
1012 420
1012 613
1012 653
1012 656
1012 665
1012 687
1012 692
1012 706
1012 757
1012 816
1012 840
1012 861
1012 875
1012 879
1012 895
1012 896
1012 952
1012 959
1013 50
1013 75
1013 82
1013 125
1013 180
1013 187
1013 211
1013 217
1013 218
1013 228
1013 250
1013 305
1013 350
1013 439
1013 460
1013 494
1013 500
1013 525
1013 535
1013 543
1013 567
1013 575
1013 607
1013 610
1013 629
1013 636
1013 650
1013 659
1013 678
1013 768
1013 785
1013 809
1013 810
1013 815
1013 830
1013 835
1013 837
1013 846
1013 867
1013 888
1013 958
1013 963
1013 997
1014 11
1014 22
1014 81
1014 100
1014 113
1014 121
1014 140
1014 152
1014 216
1014 262
1014 286
1014 299
1014 322
1014 363
1014 378
1014 389
1014 395
1014 433
1014 451
1014 455
1014 462
1014 478
1014 517
1014 539
1014 607
1014 616
1014 632
1014 664
1014 690
1014 719
1014 782
1014 794
1014 820
1014 850
1014 851
1014 857
1014 869
1014 925
1014 937
1014 992
1015 19
1015 33
1015 63
1015 64
1015 105
1015 106
1015 110
1015 122
1015 143
1015 258
1015 260
1015 299
1015 307
1015 346
1015 358
1015 385
1015 403
1015 416
1015 417
1015 422
1015 458
1015 502
1015 513
1015 527
1015 596
1015 604
1015 617
1015 622
1015 625
1015 648
1015 707
1015 742
1015 789
1015 799
1015 916
1015 941
1015 944
1015 968
1015 975
1015 987
1016 28
1016 30
1016 92
1016 102
1016 148
1016 171
1016 264
1016 266
1016 345
1016 348
1016 381
1016 389
1016 401
1016 468
1016 518
1016 527
1016 536
1016 546
1016 558
1016 561
1016 624
1016 660
1016 661
1016 682
1016 707
1016 742
1016 797
1016 842
1016 899
1016 904
1016 953
1016 954
1016 962
1017 57
1017 77
1017 103
1017 118
1017 122
1017 141
1017 144
1017 186
1017 191
1017 222
1017 233
1017 242
1017 307
1017 311
1017 316
1017 354
1017 373
1017 390
1017 467
1017 480
1017 517
1017 531
1017 540
1017 562
1017 601
1017 615
1017 617
1017 638
1017 657
1017 659
1017 664
1017 686
1017 690
1017 700
1017 703
1017 806
1017 884
1017 887
1017 890
1017 899
1018 62
1018 92
1018 100
1018 112
1018 117
1018 149
1018 154
1018 211
1018 220
1018 225
1018 237
1018 273
1018 317
1018 320
1018 339
1018 373
1018 410
1018 435
1018 443
1018 503
1018 558
1018 579
1018 682
1018 754
1018 782
1018 796
1018 804
1018 823
1018 828
1018 839
1018 868
1018 875
1018 904
1018 931
1018 964
1018 975
1018 994
1019 7
1019 11
1019 58
1019 82
1019 99
1019 180
1019 200
1019 254
1019 309
1019 332
1019 336
1019 343
1019 371
1019 387
1019 391
1019 419
1019 424
1019 433
1019 436
1019 446
1019 474
1019 493
1019 508
1019 512
1019 546
1019 582
1019 605
1019 622
1019 631
1019 641
1019 647
1019 657
1019 675
1019 676
1019 690
1019 737
1019 739
1019 751
1019 763
1019 815
1019 821
1019 854
1019 862
1019 864
1019 877
1019 984
1019 999
1020 3
1020 4
1020 46
1020 69
1020 78
1020 105
1020 112
1020 136
1020 156
1020 197
1020 209
1020 235
1020 412
1020 442
1020 452
1020 526
1020 531
1020 532
1020 534
1020 543
1020 544
1020 632
1020 640
1020 653
1020 658
1020 721
1020 728
1020 737
1020 750
1020 803
1020 809
1020 839
1020 844
1020 913
1020 957
1021 20
1021 40
1021 71
1021 72
1021 148
1021 232
1021 244
1021 249
1021 252
1021 274
1021 282
1021 296
1021 321
1021 341
1021 361
1021 401
1021 407
1021 443
1021 450
1021 458
1021 460
1021 528
1021 533
1021 543
1021 561
1021 603
1021 650
1021 679
1021 711
1021 776
1021 784
1021 798
1021 824
1021 829
1021 839
1021 945
1021 947
1021 978
1021 987
1022 14
1022 18
1022 19
1022 20
1022 33
1022 58
1022 73
1022 94
1022 95
1022 100
1022 154
1022 160
1022 172
1022 194
1022 237
1022 242
1022 338
1022 353
1022 368
1022 412
1022 417
1022 433
1022 448
1022 458
1022 463
1022 467
1022 518
1022 531
1022 536
1022 583
1022 589
1022 590
1022 633
1022 637
1022 708
1022 722
1022 734
1022 752
1022 787
1022 805
1022 828
1022 829
1022 860
1022 888
1022 929
1022 934
1022 968
1022 993
1022 994
1023 35
1023 65
1023 76
1023 153
1023 181
1023 210
1023 227
1023 233
1023 238
1023 246
1023 247
1023 256
1023 277
1023 294
1023 298
1023 438
1023 444
1023 453
1023 487
1023 501
1023 514
1023 519
1023 594
1023 609
1023 620
1023 641
1023 667
1023 673
1023 675
1023 708
1023 778
1023 779
1023 784
1023 808
1023 835
1023 870
1023 875
1023 960
1023 990
1023 991
1024 19
1024 27
1024 48
1024 107
1024 113
1024 139
1024 246
1024 264
1024 282
1024 293
1024 300
1024 355
1024 356
1024 367
1024 401
1024 414
1024 421
1024 447
1024 459
1024 463
1024 474
1024 476
1024 580
1024 633
1024 643
1024 683
1024 689
1024 731
1024 742
1024 755
1024 916
1024 955
1025 16
1025 23
1025 42
1025 93
1025 94
1025 109
1025 162
1025 224
1025 268
1025 276
1025 277
1025 288
1025 318
1025 378
1025 388
1025 389
1025 416
1025 471
1025 485
1025 495
1025 527
1025 604
1025 628
1025 655
1025 701
1025 759
1025 815
1025 853
1025 856
1025 859
1025 899
1025 925
1025 968
1025 981
1026 43
1026 66
1026 68
1026 79
1026 176
1026 177
1026 210
1026 222
1026 240
1026 254
1026 305
1026 319
1026 341
1026 357
1026 391
1026 428
1026 438
1026 448
1026 465
1026 481
1026 508
1026 514
1026 522
1026 545
1026 585
1026 593
1026 623
1026 628
1026 662
1026 679
1026 710
1026 731
1026 759
1026 768
1026 773
1026 789
1026 805
1026 824
1026 867
1026 884
1026 898
1026 949
1026 959
1026 968
1026 974
1027 2
1027 32
1027 48
1027 73
1027 101
1027 190
1027 276
1027 316
1027 387
1027 417
1027 480
1027 483
1027 528
1027 579
1027 590
1027 639
1027 650
1027 688
1027 746
1027 757
1027 851
1027 880
1027 899
1027 904
1027 940
1027 971
1027 976
1027 995
1028 26
1028 29
1028 48
1028 53
1028 60
1028 93
1028 128
1028 140
1028 209
1028 222
1028 257
1028 261
1028 311
1028 322
1028 329
1028 331
1028 349
1028 407
1028 420
1028 430
1028 478
1028 479
1028 523
1028 557
1028 564
1028 578
1028 609
1028 622
1028 624
1028 633
1028 647
1028 676
1028 693
1028 699
1028 825
1028 904
1028 957
1028 979
1028 990
1029 4
1029 17
1029 41
1029 74
1029 92
1029 101
1029 115
1029 133
1029 146
1029 175
1029 199
1029 209
1029 234
1029 271
1029 282
1029 314
1029 317
1029 328
1029 347
1029 364
1029 413
1029 471
1029 500
1029 551
1029 557
1029 562
1029 569
1029 587
1029 590
1029 597
1029 601
1029 671
1029 815
1029 844
1029 852
1029 861
1029 872
1029 931
1029 957
1029 958
1030 8
1030 22
1030 187
1030 188
1030 208
1030 210
1030 219
1030 275
1030 345
1030 366
1030 385
1030 386
1030 390
1030 411
1030 416
1030 420
1030 440
1030 498
1030 504
1030 513
1030 520
1030 525
1030 534
1030 572
1030 578
1030 581
1030 583
1030 616
1030 629
1030 645
1030 671
1030 683
1030 706
1030 721
1030 746
1030 783
1030 827
1030 852
1030 920
1030 931
1030 992
1031 37
1031 65
1031 79
1031 88
1031 98
1031 107
1031 137
1031 143
1031 155
1031 205
1031 233
1031 308
1031 312
1031 325
1031 343
1031 358
1031 397
1031 476
1031 496
1031 587
1031 589
1031 604
1031 636
1031 652
1031 679
1031 702
1031 718
1031 787
1031 788
1031 819
1031 855
1031 883
1031 899
1031 906
1032 85
1032 135
1032 230
1032 239
1032 244
1032 251
1032 306
1032 320
1032 326
1032 347
1032 366
1032 410
1032 431
1032 559
1032 583
1032 610
1032 615
1032 643
1032 653
1032 669
1032 687
1032 692
1032 725
1032 753
1032 766
1032 777
1032 820
1032 836
1032 865
1032 883
1032 892
1032 959
1032 992
1033 25
1033 38
1033 71
1033 124
1033 135
1033 138
1033 146
1033 183
1033 187
1033 203
1033 205
1033 293
1033 338
1033 348
1033 362
1033 368
1033 369
1033 396
1033 401
1033 419
1033 462
1033 463
1033 475
1033 483
1033 487
1033 497
1033 504
1033 506
1033 529
1033 537
1033 590
1033 597
1033 618
1033 643
1033 647
1033 682
1033 704
1033 764
1033 812
1033 831
1033 836
1033 862
1033 867
1033 889
1033 937
1033 940
1033 956
1034 20
1034 28
1034 38
1034 45
1034 89
1034 91
1034 127
1034 137
1034 193
1034 200
1034 234
1034 262
1034 282
1034 303
1034 307
1034 340
1034 365
1034 393
1034 408
1034 479
1034 514
1034 524
1034 532
1034 547
1034 588
1034 628
1034 694
1034 698
1034 726
1034 732
1034 750
1034 773
1034 792
1034 805
1034 822
1034 823
1034 829
1034 842
1034 852
1034 911
1034 919
1034 995
1035 16
1035 20
1035 42
1035 51
1035 125
1035 166
1035 251
1035 291
1035 309
1035 349
1035 362
1035 379
1035 435
1035 440
1035 451
1035 456
1035 461
1035 485
1035 492
1035 504
1035 534
1035 577
1035 584
1035 603
1035 616
1035 650
1035 651
1035 693
1035 714
1035 718
1035 733
1035 824
1035 853
1035 887
1035 889
1035 919
1036 30
1036 113
1036 123
1036 130
1036 134
1036 209
1036 221
1036 236
1036 238
1036 241
1036 244
1036 265
1036 266
1036 281
1036 283
1036 327
1036 380
1036 405
1036 433
1036 459
1036 488
1036 513
1036 537
1036 571
1036 583
1036 601
1036 630
1036 633
1036 638
1036 650
1036 684
1036 759
1036 789
1036 889
1036 924
1036 947
1036 990
1037 48
1037 62
1037 71
1037 160
1037 228
1037 312
1037 314
1037 333
1037 350
1037 359
1037 464
1037 466
1037 485
1037 488
1037 490
1037 496
1037 506
1037 571
1037 590
1037 628
1037 652
1037 666
1037 675
1037 683
1037 685
1037 701
1037 720
1037 772
1037 844
1037 864
1037 870
1037 892
1037 905
1037 954
1037 955
1037 974
1037 984
1037 986
1038 3
1038 4
1038 14
1038 43
1038 76
1038 81
1038 110
1038 158
1038 162
1038 175
1038 226
1038 245
1038 252
1038 260
1038 262
1038 265
1038 300
1038 305
1038 308
1038 320
1038 336
1038 376
1038 417
1038 429
1038 436
1038 461
1038 469
1038 503
1038 558
1038 574
1038 616
1038 659
1038 660
1038 699
1038 700
1038 719
1038 733
1038 751
1038 758
1038 822
1038 845
1038 854
1038 886
1038 934
1038 936
1038 959
1038 975
1038 996
1039 17
1039 25
1039 54
1039 83
1039 107
1039 108
1039 152
1039 157
1039 162
1039 229
1039 274
1039 277
1039 284
1039 302
1039 316
1039 320
1039 328
1039 363
1039 377
1039 398
1039 416
1039 446
1039 448
1039 455
1039 474
1039 482
1039 499
1039 542
1039 544
1039 599
1039 628
1039 648
1039 689
1039 783
1039 835
1039 862
1039 866
1039 906
1039 966
1040 17
1040 27
1040 47
1040 161
1040 163
1040 167
1040 222
1040 223
1040 225
1040 236
1040 272
1040 299
1040 324
1040 386
1040 415
1040 444
1040 460
1040 489
1040 519
1040 520
1040 546
1040 572
1040 611
1040 684
1040 715
1040 716
1040 807
1040 886
1040 933
1040 951
1040 956
1041 17
1041 53
1041 69
1041 117
1041 136
1041 215
1041 223
1041 236
1041 239
1041 292
1041 358
1041 379
1041 403
1041 405
1041 413
1041 450
1041 537
1041 606
1041 663
1041 706
1041 711
1041 718
1041 782
1041 849
1041 854
1041 870
1041 893
1041 929
1041 942
1042 9
1042 50
1042 117
1042 136
1042 148
1042 150
1042 210
1042 234
1042 298
1042 300
1042 307
1042 324
1042 376
1042 386
1042 415
1042 487
1042 494
1042 522
1042 540
1042 561
1042 569
1042 650
1042 756
1042 775
1042 779
1042 792
1042 845
1042 917
1042 921
1042 929
1042 982
1043 13
1043 31
1043 52
1043 53
1043 58
1043 61
1043 67
1043 75
1043 80
1043 101
1043 163
1043 168
1043 171
1043 184
1043 212
1043 213
1043 234
1043 292
1043 376
1043 387
1043 392
1043 407
1043 526
1043 536
1043 544
1043 548
1043 581
1043 631
1043 635
1043 640
1043 645
1043 675
1043 706
1043 742
1043 832
1043 837
1043 844
1043 896
1043 901
1043 915
1043 930
1043 960
1043 995
1044 8
1044 9
1044 13
1044 30
1044 32
1044 43
1044 65
1044 113
1044 118
1044 121
1044 159
1044 237
1044 359
1044 454
1044 495
1044 496
1044 508
1044 538
1044 540
1044 547
1044 604
1044 611
1044 649
1044 665
1044 689
1044 703
1044 756
1044 768
1044 782
1044 796
1044 800
1044 824
1044 875
1044 900
1044 977
1044 998
1045 4
1045 16
1045 29
1045 108
1045 125
1045 137
1045 173
1045 198
1045 199
1045 261
1045 262
1045 271
1045 292
1045 303
1045 308
1045 321
1045 355
1045 383
1045 385
1045 407
1045 427
1045 434
1045 465
1045 472
1045 483
1045 509
1045 514
1045 521
1045 545
1045 546
1045 592
1045 627
1045 636
1045 671
1045 700
1045 722
1045 727
1045 751
1045 771
1045 786
1045 830
1045 842
1045 867
1045 891
1045 900
1045 945
1045 952
1045 981
1046 5
1046 48
1046 50
1046 69
1046 71
1046 91
1046 95
1046 99
1046 103
1046 112
1046 148
1046 200
1046 214
1046 266
1046 289
1046 344
1046 354
1046 404
1046 516
1046 536
1046 560
1046 569
1046 603
1046 621
1046 628
1046 635
1046 671
1046 697
1046 746
1046 766
1046 778
1046 781
1046 822
1046 824
1046 849
1046 887
1046 927
1046 930
1046 941
1047 1
1047 9
1047 35
1047 82
1047 243
1047 278
1047 284
1047 318
1047 337
1047 347
1047 394
1047 422
1047 433
1047 444
1047 547
1047 578
1047 592
1047 612
1047 620
1047 622
1047 650
1047 678
1047 717
1047 730
1047 733
1047 791
1047 793
1047 800
1047 815
1047 932
1047 936
1047 957
1047 977
1047 981
1047 987
1048 22
1048 45
1048 63
1048 78
1048 91
1048 148
1048 242
1048 279
1048 281
1048 287
1048 327
1048 361
1048 433
1048 467
1048 488
1048 490
1048 536
1048 543
1048 583
1048 584
1048 629
1048 630
1048 724
1048 743
1048 765
1048 799
1048 851
1048 922
1048 937
1048 978
1049 17
1049 35
1049 71
1049 76
1049 156
1049 164
1049 217
1049 227
1049 244
1049 283
1049 317
1049 320
1049 358
1049 359
1049 362
1049 366
1049 404
1049 418
1049 436
1049 451
1049 462
1049 463
1049 500
1049 522
1049 529
1049 536
1049 540
1049 650
1049 667
1049 677
1049 683
1049 685
1049 688
1049 703
1049 732
1049 775
1049 798
1049 865
1049 884
1049 890
1049 898
1049 919
1049 973
1049 976
1049 985
1049 992
1050 13
1050 17
1050 24
1050 44
1050 52
1050 152
1050 166
1050 179
1050 231
1050 271
1050 275
1050 282
1050 288
1050 291
1050 331
1050 352
1050 363
1050 398
1050 449
1050 455
1050 472
1050 501
1050 530
1050 547
1050 580
1050 618
1050 651
1050 662
1050 676
1050 694
1050 696
1050 719
1050 743
1050 750
1050 765
1050 801
1050 824
1050 837
1050 853
1050 908
1050 925
1050 930
1051 20
1051 21
1051 22
1051 96
1051 126
1051 165
1051 233
1051 266
1051 300
1051 318
1051 405
1051 415
1051 516
1051 524
1051 560
1051 601
1051 687
1051 726
1051 733
1051 743
1051 750
1051 783
1051 785
1051 794
1051 844
1051 853
1051 903
1051 905
1051 913
1051 955
1051 966
1051 970
1051 971
1051 978
1051 982
1052 17
1052 64
1052 112
1052 145
1052 147
1052 160
1052 176
1052 203
1052 227
1052 233
1052 263
1052 265
1052 352
1052 387
1052 422
1052 470
1052 478
1052 502
1052 579
1052 642
1052 661
1052 695
1052 790
1052 822
1052 839
1052 841
1052 908
1052 963
1052 995
1053 30
1053 103
1053 147
1053 171
1053 192
1053 239
1053 288
1053 332
1053 375
1053 395
1053 404
1053 410
1053 430
1053 460
1053 471
1053 525
1053 539
1053 562
1053 615
1053 625
1053 626
1053 644
1053 733
1053 804
1053 832
1053 835
1053 841
1053 851
1053 858
1053 898
1053 911
1053 921
1053 938
1053 976
1053 997
1054 53
1054 84
1054 93
1054 96
1054 98
1054 126
1054 158
1054 176
1054 195
1054 208
1054 236
1054 268
1054 306
1054 307
1054 319
1054 365
1054 377
1054 520
1054 536
1054 554
1054 566
1054 589
1054 623
1054 629
1054 670
1054 677
1054 688
1054 707
1054 709
1054 712
1054 731
1054 780
1054 790
1054 834
1054 851
1054 936
1054 961
1055 6
1055 8
1055 10
1055 71
1055 84
1055 132
1055 151
1055 174
1055 200
1055 205
1055 217
1055 236
1055 257
1055 259
1055 272
1055 299
1055 333
1055 360
1055 381
1055 388
1055 402
1055 415
1055 436
1055 437
1055 438
1055 464
1055 485
1055 497
1055 498
1055 519
1055 615
1055 618
1055 629
1055 649
1055 656
1055 695
1055 706
1055 714
1055 718
1055 757
1055 764
1055 771
1055 807
1055 812
1055 815
1055 857
1055 858
1055 881
1055 912
1055 942
1055 944
1056 21
1056 77
1056 93
1056 122
1056 124
1056 143
1056 149
1056 163
1056 171
1056 209
1056 250
1056 274
1056 284
1056 296
1056 314
1056 324
1056 375
1056 424
1056 443
1056 462
1056 463
1056 466
1056 482
1056 494
1056 528
1056 535
1056 546
1056 573
1056 589
1056 601
1056 623
1056 632
1056 659
1056 689
1056 726
1056 741
1056 746
1056 784
1056 792
1056 817
1056 833
1056 843
1056 860
1056 865
1056 869
1056 887
1056 888
1056 898
1056 900
1056 910
1056 926
1056 935
1056 982
1056 993
1057 0
1057 32
1057 48
1057 142
1057 158
1057 174
1057 198
1057 205
1057 221
1057 239
1057 271
1057 301
1057 314
1057 330
1057 412
1057 436
1057 468
1057 499
1057 538
1057 545
1057 580
1057 658
1057 669
1057 689
1057 703
1057 773
1057 783
1057 807
1057 808
1057 852
1057 902
1057 945
1057 967
1057 989
1058 86
1058 97
1058 100
1058 122
1058 145
1058 156
1058 173
1058 209
1058 280
1058 296
1058 302
1058 323
1058 481
1058 496
1058 504
1058 528
1058 548
1058 553
1058 564
1058 580
1058 598
1058 625
1058 628
1058 645
1058 655
1058 674
1058 732
1058 736
1058 755
1058 844
1058 867
1058 869
1058 970
1058 994
1059 10
1059 32
1059 62
1059 112
1059 140
1059 150
1059 169
1059 206
1059 210
1059 243
1059 261
1059 283
1059 323
1059 330
1059 333
1059 343
1059 397
1059 411
1059 428
1059 483
1059 502
1059 525
1059 553
1059 556
1059 568
1059 591
1059 614
1059 616
1059 637
1059 648
1059 649
1059 672
1059 683
1059 732
1059 733
1059 735
1059 745
1059 749
1059 755
1059 760
1059 770
1059 774
1059 777
1059 785
1059 815
1059 823
1059 857
1059 863
1059 881
1059 890
1059 900
1059 917
1059 933
1059 938
1059 964
1059 981
1059 993
1060 0
1060 2
1060 17
1060 60
1060 178
1060 181
1060 184
1060 196
1060 217
1060 235
1060 240
1060 277
1060 328
1060 426
1060 477
1060 487
1060 577
1060 630
1060 636
1060 648
1060 652
1060 665
1060 691
1060 701
1060 711
1060 804
1060 848
1060 856
1060 861
1060 868
1060 903
1060 908
1060 926
1060 955
1060 970
1061 59
1061 70
1061 82
1061 95
1061 160
1061 210
1061 223
1061 236
1061 242
1061 300
1061 345
1061 376
1061 398
1061 402
1061 424
1061 494
1061 509
1061 519
1061 627
1061 629
1061 630
1061 644
1061 658
1061 671
1061 675
1061 717
1061 731
1061 749
1061 772
1061 829
1061 906
1061 914
1061 932
1061 954
1061 987
1062 22
1062 24
1062 33
1062 89
1062 119
1062 156
1062 163
1062 261
1062 351
1062 361
1062 377
1062 391
1062 417
1062 424
1062 478
1062 485
1062 541
1062 673
1062 752
1062 794
1062 800
1062 817
1062 887
1062 907
1062 948
1063 9
1063 31
1063 34
1063 57
1063 59
1063 122
1063 145
1063 172
1063 191
1063 216
1063 233
1063 249
1063 256
1063 257
1063 283
1063 289
1063 388
1063 453
1063 534
1063 543
1063 549
1063 649
1063 654
1063 676
1063 682
1063 691
1063 712
1063 798
1063 804
1063 828
1063 852
1063 861
1063 866
1063 872
1063 899
1063 903
1063 920
1063 921
1063 971
1063 973
1064 12
1064 47
1064 68
1064 121
1064 137
1064 146
1064 162
1064 171
1064 200
1064 218
1064 240
1064 243
1064 291
1064 326
1064 330
1064 344
1064 420
1064 564
1064 570
1064 631
1064 632
1064 653
1064 655
1064 673
1064 678
1064 704
1064 751
1064 765
1064 775
1064 776
1064 813
1064 818
1064 830
1064 845
1064 946
1064 957
1064 986
1065 1
1065 54
1065 55
1065 92
1065 110
1065 118
1065 156
1065 171
1065 192
1065 217
1065 225
1065 236
1065 271
1065 285
1065 302
1065 329
1065 354
1065 404
1065 441
1065 452
1065 644
1065 675
1065 733
1065 736
1065 769
1065 800
1065 801
1065 808
1065 819
1065 828
1065 834
1065 878
1065 909
1065 924
1065 947
1065 955
1065 956
1065 996
1065 999
1066 1
1066 3
1066 47
1066 51
1066 66
1066 84
1066 90
1066 125
1066 162
1066 185
1066 201
1066 210
1066 223
1066 235
1066 250
1066 293
1066 299
1066 316
1066 348
1066 385
1066 391
1066 398
1066 401
1066 422
1066 509
1066 576
1066 584
1066 587
1066 599
1066 644
1066 660
1066 669
1066 731
1066 749
1066 758
1066 806
1066 815
1066 852
1066 928
1067 3
1067 7
1067 45
1067 57
1067 66
1067 123
1067 139
1067 155
1067 168
1067 190
1067 252
1067 269
1067 368
1067 377
1067 392
1067 409
1067 415
1067 424
1067 453
1067 456
1067 546
1067 565
1067 578
1067 602
1067 627
1067 664
1067 678
1067 689
1067 720
1067 736
1067 742
1067 815
1067 823
1067 835
1067 843
1067 874
1067 875
1067 891
1067 893
1067 898
1067 944
1067 957
1067 960
1067 968
1067 996
1068 24
1068 38
1068 40
1068 188
1068 205
1068 263
1068 268
1068 298
1068 310
1068 337
1068 338
1068 393
1068 459
1068 463
1068 526
1068 527
1068 548
1068 574
1068 610
1068 648
1068 660
1068 682
1068 735
1068 743
1068 756
1068 763
1068 828
1068 835
1068 861
1068 892
1068 909
1068 911
1068 921
1068 939
1068 947
1068 979
1068 980
1068 985
1069 3
1069 24
1069 69
1069 86
1069 90
1069 218
1069 320
1069 362
1069 367
1069 396
1069 401
1069 416
1069 466
1069 475
1069 539
1069 601
1069 615
1069 656
1069 708
1069 712
1069 781
1069 834
1069 864
1069 869
1069 902
1069 950
1069 960
1069 980
1069 997
1070 106
1070 110
1070 129
1070 162
1070 200
1070 247
1070 277
1070 284
1070 321
1070 333
1070 365
1070 452
1070 456
1070 560
1070 605
1070 609
1070 619
1070 640
1070 661
1070 709
1070 734
1070 786
1070 792
1070 829
1070 842
1070 851
1070 878
1070 896
1070 924
1070 993
1071 12
1071 34
1071 59
1071 81
1071 87
1071 119
1071 173
1071 220
1071 244
1071 253
1071 297
1071 341
1071 371
1071 459
1071 526
1071 529
1071 543
1071 567
1071 582
1071 589
1071 605
1071 618
1071 630
1071 687
1071 718
1071 724
1071 760
1071 767
1071 771
1071 788
1071 803
1071 848
1071 864
1071 887
1071 924
1071 925
1071 961
1071 974
1071 999
1072 46
1072 68
1072 91
1072 123
1072 166
1072 175
1072 181
1072 219
1072 249
1072 262
1072 284
1072 342
1072 346
1072 357
1072 381
1072 400
1072 401
1072 406
1072 420
1072 423
1072 454
1072 500
1072 503
1072 516
1072 526
1072 551
1072 559
1072 577
1072 596
1072 642
1072 657
1072 698
1072 731
1072 750
1072 774
1072 779
1072 796
1072 820
1072 822
1072 834
1072 881
1073 44
1073 46
1073 66
1073 70
1073 98
1073 176
1073 214
1073 261
1073 296
1073 297
1073 307
1073 310
1073 344
1073 350
1073 358
1073 413
1073 463
1073 494
1073 501
1073 594
1073 621
1073 628
1073 640
1073 664
1073 672
1073 705
1073 742
1073 754
1073 757
1073 765
1073 797
1073 817
1073 842
1073 862
1073 875
1073 888
1073 961
1073 980
1074 18
1074 35
1074 42
1074 101
1074 139
1074 193
1074 197
1074 213
1074 215
1074 233
1074 239
1074 257
1074 311
1074 319
1074 326
1074 353
1074 369
1074 388
1074 407
1074 409
1074 421
1074 423
1074 461
1074 479
1074 481
1074 487
1074 507
1074 520
1074 561
1074 589
1074 606
1074 642
1074 668
1074 692
1074 711
1074 738
1074 801
1074 806
1074 835
1074 858
1074 875
1074 884
1074 899
1074 919
1074 939
1075 6
1075 34
1075 49
1075 77
1075 80
1075 113
1075 164
1075 213
1075 221
1075 235
1075 252
1075 263
1075 264
1075 272
1075 274
1075 323
1075 340
1075 418
1075 436
1075 461
1075 504
1075 527
1075 528
1075 530
1075 558
1075 593
1075 651
1075 659
1075 660
1075 744
1075 757
1075 764
1075 783
1075 793
1075 806
1075 839
1075 840
1075 903
1075 934
1076 82
1076 104
1076 127
1076 158
1076 249
1076 252
1076 262
1076 295
1076 302
1076 310
1076 328
1076 341
1076 352
1076 375
1076 380
1076 384
1076 387
1076 549
1076 604
1076 658
1076 659
1076 669
1076 698
1076 753
1076 764
1076 772
1076 801
1076 818
1076 824
1076 844
1076 930
1077 31
1077 82
1077 109
1077 121
1077 127
1077 156
1077 178
1077 199
1077 208
1077 231
1077 233
1077 254
1077 272
1077 274
1077 281
1077 287
1077 302
1077 394
1077 402
1077 414
1077 420
1077 431
1077 483
1077 533
1077 545
1077 551
1077 594
1077 601
1077 618
1077 641
1077 668
1077 737
1077 746
1077 747
1077 754
1077 780
1077 821
1077 823
1077 849
1077 866
1077 915
1077 945
1077 958
1077 971
1078 70
1078 92
1078 103
1078 106
1078 135
1078 157
1078 169
1078 180
1078 206
1078 219
1078 225
1078 254
1078 270
1078 273
1078 399
1078 404
1078 411
1078 420
1078 457
1078 473
1078 481
1078 521
1078 541
1078 591
1078 609
1078 649
1078 656
1078 674
1078 692
1078 697
1078 742
1078 856
1078 909
1078 917
1078 920
1078 928
1078 975
1079 63
1079 145
1079 206
1079 209
1079 245
1079 259
1079 279
1079 283
1079 289
1079 306
1079 318
1079 338
1079 344
1079 351
1079 358
1079 389
1079 395
1079 416
1079 418
1079 425
1079 435
1079 445
1079 452
1079 484
1079 488
1079 571
1079 572
1079 676
1079 770
1079 787
1079 861
1079 874
1079 913
1079 915
1079 916
1079 923
1079 935
1079 970
1080 10
1080 17
1080 83
1080 85
1080 159
1080 166
1080 222
1080 345
1080 356
1080 364
1080 393
1080 396
1080 402
1080 405
1080 451
1080 496
1080 526
1080 534
1080 545
1080 565
1080 616
1080 643
1080 651
1080 692
1080 734
1080 752
1080 762
1080 784
1080 805
1080 815
1080 830
1080 880
1080 945
1080 957
1080 967
1080 994
1081 53
1081 64
1081 103
1081 117
1081 155
1081 179
1081 195
1081 199
1081 225
1081 250
1081 265
1081 336
1081 348
1081 414
1081 496
1081 543
1081 567
1081 580
1081 639
1081 648
1081 672
1081 742
1081 785
1081 793
1081 795
1081 798
1081 837
1081 852
1081 988
1082 0
1082 1
1082 15
1082 23
1082 61
1082 106
1082 111
1082 260
1082 262
1082 306
1082 322
1082 337
1082 418
1082 439
1082 444
1082 454
1082 455
1082 479
1082 557
1082 589
1082 593
1082 626
1082 640
1082 685
1082 751
1082 769
1082 806
1082 830
1082 831
1082 833
1082 853
1082 868
1082 879
1082 883
1082 888
1082 928
1082 948
1082 949
1082 965
1082 970
1082 972
1083 24
1083 80
1083 82
1083 91
1083 135
1083 149
1083 162
1083 212
1083 232
1083 291
1083 300
1083 317
1083 334
1083 348
1083 362
1083 399
1083 416
1083 439
1083 473
1083 488
1083 545
1083 569
1083 596
1083 657
1083 664
1083 682
1083 697
1083 761
1083 773
1083 784
1083 851
1083 861
1083 893
1083 907
1083 916
1083 928
1083 944
1083 993
1084 47
1084 65
1084 94
1084 114
1084 218
1084 230
1084 244
1084 263
1084 294
1084 353
1084 356
1084 403
1084 412
1084 421
1084 516
1084 569
1084 591
1084 615
1084 628
1084 629
1084 750
1084 838
1084 885
1084 888
1084 899
1084 920
1084 922
1084 927
1084 968
1084 973
1085 69
1085 72
1085 82
1085 102
1085 252
1085 257
1085 265
1085 274
1085 277
1085 297
1085 298
1085 334
1085 384
1085 390
1085 427
1085 437
1085 514
1085 515
1085 666
1085 676
1085 694
1085 771
1085 773
1085 816
1085 851
1085 877
1085 880
1085 886
1085 910
1085 930
1085 982
1085 993
1086 22
1086 31
1086 43
1086 76
1086 82
1086 102
1086 157
1086 159
1086 164
1086 298
1086 320
1086 350
1086 405
1086 406
1086 423
1086 446
1086 515
1086 519
1086 546
1086 593
1086 595
1086 655
1086 664
1086 671
1086 672
1086 784
1086 795
1086 876
1086 960
1086 965
1086 971
1086 976
1087 3
1087 5
1087 12
1087 74
1087 100
1087 146
1087 184
1087 203
1087 212
1087 215
1087 216
1087 273
1087 286
1087 323
1087 355
1087 357
1087 405
1087 408
1087 409
1087 411
1087 426
1087 438
1087 451
1087 496
1087 541
1087 543
1087 581
1087 593
1087 600
1087 632
1087 640
1087 725
1087 739
1087 744
1087 767
1087 784
1087 837
1087 840
1087 849
1087 861
1087 869
1087 946
1087 978
1088 22
1088 37
1088 49
1088 61
1088 94
1088 162
1088 202
1088 230
1088 311
1088 321
1088 323
1088 336
1088 339
1088 346
1088 366
1088 377
1088 405
1088 416
1088 431
1088 512
1088 667
1088 686
1088 707
1088 714
1088 732
1088 733
1088 780
1088 789
1088 853
1088 871
1088 882
1088 888
1088 904
1088 939
1088 951
1088 992
1089 7
1089 50
1089 68
1089 77
1089 92
1089 107
1089 113
1089 121
1089 124
1089 182
1089 183
1089 189
1089 200
1089 220
1089 231
1089 236
1089 271
1089 331
1089 346
1089 348
1089 358
1089 393
1089 401
1089 441
1089 443
1089 453
1089 474
1089 482
1089 487
1089 501
1089 519
1089 550
1089 593
1089 608
1089 660
1089 702
1089 703
1089 720
1089 809
1089 835
1089 836
1089 840
1089 863
1089 866
1089 886
1089 894
1089 931
1089 955
1089 977
1090 42
1090 44
1090 45
1090 229
1090 233
1090 237
1090 267
1090 296
1090 312
1090 358
1090 397
1090 416
1090 439
1090 469
1090 525
1090 575
1090 598
1090 620
1090 623
1090 663
1090 690
1090 692
1090 701
1090 738
1090 745
1090 780
1090 787
1090 805
1090 910
1090 921
1091 69
1091 90
1091 136
1091 137
1091 139
1091 146
1091 199
1091 226
1091 263
1091 312
1091 341
1091 346
1091 407
1091 445
1091 465
1091 467
1091 472
1091 515
1091 582
1091 626
1091 639
1091 641
1091 700
1091 702
1091 710
1091 725
1091 732
1091 753
1091 765
1091 797
1091 823
1091 827
1091 851
1091 870
1091 893
1091 919
1091 923
1091 944
1091 950
1091 969
1091 988
1091 997
1092 5
1092 16
1092 32
1092 70
1092 116
1092 165
1092 193
1092 217
1092 236
1092 248
1092 267
1092 312
1092 315
1092 340
1092 353
1092 367
1092 385
1092 451
1092 456
1092 461
1092 484
1092 507
1092 510
1092 515
1092 550
1092 568
1092 580
1092 619
1092 644
1092 665
1092 684
1092 687
1092 694
1092 705
1092 709
1092 711
1092 717
1092 742
1092 805
1092 825
1092 831
1092 872
1092 910
1092 959
1092 974
1092 986
1093 30
1093 54
1093 144
1093 156
1093 157
1093 206
1093 218
1093 221
1093 228
1093 233
1093 265
1093 278
1093 305
1093 310
1093 316
1093 336
1093 359
1093 362
1093 385
1093 395
1093 410
1093 427
1093 452
1093 538
1093 557
1093 558
1093 563
1093 578
1093 586
1093 604
1093 718
1093 723
1093 747
1093 757
1093 776
1093 780
1093 797
1093 829
1093 861
1093 886
1093 896
1093 898
1093 917
1093 980
1093 994
1094 3
1094 11
1094 49
1094 157
1094 166
1094 176
1094 188
1094 201
1094 242
1094 273
1094 296
1094 310
1094 364
1094 373
1094 375
1094 428
1094 437
1094 450
1094 451
1094 475
1094 494
1094 510
1094 544
1094 549
1094 611
1094 616
1094 617
1094 624
1094 630
1094 645
1094 648
1094 703
1094 722
1094 734
1094 753
1094 761
1094 764
1094 774
1094 783
1094 806
1094 825
1094 843
1094 865
1094 871
1094 959
1094 998
1095 51
1095 62
1095 67
1095 135
1095 152
1095 155
1095 174
1095 180
1095 221
1095 250
1095 305
1095 342
1095 365
1095 413
1095 416
1095 470
1095 528
1095 544
1095 574
1095 577
1095 640
1095 753
1095 762
1095 774
1095 830
1095 840
1095 848
1095 868
1095 920
1095 990
1096 2
1096 28
1096 42
1096 90
1096 98
1096 128
1096 129
1096 188
1096 189
1096 239
1096 291
1096 309
1096 321
1096 348
1096 350
1096 365
1096 376
1096 422
1096 434
1096 462
1096 546
1096 548
1096 610
1096 611
1096 676
1096 731
1096 751
1096 772
1096 781
1096 785
1096 812
1096 847
1096 855
1096 875
1096 878
1096 992
1096 993
1097 44
1097 86
1097 104
1097 105
1097 114
1097 202
1097 207
1097 296
1097 297
1097 299
1097 364
1097 375
1097 387
1097 408
1097 450
1097 566
1097 578
1097 603
1097 604
1097 669
1097 677
1097 714
1097 799
1097 805
1097 818
1097 857
1097 877
1097 908
1097 955
1097 982
1098 28
1098 49
1098 164
1098 213
1098 272
1098 274
1098 278
1098 290
1098 301
1098 319
1098 330
1098 342
1098 359
1098 376
1098 425
1098 474
1098 482
1098 484
1098 491
1098 527
1098 535
1098 549
1098 574
1098 597
1098 666
1098 677
1098 688
1098 713
1098 719
1098 746
1098 751
1098 762
1098 772
1098 779
1098 794
1098 846
1098 865
1098 866
1098 900
1098 909
1098 971
1099 23
1099 57
1099 65
1099 73
1099 83
1099 86
1099 150
1099 153
1099 187
1099 250
1099 270
1099 273
1099 281
1099 308
1099 317
1099 318
1099 334
1099 339
1099 370
1099 373
1099 374
1099 391
1099 402
1099 409
1099 413
1099 440
1099 445
1099 479
1099 500
1099 535
1099 570
1099 589
1099 597
1099 619
1099 640
1099 654
1099 656
1099 661
1099 696
1099 708
1099 758
1099 768
1099 788
1099 847
1099 890
1099 898
1099 948
1099 967
1100 85
1100 86
1100 92
1100 137
1100 182
1100 187
1100 246
1100 297
1100 313
1100 354
1100 395
1100 427
1100 442
1100 447
1100 461
1100 526
1100 544
1100 558
1100 628
1100 674
1100 711
1100 713
1100 747
1100 802
1100 816
1100 865
1100 874
1100 955
1101 13
1101 24
1101 40
1101 63
1101 100
1101 105
1101 106
1101 230
1101 235
1101 251
1101 263
1101 275
1101 281
1101 286
1101 305
1101 345
1101 384
1101 429
1101 468
1101 470
1101 482
1101 500
1101 511
1101 513
1101 516
1101 517
1101 543
1101 553
1101 586
1101 602
1101 614
1101 694
1101 701
1101 710
1101 754
1101 807
1101 821
1101 885
1101 939
1101 969
1102 0
1102 1
1102 28
1102 33
1102 156
1102 267
1102 291
1102 351
1102 357
1102 401
1102 429
1102 435
1102 474
1102 484
1102 503
1102 531
1102 567
1102 589
1102 650
1102 661
1102 685
1102 686
1102 792
1102 838
1102 847
1102 857
1102 866
1102 876
1102 879
1102 900
1102 932
1102 947
1102 953
1102 963
1102 995
1103 77
1103 113
1103 120
1103 165
1103 171
1103 174
1103 176
1103 201
1103 239
1103 241
1103 247
1103 277
1103 326
1103 331
1103 354
1103 419
1103 470
1103 553
1103 597
1103 599
1103 630
1103 639
1103 654
1103 673
1103 678
1103 684
1103 707
1103 735
1103 752
1103 755
1103 763
1103 783
1103 831
1103 852
1103 879
1103 884
1103 975
1104 9
1104 10
1104 30
1104 55
1104 61
1104 67
1104 73
1104 75
1104 147
1104 154
1104 242
1104 291
1104 315
1104 342
1104 352
1104 363
1104 384
1104 385
1104 434
1104 455
1104 467
1104 512
1104 534
1104 577
1104 661
1104 674
1104 702
1104 733
1104 752
1104 755
1104 778
1104 797
1104 840
1104 863
1104 909
1104 933
1104 938
1104 977
1104 995
1105 43
1105 46
1105 67
1105 119
1105 136
1105 145
1105 147
1105 151
1105 155
1105 206
1105 234
1105 245
1105 337
1105 345
1105 483
1105 492
1105 506
1105 518
1105 553
1105 561
1105 571
1105 584
1105 589
1105 595
1105 598
1105 623
1105 685
1105 695
1105 761
1105 788
1105 790
1105 808
1105 850
1105 864
1105 884
1105 899
1105 909
1105 945
1105 956
1106 5
1106 25
1106 39
1106 79
1106 94
1106 105
1106 112
1106 114
1106 127
1106 129
1106 137
1106 150
1106 215
1106 220
1106 221
1106 249
1106 253
1106 282
1106 293
1106 312
1106 313
1106 337
1106 344
1106 394
1106 404
1106 437
1106 453
1106 475
1106 477
1106 504
1106 523
1106 547
1106 550
1106 567
1106 578
1106 601
1106 614
1106 656
1106 697
1106 718
1106 723
1106 753
1106 765
1106 776
1106 786
1106 842
1106 843
1106 856
1106 867
1106 868
1106 908
1106 930
1106 949
1106 951
1106 955
1106 969
1107 9
1107 78
1107 87
1107 126
1107 127
1107 128
1107 155
1107 165
1107 192
1107 195
1107 196
1107 203
1107 226
1107 259
1107 267
1107 279
1107 317
1107 361
1107 372
1107 392
1107 408
1107 437
1107 507
1107 534
1107 545
1107 578
1107 594
1107 616
1107 622
1107 673
1107 721
1107 743
1107 867
1107 877
1107 891
1107 907
1107 926
1107 949
1107 963
1107 976
1107 991
1108 7
1108 17
1108 36
1108 47
1108 57
1108 66
1108 83
1108 217
1108 224
1108 244
1108 268
1108 293
1108 298
1108 343
1108 358
1108 362
1108 379
1108 383
1108 453
1108 462
1108 475
1108 494
1108 552
1108 563
1108 579
1108 617
1108 645
1108 650
1108 688
1108 722
1108 745
1108 782
1108 788
1108 809
1108 815
1108 854
1108 935
1108 938
1108 955
1108 958
1108 971
1109 43
1109 51
1109 59
1109 72
1109 82
1109 90
1109 91
1109 197
1109 268
1109 319
1109 332
1109 349
1109 370
1109 394
1109 427
1109 466
1109 498
1109 500
1109 518
1109 531
1109 534
1109 546
1109 550
1109 552
1109 592
1109 642
1109 653
1109 699
1109 702
1109 705
1109 737
1109 747
1109 777
1109 781
1109 789
1109 892
1109 894
1109 901
1109 951
1109 998
1110 8
1110 18
1110 29
1110 47
1110 52
1110 74
1110 88
1110 128
1110 133
1110 140
1110 153
1110 165
1110 198
1110 226
1110 250
1110 265
1110 279
1110 311
1110 326
1110 343
1110 444
1110 468
1110 529
1110 555
1110 579
1110 585
1110 591
1110 598
1110 655
1110 672
1110 693
1110 814
1110 839
1110 877
1110 881
1110 899
1110 908
1110 915
1110 954
1110 989
1111 59
1111 60
1111 82
1111 114
1111 154
1111 174
1111 192
1111 219
1111 247
1111 253
1111 271
1111 273
1111 274
1111 317
1111 334
1111 339
1111 360
1111 417
1111 492
1111 504
1111 570
1111 577
1111 634
1111 645
1111 660
1111 698
1111 710
1111 770
1111 780
1111 811
1111 834
1111 863
1111 970
1112 8
1112 60
1112 72
1112 108
1112 131
1112 144
1112 164
1112 202
1112 224
1112 226
1112 297
1112 330
1112 390
1112 469
1112 488
1112 491
1112 544
1112 579
1112 594
1112 602
1112 622
1112 640
1112 641
1112 643
1112 698
1112 706
1112 724
1112 728
1112 748
1112 787
1112 793
1112 805
1112 806
1112 808
1112 847
1112 863
1112 866
1112 898
1112 916
1112 923
1112 934
1112 956
1112 962
1113 27
1113 85
1113 86
1113 99
1113 111
1113 155
1113 172
1113 189
1113 201
1113 234
1113 281
1113 288
1113 304
1113 306
1113 316
1113 326
1113 402
1113 440
1113 514
1113 579
1113 588
1113 595
1113 634
1113 652
1113 655
1113 695
1113 774
1113 780
1113 801
1113 815
1113 840
1113 864
1113 898
1113 953
1113 957
1113 990
1114 16
1114 127
1114 145
1114 159
1114 164
1114 214
1114 245
1114 269
1114 325
1114 358
1114 377
1114 403
1114 418
1114 450
1114 481
1114 511
1114 519
1114 548
1114 558
1114 581
1114 625
1114 649
1114 675
1114 683
1114 688
1114 708
1114 719
1114 724
1114 740
1114 749
1114 815
1114 875
1114 899
1114 924
1114 927
1114 929
1114 986
1115 45
1115 69
1115 72
1115 81
1115 111
1115 131
1115 159
1115 160
1115 188
1115 220
1115 291
1115 321
1115 345
1115 384
1115 387
1115 460
1115 476
1115 506
1115 567
1115 569
1115 602
1115 605
1115 638
1115 718
1115 738
1115 773
1115 854
1115 870
1115 882
1115 945
1115 950
1115 967
1115 970
1115 996
1116 37
1116 48
1116 74
1116 83
1116 87
1116 91
1116 100
1116 127
1116 129
1116 186
1116 202
1116 264
1116 269
1116 271
1116 340
1116 341
1116 349
1116 365
1116 375
1116 378
1116 394
1116 406
1116 436
1116 448
1116 486
1116 513
1116 514
1116 550
1116 559
1116 579
1116 680
1116 682
1116 684
1116 691
1116 708
1116 709
1116 715
1116 720
1116 722
1116 757
1116 798
1116 812
1116 833
1116 854
1116 861
1116 868
1116 876
1116 892
1116 904
1116 908
1116 926
1116 931
1116 938
1116 974
1116 983
1117 32
1117 45
1117 69
1117 74
1117 83
1117 84
1117 89
1117 93
1117 145
1117 166
1117 175
1117 189
1117 229
1117 231
1117 234
1117 310
1117 375
1117 404
1117 466
1117 628
1117 675
1117 716
1117 763
1117 773
1117 847
1117 862
1117 868
1117 878
1117 894
1117 906
1117 923
1117 983
1117 994
1118 48
1118 63
1118 83
1118 86
1118 90
1118 109
1118 123
1118 171
1118 186
1118 198
1118 201
1118 311
1118 363
1118 384
1118 402
1118 443
1118 445
1118 454
1118 456
1118 476
1118 486
1118 550
1118 571
1118 593
1118 607
1118 610
1118 640
1118 666
1118 676
1118 688
1118 691
1118 708
1118 773
1118 808
1118 811
1118 819
1118 933
1118 943
1118 946
1119 9
1119 12
1119 95
1119 119
1119 122
1119 163
1119 194
1119 197
1119 213
1119 223
1119 344
1119 362
1119 420
1119 456
1119 497
1119 525
1119 531
1119 543
1119 573
1119 577
1119 578
1119 618
1119 639
1119 652
1119 663
1119 677
1119 694
1119 705
1119 782
1119 798
1119 813
1119 851
1119 863
1119 893
1119 957
1119 996
1119 998
1120 0
1120 5
1120 67
1120 73
1120 81
1120 144
1120 167
1120 224
1120 259
1120 285
1120 290
1120 293
1120 309
1120 361
1120 377
1120 433
1120 577
1120 619
1120 684
1120 716
1120 743
1120 754
1120 814
1120 845
1120 883
1120 969
1121 6
1121 87
1121 89
1121 111
1121 113
1121 132
1121 141
1121 143
1121 145
1121 152
1121 208
1121 275
1121 295
1121 301
1121 313
1121 328
1121 343
1121 366
1121 378
1121 397
1121 401
1121 491
1121 525
1121 530
1121 545
1121 554
1121 588
1121 603
1121 653
1121 684
1121 687
1121 700
1121 743
1121 762
1121 808
1121 894
1121 912
1121 997
1121 998
1122 26
1122 33
1122 50
1122 95
1122 109
1122 157
1122 158
1122 161
1122 170
1122 204
1122 219
1122 235
1122 258
1122 260
1122 278
1122 340
1122 354
1122 362
1122 371
1122 403
1122 404
1122 415
1122 506
1122 527
1122 531
1122 592
1122 641
1122 683
1122 689
1122 704
1122 732
1122 737
1122 756
1122 824
1122 848
1122 862
1122 864
1122 868
1122 881
1122 905
1122 920
1122 942
1122 957
1122 982
1123 2
1123 45
1123 52
1123 85
1123 128
1123 164
1123 202
1123 251
1123 256
1123 299
1123 316
1123 322
1123 434
1123 485
1123 495
1123 578
1123 620
1123 651
1123 656
1123 658
1123 671
1123 719
1123 752
1123 756
1123 761
1123 765
1123 826
1123 843
1123 885
1123 943
1123 953
1123 972
1123 980
1124 3
1124 19
1124 31
1124 38
1124 49
1124 50
1124 61
1124 69
1124 90
1124 91
1124 132
1124 137
1124 163
1124 255
1124 267
1124 269
1124 271
1124 293
1124 362
1124 428
1124 500
1124 502
1124 513
1124 581
1124 624
1124 646
1124 683
1124 707
1124 731
1124 782
1124 806
1124 809
1124 914
1124 931
1124 970
1124 992
1125 2
1125 30
1125 79
1125 96
1125 114
1125 169
1125 217
1125 228
1125 263
1125 290
1125 354
1125 376
1125 417
1125 419
1125 420
1125 482
1125 485
1125 518
1125 523
1125 546
1125 714
1125 721
1125 728
1125 749
1125 787
1125 862
1125 908
1125 934
1125 938
1125 946
1125 958
1125 964
1126 32
1126 39
1126 112
1126 124
1126 152
1126 177
1126 218
1126 245
1126 261
1126 306
1126 343
1126 348
1126 375
1126 384
1126 392
1126 422
1126 452
1126 469
1126 478
1126 486
1126 502
1126 535
1126 542
1126 571
1126 604
1126 641
1126 650
1126 659
1126 679
1126 706
1126 774
1126 843
1126 872
1126 907
1126 916
1126 924
1127 21
1127 81
1127 136
1127 164
1127 181
1127 182
1127 183
1127 187
1127 196
1127 211
1127 246
1127 338
1127 347
1127 361
1127 368
1127 370
1127 380
1127 394
1127 444
1127 450
1127 521
1127 528
1127 569
1127 629
1127 643
1127 644
1127 668
1127 692
1127 696
1127 731
1127 748
1127 789
1127 802
1127 860
1127 886
1127 924
1127 952
1127 955
1127 956
1127 969
1128 61
1128 62
1128 94
1128 115
1128 133
1128 171
1128 208
1128 225
1128 227
1128 363
1128 366
1128 376
1128 423
1128 439
1128 457
1128 512
1128 542
1128 549
1128 592
1128 603
1128 606
1128 621
1128 629
1128 676
1128 680
1128 685
1128 709
1128 739
1128 812
1128 826
1128 828
1128 861
1128 909
1128 922
1128 974
1129 56
1129 90
1129 183
1129 211
1129 280
1129 295
1129 296
1129 303
1129 335
1129 337
1129 339
1129 369
1129 376
1129 402
1129 474
1129 489
1129 497
1129 501
1129 513
1129 521
1129 536
1129 553
1129 557
1129 580
1129 591
1129 617
1129 700
1129 715
1129 732
1129 751
1129 797
1129 877
1129 903
1129 968
1129 973
1129 977
1129 997
1130 26
1130 42
1130 54
1130 81
1130 108
1130 146
1130 160
1130 179
1130 208
1130 219
1130 248
1130 277
1130 343
1130 369
1130 395
1130 501
1130 507
1130 540
1130 550
1130 612
1130 709
1130 727
1130 753
1130 766
1130 781
1130 826
1130 851
1130 870
1130 886
1130 905
1130 920
1130 937
1130 958
1131 21
1131 28
1131 29
1131 34
1131 39
1131 101
1131 154
1131 162
1131 167
1131 173
1131 191
1131 230
1131 233
1131 234
1131 255
1131 313
1131 322
1131 358
1131 366
1131 377
1131 430
1131 468
1131 499
1131 500
1131 509
1131 512
1131 525
1131 562
1131 638
1131 667
1131 686
1131 687
1131 694
1131 707
1131 730
1131 750
1131 818
1131 848
1131 856
1131 910
1131 925
1131 929
1131 931
1131 936
1131 954
1131 960
1132 24
1132 46
1132 64
1132 91
1132 111
1132 122
1132 136
1132 154
1132 175
1132 183
1132 205
1132 220
1132 237
1132 260
1132 277
1132 297
1132 316
1132 320
1132 325
1132 357
1132 407
1132 415
1132 476
1132 480
1132 502
1132 515
1132 535
1132 573
1132 601
1132 627
1132 703
1132 723
1132 752
1132 767
1132 780
1132 807
1132 898
1132 975
1132 981
1133 81
1133 169
1133 179
1133 259
1133 295
1133 305
1133 308
1133 310
1133 311
1133 316
1133 336
1133 360
1133 514
1133 515
1133 516
1133 517
1133 525
1133 605
1133 693
1133 746
1133 755
1133 800
1133 816
1133 862
1133 869
1134 5
1134 36
1134 71
1134 114
1134 121
1134 145
1134 152
1134 160
1134 165
1134 194
1134 199
1134 217
1134 222
1134 242
1134 243
1134 259
1134 289
1134 346
1134 368
1134 395
1134 419
1134 421
1134 424
1134 488
1134 537
1134 593
1134 598
1134 643
1134 651
1134 658
1134 690
1134 702
1134 766
1134 780
1134 786
1134 796
1134 800
1134 853
1134 862
1134 869
1134 918
1134 956
1134 997
1135 11
1135 63
1135 116
1135 142
1135 172
1135 221
1135 245
1135 251
1135 260
1135 299
1135 328
1135 345
1135 372
1135 374
1135 565
1135 577
1135 585
1135 594
1135 701
1135 703
1135 722
1135 738
1135 740
1135 744
1135 811
1135 828
1135 862
1135 869
1135 892
1135 903
1135 912
1135 914
1135 918
1135 919
1135 944
1135 985
1136 13
1136 57
1136 63
1136 112
1136 136
1136 155
1136 163
1136 187
1136 208
1136 213
1136 239
1136 306
1136 308
1136 320
1136 323
1136 386
1136 403
1136 421
1136 433
1136 443
1136 460
1136 475
1136 503
1136 523
1136 591
1136 594
1136 604
1136 612
1136 654
1136 657
1136 665
1136 678
1136 691
1136 748
1136 764
1136 775
1136 799
1136 805
1136 832
1136 837
1136 849
1136 895
1136 967
1137 23
1137 55
1137 132
1137 135
1137 147
1137 159
1137 161
1137 164
1137 193
1137 222
1137 263
1137 276
1137 346
1137 352
1137 361
1137 390
1137 433
1137 440
1137 452
1137 484
1137 489
1137 496
1137 512
1137 517
1137 526
1137 547
1137 562
1137 629
1137 750
1137 834
1137 836
1137 878
1137 891
1137 944
1137 959
1137 962
1137 975
1138 57
1138 102
1138 105
1138 138
1138 202
1138 215
1138 243
1138 254
1138 263
1138 267
1138 321
1138 360
1138 379
1138 382
1138 387
1138 397
1138 428
1138 451
1138 472
1138 492
1138 507
1138 554
1138 567
1138 587
1138 605
1138 640
1138 656
1138 669
1138 773
1138 854
1138 857
1138 861
1138 906
1138 933
1138 934
1138 947
1138 969
1138 975
1139 46
1139 84
1139 87
1139 107
1139 108
1139 125
1139 133
1139 136
1139 221
1139 249
1139 272
1139 289
1139 298
1139 368
1139 389
1139 402
1139 453
1139 464
1139 481
1139 491
1139 512
1139 523
1139 563
1139 607
1139 679
1139 715
1139 723
1139 740
1139 777
1139 817
1139 827
1139 852
1139 859
1139 863
1139 868
1139 910
1139 921
1139 929
1139 992
1140 0
1140 2
1140 9
1140 11
1140 22
1140 29
1140 31
1140 40
1140 44
1140 121
1140 138
1140 190
1140 204
1140 207
1140 225
1140 430
1140 433
1140 494
1140 544
1140 550
1140 564
1140 581
1140 609
1140 670
1140 764
1140 768
1140 802
1140 879
1140 884
1140 896
1140 921
1140 977
1140 978
1141 13
1141 42
1141 67
1141 73
1141 236
1141 256
1141 261
1141 271
1141 317
1141 333
1141 337
1141 386
1141 412
1141 466
1141 474
1141 479
1141 500
1141 525
1141 527
1141 540
1141 544
1141 557
1141 566
1141 568
1141 570
1141 577
1141 595
1141 615
1141 644
1141 662
1141 686
1141 690
1141 771
1141 840
1141 922
1141 955
1141 970
1141 974
1141 981
1141 984
1142 2
1142 45
1142 53
1142 65
1142 67
1142 101
1142 115
1142 116
1142 122
1142 204
1142 228
1142 274
1142 277
1142 304
1142 311
1142 339
1142 372
1142 416
1142 426
1142 490
1142 493
1142 501
1142 539
1142 543
1142 549
1142 577
1142 581
1142 667
1142 670
1142 719
1142 726
1142 731
1142 745
1142 825
1142 855
1142 923
1142 945
1142 972
1142 989
1143 10
1143 55
1143 70
1143 84
1143 110
1143 208
1143 222
1143 225
1143 255
1143 262
1143 294
1143 315
1143 338
1143 341
1143 380
1143 392
1143 423
1143 428
1143 434
1143 451
1143 480
1143 509
1143 522
1143 529
1143 552
1143 559
1143 577
1143 616
1143 621
1143 734
1143 753
1143 772
1143 809
1143 831
1143 853
1143 876
1143 883
1143 914
1143 919
1143 944
1143 999
1144 64
1144 122
1144 126
1144 130
1144 135
1144 170
1144 282
1144 363
1144 398
1144 415
1144 425
1144 428
1144 460
1144 468
1144 547
1144 690
1144 731
1144 863
1144 865
1144 933
1144 999
1145 14
1145 16
1145 62
1145 65
1145 67
1145 68
1145 82
1145 85
1145 123
1145 183
1145 243
1145 275
1145 278
1145 307
1145 313
1145 367
1145 375
1145 407
1145 417
1145 425
1145 458
1145 517
1145 568
1145 573
1145 628
1145 638
1145 658
1145 684
1145 718
1145 745
1145 754
1145 827
1145 870
1145 892
1145 939
1145 995
1146 16
1146 82
1146 100
1146 124
1146 144
1146 186
1146 209
1146 210
1146 245
1146 290
1146 308
1146 379
1146 446
1146 485
1146 507
1146 513
1146 527
1146 534
1146 600
1146 648
1146 649
1146 652
1146 657
1146 742
1146 751
1146 778
1146 781
1146 820
1146 838
1146 868
1146 878
1146 882
1146 888
1146 899
1146 904
1146 907
1146 911
1146 919
1146 935
1146 945
1146 950
1146 978
1147 16
1147 29
1147 58
1147 76
1147 82
1147 92
1147 124
1147 130
1147 147
1147 173
1147 193
1147 222
1147 273
1147 280
1147 283
1147 295
1147 371
1147 404
1147 415
1147 418
1147 438
1147 466
1147 514
1147 533
1147 539
1147 545
1147 552
1147 672
1147 688
1147 704
1147 769
1147 772
1147 826
1147 889
1147 895
1147 952
1147 974
1148 59
1148 133
1148 138
1148 238
1148 264
1148 266
1148 270
1148 292
1148 303
1148 351
1148 378
1148 385
1148 395
1148 405
1148 477
1148 500
1148 501
1148 529
1148 578
1148 685
1148 762
1148 775
1148 782
1148 841
1148 884
1148 892
1148 932
1148 936
1148 984
1148 995
1148 996
1149 6
1149 9
1149 40
1149 68
1149 104
1149 116
1149 135
1149 143
1149 159
1149 176
1149 192
1149 214
1149 273
1149 304
1149 351
1149 403
1149 405
1149 417
1149 424
1149 435
1149 486
1149 505
1149 532
1149 550
1149 554
1149 578
1149 596
1149 605
1149 622
1149 623
1149 636
1149 673
1149 710
1149 751
1149 782
1149 788
1149 791
1149 863
1149 884
1149 936
1149 981
1150 14
1150 60
1150 68
1150 75
1150 81
1150 121
1150 145
1150 146
1150 171
1150 178
1150 236
1150 327
1150 336
1150 420
1150 442
1150 470
1150 496
1150 516
1150 522
1150 546
1150 558
1150 602
1150 658
1150 667
1150 679
1150 760
1150 806
1150 810
1150 823
1150 847
1150 864
1150 883
1150 897
1150 901
1150 950
1150 952
1150 970
1150 973
1150 994
1151 2
1151 59
1151 149
1151 153
1151 159
1151 167
1151 169
1151 174
1151 185
1151 208
1151 213
1151 229
1151 274
1151 287
1151 297
1151 369
1151 477
1151 498
1151 592
1151 654
1151 714
1151 720
1151 750
1151 789
1151 880
1151 894
1151 902
1151 940
1151 949
1151 974
1152 15
1152 59
1152 61
1152 105
1152 155
1152 185
1152 200
1152 218
1152 228
1152 241
1152 251
1152 263
1152 280
1152 294
1152 332
1152 344
1152 345
1152 387
1152 408
1152 415
1152 454
1152 481
1152 484
1152 500
1152 537
1152 559
1152 568
1152 586
1152 592
1152 602
1152 652
1152 679
1152 691
1152 723
1152 743
1152 819
1152 825
1152 830
1152 832
1152 836
1152 862
1152 883
1152 898
1152 910
1152 930
1152 964
1153 38
1153 59
1153 67
1153 95
1153 130
1153 153
1153 156
1153 179
1153 205
1153 217
1153 218
1153 238
1153 242
1153 349
1153 432
1153 446
1153 454
1153 482
1153 502
1153 510
1153 559
1153 584
1153 597
1153 628
1153 665
1153 667
1153 686
1153 691
1153 712
1153 754
1153 772
1153 814
1153 866
1153 907
1153 951
1154 66
1154 79
1154 83
1154 100
1154 123
1154 155
1154 243
1154 246
1154 261
1154 289
1154 312
1154 321
1154 419
1154 421
1154 465
1154 473
1154 487
1154 493
1154 575
1154 582
1154 603
1154 711
1154 715
1154 716
1154 766
1154 767
1154 793
1154 798
1154 834
1154 836
1154 859
1154 861
1154 873
1154 923
1154 929
1154 945
1155 3
1155 70
1155 102
1155 105
1155 132
1155 186
1155 199
1155 205
1155 246
1155 291
1155 306
1155 363
1155 386
1155 396
1155 445
1155 505
1155 515
1155 532
1155 579
1155 585
1155 589
1155 600
1155 621
1155 756
1155 864
1155 885
1155 902
1155 906
1155 911
1155 914
1155 915
1155 918
1155 944
1155 958
1155 978
1156 7
1156 25
1156 68
1156 143
1156 192
1156 223
1156 233
1156 249
1156 261
1156 291
1156 300
1156 302
1156 316
1156 319
1156 367
1156 392
1156 415
1156 421
1156 447
1156 506
1156 563
1156 602
1156 621
1156 623
1156 671
1156 680
1156 742
1156 758
1156 764
1156 772
1156 927
1156 995
1157 10
1157 19
1157 75
1157 124
1157 189
1157 211
1157 239
1157 277
1157 287
1157 295
1157 311
1157 350
1157 378
1157 394
1157 402
1157 410
1157 417
1157 475
1157 490
1157 495
1157 503
1157 543
1157 554
1157 592
1157 661
1157 776
1157 778
1157 816
1157 855
1157 861
1157 871
1157 921
1157 958
1157 973
1157 978
1157 984
1158 17
1158 79
1158 99
1158 113
1158 130
1158 154
1158 166
1158 180
1158 193
1158 214
1158 227
1158 233
1158 247
1158 253
1158 320
1158 333
1158 358
1158 361
1158 418
1158 450
1158 460
1158 504
1158 543
1158 545
1158 568
1158 709
1158 715
1158 716
1158 756
1158 777
1158 790
1158 803
1158 920
1158 965
1159 21
1159 58
1159 151
1159 266
1159 285
1159 287
1159 288
1159 310
1159 353
1159 398
1159 516
1159 557
1159 573
1159 701
1159 744
1159 752
1159 818
1159 891
1160 11
1160 18
1160 45
1160 50
1160 62
1160 68
1160 136
1160 143
1160 146
1160 183
1160 191
1160 211
1160 232
1160 241
1160 254
1160 283
1160 339
1160 345
1160 351
1160 360
1160 382
1160 401
1160 448
1160 502
1160 506
1160 548
1160 557
1160 565
1160 568
1160 584
1160 726
1160 805
1160 806
1160 828
1160 854
1160 855
1160 869
1160 876
1160 903
1160 918
1160 942
1160 960
1160 970
1161 1
1161 49
1161 64
1161 82
1161 84
1161 158
1161 177
1161 234
1161 283
1161 425
1161 549
1161 558
1161 560
1161 583
1161 600
1161 631
1161 674
1161 675
1161 701
1161 733
1161 734
1161 744
1161 767
1161 784
1161 809
1161 816
1161 846
1161 900
1161 913
1162 1
1162 49
1162 67
1162 92
1162 101
1162 105
1162 129
1162 177
1162 260
1162 287
1162 318
1162 383
1162 388
1162 389
1162 429
1162 442
1162 475
1162 480
1162 521
1162 534
1162 570
1162 577
1162 584
1162 588
1162 596
1162 640
1162 821
1162 841
1162 876
1162 897
1162 927
1163 19
1163 57
1163 58
1163 175
1163 209
1163 223
1163 226
1163 292
1163 342
1163 378
1163 384
1163 433
1163 443
1163 478
1163 484
1163 579
1163 580
1163 585
1163 618
1163 633
1163 635
1163 687
1163 742
1163 765
1163 781
1163 787
1163 805
1163 840
1163 855
1163 858
1163 947
1163 986
1164 88
1164 101
1164 102
1164 266
1164 269
1164 281
1164 311
1164 322
1164 355
1164 367
1164 402
1164 406
1164 438
1164 469
1164 488
1164 492
1164 495
1164 513
1164 521
1164 536
1164 560
1164 573
1164 604
1164 605
1164 640
1164 641
1164 648
1164 649
1164 759
1164 763
1164 777
1164 785
1164 813
1164 827
1164 829
1164 856
1164 875
1164 877
1164 904
1164 915
1164 917
1164 932
1164 996
1165 26
1165 51
1165 78
1165 122
1165 131
1165 144
1165 174
1165 178
1165 181
1165 191
1165 202
1165 206
1165 253
1165 408
1165 411
1165 419
1165 441
1165 518
1165 532
1165 544
1165 573
1165 579
1165 639
1165 666
1165 743
1165 766
1165 770
1165 788
1165 793
1165 882
1165 902
1165 969
1165 979
1165 993
1166 4
1166 50
1166 148
1166 150
1166 166
1166 167
1166 217
1166 233
1166 253
1166 278
1166 342
1166 344
1166 379
1166 455
1166 476
1166 502
1166 538
1166 561
1166 582
1166 605
1166 670
1166 704
1166 736
1166 749
1166 771
1166 781
1166 898
1166 922
1166 928
1166 946
1167 12
1167 33
1167 42
1167 58
1167 78
1167 158
1167 162
1167 184
1167 189
1167 212
1167 231
1167 243
1167 261
1167 266
1167 284
1167 291
1167 297
1167 306
1167 318
1167 325
1167 353
1167 362
1167 369
1167 372
1167 477
1167 479
1167 480
1167 497
1167 505
1167 530
1167 551
1167 571
1167 602
1167 603
1167 634
1167 646
1167 648
1167 702
1167 750
1167 784
1167 838
1167 887
1167 898
1167 930
1167 966
1168 4
1168 55
1168 81
1168 90
1168 164
1168 182
1168 191
1168 286
1168 320
1168 347
1168 355
1168 379
1168 455
1168 484
1168 486
1168 575
1168 585
1168 588
1168 622
1168 651
1168 763
1168 768
1168 790
1168 802
1168 823
1168 828
1168 837
1168 908
1168 929
1168 932
1168 942
1168 943
1168 986
1168 998
1169 17
1169 41
1169 47
1169 105
1169 111
1169 196
1169 212
1169 219
1169 251
1169 252
1169 316
1169 368
1169 388
1169 408
1169 415
1169 479
1169 516
1169 536
1169 548
1169 559
1169 567
1169 642
1169 703
1169 722
1169 734
1169 736
1169 739
1169 756
1169 769
1169 781
1169 826
1169 834
1169 842
1169 852
1169 875
1169 877
1169 882
1169 994
1169 996
1169 998
1170 47
1170 76
1170 79
1170 103
1170 139
1170 154
1170 156
1170 190
1170 195
1170 210
1170 224
1170 234
1170 259
1170 331
1170 336
1170 389
1170 421
1170 460
1170 537
1170 605
1170 630
1170 631
1170 651
1170 682
1170 696
1170 714
1170 731
1170 742
1170 766
1170 796
1170 858
1170 911
1170 940
1170 951
1170 992
1171 33
1171 37
1171 65
1171 68
1171 221
1171 235
1171 237
1171 309
1171 316
1171 347
1171 348
1171 358
1171 437
1171 452
1171 476
1171 490
1171 509
1171 518
1171 525
1171 551
1171 560
1171 562
1171 578
1171 674
1171 688
1171 700
1171 714
1171 751
1171 766
1171 774
1171 781
1171 800
1171 818
1171 829
1171 831
1171 842
1171 866
1171 879
1171 903
1171 922
1171 939
1171 984
1171 989
1171 992
1172 27
1172 43
1172 67
1172 82
1172 124
1172 126
1172 149
1172 159
1172 172
1172 300
1172 318
1172 385
1172 405
1172 434
1172 470
1172 577
1172 584
1172 594
1172 620
1172 629
1172 642
1172 673
1172 681
1172 761
1172 763
1172 767
1172 776
1172 793
1172 816
1172 863
1172 958
1172 979
1172 992
1173 8
1173 18
1173 41
1173 86
1173 97
1173 106
1173 113
1173 190
1173 220
1173 243
1173 258
1173 260
1173 273
1173 277
1173 284
1173 286
1173 439
1173 443
1173 450
1173 461
1173 486
1173 542
1173 576
1173 625
1173 650
1173 657
1173 689
1173 699
1173 710
1173 731
1173 816
1173 834
1173 961
1173 963
1174 31
1174 58
1174 88
1174 89
1174 93
1174 100
1174 144
1174 167
1174 175
1174 284
1174 288
1174 306
1174 308
1174 344
1174 350
1174 384
1174 421
1174 437
1174 478
1174 481
1174 509
1174 514
1174 547
1174 557
1174 573
1174 608
1174 633
1174 721
1174 736
1174 770
1174 794
1174 817
1174 885
1174 893
1174 902
1174 913
1174 923
1174 971
1174 992
1175 5
1175 34
1175 36
1175 96
1175 112
1175 124
1175 149
1175 158
1175 186
1175 188
1175 285
1175 322
1175 395
1175 406
1175 455
1175 469
1175 477
1175 495
1175 536
1175 538
1175 557
1175 570
1175 601
1175 608
1175 646
1175 682
1175 717
1175 745
1175 762
1175 791
1175 796
1175 846
1175 898
1175 905
1175 959
1175 991
1175 996
1176 58
1176 110
1176 114
1176 134
1176 168
1176 171
1176 243
1176 255
1176 304
1176 324
1176 337
1176 345
1176 361
1176 373
1176 379
1176 397
1176 416
1176 425
1176 502
1176 570
1176 629
1176 634
1176 675
1176 701
1176 714
1176 715
1176 801
1176 806
1176 822
1176 901
1176 910
1177 29
1177 44
1177 64
1177 70
1177 108
1177 110
1177 111
1177 204
1177 208
1177 209
1177 219
1177 248
1177 254
1177 301
1177 310
1177 319
1177 412
1177 416
1177 464
1177 469
1177 472
1177 482
1177 500
1177 502
1177 591
1177 643
1177 666
1177 686
1177 702
1177 745
1177 752
1177 755
1177 777
1177 805
1177 819
1177 824
1177 840
1177 867
1177 881
1177 883
1177 923
1177 948
1177 951
1177 995
1178 23
1178 38
1178 49
1178 83
1178 85
1178 89
1178 111
1178 118
1178 136
1178 211
1178 243
1178 291
1178 299
1178 370
1178 388
1178 426
1178 477
1178 497
1178 503
1178 506
1178 551
1178 576
1178 593
1178 648
1178 656
1178 677
1178 706
1178 783
1178 823
1178 838
1178 878
1178 894
1178 919
1178 922
1178 941
1178 965
1178 976
1179 0
1179 39
1179 59
1179 70
1179 84
1179 101
1179 148
1179 264
1179 266
1179 279
1179 305
1179 321
1179 322
1179 342
1179 361
1179 382
1179 384
1179 393
1179 405
1179 414
1179 455
1179 474
1179 490
1179 515
1179 551
1179 637
1179 659
1179 664
1179 685
1179 731
1179 756
1179 788
1179 796
1179 797
1179 850
1179 873
1179 877
1179 881
1179 883
1179 897
1179 929
1179 931
1179 932
1179 937
1179 953
1179 972
1179 985
1180 11
1180 25
1180 29
1180 30
1180 33
1180 34
1180 88
1180 95
1180 100
1180 138
1180 152
1180 170
1180 222
1180 306
1180 340
1180 359
1180 373
1180 437
1180 475
1180 489
1180 495
1180 515
1180 518
1180 549
1180 571
1180 582
1180 607
1180 608
1180 619
1180 632
1180 668
1180 671
1180 674
1180 693
1180 708
1180 710
1180 732
1180 736
1180 793
1180 809
1180 823
1180 868
1180 926
1180 996
1180 999
1181 12
1181 57
1181 141
1181 153
1181 192
1181 249
1181 251
1181 260
1181 295
1181 302
1181 309
1181 360
1181 370
1181 403
1181 404
1181 417
1181 423
1181 467
1181 497
1181 519
1181 572
1181 615
1181 630
1181 635
1181 643
1181 667
1181 673
1181 688
1181 689
1181 693
1181 720
1181 738
1181 760
1181 780
1181 805
1181 922
1181 929
1181 931
1181 933
1181 942
1181 986
1182 4
1182 25
1182 45
1182 115
1182 144
1182 153
1182 157
1182 173
1182 276
1182 283
1182 289
1182 296
1182 350
1182 364
1182 371
1182 386
1182 411
1182 421
1182 481
1182 489
1182 522
1182 535
1182 547
1182 561
1182 626
1182 632
1182 664
1182 665
1182 679
1182 702
1182 731
1182 754
1182 791
1182 802
1182 862
1182 890
1182 894
1182 969
1183 16
1183 34
1183 47
1183 75
1183 77
1183 150
1183 153
1183 167
1183 189
1183 204
1183 222
1183 232
1183 242
1183 301
1183 317
1183 321
1183 322
1183 329
1183 332
1183 340
1183 406
1183 434
1183 454
1183 535
1183 548
1183 650
1183 655
1183 680
1183 725
1183 739
1183 750
1183 753
1183 804
1183 892
1183 958
1183 978
1184 7
1184 57
1184 104
1184 111
1184 120
1184 122
1184 162
1184 177
1184 234
1184 240
1184 250
1184 272
1184 303
1184 314
1184 319
1184 344
1184 345
1184 355
1184 356
1184 364
1184 367
1184 378
1184 406
1184 486
1184 529
1184 543
1184 544
1184 546
1184 613
1184 671
1184 683
1184 737
1184 799
1184 821
1184 833
1184 839
1184 875
1184 920
1184 931
1184 946
1184 955
1185 23
1185 65
1185 118
1185 142
1185 165
1185 168
1185 196
1185 286
1185 331
1185 345
1185 411
1185 447
1185 465
1185 495
1185 496
1185 508
1185 670
1185 693
1185 697
1185 709
1185 720
1185 744
1185 761
1185 769
1185 770
1185 796
1185 805
1185 847
1185 883
1185 909
1185 918
1185 944
1185 975
1185 980
1186 0
1186 20
1186 31
1186 123
1186 144
1186 195
1186 255
1186 301
1186 358
1186 389
1186 405
1186 432
1186 471
1186 483
1186 501
1186 505
1186 517
1186 554
1186 562
1186 586
1186 646
1186 677
1186 708
1186 711
1186 746
1186 790
1186 801
1186 827
1186 835
1186 871
1186 887
1186 893
1186 968
1186 997
1187 0
1187 10
1187 21
1187 75
1187 90
1187 138
1187 152
1187 159
1187 160
1187 170
1187 184
1187 185
1187 207
1187 259
1187 277
1187 363
1187 401
1187 441
1187 463
1187 490
1187 515
1187 526
1187 539
1187 547
1187 553
1187 555
1187 564
1187 599
1187 724
1187 739
1187 771
1187 811
1187 889
1187 897
1187 918
1187 919
1187 959
1187 981
1187 988
1188 6
1188 21
1188 39
1188 41
1188 44
1188 45
1188 88
1188 93
1188 106
1188 160
1188 185
1188 190
1188 226
1188 227
1188 238
1188 260
1188 314
1188 319
1188 321
1188 338
1188 370
1188 375
1188 398
1188 406
1188 412
1188 430
1188 501
1188 538
1188 589
1188 590
1188 630
1188 643
1188 687
1188 744
1188 745
1188 755
1188 827
1188 835
1188 856
1188 880
1188 885
1188 931
1188 947
1188 982
1189 9
1189 23
1189 81
1189 95
1189 96
1189 118
1189 121
1189 126
1189 139
1189 154
1189 171
1189 238
1189 281
1189 301
1189 318
1189 326
1189 359
1189 363
1189 388
1189 426
1189 433
1189 435
1189 438
1189 453
1189 454
1189 504
1189 512
1189 539
1189 559
1189 560
1189 592
1189 597
1189 649
1189 713
1189 714
1189 747
1189 758
1189 841
1189 854
1189 855
1189 877
1189 897
1189 900
1189 921
1189 936
1189 975
1189 981
1189 993
1190 1
1190 5
1190 16
1190 29
1190 58
1190 61
1190 68
1190 107
1190 116
1190 121
1190 153
1190 163
1190 193
1190 195
1190 212
1190 279
1190 285
1190 294
1190 305
1190 307
1190 367
1190 410
1190 418
1190 419
1190 451
1190 456
1190 535
1190 562
1190 665
1190 671
1190 682
1190 684
1190 694
1190 707
1190 732
1190 826
1190 879
1190 886
1190 903
1190 907
1190 994
1191 2
1191 43
1191 60
1191 66
1191 67
1191 77
1191 81
1191 127
1191 138
1191 166
1191 196
1191 242
1191 244
1191 258
1191 283
1191 296
1191 305
1191 336
1191 384
1191 390
1191 397
1191 464
1191 513
1191 528
1191 565
1191 616
1191 617
1191 633
1191 655
1191 695
1191 762
1191 809
1191 822
1191 855
1191 862
1191 925
1192 10
1192 31
1192 53
1192 72
1192 85
1192 93
1192 173
1192 193
1192 204
1192 216
1192 226
1192 253
1192 301
1192 319
1192 337
1192 358
1192 396
1192 513
1192 570
1192 580
1192 595
1192 652
1192 680
1192 774
1192 788
1192 861
1192 885
1192 907
1192 941
1193 16
1193 46
1193 49
1193 141
1193 146
1193 203
1193 224
1193 250
1193 254
1193 261
1193 315
1193 349
1193 354
1193 362
1193 384
1193 532
1193 575
1193 580
1193 601
1193 614
1193 615
1193 642
1193 678
1193 682
1193 710
1193 754
1193 774
1193 782
1193 785
1193 850
1193 865
1193 892
1193 919
1193 972
1194 12
1194 17
1194 42
1194 48
1194 56
1194 58
1194 74
1194 76
1194 107
1194 121
1194 153
1194 217
1194 243
1194 275
1194 317
1194 338
1194 343
1194 367
1194 376
1194 436
1194 482
1194 505
1194 567
1194 571
1194 578
1194 584
1194 590
1194 615
1194 649
1194 652
1194 672
1194 718
1194 739
1194 774
1194 791
1194 799
1194 801
1194 811
1194 865
1194 875
1194 884
1194 930
1194 997
1195 76
1195 80
1195 83
1195 99
1195 144
1195 154
1195 172
1195 220
1195 246
1195 277
1195 280
1195 285
1195 287
1195 292
1195 330
1195 361
1195 369
1195 394
1195 396
1195 405
1195 409
1195 425
1195 483
1195 520
1195 535
1195 566
1195 585
1195 682
1195 683
1195 714
1195 716
1195 730
1195 762
1195 797
1195 901
1195 935
1196 2
1196 55
1196 61
1196 68
1196 120
1196 187
1196 192
1196 208
1196 232
1196 255
1196 394
1196 399
1196 424
1196 501
1196 534
1196 572
1196 583
1196 591
1196 609
1196 648
1196 661
1196 662
1196 666
1196 692
1196 704
1196 740
1196 810
1196 819
1196 847
1196 880
1196 930
1196 959
1196 992
1196 994
1197 4
1197 11
1197 13
1197 62
1197 114
1197 115
1197 118
1197 137
1197 152
1197 153
1197 192
1197 206
1197 236
1197 237
1197 253
1197 303
1197 324
1197 386
1197 387
1197 401
1197 408
1197 411
1197 479
1197 480
1197 548
1197 557
1197 588
1197 602
1197 612
1197 637
1197 651
1197 658
1197 663
1197 664
1197 677
1197 816
1197 846
1197 859
1197 880
1197 883
1197 889
1197 975
1197 986
1197 993
1198 18
1198 81
1198 85
1198 142
1198 187
1198 223
1198 283
1198 293
1198 305
1198 317
1198 319
1198 342
1198 359
1198 384
1198 393
1198 445
1198 474
1198 494
1198 504
1198 526
1198 560
1198 609
1198 629
1198 657
1198 670
1198 671
1198 740
1198 744
1198 762
1198 768
1198 774
1198 807
1198 893
1198 896
1198 938
1198 950
1199 25
1199 36
1199 73
1199 94
1199 128
1199 151
1199 218
1199 229
1199 260
1199 276
1199 318
1199 339
1199 372
1199 382
1199 396
1199 403
1199 404
1199 427
1199 447
1199 484
1199 501
1199 544
1199 617
1199 620
1199 637
1199 672
1199 707
1199 717
1199 720
1199 734
1199 735
1199 760
1199 772
1199 808
1199 810
1199 827
1199 836
1199 907
1199 952
1199 957
1199 974
1199 991
1000 1001 1002 1003 1004 1005 1006 1007 1008 1009 1010 1011 1012 1013 1014 1015 1016 1017 1018 1019 1020 1021 1022 1023 1024 1025 1026 1027 1028 1029 1030 1031 1032 1033 1034 1035 1036 1037 1038 1039 1040 1041 1042 1043 1044 1045 1046 1047 1048 1049 1050 1051 1052 1053 1054 1055 1056 1057 1058 1059 1060 1061 1062 1063 1064 1065 1066 1067 1068 1069 1070 1071 1072 1073 1074 1075 1076 1077 1078 1079 1080 1081 1082 1083 1084 1085 1086 1087 1088 1089 1090 1091 1092 1093 1094 1095 1096 1097 1098 1099 1100 1101 1102 1103 1104 1105 1106 1107 1108 1109 1110 1111 1112 1113 1114 1115 1116 1117 1118 1119 1120 1121 1122 1123 1124 1125 1126 1127 1128 1129 1130 1131 1132 1133 1134 1135 1136 1137 1138 1139 1140 1141 1142 1143 1144 1145 1146 1147 1148 1149 1150 1151 1152 1153 1154 1155 1156 1157 1158 1159 1160 1161 1162 1163 1164 1165 1166 1167 1168 1169 1170 1171 1172 1173 1174 1175 1176 1177 1178 1179 1180 1181 1182 1183 1184 1185 1186 1187 1188 1189 1190 1191 1192 1193 1194 1195 1196 1197 1198 1199
