1331 29824 61
0 1
0 2
0 3
0 4
0 5
0 6
0 7
0 8
0 9
0 11
0 22
0 33
0 44
0 55
0 66
0 77
0 110
0 242
0 605
0 726
0 847
1 0
1 2
1 3
1 4
1 6
1 7
1 8
1 9
1 10
1 12
1 23
1 34
1 45
1 67
1 89
1 100
1 111
1 122
1 243
1 364
1 485
1 848
1 969
1 1090
1 1211
2 1
2 3
2 5
2 6
2 7
2 9
2 10
2 13
2 24
2 35
2 46
2 68
2 79
2 101
2 112
2 123
2 244
2 486
2 728
2 849
2 970
3 0
3 1
3 5
3 6
3 7
3 8
3 9
3 14
3 36
3 47
3 80
3 91
3 102
3 124
3 245
3 366
3 487
3 608
3 729
3 850
3 971
3 1092
3 1213
4 0
4 1
4 2
4 3
4 5
4 6
4 7
4 8
4 10
4 15
4 26
4 37
4 48
4 59
4 70
4 103
4 114
4 125
4 367
4 488
4 730
4 851
4 972
4 1093
5 0
5 1
5 3
5 4
5 6
5 7
5 8
5 9
5 10
5 27
5 38
5 60
5 71
5 82
5 93
5 115
5 126
5 247
5 368
5 489
5 852
6 1
6 2
6 3
6 4
6 5
6 7
6 8
6 10
6 17
6 61
6 72
6 83
6 94
6 105
6 116
6 127
6 369
6 490
6 611
6 853
6 974
6 1216
7 0
7 1
7 2
7 3
7 4
7 5
7 6
7 9
7 10
7 18
7 29
7 40
7 51
7 62
7 84
7 95
7 117
7 128
7 249
7 491
7 612
7 733
7 854
7 1217
8 0
8 2
8 4
8 5
8 7
8 9
8 19
8 63
8 74
8 85
8 96
8 107
8 118
8 129
8 250
8 371
8 492
8 613
8 976
8 1218
9 1
9 4
9 5
9 6
9 7
9 10
9 20
9 75
9 97
9 119
9 130
9 251
9 493
9 614
9 735
9 856
9 977
9 1219
10 0
10 1
10 3
10 4
10 5
10 6
10 8
10 9
10 32
10 43
10 54
10 76
10 87
10 98
10 109
10 120
10 252
10 494
10 736
10 857
10 1099
10 1220
11 14
11 16
11 17
11 18
11 20
11 44
11 55
11 77
11 88
11 99
11 110
11 132
11 374
11 495
11 616
11 858
11 1100
11 1221
12 11
12 13
12 14
12 15
12 16
12 17
12 19
12 20
12 34
12 67
12 111
12 133
12 375
12 496
12 617
12 859
12 980
12 1101
12 1222
13 11
13 12
13 14
13 15
13 16
13 17
13 18
13 19
13 20
13 24
13 46
13 57
13 101
13 134
13 255
13 497
13 618
13 739
13 860
13 981
13 1102
13 1223
14 11
14 15
14 19
14 20
14 21
14 25
14 36
14 47
14 58
14 80
14 91
14 102
14 113
14 135
14 256
14 377
14 619
14 740
14 861
14 982
14 1103
14 1224
15 11
15 12
15 14
15 16
15 17
15 18
15 19
15 20
15 21
15 26
15 37
15 59
15 70
15 81
15 103
15 114
15 136
15 741
15 862
15 983
15 1104
15 1225
16 5
16 11
16 12
16 14
16 15
16 17
16 18
16 19
16 21
16 27
16 38
16 60
16 93
16 137
16 258
16 379
16 500
16 742
16 984
16 1105
16 1226
17 6
17 11
17 14
17 16
17 19
17 20
17 28
17 50
17 72
17 83
17 94
17 105
17 116
17 138
17 259
17 380
17 501
17 743
17 864
17 985
17 1106
17 1227
18 7
18 11
18 12
18 13
18 14
18 15
18 16
18 17
18 19
18 21
18 29
18 40
18 51
18 62
18 73
18 84
18 106
18 117
18 260
18 381
18 502
18 744
18 865
18 986
18 1107
18 1228
19 8
19 11
19 12
19 13
19 14
19 15
19 16
19 17
19 18
19 20
19 21
19 30
19 52
19 63
19 74
19 96
19 118
19 140
19 261
19 382
19 503
19 624
19 745
19 987
19 1108
20 11
20 13
20 14
20 15
20 16
20 18
20 21
20 31
20 42
20 53
20 64
20 75
20 86
20 97
20 141
20 262
20 504
20 746
20 867
20 988
20 1230
21 10
21 11
21 12
21 13
21 14
21 16
21 17
21 19
21 20
21 32
21 43
21 54
21 76
21 87
21 98
21 109
21 120
21 142
21 263
21 384
21 505
21 747
21 989
21 1110
22 0
22 11
22 23
22 24
22 25
22 26
22 27
22 30
22 55
22 66
22 77
22 88
22 264
22 385
22 506
22 627
22 748
22 990
22 1111
22 1232
23 12
23 24
23 26
23 28
23 29
23 30
23 31
23 32
23 34
23 45
23 56
23 67
23 78
23 89
23 100
23 111
23 144
23 265
23 386
23 507
23 628
23 870
23 991
23 1112
23 1233
24 13
24 22
24 23
24 25
24 26
24 27
24 29
24 31
24 35
24 46
24 57
24 68
24 79
24 101
24 145
24 508
24 629
24 750
24 1113
24 1234
25 3
25 14
25 22
25 23
25 24
25 26
25 27
25 28
25 29
25 30
25 31
25 36
25 47
25 69
25 80
25 102
25 146
25 267
25 388
25 630
25 751
25 872
25 993
25 1114
25 1235
26 4
26 22
26 23
26 24
26 28
26 30
26 32
26 48
26 59
26 70
26 81
26 268
26 389
26 510
26 631
26 752
26 873
26 994
26 1236
27 5
27 16
27 23
27 25
27 26
27 28
27 29
27 30
27 32
27 49
27 60
27 71
27 82
27 93
27 115
27 148
27 269
27 390
27 511
27 632
27 753
27 874
27 1116
27 1237
28 6
28 17
28 22
28 24
28 25
28 26
28 29
28 31
28 32
28 39
28 50
28 83
28 94
28 105
28 116
28 149
28 270
28 754
28 875
28 996
28 1117
28 1238
29 18
29 22
29 23
29 24
29 26
29 28
29 30
29 31
29 40
29 51
29 73
29 84
29 106
29 117
29 150
29 271
29 392
29 513
29 634
29 755
29 876
29 997
29 1118
29 1239
30 8
30 19
30 22
30 24
30 25
30 27
30 28
30 29
30 31
30 32
30 41
30 52
30 63
30 74
30 85
30 96
30 118
30 151
30 272
30 393
30 514
30 635
30 756
30 877
30 998
30 1119
30 1240
31 9
31 20
31 22
31 23
31 24
31 25
31 26
31 27
31 29
31 30
31 32
31 42
31 53
31 64
31 75
31 86
31 97
31 108
31 152
31 273
31 394
31 636
31 757
31 999
32 10
32 21
32 22
32 23
32 24
32 25
32 26
32 27
32 29
32 30
32 43
32 54
32 65
32 76
32 87
32 109
32 120
32 274
32 516
32 637
32 1000
32 1242
33 11
33 22
33 35
33 36
33 37
33 38
33 39
33 40
33 41
33 42
33 43
33 55
33 66
33 77
33 88
33 154
33 275
33 396
33 638
33 880
33 1243
34 1
34 12
34 23
34 33
34 35
34 39
34 40
34 41
34 42
34 43
34 45
34 56
34 78
34 89
34 100
34 111
34 155
34 397
34 518
34 639
34 760
34 1002
34 1123
34 1244
35 13
35 24
35 33
35 34
35 36
35 38
35 39
35 41
35 42
35 43
35 46
35 57
35 68
35 79
35 90
35 101
35 112
35 156
35 277
35 398
35 519
35 640
35 882
35 1003
35 1124
35 1245
36 14
36 25
36 34
36 35
36 38
36 39
36 40
36 42
36 43
36 47
36 69
36 80
36 91
36 113
36 278
36 520
36 641
36 762
36 883
36 1125
36 1246
37 4
37 15
37 26
37 33
37 34
37 35
37 36
37 38
37 39
37 40
37 41
37 42
37 43
37 48
37 59
37 70
37 81
37 92
37 103
37 114
37 158
37 279
37 400
37 521
37 642
37 763
37 1005
37 1126
37 1247
38 16
38 27
38 34
38 35
38 37
38 39
38 40
38 49
38 60
38 82
38 93
38 104
38 115
38 280
38 401
38 643
38 764
38 885
38 1006
38 1248
39 6
39 17
39 28
39 36
39 37
39 38
39 40
39 41
39 43
39 72
39 83
39 94
39 105
39 116
39 402
39 523
39 886
39 1007
39 1128
39 1249
40 18
40 29
40 35
40 36
40 37
40 38
40 39
40 41
40 42
40 43
40 51
40 62
40 106
40 117
40 161
40 282
40 403
40 645
40 766
40 887
40 1008
40 1129
40 1250
41 8
41 19
41 30
41 33
41 34
41 35
41 36
41 37
41 38
41 39
41 42
41 43
41 52
41 63
41 74
41 85
41 96
41 107
41 118
41 162
41 525
41 646
41 767
41 1009
41 1130
41 1251
42 9
42 31
42 33
42 34
42 35
42 36
42 38
42 39
42 40
42 43
42 53
42 64
42 75
42 97
42 108
42 284
42 647
42 768
42 889
42 1010
42 1252
43 10
43 32
43 34
43 38
43 39
43 40
43 42
43 54
43 65
43 87
43 109
43 164
43 285
43 406
43 527
43 648
43 890
43 1011
43 1253
44 11
44 22
44 33
44 45
44 48
44 50
44 52
44 53
44 54
44 77
44 88
44 110
44 528
44 770
44 891
45 12
45 34
45 46
45 47
45 48
45 49
45 50
45 51
45 52
45 53
45 56
45 67
45 78
45 89
45 100
45 111
45 287
45 408
45 529
45 650
45 771
45 892
45 1013
45 1255
46 13
46 35
46 44
46 45
46 47
46 51
46 52
46 53
46 54
46 57
46 68
46 90
46 101
46 112
46 167
46 288
46 409
46 530
46 651
46 772
46 893
46 1135
46 1256
47 3
47 14
47 36
47 44
47 45
47 46
47 48
47 49
47 51
47 52
47 53
47 58
47 113
47 289
47 410
47 531
47 652
47 894
47 1015
47 1136
47 1257
48 4
48 15
48 26
48 37
48 44
48 46
48 47
48 49
48 50
48 51
48 52
48 53
48 54
48 59
48 70
48 92
48 114
48 169
48 290
48 411
48 653
48 774
48 895
48 1016
48 1137
48 1258
49 5
49 16
49 44
49 46
49 47
49 48
49 50
49 51
49 52
49 53
49 54
49 71
49 82
49 93
49 104
49 115
49 170
49 291
49 412
49 654
49 775
49 896
49 1017
49 1138
49 1259
50 6
50 39
50 45
50 46
50 47
50 48
50 49
50 52
50 53
50 54
50 61
50 72
50 83
50 94
50 171
50 292
50 534
50 897
50 1018
50 1139
50 1260
51 7
51 18
51 40
51 44
51 45
51 46
51 47
51 50
51 52
51 73
51 84
51 95
51 117
51 293
51 414
51 535
51 656
51 1019
51 1140
51 1261
52 8
52 30
52 41
52 45
52 46
52 47
52 48
52 49
52 54
52 63
52 74
52 85
52 107
52 118
52 173
52 294
52 415
52 657
52 778
52 899
52 1020
52 1141
52 1262
53 9
53 42
53 48
53 49
53 51
53 52
53 54
53 75
53 86
53 97
53 108
53 119
53 174
53 295
53 537
53 658
53 900
53 1263
54 10
54 21
54 43
54 44
54 45
54 47
54 49
54 50
54 51
54 52
54 65
54 76
54 120
54 296
54 417
54 538
54 659
54 780
54 901
54 1022
54 1143
55 0
55 22
55 44
55 56
55 57
55 59
55 62
55 63
55 64
55 65
55 77
55 99
55 110
55 176
55 539
55 660
55 902
55 1023
55 1144
55 1265
56 1
56 12
56 34
56 45
56 59
56 60
56 61
56 62
56 64
56 67
56 78
56 177
56 298
56 419
56 540
56 661
56 782
56 903
56 1024
56 1145
56 1266
57 2
57 24
57 35
57 55
57 56
57 58
57 59
57 60
57 61
57 62
57 63
57 68
57 79
57 90
57 112
57 178
57 299
57 420
57 541
57 662
57 783
57 1025
58 3
58 25
58 36
58 47
58 55
58 56
58 59
58 60
58 61
58 62
58 65
58 69
58 80
58 91
58 179
58 300
58 542
58 663
58 784
58 905
58 1026
58 1268
59 4
59 15
59 26
59 37
59 48
59 55
59 56
59 58
59 60
59 61
59 62
59 63
59 64
59 65
59 70
59 81
59 103
59 114
59 180
59 301
59 422
59 543
59 785
59 906
59 1148
59 1269
60 5
60 38
60 49
60 55
60 56
60 57
60 58
60 59
60 61
60 62
60 63
60 82
60 93
60 115
60 181
60 423
60 665
60 786
60 907
60 1028
60 1149
60 1270
61 6
61 17
61 28
61 39
61 55
61 57
61 58
61 60
61 63
61 64
61 65
61 72
61 83
61 94
61 105
61 116
61 182
61 303
61 424
61 545
61 787
61 908
61 1029
61 1150
62 18
62 29
62 40
62 51
62 55
62 56
62 57
62 59
62 60
62 61
62 63
62 65
62 73
62 84
62 95
62 106
62 117
62 183
62 304
62 425
62 546
62 667
62 788
62 909
62 1272
63 8
63 19
63 30
63 41
63 56
63 58
63 59
63 61
63 64
63 74
63 85
63 96
63 118
63 305
63 426
63 547
63 668
63 789
63 1031
63 1152
63 1273
64 9
64 20
64 31
64 42
64 53
64 57
64 58
64 60
64 61
64 62
64 63
64 65
64 75
64 97
64 108
64 119
64 306
64 427
64 548
64 790
64 911
64 1032
64 1153
65 10
65 21
65 32
65 43
65 55
65 56
65 57
65 58
65 59
65 60
65 61
65 63
65 64
65 109
65 120
65 428
65 549
65 670
65 1154
65 1275
66 0
66 11
66 22
66 44
66 55
66 68
66 69
66 70
66 71
66 72
66 77
66 99
66 110
66 187
66 308
66 429
66 792
66 913
66 1034
66 1276
67 34
67 45
67 56
67 66
67 68
67 69
67 70
67 71
67 72
67 74
67 78
67 89
67 100
67 111
67 188
67 309
67 430
67 793
67 914
67 1156
67 1277
68 2
68 13
68 35
68 46
68 57
68 66
68 70
68 71
68 72
68 73
68 74
68 75
68 76
68 101
68 112
68 189
68 310
68 673
68 794
68 915
68 1157
68 1278
69 3
69 14
69 25
69 36
69 47
69 68
69 70
69 71
69 72
69 73
69 74
69 75
69 76
69 80
69 91
69 102
69 113
69 190
69 311
69 553
69 674
69 795
69 916
69 1037
70 37
70 59
70 66
70 68
70 69
70 71
70 72
70 74
70 75
70 76
70 81
70 92
70 114
70 191
70 312
70 433
70 554
70 675
70 796
70 917
70 1038
70 1159
70 1280
71 16
71 27
71 38
71 49
71 60
71 66
71 67
71 69
71 70
71 72
71 73
71 74
71 75
71 93
71 104
71 115
71 192
71 434
71 555
71 676
71 797
71 918
71 1160
72 17
72 28
72 39
72 61
72 68
72 73
72 74
72 75
72 76
72 83
72 94
72 105
72 116
72 193
72 314
72 435
72 556
72 677
72 798
72 919
72 1040
72 1161
72 1282
73 7
73 18
73 40
73 51
73 66
73 67
73 68
73 69
73 70
73 71
73 72
73 74
73 75
73 76
73 84
73 117
73 194
73 315
73 557
73 678
73 799
73 920
73 1041
73 1162
74 63
74 66
74 67
74 70
74 73
74 75
74 76
74 85
74 96
74 107
74 118
74 316
74 437
74 679
74 800
74 921
74 1042
74 1163
75 9
75 53
75 64
75 66
75 67
75 68
75 69
75 70
75 71
75 72
75 73
75 74
75 119
75 196
75 317
75 438
75 559
75 680
75 801
75 922
75 1043
75 1285
76 10
76 32
76 43
76 65
76 66
76 67
76 69
76 70
76 71
76 72
76 73
76 74
76 75
76 98
76 120
76 197
76 318
76 560
76 802
76 923
76 1044
76 1286
77 11
77 44
77 66
77 78
77 80
77 81
77 82
77 83
77 84
77 85
77 86
77 87
77 88
77 99
77 110
77 198
77 440
77 561
77 682
77 924
77 1045
77 1166
77 1287
78 1
78 12
78 23
78 34
78 45
78 77
78 79
78 80
78 81
78 83
78 84
78 85
78 86
78 87
78 89
78 100
78 111
78 199
78 320
78 441
78 683
78 804
78 1046
78 1167
79 2
79 13
79 35
79 46
79 57
79 68
79 77
79 80
79 82
79 83
79 84
79 85
79 90
79 101
79 112
79 200
79 442
79 563
79 684
79 805
79 1289
80 3
80 14
80 36
80 47
80 58
80 69
80 79
80 81
80 82
80 83
80 84
80 86
80 113
80 201
80 322
80 443
80 564
80 685
80 806
80 927
80 1048
80 1290
81 4
81 26
81 37
81 48
81 59
81 70
81 79
81 80
81 82
81 83
81 84
81 87
81 92
81 103
81 114
81 202
81 565
81 686
81 807
81 1170
81 1291
82 5
82 16
82 27
82 38
82 49
82 60
82 71
82 78
82 79
82 83
82 84
82 86
82 87
82 93
82 104
82 324
82 687
82 929
82 1050
83 6
83 17
83 28
83 39
83 50
83 61
83 72
83 79
83 80
83 82
83 84
83 85
83 86
83 94
83 105
83 204
83 325
83 567
83 688
83 930
83 1172
83 1293
84 7
84 18
84 29
84 40
84 51
84 73
84 78
84 79
84 80
84 81
84 83
84 85
84 86
84 87
84 95
84 106
84 117
84 326
84 447
84 568
84 810
84 931
84 1052
84 1173
85 8
85 19
85 30
85 41
85 52
85 63
85 74
85 77
85 79
85 80
85 81
85 82
85 86
85 96
85 107
85 118
85 206
85 327
85 448
85 569
85 690
85 811
85 1295
86 9
86 42
86 64
86 75
86 77
86 78
86 79
86 80
86 81
86 82
86 83
86 84
86 87
86 97
86 108
86 207
86 449
86 570
86 691
86 812
86 1054
86 1175
86 1296
87 32
87 43
87 54
87 65
87 76
87 78
87 79
87 80
87 81
87 82
87 83
87 85
87 98
87 109
87 120
87 571
87 692
87 813
87 934
87 1055
87 1176
88 0
88 22
88 44
88 55
88 66
88 77
88 89
88 91
88 92
88 94
88 98
88 110
88 209
88 330
88 693
88 814
88 935
88 1056
88 1177
88 1298
89 1
89 12
89 23
89 34
89 45
89 56
89 67
89 90
89 91
89 92
89 93
89 95
89 96
89 98
89 111
89 210
89 331
89 573
89 694
89 815
89 1178
89 1299
90 2
90 13
90 24
90 35
90 57
90 68
90 88
90 89
90 91
90 92
90 93
90 94
90 95
90 96
90 98
90 101
90 112
90 453
90 574
90 695
90 937
90 1058
90 1300
91 3
91 14
91 25
91 47
91 69
91 80
91 88
91 90
91 92
91 94
91 95
91 96
91 97
91 98
91 102
91 212
91 454
91 575
91 696
91 938
91 1301
92 4
92 15
92 26
92 37
92 59
92 70
92 81
92 89
92 90
92 93
92 94
92 96
92 97
92 103
92 114
92 213
92 334
92 455
92 576
92 697
92 818
92 939
92 1060
92 1181
93 16
93 27
93 38
93 49
93 60
93 71
93 88
93 89
93 91
93 92
93 94
93 96
93 98
93 104
93 115
93 335
93 456
93 577
93 698
93 940
93 1061
93 1303
94 28
94 39
94 72
94 83
94 89
94 91
94 96
94 97
94 105
94 116
94 215
94 336
94 457
94 578
94 699
94 820
95 18
95 29
95 40
95 62
95 73
95 84
95 88
95 89
95 90
95 92
95 93
95 94
95 96
95 97
95 98
95 106
95 117
95 216
95 337
95 458
95 579
95 700
95 821
95 942
95 1063
95 1184
95 1305
96 8
96 19
96 30
96 41
96 52
96 63
96 88
96 89
96 90
96 91
96 92
96 93
96 94
96 95
96 97
96 98
96 107
96 118
96 580
96 701
96 822
96 1064
96 1185
96 1306
97 9
97 20
97 42
97 53
97 75
97 86
97 88
97 89
97 90
97 92
97 93
97 94
97 95
97 96
97 98
97 119
97 218
97 339
97 460
97 581
97 702
97 823
97 944
97 1065
97 1186
97 1307
98 21
98 32
98 43
98 54
98 65
98 76
98 87
98 90
98 91
98 92
98 94
98 96
98 97
98 109
98 120
98 219
98 340
98 461
98 582
98 703
98 1066
98 1187
98 1308
99 0
99 22
99 33
99 44
99 55
99 66
99 77
99 88
99 101
99 102
99 103
99 104
99 105
99 106
99 109
99 220
99 341
99 462
99 583
99 704
99 825
99 1067
99 1188
99 1309
100 1
100 12
100 56
100 67
100 78
100 89
100 99
100 101
100 103
100 104
100 105
100 106
100 107
100 108
100 109
100 221
100 342
100 463
100 584
100 705
100 826
100 947
100 1189
101 2
101 13
101 46
101 57
101 68
101 79
101 99
101 102
101 104
101 105
101 106
101 107
101 108
101 109
101 112
101 222
101 343
101 706
101 827
101 948
102 3
102 14
102 36
102 47
102 58
102 69
102 80
102 91
102 100
102 103
102 104
102 108
102 109
102 113
102 223
102 344
102 465
102 586
102 828
102 949
102 1070
103 15
103 26
103 48
103 59
103 70
103 81
103 99
103 101
103 105
103 106
103 108
103 114
103 224
103 345
103 466
103 708
103 829
103 950
103 1071
103 1192
103 1313
104 5
104 16
104 27
104 38
104 60
104 82
104 99
104 100
104 101
104 102
104 103
104 105
104 106
104 107
104 108
104 109
104 115
104 225
104 346
104 467
104 951
104 1072
104 1193
104 1314
105 6
105 17
105 50
105 61
105 83
105 100
105 101
105 102
105 103
105 104
105 106
105 116
105 226
105 468
105 710
105 1073
105 1194
105 1315
106 7
106 18
106 29
106 40
106 51
106 73
106 84
106 99
106 100
106 101
106 102
106 103
106 105
106 109
106 117
106 227
106 348
106 469
106 590
106 711
106 832
106 953
106 1074
106 1195
107 19
107 30
107 41
107 52
107 63
107 74
107 85
107 96
107 99
107 101
107 102
107 103
107 104
107 105
107 106
107 108
107 109
107 118
107 228
107 349
107 470
107 591
107 712
107 833
107 954
107 1075
107 1196
107 1317
108 9
108 20
108 31
108 42
108 53
108 64
108 75
108 86
108 97
108 99
108 100
108 101
108 102
108 103
108 105
108 106
108 107
108 109
108 119
108 229
108 350
108 471
108 592
108 713
108 834
108 1076
108 1318
109 10
109 54
109 76
109 87
109 101
109 102
109 103
109 104
109 105
109 106
109 120
109 230
109 351
109 472
109 593
109 714
109 835
109 956
109 1077
110 0
110 11
110 22
110 33
110 55
110 66
110 77
110 99
110 111
110 112
110 113
110 114
110 116
110 117
110 118
110 120
110 231
110 473
110 594
110 715
110 836
110 957
110 1078
110 1199
110 1320
111 1
111 12
111 34
111 56
111 78
111 100
111 110
111 113
111 114
111 117
111 118
111 119
111 120
111 232
111 353
111 474
111 595
111 716
111 1079
111 1200
111 1321
112 2
112 13
112 24
112 35
112 68
112 79
112 90
112 101
112 111
112 113
112 114
112 115
112 116
112 117
112 118
112 119
112 354
112 475
112 596
112 717
112 838
112 959
112 1080
112 1201
112 1322
113 3
113 14
113 25
113 36
113 58
113 80
113 91
113 102
113 110
113 111
113 112
113 114
113 115
113 116
113 117
113 118
113 119
113 120
113 234
113 476
113 597
113 839
113 960
113 1202
113 1323
114 26
114 37
114 48
114 59
114 81
114 103
114 110
114 111
114 113
114 115
114 116
114 117
114 118
114 119
114 120
114 235
114 356
114 477
114 598
114 719
114 840
114 1203
115 5
115 16
115 27
115 38
115 49
115 60
115 71
115 82
115 93
115 104
115 110
115 111
115 112
115 113
115 114
115 117
115 120
115 236
115 720
115 962
115 1083
115 1204
116 6
116 28
116 39
116 50
116 72
116 83
116 94
116 105
116 110
116 111
116 113
116 114
116 115
116 117
116 118
116 119
116 120
116 237
116 358
116 479
116 721
116 842
116 1084
116 1326
117 18
117 29
117 40
117 51
117 62
117 73
117 84
117 95
117 106
117 110
117 113
117 114
117 115
117 238
117 359
117 843
117 964
117 1206
117 1327
118 19
118 30
118 74
118 85
118 96
118 107
118 110
118 111
118 112
118 113
118 115
118 116
118 117
118 119
118 120
118 239
118 481
118 602
118 844
118 965
118 1086
118 1207
118 1328
119 9
119 20
119 31
119 42
119 53
119 86
119 97
119 110
119 111
119 115
119 116
119 117
119 118
119 120
119 240
119 482
119 603
119 724
119 845
119 966
119 1087
119 1208
119 1329
120 21
120 32
120 43
120 54
120 65
120 76
120 98
120 109
120 110
120 111
120 112
120 113
120 114
120 117
120 119
120 241
120 362
120 725
120 846
120 1088
120 1209
120 1330
121 0
121 122
121 124
121 126
121 128
121 130
121 132
121 176
121 187
121 209
121 220
121 231
121 363
121 484
121 605
121 726
121 1089
121 1210
122 1
122 121
122 123
122 124
122 126
122 127
122 128
122 129
122 131
122 133
122 144
122 155
122 177
122 210
122 232
122 364
122 485
122 606
122 727
122 848
122 969
122 1090
122 1211
123 2
123 121
123 122
123 124
123 125
123 126
123 127
123 128
123 129
123 130
123 131
123 134
123 145
123 156
123 189
123 200
123 222
123 233
123 244
123 365
123 607
123 728
123 849
123 1091
124 3
124 121
124 122
124 123
124 125
124 126
124 127
124 128
124 130
124 131
124 135
124 168
124 179
124 212
124 223
124 234
124 245
124 366
124 608
124 729
124 850
124 971
124 1092
125 121
125 122
125 123
125 126
125 127
125 128
125 130
125 131
125 136
125 158
125 180
125 191
125 213
125 224
125 235
125 367
125 488
125 851
125 1093
126 121
126 122
126 123
126 124
126 125
126 127
126 128
126 129
126 131
126 137
126 148
126 159
126 170
126 181
126 214
126 225
126 236
126 247
126 368
126 489
126 731
126 852
126 973
126 1094
126 1215
127 6
127 121
127 122
127 123
127 128
127 130
127 131
127 138
127 182
127 193
127 204
127 215
127 226
127 369
127 490
127 611
127 732
127 974
127 1095
127 1216
128 7
128 121
128 122
128 123
128 125
128 126
128 127
128 129
128 130
128 150
128 183
128 194
128 216
128 238
128 491
128 733
128 1217
129 8
129 121
129 122
129 123
129 124
129 125
129 126
129 127
129 128
129 130
129 140
129 151
129 173
129 184
129 206
129 217
129 228
129 239
129 250
129 492
129 855
129 976
129 1097
130 122
130 123
130 124
130 126
130 127
130 129
130 131
130 152
130 163
130 174
130 185
130 196
130 207
130 218
130 229
130 251
130 493
130 614
130 856
130 977
130 1219
131 10
131 121
131 125
131 126
131 128
131 129
131 153
131 164
131 175
131 186
131 208
131 219
131 230
131 241
131 252
131 373
131 494
131 615
131 857
131 1099
131 1220
132 11
132 134
132 135
132 136
132 138
132 139
132 140
132 142
132 143
132 154
132 176
132 187
132 209
132 220
132 231
132 253
132 495
132 616
132 737
132 979
132 1100
132 1221
133 12
133 122
133 132
133 134
133 135
133 136
133 137
133 139
133 142
133 144
133 155
133 166
133 177
133 210
133 375
133 496
133 859
133 1101
133 1222
134 13
134 123
134 138
134 139
134 140
134 141
134 142
134 156
134 178
134 189
134 211
134 233
134 497
134 618
134 739
134 860
134 981
134 1223
135 14
135 124
135 132
135 133
135 134
135 136
135 137
135 138
135 139
135 141
135 142
135 146
135 157
135 179
135 190
135 201
135 223
135 234
135 377
135 498
135 619
135 740
135 861
135 982
135 1103
135 1224
136 132
136 133
136 134
136 135
136 137
136 141
136 142
136 147
136 158
136 180
136 191
136 213
136 224
136 235
136 378
136 499
136 620
136 741
136 862
136 1104
137 126
137 132
137 133
137 134
137 139
137 141
137 142
137 148
137 159
137 181
137 192
137 203
137 214
137 236
137 258
137 500
137 621
137 863
137 984
137 1105
137 1226
138 17
138 127
138 132
138 133
138 134
138 136
138 137
138 141
138 142
138 160
138 182
138 193
138 204
138 215
138 226
138 237
138 259
138 380
138 501
138 743
138 864
138 985
138 1106
138 1227
139 18
139 128
139 132
139 133
139 134
139 135
139 136
139 137
139 138
139 140
139 141
139 142
139 150
139 172
139 194
139 205
139 216
139 238
139 260
139 381
139 502
139 623
139 865
139 1228
140 19
140 132
140 133
140 135
140 136
140 137
140 138
140 139
140 142
140 151
140 162
140 173
140 184
140 195
140 206
140 217
140 228
140 239
140 261
140 382
140 624
140 745
140 866
140 987
140 1108
140 1229
141 20
141 130
141 132
141 133
141 135
141 136
141 137
141 139
141 140
141 152
141 163
141 174
141 185
141 196
141 207
141 218
141 229
141 262
141 383
141 746
141 867
141 988
141 1109
142 21
142 131
142 132
142 133
142 134
142 135
142 136
142 137
142 138
142 139
142 140
142 141
142 153
142 164
142 175
142 186
142 197
142 208
142 219
142 241
142 263
142 505
142 626
142 989
142 1110
142 1231
143 22
143 121
143 132
143 144
143 146
143 147
143 148
143 149
143 150
143 151
143 153
143 154
143 165
143 176
143 187
143 198
143 209
143 264
143 506
143 748
143 869
143 1111
143 1232
144 23
144 122
144 143
144 145
144 147
144 148
144 151
144 152
144 153
144 166
144 177
144 188
144 199
144 210
144 221
144 386
144 507
144 628
144 749
144 991
144 1112
144 1233
145 134
145 143
145 144
145 146
145 147
145 148
145 149
145 150
145 151
145 152
145 156
145 178
145 189
145 200
145 211
145 222
145 233
145 266
145 508
145 629
145 871
145 1113
145 1234
146 25
146 124
146 135
146 143
146 144
146 147
146 148
146 149
146 151
146 152
146 153
146 157
146 168
146 179
146 212
146 223
146 234
146 267
146 388
146 751
146 872
146 1114
146 1235
147 26
147 125
147 136
147 144
147 146
147 149
147 151
147 153
147 158
147 169
147 180
147 191
147 202
147 224
147 235
147 268
147 389
147 510
147 631
147 873
147 994
147 1115
147 1236
148 27
148 126
148 143
148 144
148 147
148 149
148 151
148 181
148 192
148 203
148 214
148 390
148 511
148 632
148 753
148 874
148 995
148 1237
149 28
149 127
149 138
149 143
149 144
149 145
149 146
149 150
149 153
149 160
149 193
149 204
149 215
149 226
149 237
149 391
149 512
149 633
149 754
149 875
149 996
149 1117
149 1238
150 29
150 128
150 144
150 145
150 146
150 147
150 148
150 149
150 151
150 172
150 183
150 205
150 271
150 392
150 513
150 634
150 755
150 876
150 1118
150 1239
151 30
151 140
151 143
151 144
151 145
151 146
151 147
151 148
151 149
151 152
151 153
151 162
151 173
151 195
151 206
151 217
151 239
151 393
151 514
151 635
151 756
151 877
151 998
151 1119
152 31
152 130
152 141
152 143
152 144
152 145
152 147
152 148
152 149
152 150
152 153
152 163
152 174
152 196
152 207
152 229
152 240
152 273
152 394
152 515
152 636
152 757
152 999
152 1241
153 32
153 131
153 142
153 145
153 146
153 147
153 148
153 149
153 150
153 151
153 152
153 164
153 175
153 197
153 208
153 230
153 241
153 637
153 758
153 879
153 1000
153 1121
153 1242
154 33
154 121
154 143
154 155
154 156
154 157
154 158
154 159
154 160
154 161
154 162
154 163
154 164
154 165
154 176
154 198
154 209
154 275
154 396
154 517
154 638
154 759
154 880
154 1001
154 1243
155 122
155 133
155 144
155 157
155 159
155 160
155 163
155 177
155 221
155 232
155 397
155 518
155 760
155 1002
155 1244
156 134
156 145
156 155
156 157
156 158
156 159
156 162
156 163
156 167
156 178
156 189
156 211
156 222
156 233
156 277
156 398
156 519
156 640
156 761
156 882
156 1003
156 1245
157 36
157 124
157 135
157 146
157 154
157 155
157 156
157 158
157 159
157 160
157 161
157 163
157 164
157 168
157 179
157 201
157 212
157 762
157 883
157 1004
158 37
158 125
158 147
158 154
158 155
158 159
158 161
158 162
158 169
158 180
158 213
158 224
158 235
158 279
158 400
158 642
158 763
158 884
158 1005
158 1126
158 1247
159 38
159 137
159 148
159 154
159 156
159 157
159 158
159 161
159 162
159 163
159 164
159 170
159 181
159 192
159 214
159 225
159 236
159 280
159 401
159 522
159 643
159 764
159 885
159 1006
159 1127
159 1248
160 39
160 127
160 149
160 154
160 156
160 157
160 158
160 159
160 161
160 163
160 164
160 171
160 193
160 204
160 215
160 226
160 237
160 281
160 402
160 523
160 886
160 1007
160 1128
160 1249
161 40
161 128
161 139
161 150
161 154
161 155
161 156
161 159
161 162
161 164
161 183
161 216
161 227
161 238
161 282
161 524
161 645
161 766
161 887
161 1008
161 1129
162 41
162 129
162 140
162 151
162 155
162 157
162 158
162 160
162 163
162 164
162 173
162 184
162 195
162 206
162 228
162 404
162 525
162 767
162 888
162 1130
162 1251
163 42
163 152
163 154
163 155
163 156
163 158
163 161
163 174
163 185
163 196
163 218
163 229
163 240
163 284
163 405
163 526
163 647
163 768
163 889
163 1010
163 1131
164 131
164 142
164 153
164 154
164 155
164 156
164 157
164 158
164 159
164 161
164 162
164 163
164 175
164 186
164 197
164 219
164 230
164 241
164 285
164 527
164 648
164 769
164 890
164 1011
164 1132
164 1253
165 44
165 121
165 132
165 143
165 154
165 166
165 167
165 168
165 169
165 171
165 172
165 173
165 174
165 175
165 176
165 187
165 198
165 209
165 220
165 231
165 286
165 407
165 649
165 770
165 891
165 1012
165 1133
166 45
166 122
166 144
166 155
166 165
166 167
166 168
166 170
166 171
166 173
166 174
166 175
166 177
166 188
166 199
166 210
166 221
166 232
166 287
166 408
166 529
166 650
166 892
166 1013
166 1255
167 123
167 134
167 145
167 156
167 165
167 168
167 169
167 170
167 171
167 172
167 173
167 174
167 178
167 189
167 211
167 222
167 288
167 409
167 530
167 651
167 772
167 893
167 1014
167 1135
168 47
168 135
168 146
168 167
168 170
168 172
168 173
168 174
168 175
168 179
168 190
168 201
168 212
168 234
168 289
168 410
168 773
168 894
168 1015
168 1136
169 48
169 125
169 136
169 165
169 166
169 167
169 168
169 170
169 172
169 173
169 174
169 175
169 180
169 191
169 202
169 213
169 224
169 532
169 653
169 774
169 1137
169 1258
170 49
170 137
170 148
170 165
170 166
170 167
170 169
170 173
170 174
170 175
170 181
170 192
170 203
170 214
170 225
170 236
170 291
170 412
170 533
170 1017
170 1138
170 1259
171 50
171 127
171 138
171 149
171 166
171 168
171 169
171 170
171 172
171 173
171 174
171 175
171 182
171 204
171 215
171 226
171 237
171 292
171 534
171 776
171 897
171 1139
171 1260
172 51
172 128
172 150
172 161
172 165
172 166
172 167
172 169
172 170
172 171
172 173
172 174
172 183
172 194
172 205
172 238
172 535
172 656
172 777
172 898
172 1019
172 1140
172 1261
173 52
173 129
173 140
173 151
173 166
173 168
173 171
173 174
173 195
173 206
173 217
173 228
173 294
173 536
173 657
173 778
173 1262
174 53
174 130
174 141
174 152
174 165
174 166
174 167
174 168
174 169
174 170
174 173
174 207
174 218
174 229
174 240
174 295
174 537
174 658
174 779
174 900
174 1021
174 1142
174 1263
175 54
175 131
175 142
175 164
175 165
175 167
175 168
175 169
175 170
175 172
175 173
175 174
175 186
175 197
175 208
175 219
175 230
175 296
175 659
175 780
175 1022
175 1264
176 55
176 121
176 143
176 154
176 165
176 177
176 180
176 182
176 183
176 184
176 185
176 186
176 198
176 209
176 220
176 231
176 297
176 539
176 660
176 781
176 1144
177 56
177 122
177 144
177 155
177 166
177 176
177 178
177 180
177 182
177 185
177 186
177 188
177 210
177 298
177 419
177 661
177 903
177 1024
177 1145
177 1266
178 57
178 123
178 134
178 167
178 176
178 177
178 179
178 181
178 182
178 183
178 184
178 185
178 189
178 200
178 211
178 222
178 299
178 420
178 541
178 783
178 904
178 1146
178 1267
179 58
179 135
179 146
179 157
179 168
179 176
179 177
179 178
179 180
179 181
179 182
179 183
179 184
179 185
179 190
179 201
179 212
179 300
179 421
179 542
179 663
179 784
179 905
179 1268
180 59
180 125
180 158
180 169
180 176
180 177
180 178
180 179
180 181
180 182
180 185
180 191
180 235
180 301
180 422
180 543
180 785
180 906
180 1027
180 1148
180 1269
181 60
181 126
181 137
181 148
181 176
181 177
181 178
181 179
181 180
181 182
181 183
181 184
181 186
181 192
181 236
181 302
181 423
181 544
181 665
181 786
181 907
181 1028
181 1149
181 1270
182 61
182 127
182 149
182 160
182 176
182 177
182 178
182 179
182 181
182 185
182 186
182 193
182 215
182 226
182 237
182 303
182 424
182 545
182 666
182 787
182 908
182 1029
182 1150
182 1271
183 128
183 139
183 150
183 177
183 178
183 179
183 180
183 182
183 184
183 185
183 205
183 216
183 227
183 238
183 304
183 546
183 667
183 788
183 909
183 1030
183 1151
183 1272
184 63
184 140
184 151
184 173
184 176
184 177
184 180
184 182
184 185
184 195
184 206
184 217
184 228
184 305
184 668
184 789
184 1031
185 64
185 130
185 152
185 163
185 174
185 176
185 177
185 178
185 180
185 181
185 182
185 184
185 186
185 196
185 218
185 229
185 240
185 306
185 548
185 669
185 790
185 911
185 1274
186 65
186 153
186 164
186 175
186 176
186 178
186 179
186 180
186 182
186 183
186 184
186 185
186 197
186 219
186 230
186 241
186 307
186 428
186 549
186 670
186 791
186 1033
186 1154
186 1275
187 66
187 121
187 143
187 154
187 176
187 188
187 190
187 192
187 193
187 194
187 195
187 196
187 198
187 209
187 220
187 231
187 308
187 429
187 671
187 792
187 913
187 1155
188 122
188 133
188 144
188 155
188 177
188 187
188 189
188 192
188 193
188 194
188 196
188 197
188 199
188 210
188 221
188 232
188 309
188 430
188 551
188 672
188 793
188 914
188 1035
188 1156
188 1277
189 134
189 156
189 167
189 187
189 188
189 190
189 191
189 192
189 194
189 197
189 211
189 222
189 233
189 431
189 552
189 673
189 794
189 1036
189 1157
189 1278
190 124
190 135
190 146
190 157
190 179
190 187
190 188
190 189
190 192
190 193
190 194
190 195
190 196
190 197
190 212
190 311
190 432
190 674
190 795
190 916
190 1037
190 1158
190 1279
191 70
191 125
191 136
191 158
191 169
191 180
191 187
191 188
191 190
191 192
191 193
191 194
191 195
191 196
191 197
191 213
191 224
191 312
191 433
191 554
191 675
191 917
191 1159
191 1280
192 71
192 126
192 137
192 148
192 170
192 181
192 187
192 188
192 190
192 194
192 195
192 196
192 197
192 203
192 214
192 225
192 236
192 313
192 434
192 555
192 918
192 1039
192 1160
192 1281
193 127
193 149
193 160
193 171
193 188
193 189
193 190
193 191
193 192
193 194
193 195
193 196
193 197
193 204
193 215
193 226
193 237
193 314
193 435
193 556
193 677
193 798
193 919
193 1161
193 1282
194 73
194 128
194 139
194 150
194 161
194 183
194 189
194 190
194 191
194 192
194 193
194 195
194 196
194 197
194 205
194 216
194 227
194 238
194 315
194 436
194 557
194 678
194 799
194 920
194 1041
194 1283
195 74
195 129
195 151
195 162
195 173
195 184
195 187
195 188
195 189
195 191
195 194
195 196
195 197
195 206
195 228
195 239
195 316
195 437
195 558
195 679
195 921
195 1042
195 1163
195 1284
196 130
196 163
196 174
196 187
196 189
196 192
196 193
196 194
196 197
196 229
196 317
196 438
196 559
196 922
196 1164
196 1285
197 131
197 164
197 186
197 187
197 188
197 189
197 190
197 195
197 196
197 208
197 219
197 230
197 241
197 318
197 560
197 681
197 802
197 923
197 1044
197 1286
198 121
198 132
198 143
198 154
198 165
198 176
198 200
198 201
198 202
198 203
198 204
198 206
198 207
198 208
198 220
198 231
198 319
198 440
198 561
198 682
198 803
198 924
198 1166
198 1287
199 78
199 122
199 133
199 144
199 155
199 166
199 177
199 188
199 198
199 204
199 205
199 206
199 207
199 221
199 232
199 320
199 441
199 562
199 683
199 925
199 1167
200 134
200 156
200 167
200 189
200 199
200 201
200 204
200 205
200 207
200 208
200 211
200 222
200 233
200 321
200 442
200 684
200 926
200 1047
200 1168
200 1289
201 80
201 124
201 135
201 146
201 157
201 168
201 190
201 198
201 199
201 202
201 205
201 206
201 207
201 208
201 212
201 223
201 322
201 443
201 564
201 685
201 806
201 927
201 1048
201 1169
201 1290
202 125
202 136
202 147
202 158
202 169
202 180
202 191
202 198
202 199
202 200
202 201
202 203
202 204
202 205
202 206
202 207
202 208
202 213
202 224
202 235
202 323
202 444
202 807
202 928
202 1049
202 1170
202 1291
203 82
203 126
203 137
203 148
203 159
203 170
203 181
203 192
203 199
203 200
203 201
203 202
203 204
203 205
203 206
203 207
203 208
203 214
203 225
203 236
203 324
203 566
203 687
203 808
203 929
203 1292
204 83
204 127
204 160
204 171
204 182
204 198
204 199
204 201
204 202
204 205
204 207
204 208
204 215
204 226
204 237
204 325
204 446
204 567
204 688
204 809
204 930
204 1051
204 1172
205 84
205 128
205 150
205 161
205 183
205 194
205 198
205 201
205 202
205 203
205 206
205 207
205 208
205 227
205 326
205 447
205 568
205 810
205 931
205 1052
205 1294
206 85
206 129
206 140
206 151
206 162
206 184
206 199
206 200
206 201
206 203
206 204
206 205
206 207
206 208
206 228
206 239
206 327
206 448
206 569
206 690
206 811
206 932
206 1174
206 1295
207 141
207 152
207 163
207 174
207 185
207 196
207 198
207 199
207 200
207 201
207 202
207 204
207 205
207 206
207 208
207 218
207 240
207 328
207 449
207 570
207 691
207 812
207 933
207 1054
207 1175
207 1296
208 87
208 131
208 142
208 164
208 175
208 186
208 198
208 199
208 200
208 201
208 203
208 204
208 205
208 206
208 207
208 230
208 241
208 329
208 571
208 934
208 1176
208 1297
209 121
209 132
209 143
209 154
209 187
209 198
209 210
209 212
209 213
209 214
209 215
209 219
209 220
209 231
209 330
209 572
209 693
209 935
209 1056
209 1298
210 89
210 122
210 133
210 155
210 166
210 188
210 199
210 209
210 211
210 212
210 213
210 214
210 216
210 217
210 218
210 232
210 452
210 573
210 694
210 815
210 936
210 1057
210 1299
211 90
211 123
211 145
211 167
211 178
211 200
211 209
211 210
211 213
211 215
211 216
211 218
211 222
211 233
211 332
211 574
211 695
211 1300
212 91
212 135
212 146
212 157
212 168
212 179
212 190
212 201
212 209
212 210
212 211
212 215
212 216
212 219
212 223
212 234
212 333
212 454
212 575
212 696
212 817
212 938
212 1059
212 1301
213 92
213 125
213 136
213 147
213 180
213 191
213 202
213 209
213 210
213 212
213 214
213 215
213 216
213 217
213 218
213 219
213 224
213 334
213 455
213 576
213 1181
214 93
214 126
214 137
214 148
214 159
214 181
214 203
214 209
214 210
214 211
214 212
214 217
214 218
214 236
214 335
214 456
214 577
214 698
214 940
214 1061
214 1182
214 1303
215 94
215 138
215 149
215 160
215 171
215 182
215 204
215 209
215 210
215 213
215 214
215 216
215 217
215 218
215 219
215 226
215 336
215 578
215 699
215 1062
215 1183
215 1304
216 128
216 139
216 150
216 161
216 172
216 183
216 194
216 205
216 209
216 210
216 211
216 214
216 215
216 218
216 219
216 227
216 337
216 458
216 579
216 700
216 821
216 942
216 1063
216 1184
217 96
217 129
217 140
217 151
217 162
217 195
217 206
217 209
217 210
217 211
217 212
217 213
217 214
217 216
217 219
217 228
217 338
217 459
217 580
217 701
217 822
217 943
217 1185
217 1306
218 130
218 152
218 174
218 185
218 196
218 207
218 209
218 211
218 212
218 213
218 215
218 216
218 217
218 229
218 339
218 460
218 581
218 702
218 1065
218 1307
219 98
219 131
219 142
219 153
219 164
219 208
219 209
219 210
219 211
219 214
219 216
219 217
219 218
219 230
219 340
219 582
219 824
219 945
219 1066
219 1187
219 1308
220 121
220 143
220 154
220 165
220 176
220 187
220 198
220 209
220 221
220 223
220 224
220 225
220 228
220 230
220 231
220 341
220 704
220 946
220 1067
220 1188
221 100
221 122
221 133
221 144
221 155
221 166
221 177
221 188
221 199
221 210
221 220
221 222
221 226
221 227
221 228
221 232
221 463
221 584
221 705
221 826
221 947
221 1068
221 1189
221 1310
222 101
222 123
222 134
222 145
222 156
222 189
222 200
222 211
222 220
222 223
222 224
222 225
222 226
222 227
222 228
222 230
222 343
222 706
222 827
222 948
222 1069
222 1190
222 1311
223 102
223 135
223 157
223 168
223 179
223 190
223 201
223 212
223 221
223 224
223 225
223 226
223 227
223 228
223 230
223 344
223 465
223 586
223 707
223 949
223 1070
223 1191
223 1312
224 103
224 125
224 136
224 158
224 169
224 180
224 220
224 221
224 222
224 225
224 227
224 228
224 229
224 230
224 235
224 345
224 466
224 708
224 829
224 1071
224 1313
225 126
225 137
225 148
225 159
225 181
225 203
225 214
225 220
225 221
225 222
225 223
225 224
225 226
225 228
225 229
225 467
225 588
225 709
225 830
225 1072
225 1193
225 1314
226 105
226 138
226 160
226 171
226 193
226 204
226 215
226 220
226 221
226 222
226 223
226 224
226 227
226 229
226 230
226 347
226 831
226 952
226 1073
226 1194
226 1315
227 128
227 139
227 150
227 161
227 172
227 183
227 194
227 205
227 216
227 220
227 221
227 222
227 223
227 225
227 228
227 229
227 238
227 469
227 590
227 711
227 832
227 953
227 1074
227 1316
228 107
228 151
228 162
228 173
228 195
228 206
228 220
228 221
228 222
228 223
228 224
228 225
228 226
228 227
228 229
228 230
228 239
228 349
228 470
228 591
228 712
228 1075
228 1196
228 1317
229 130
229 141
229 152
229 163
229 174
229 185
229 196
229 207
229 218
229 220
229 221
229 222
229 223
229 226
229 228
229 230
229 240
229 350
229 471
229 592
229 713
229 834
229 955
229 1197
229 1318
230 109
230 131
230 142
230 153
230 164
230 186
230 219
230 220
230 221
230 222
230 225
230 226
230 227
230 228
230 229
230 241
230 351
230 714
230 835
230 1077
230 1319
231 110
231 132
231 143
231 154
231 165
231 176
231 187
231 198
231 220
231 232
231 233
231 236
231 237
231 238
231 239
231 241
231 352
231 715
231 836
231 957
231 1078
231 1199
231 1320
232 122
232 133
232 144
232 177
232 188
232 199
232 210
232 233
232 234
232 235
232 236
232 237
232 238
232 240
232 241
232 353
232 474
232 595
232 716
232 837
232 958
232 1079
232 1200
232 1321
233 112
233 134
233 145
233 167
233 178
233 189
233 200
233 222
233 231
233 232
233 234
233 235
233 239
233 240
233 354
233 475
233 838
233 959
233 1322
234 135
234 146
234 157
234 168
234 179
234 190
234 201
234 212
234 223
234 231
234 232
234 235
234 236
234 237
234 238
234 240
234 241
234 355
234 476
234 597
234 718
234 839
234 960
234 1202
234 1323
235 114
235 125
235 136
235 147
235 169
235 180
235 191
235 213
235 224
235 231
235 233
235 234
235 236
235 238
235 239
235 240
235 241
235 356
235 477
235 598
235 840
235 961
235 1082
235 1203
235 1324
236 115
236 126
236 148
236 159
236 192
236 214
236 225
236 231
236 232
236 233
236 234
236 237
236 238
236 240
236 241
236 357
236 599
236 841
236 962
236 1083
236 1325
237 116
237 127
237 138
237 171
237 182
237 193
237 204
237 215
237 226
237 232
237 233
237 234
237 235
237 238
237 240
237 241
237 479
237 600
237 842
237 963
238 117
238 128
238 139
238 150
238 161
238 194
238 205
238 216
238 233
238 234
238 236
238 237
238 239
238 240
238 359
238 480
238 601
238 722
238 964
238 1206
238 1327
239 118
239 129
239 140
239 151
239 162
239 173
239 184
239 195
239 206
239 217
239 232
239 234
239 235
239 236
239 237
239 238
239 241
239 360
239 481
239 723
239 1086
239 1328
240 119
240 130
240 141
240 163
240 185
240 196
240 207
240 218
240 229
240 231
240 233
240 235
240 237
240 238
240 239
240 241
240 361
240 482
240 724
240 845
240 966
240 1087
241 120
241 131
241 142
241 164
241 175
241 186
241 197
241 208
241 219
241 230
241 232
241 233
241 236
241 237
241 238
241 240
241 362
241 483
241 604
241 725
241 967
241 1330
242 0
242 121
242 244
242 245
242 246
242 247
242 248
242 249
242 250
242 251
242 252
242 253
242 264
242 275
242 286
242 297
242 308
242 319
242 341
242 352
242 363
242 484
242 605
242 726
242 847
242 968
242 1089
242 1210
243 1
243 122
243 242
243 244
243 245
243 246
243 248
243 249
243 250
243 251
243 252
243 254
243 265
243 287
243 331
243 342
243 353
243 364
243 485
243 727
243 848
243 969
243 1090
243 1211
244 123
244 242
244 245
244 246
244 247
244 248
244 252
244 255
244 266
244 277
244 288
244 299
244 321
244 332
244 343
244 354
244 365
244 607
244 728
244 849
244 1212
245 3
245 124
245 243
245 244
245 246
245 247
245 248
245 250
245 251
245 252
245 256
245 267
245 278
245 289
245 300
245 311
245 322
245 333
245 355
245 366
245 487
245 608
245 729
245 850
245 1092
245 1213
246 4
246 125
246 242
246 243
246 244
246 248
246 250
246 251
246 252
246 268
246 279
246 301
246 312
246 323
246 356
246 367
246 488
246 609
246 851
246 972
246 1214
247 5
247 243
247 244
247 245
247 246
247 248
247 249
247 250
247 251
247 252
247 258
247 269
247 291
247 302
247 313
247 324
247 335
247 346
247 357
247 489
247 610
247 731
247 852
247 1094
247 1215
248 6
248 127
248 242
248 243
248 245
248 246
248 247
248 249
248 250
248 252
248 259
248 270
248 292
248 314
248 336
248 347
248 358
248 490
248 611
248 732
248 853
248 974
248 1216
249 128
249 242
249 244
249 245
249 246
249 247
249 248
249 250
249 251
249 252
249 260
249 271
249 282
249 293
249 304
249 315
249 337
249 348
249 359
249 370
249 491
249 612
249 733
249 854
249 975
250 8
250 129
250 243
250 244
250 246
250 248
250 249
250 251
250 252
250 261
250 272
250 294
250 305
250 327
250 338
250 349
250 360
250 492
250 613
250 734
250 976
250 1097
250 1218
251 9
251 242
251 243
251 244
251 246
251 247
251 248
251 250
251 262
251 273
251 284
251 295
251 306
251 317
251 339
251 350
251 361
251 372
251 493
251 614
251 735
251 856
252 242
252 243
252 244
252 246
252 247
252 248
252 249
252 251
252 285
252 296
252 329
252 340
252 373
252 494
252 615
252 736
252 978
252 1099
252 1220
253 11
253 242
253 255
253 257
253 258
253 260
253 262
253 264
253 275
253 286
253 297
253 308
253 319
253 330
253 374
253 616
253 858
253 979
253 1100
253 1221
254 12
254 133
254 243
254 253
254 255
254 256
254 257
254 258
254 259
254 260
254 261
254 262
254 263
254 265
254 276
254 287
254 298
254 309
254 331
254 342
254 375
254 496
254 617
254 859
254 1101
254 1222
255 13
255 134
255 244
255 253
255 254
255 257
255 259
255 262
255 263
255 266
255 277
255 288
255 299
255 310
255 332
255 376
255 497
255 618
255 739
255 860
255 981
255 1223
256 135
256 253
256 254
256 255
256 257
256 258
256 260
256 261
256 262
256 263
256 278
256 300
256 311
256 322
256 333
256 344
256 355
256 377
256 498
256 619
256 740
256 861
256 982
257 15
257 136
257 246
257 253
257 254
257 255
257 256
257 258
257 259
257 260
257 261
257 262
257 279
257 290
257 301
257 312
257 334
257 345
257 378
257 499
257 620
257 741
257 862
257 983
257 1104
257 1225
258 253
258 255
258 256
258 260
258 261
258 262
258 263
258 280
258 291
258 302
258 313
258 335
258 357
258 500
258 621
258 742
258 863
258 984
259 17
259 138
259 248
259 253
259 256
259 257
259 258
259 260
259 261
259 262
259 263
259 270
259 281
259 292
259 325
259 336
259 358
259 380
259 501
259 622
259 743
259 1227
260 253
260 255
260 257
260 258
260 261
260 262
260 263
260 271
260 282
260 293
260 315
260 326
260 337
260 381
260 502
260 623
260 744
260 986
261 19
261 253
261 255
261 258
261 262
261 272
261 305
261 316
261 327
261 349
261 360
261 382
261 745
261 866
261 987
261 1108
261 1229
262 20
262 141
262 251
262 253
262 254
262 256
262 259
262 261
262 263
262 273
262 284
262 295
262 306
262 317
262 328
262 339
262 383
262 625
262 746
262 867
262 988
262 1109
263 142
263 252
263 253
263 255
263 256
263 257
263 258
263 260
263 261
263 262
263 274
263 285
263 296
263 307
263 318
263 329
263 340
263 351
263 384
263 747
263 989
263 1110
263 1231
264 22
264 143
264 242
264 253
264 265
264 266
264 267
264 269
264 271
264 273
264 274
264 275
264 297
264 308
264 319
264 330
264 341
264 352
264 627
264 748
264 869
264 990
264 1111
264 1232
265 23
265 144
265 243
265 264
265 269
265 270
265 271
265 272
265 274
265 287
265 298
265 309
265 320
265 331
265 342
265 353
265 386
265 749
265 870
265 991
265 1112
265 1233
266 24
266 145
266 244
266 255
266 264
266 265
266 268
266 270
266 271
266 272
266 273
266 277
266 299
266 310
266 321
266 332
266 343
266 354
266 387
266 508
266 629
266 750
266 871
266 992
267 146
267 245
267 256
267 264
267 265
267 266
267 269
267 270
267 271
267 272
267 273
267 278
267 289
267 300
267 311
267 333
267 355
267 388
267 509
267 630
267 751
267 872
267 993
267 1114
267 1235
268 26
268 147
268 246
268 257
268 264
268 265
268 267
268 269
268 270
268 271
268 272
268 274
268 279
268 290
268 301
268 345
268 389
268 510
268 631
268 873
268 1115
269 148
269 258
269 264
269 265
269 266
269 267
269 270
269 271
269 272
269 273
269 274
269 291
269 302
269 313
269 324
269 335
269 346
269 357
269 390
269 511
269 753
269 874
269 995
269 1237
270 149
270 259
270 264
270 265
270 266
270 269
270 271
270 272
270 273
270 274
270 292
270 303
270 314
270 336
270 391
270 512
270 633
270 754
270 875
270 996
270 1117
270 1238
271 29
271 150
271 249
271 260
271 265
271 266
271 267
271 269
271 272
271 273
271 282
271 293
271 304
271 326
271 337
271 359
271 392
271 513
271 634
271 997
271 1118
271 1239
272 30
272 151
272 250
272 261
272 264
272 266
272 269
272 270
272 271
272 274
272 283
272 294
272 316
272 327
272 338
272 349
272 360
272 393
272 514
272 635
272 756
272 998
272 1119
272 1240
273 31
273 251
273 262
273 264
273 265
273 266
273 267
273 268
273 269
273 270
273 271
273 272
273 274
273 295
273 306
273 317
273 328
273 339
273 361
273 394
273 636
273 878
273 999
273 1120
274 32
274 153
274 252
274 263
274 264
274 265
274 266
274 267
274 268
274 269
274 270
274 271
274 272
274 273
274 285
274 296
274 307
274 318
274 351
274 516
274 637
274 879
274 1121
274 1242
275 33
275 253
275 264
275 277
275 278
275 279
275 280
275 281
275 282
275 283
275 284
275 285
275 286
275 297
275 308
275 319
275 330
275 341
275 352
275 396
275 517
275 638
275 759
275 880
275 1243
276 34
276 155
276 243
276 254
276 265
276 275
276 277
276 278
276 279
276 283
276 284
276 287
276 309
276 320
276 342
276 353
276 397
276 518
276 760
276 881
276 1002
276 1123
276 1244
277 35
277 156
277 244
277 255
277 266
277 275
277 276
277 278
277 280
277 281
277 282
277 284
277 285
277 288
277 299
277 310
277 321
277 343
277 398
277 640
277 882
277 1124
277 1245
278 157
278 245
278 256
278 267
278 275
278 276
278 279
278 280
278 281
278 282
278 285
278 289
278 300
278 322
278 344
278 520
278 641
278 762
278 1004
278 1125
278 1246
279 37
279 257
279 268
279 275
279 276
279 277
279 278
279 280
279 282
279 284
279 285
279 290
279 301
279 334
279 345
279 356
279 642
279 763
279 884
279 1005
279 1126
279 1247
280 38
280 159
280 247
280 258
280 269
280 275
280 276
280 277
280 278
280 282
280 283
280 285
280 291
280 313
280 324
280 335
280 346
280 357
280 401
280 522
280 885
280 1006
280 1127
280 1248
281 39
281 248
281 259
281 270
281 275
281 276
281 277
281 279
281 280
281 283
281 284
281 285
281 292
281 303
281 314
281 325
281 336
281 347
281 358
281 402
281 644
281 765
281 886
281 1007
281 1128
281 1249
282 161
282 249
282 260
282 275
282 276
282 277
282 279
282 280
282 281
282 284
282 293
282 304
282 326
282 337
282 359
282 403
282 524
282 645
282 887
282 1008
282 1250
283 41
283 162
283 250
283 261
283 272
283 275
283 276
283 277
283 278
283 279
283 280
283 281
283 282
283 284
283 285
283 294
283 316
283 338
283 360
283 646
283 767
283 888
283 1009
283 1130
283 1251
284 42
284 163
284 251
284 262
284 273
284 275
284 276
284 277
284 278
284 279
284 280
284 282
284 283
284 285
284 295
284 306
284 317
284 328
284 339
284 647
284 1252
285 43
285 164
285 252
285 263
285 276
285 279
285 280
285 282
285 296
285 307
285 318
285 329
285 340
285 351
285 362
285 527
285 648
285 769
285 890
285 1132
285 1253
286 44
286 165
286 242
286 253
286 264
286 275
286 287
286 288
286 289
286 290
286 291
286 292
286 293
286 296
286 308
286 319
286 330
286 341
286 352
286 407
286 649
286 770
286 891
286 1012
286 1133
286 1254
287 45
287 166
287 243
287 254
287 265
287 276
287 286
287 288
287 289
287 290
287 292
287 294
287 295
287 298
287 320
287 529
287 650
287 892
287 1134
287 1255
288 46
288 167
288 244
288 255
288 266
288 287
288 290
288 291
288 292
288 293
288 294
288 295
288 296
288 299
288 310
288 343
288 354
288 409
288 530
288 651
288 772
288 893
288 1014
288 1135
289 47
289 256
289 267
289 278
289 286
289 287
289 288
289 290
289 292
289 293
289 294
289 295
289 296
289 311
289 322
289 333
289 344
289 355
289 410
289 531
289 652
289 773
289 1015
289 1257
290 169
290 246
290 279
290 286
290 287
290 289
290 291
290 292
290 293
290 294
290 301
290 323
290 345
290 356
290 532
290 774
290 895
290 1016
290 1137
291 247
291 258
291 269
291 280
291 286
291 287
291 289
291 292
291 293
291 294
291 295
291 302
291 313
291 324
291 346
291 357
291 533
291 654
291 896
291 1017
291 1138
291 1259
292 50
292 171
292 248
292 259
292 270
292 281
292 286
292 287
292 288
292 289
292 293
292 294
292 295
292 296
292 303
292 325
292 336
292 347
292 358
292 413
292 534
292 655
292 776
292 1018
292 1139
292 1260
293 172
293 249
293 260
293 286
293 287
293 288
293 289
293 290
293 291
293 292
293 294
293 295
293 296
293 304
293 315
293 326
293 337
293 348
293 414
293 535
293 656
293 777
293 1019
293 1140
294 52
294 173
294 250
294 261
294 283
294 286
294 287
294 289
294 290
294 291
294 292
294 295
294 296
294 305
294 327
294 338
294 360
294 415
294 536
294 657
294 778
294 899
294 1141
295 53
295 174
295 251
295 262
295 273
295 284
295 286
295 287
295 288
295 290
295 291
295 292
295 293
295 294
295 296
295 306
295 317
295 328
295 339
295 350
295 361
295 416
295 537
295 900
295 1263
296 54
296 175
296 252
296 263
296 274
296 285
296 287
296 288
296 289
296 290
296 291
296 292
296 293
296 294
296 295
296 307
296 318
296 329
296 351
296 362
296 659
296 780
296 901
296 1264
297 55
297 242
297 253
297 264
297 275
297 286
297 298
297 300
297 301
297 302
297 303
297 304
297 305
297 307
297 308
297 319
297 330
297 352
297 418
297 660
297 781
297 902
297 1144
297 1265
298 56
298 177
298 243
298 254
298 276
298 287
298 297
298 299
298 302
298 304
298 320
298 331
298 342
298 353
298 540
298 661
298 903
298 1024
298 1145
299 57
299 178
299 244
299 255
299 266
299 277
299 288
299 297
299 298
299 300
299 301
299 304
299 306
299 307
299 310
299 321
299 332
299 343
299 354
299 420
299 662
299 783
299 904
299 1146
299 1267
300 58
300 179
300 267
300 289
300 297
300 298
300 301
300 302
300 303
300 304
300 305
300 307
300 322
300 355
300 421
300 542
300 663
300 784
300 1026
300 1268
301 246
301 268
301 279
301 290
301 297
301 298
301 299
301 300
301 302
301 305
301 306
301 307
301 312
301 323
301 334
301 345
301 356
301 422
301 543
301 664
301 785
301 1027
301 1269
302 60
302 280
302 291
302 298
302 299
302 300
302 301
302 303
302 304
302 313
302 324
302 346
302 357
302 423
302 665
302 786
302 907
302 1028
302 1149
302 1270
303 61
303 248
303 259
303 281
303 297
303 298
303 299
303 300
303 301
303 305
303 307
303 314
303 325
303 336
303 347
303 358
303 545
303 666
303 787
303 908
303 1029
304 62
304 183
304 249
304 260
304 293
304 297
304 298
304 299
304 300
304 301
304 303
304 305
304 306
304 307
304 315
304 326
304 337
304 359
304 546
304 788
304 1030
304 1151
305 63
305 184
305 261
305 272
305 283
305 294
305 298
305 299
305 300
305 302
305 304
305 306
305 307
305 316
305 327
305 338
305 349
305 426
305 547
305 910
305 1031
305 1152
305 1273
306 64
306 185
306 262
306 295
306 297
306 298
306 300
306 301
306 302
306 303
306 304
306 305
306 307
306 317
306 328
306 339
306 361
306 669
306 1153
306 1274
307 65
307 186
307 252
307 263
307 285
307 298
307 300
307 301
307 302
307 303
307 306
307 318
307 340
307 428
307 791
307 912
307 1033
307 1154
307 1275
308 66
308 242
308 264
308 297
308 309
308 310
308 311
308 312
308 313
308 314
308 315
308 316
308 317
308 319
308 341
308 352
308 429
308 550
308 671
308 792
308 913
308 1034
308 1276
309 188
309 243
309 265
309 287
309 298
309 308
309 310
309 311
309 312
309 313
309 314
309 315
309 317
309 318
309 320
309 331
309 551
309 672
309 793
309 914
309 1035
309 1277
310 68
310 189
310 244
310 266
310 277
310 288
310 309
310 312
310 313
310 314
310 315
310 316
310 317
310 321
310 354
310 431
310 552
310 673
310 794
310 915
310 1036
310 1278
311 245
311 256
311 267
311 278
311 289
311 300
311 308
311 309
311 310
311 312
311 313
311 314
311 316
311 317
311 322
311 333
311 344
311 355
311 432
311 674
311 916
311 1037
312 246
312 268
312 279
312 290
312 308
312 309
312 310
312 311
312 313
312 314
312 315
312 317
312 318
312 323
312 334
312 345
312 433
312 554
312 675
312 796
312 917
312 1038
312 1159
312 1280
313 71
313 247
313 269
313 280
313 291
313 308
313 309
313 310
313 311
313 312
313 314
313 315
313 316
313 317
313 318
313 324
313 346
313 357
313 797
313 1039
313 1160
313 1281
314 193
314 259
314 281
314 292
314 303
314 308
314 310
314 311
314 313
314 317
314 318
314 325
314 347
314 358
314 556
314 677
314 798
314 919
314 1282
315 194
315 260
315 271
315 282
315 293
315 304
315 309
315 310
315 311
315 314
315 316
315 326
315 337
315 348
315 359
315 436
315 557
315 678
315 799
315 920
315 1162
315 1283
316 74
316 195
316 250
316 294
316 308
316 309
316 311
316 312
316 313
316 314
316 317
316 318
316 327
316 338
316 349
316 360
316 679
316 800
316 921
316 1163
317 75
317 196
317 251
317 262
317 273
317 284
317 295
317 306
317 308
317 309
317 310
317 314
317 315
317 316
317 318
317 328
317 339
317 350
317 361
317 680
317 801
317 922
317 1043
317 1285
318 76
318 197
318 252
318 285
318 296
318 307
318 308
318 309
318 310
318 311
318 312
318 313
318 314
318 315
318 317
318 340
318 351
318 362
318 439
318 681
318 802
318 923
318 1044
318 1165
318 1286
319 77
319 198
319 275
319 286
319 297
319 320
319 321
319 322
319 323
319 324
319 325
319 326
319 327
319 328
319 329
319 330
319 341
319 561
319 803
319 1287
320 199
320 243
320 254
320 265
320 276
320 287
320 298
320 309
320 321
320 322
320 323
320 324
320 325
320 326
320 327
320 328
320 329
320 331
320 342
320 353
320 562
320 683
320 925
320 1046
320 1288
321 79
321 200
321 244
321 255
321 266
321 277
321 288
321 299
321 310
321 323
321 324
321 325
321 326
321 327
321 328
321 329
321 332
321 343
321 354
321 442
321 563
321 684
321 805
321 926
321 1047
321 1168
321 1289
322 80
322 201
322 245
322 256
322 267
322 278
322 289
322 300
322 311
322 319
322 320
322 321
322 323
322 325
322 327
322 329
322 333
322 344
322 355
322 443
322 564
322 685
322 806
322 927
322 1048
323 81
323 202
323 257
323 268
323 279
323 290
323 312
323 319
323 321
323 322
323 324
323 325
323 326
323 327
323 328
323 329
323 334
323 345
323 356
323 444
323 807
323 928
323 1049
323 1170
323 1291
324 82
324 203
324 247
324 258
324 291
324 302
324 313
324 319
324 320
324 322
324 323
324 325
324 326
324 327
324 328
324 346
324 357
324 445
324 566
324 808
324 1050
324 1171
324 1292
325 83
325 248
325 259
325 270
325 281
325 292
325 303
325 314
325 319
325 320
325 321
325 322
325 323
325 326
325 327
325 328
325 329
325 336
325 347
325 358
325 446
325 567
325 688
325 809
325 1051
325 1172
325 1293
326 205
326 249
326 260
326 271
326 293
326 304
326 315
326 320
326 321
326 322
326 323
326 324
326 325
326 328
326 329
326 359
326 447
326 568
326 689
326 810
326 1052
326 1173
326 1294
327 206
327 250
327 272
327 283
327 294
327 305
327 319
327 323
327 325
327 326
327 328
327 329
327 349
327 360
327 448
327 569
327 690
327 811
327 932
327 1053
327 1174
327 1295
328 86
328 207
328 251
328 284
328 295
328 306
328 317
328 319
328 320
328 321
328 322
328 323
328 325
328 326
328 327
328 339
328 350
328 449
328 570
328 812
328 933
328 1175
328 1296
329 87
329 274
329 296
329 307
329 318
329 324
329 325
329 327
329 328
329 351
329 571
329 692
329 813
329 934
329 1055
329 1297
330 88
330 209
330 242
330 253
330 286
330 297
330 308
330 331
330 332
330 333
330 334
330 335
330 336
330 337
330 338
330 341
330 352
330 451
330 693
330 935
330 1056
330 1177
330 1298
331 89
331 210
331 243
331 254
331 265
331 276
331 287
331 298
331 320
331 330
331 332
331 333
331 336
331 337
331 339
331 342
331 353
331 573
331 694
331 936
331 1057
331 1178
331 1299
332 90
332 244
332 255
332 266
332 277
332 288
332 299
332 310
332 321
332 330
332 331
332 333
332 335
332 336
332 337
332 339
332 340
332 354
332 453
332 574
332 816
332 937
333 91
333 212
333 245
333 256
333 267
333 278
333 300
333 311
333 330
333 334
333 336
333 337
333 338
333 340
333 344
333 355
333 454
333 575
333 696
333 817
333 938
333 1301
334 246
334 268
334 279
334 290
334 301
334 312
334 331
334 332
334 335
334 336
334 337
334 338
334 339
334 340
334 345
334 356
334 455
334 576
334 939
334 1060
335 93
335 247
335 258
335 291
335 302
335 313
335 324
335 331
335 333
335 334
335 336
335 339
335 340
335 346
335 357
335 456
335 577
335 698
335 819
335 940
335 1061
335 1182
336 215
336 259
336 270
336 292
336 314
336 330
336 331
336 332
336 333
336 334
336 337
336 338
336 340
336 347
336 358
336 457
336 578
336 699
336 820
336 941
336 1062
336 1304
337 95
337 249
337 260
337 282
337 293
337 315
337 326
337 330
337 334
337 335
337 339
337 340
337 348
337 359
337 458
337 579
337 700
337 821
337 942
337 1063
337 1184
337 1305
338 96
338 217
338 261
338 283
338 327
338 330
338 331
338 332
338 334
338 335
338 336
338 337
338 339
338 349
338 360
338 459
338 580
338 701
338 943
338 1064
338 1185
338 1306
339 97
339 218
339 262
339 273
339 306
339 328
339 330
339 331
339 332
339 333
339 336
339 337
339 338
339 340
339 361
339 581
339 702
339 823
339 944
339 1065
339 1186
339 1307
340 219
340 252
340 274
340 296
340 307
340 318
340 329
340 330
340 331
340 332
340 333
340 334
340 335
340 337
340 338
340 339
340 351
340 362
340 461
340 703
340 824
340 945
340 1066
340 1187
341 220
341 242
341 253
341 264
341 275
341 297
341 308
341 319
341 330
341 342
341 343
341 344
341 345
341 347
341 348
341 350
341 351
341 352
341 462
341 583
341 704
341 946
341 1067
341 1188
342 100
342 221
342 243
342 254
342 287
342 298
342 309
342 320
342 341
342 343
342 346
342 347
342 348
342 350
342 705
342 826
342 947
342 1068
342 1189
343 101
343 222
343 255
343 266
343 277
343 288
343 299
343 310
343 321
343 332
343 341
343 342
343 344
343 345
343 346
343 348
343 350
343 351
343 354
343 464
343 585
343 827
343 948
343 1190
343 1311
344 102
344 245
344 256
344 267
344 289
344 300
344 311
344 341
344 342
344 348
344 349
344 350
344 351
344 707
344 828
344 1191
345 103
345 224
345 246
345 257
345 268
345 290
345 301
345 312
345 334
345 341
345 342
345 344
345 346
345 347
345 348
345 349
345 350
345 351
345 356
345 466
345 587
345 708
345 829
345 1071
345 1192
345 1313
346 104
346 225
346 258
346 291
346 302
346 313
346 335
346 341
346 344
346 345
346 347
346 349
346 350
346 351
346 357
346 467
346 588
346 709
346 830
346 951
346 1072
346 1314
347 105
347 248
347 259
347 270
347 281
347 303
347 314
347 325
347 341
347 343
347 344
347 345
347 348
347 349
347 351
347 468
347 589
347 710
347 831
347 1073
347 1194
347 1315
348 227
348 249
348 260
348 271
348 282
348 304
348 326
348 337
348 341
348 342
348 343
348 344
348 345
348 346
348 347
348 350
348 351
348 359
348 469
348 590
348 832
348 953
348 1195
348 1316
349 228
349 250
349 261
349 283
349 294
349 305
349 316
349 338
349 341
349 342
349 343
349 344
349 345
349 346
349 347
349 348
349 350
349 351
349 360
349 470
349 591
349 954
349 1075
349 1317
350 229
350 251
350 262
350 273
350 284
350 295
350 306
350 317
350 328
350 339
350 342
350 343
350 344
350 345
350 347
350 348
350 349
350 351
350 361
350 471
350 592
350 834
350 955
350 1076
350 1197
350 1318
351 230
351 252
351 285
351 296
351 307
351 329
351 342
351 343
351 344
351 345
351 346
351 348
351 350
351 362
351 472
351 593
351 714
351 835
351 956
351 1198
351 1319
352 110
352 253
352 275
352 297
352 319
352 330
352 341
352 353
352 354
352 355
352 356
352 357
352 359
352 361
352 362
352 473
352 715
352 836
352 957
352 1320
353 111
353 232
353 243
353 254
353 265
353 276
353 287
353 298
353 309
353 331
353 342
353 354
353 355
353 356
353 357
353 358
353 361
353 595
353 716
353 837
353 958
353 1079
353 1200
354 233
354 244
354 255
354 266
354 277
354 288
354 310
354 321
354 332
354 352
354 355
354 356
354 357
354 359
354 360
354 361
354 362
354 596
354 717
354 838
354 959
354 1322
355 113
355 256
355 267
355 278
355 289
355 311
355 322
355 333
355 344
355 352
355 354
355 357
355 358
355 359
355 360
355 361
355 597
355 718
355 960
355 1081
355 1202
356 114
356 235
356 257
356 268
356 301
356 312
356 334
356 352
356 353
356 355
356 357
356 358
356 360
356 361
356 598
356 719
356 840
356 1082
356 1203
356 1324
357 115
357 236
357 247
357 269
357 280
357 291
357 302
357 313
357 324
357 335
357 353
357 354
357 358
357 359
357 360
357 361
357 362
357 478
357 599
357 720
357 1083
357 1325
358 237
358 248
358 270
358 303
358 336
358 347
358 352
358 353
358 354
358 355
358 356
358 360
358 361
358 362
358 479
358 600
358 721
358 842
358 963
358 1205
358 1326
359 117
359 260
359 282
359 293
359 304
359 315
359 326
359 348
359 352
359 353
359 354
359 355
359 356
359 357
359 358
359 360
359 362
359 480
359 601
359 722
359 843
359 964
359 1085
359 1206
359 1327
360 118
360 239
360 250
360 272
360 283
360 294
360 305
360 316
360 338
360 349
360 352
360 353
360 356
360 357
360 358
360 359
360 362
360 602
360 1086
360 1328
361 119
361 262
361 273
361 284
361 295
361 328
361 350
361 352
361 354
361 357
361 359
361 360
361 362
361 482
361 724
361 845
361 966
361 1208
362 120
362 241
362 252
362 263
362 274
362 285
362 296
362 307
362 318
362 329
362 351
362 352
362 353
362 354
362 355
362 356
362 360
362 361
362 725
362 846
362 967
362 1088
362 1330
363 0
363 121
363 242
363 368
363 369
363 370
363 371
363 372
363 373
363 374
363 385
363 396
363 407
363 418
363 429
363 440
363 451
363 462
363 473
363 726
363 847
363 1089
363 1210
364 1
364 122
364 243
364 363
364 365
364 366
364 367
364 368
364 370
364 386
364 397
364 419
364 430
364 441
364 452
364 463
364 474
364 485
364 606
364 727
364 848
364 969
364 1090
364 1211
365 2
365 123
365 363
365 364
365 366
365 368
365 369
365 371
365 373
365 376
365 409
365 420
365 442
365 453
365 464
365 475
365 728
365 849
365 970
365 1212
366 3
366 124
366 245
366 363
366 365
366 367
366 368
366 369
366 370
366 372
366 377
366 388
366 410
366 443
366 454
366 465
366 476
366 487
366 608
366 729
366 850
366 1092
366 1213
367 246
367 363
367 364
367 365
367 366
367 368
367 369
367 370
367 371
367 372
367 378
367 389
367 400
367 422
367 433
367 444
367 466
367 477
367 488
367 851
367 972
367 1214
368 5
368 247
368 364
368 365
368 371
368 372
368 373
368 379
368 401
368 412
368 423
368 445
368 456
368 467
368 478
368 489
368 731
368 852
368 973
368 1094
369 127
369 248
369 363
369 364
369 365
369 366
369 367
369 368
369 370
369 371
369 372
369 373
369 380
369 391
369 402
369 413
369 435
369 446
369 457
369 468
369 490
369 732
369 853
369 1095
369 1216
370 7
370 128
370 249
370 364
370 365
370 366
370 367
370 368
370 369
370 372
370 373
370 381
370 392
370 436
370 447
370 458
370 469
370 480
370 491
370 612
370 854
370 975
370 1096
371 8
371 129
371 250
371 363
371 364
371 365
371 366
371 369
371 370
371 372
371 373
371 382
371 393
371 404
371 426
371 437
371 459
371 481
371 492
371 613
371 734
371 855
371 976
371 1097
371 1218
372 9
372 130
372 251
372 363
372 364
372 365
372 366
372 369
372 371
372 373
372 383
372 394
372 405
372 416
372 427
372 438
372 482
372 614
372 735
372 856
372 977
372 1098
372 1219
373 10
373 363
373 364
373 365
373 366
373 367
373 371
373 372
373 384
373 395
373 406
373 428
373 439
373 450
373 483
373 615
373 736
373 857
373 978
373 1099
374 11
374 132
374 253
374 363
374 375
374 376
374 379
374 380
374 381
374 382
374 383
374 384
374 418
374 429
374 451
374 462
374 473
374 495
374 616
374 737
374 858
374 1221
375 12
375 133
375 254
375 364
375 374
375 376
375 377
375 378
375 379
375 380
375 381
375 382
375 383
375 384
375 386
375 397
375 408
375 419
375 430
375 441
375 452
375 474
375 617
375 859
375 1101
375 1222
376 13
376 134
376 374
376 375
376 377
376 378
376 379
376 380
376 381
376 382
376 383
376 384
376 387
376 398
376 409
376 420
376 431
376 442
376 453
376 475
376 618
376 860
376 981
376 1102
376 1223
377 14
377 366
377 374
377 375
377 376
377 381
377 383
377 384
377 399
377 410
377 421
377 443
377 454
377 465
377 498
377 619
377 740
377 861
377 982
377 1103
377 1224
378 15
378 136
378 257
378 367
378 374
378 377
378 379
378 380
378 381
378 383
378 384
378 389
378 400
378 411
378 444
378 455
378 466
378 499
378 620
378 741
378 862
378 1104
378 1225
379 16
379 137
379 258
379 374
379 375
379 376
379 377
379 381
379 382
379 383
379 384
379 390
379 401
379 412
379 423
379 434
379 445
379 456
379 478
379 500
379 621
379 742
379 863
379 1105
380 138
380 369
380 374
380 375
380 376
380 377
380 378
380 379
380 381
380 383
380 384
380 391
380 402
380 413
380 424
380 435
380 446
380 479
380 501
380 743
380 864
380 985
380 1106
380 1227
381 18
381 370
381 375
381 377
381 379
381 380
381 383
381 392
381 403
381 436
381 447
381 458
381 469
381 480
381 502
381 623
381 865
381 986
381 1107
381 1228
382 140
382 261
382 374
382 376
382 377
382 378
382 379
382 380
382 381
382 383
382 384
382 415
382 448
382 459
382 470
382 481
382 503
382 624
382 745
382 987
382 1108
383 20
383 372
383 374
383 375
383 376
383 377
383 379
383 382
383 384
383 394
383 427
383 449
383 471
383 482
383 504
383 625
383 746
383 867
383 988
383 1109
383 1230
384 142
384 377
384 378
384 379
384 380
384 381
384 383
384 395
384 406
384 417
384 450
384 461
384 483
384 505
384 626
384 868
384 1110
384 1231
385 143
385 264
385 374
385 386
385 388
385 389
385 390
385 391
385 392
385 393
385 394
385 396
385 407
385 418
385 440
385 462
385 627
385 748
385 990
385 1111
386 23
386 144
386 375
386 387
386 389
386 390
386 391
386 392
386 393
386 394
386 397
386 408
386 441
386 452
386 463
386 507
386 749
386 991
386 1112
386 1233
387 24
387 145
387 266
387 365
387 385
387 388
387 389
387 390
387 392
387 394
387 398
387 409
387 420
387 442
387 453
387 464
387 475
387 871
387 992
387 1113
387 1234
388 146
388 267
388 377
388 385
388 386
388 387
388 390
388 391
388 392
388 394
388 410
388 421
388 432
388 454
388 476
388 509
388 630
388 751
388 993
388 1114
388 1235
389 26
389 147
389 367
389 378
389 385
389 386
389 387
389 388
389 390
389 391
389 392
389 394
389 400
389 411
389 422
389 433
389 444
389 510
389 631
389 752
389 994
389 1115
389 1236
390 27
390 148
390 269
390 368
390 386
390 387
390 388
390 389
390 391
390 392
390 393
390 394
390 401
390 412
390 423
390 434
390 445
390 456
390 467
390 478
390 995
390 1116
391 28
391 149
391 369
391 385
391 387
391 388
391 389
391 393
391 394
391 395
391 402
391 413
391 424
391 435
391 446
391 457
391 479
391 512
391 633
391 754
391 875
391 996
391 1117
391 1238
392 29
392 150
392 271
392 381
392 385
392 386
392 387
392 388
392 390
392 391
392 393
392 414
392 425
392 436
392 447
392 458
392 469
392 513
392 634
392 755
392 876
392 1239
393 151
393 371
393 382
393 385
393 386
393 387
393 388
393 389
393 390
393 391
393 392
393 394
393 404
393 415
393 437
393 448
393 459
393 481
393 514
393 756
393 877
393 998
393 1119
394 152
394 372
394 383
394 386
394 387
394 388
394 389
394 390
394 391
394 392
394 393
394 395
394 405
394 416
394 427
394 449
394 482
394 515
394 636
394 757
394 878
394 999
394 1120
394 1241
395 32
395 153
395 274
395 384
395 385
395 386
395 387
395 388
395 389
395 390
395 391
395 392
395 393
395 394
395 406
395 417
395 428
395 439
395 450
395 461
395 483
395 637
395 758
395 879
395 1121
395 1242
396 154
396 363
396 374
396 385
396 397
396 398
396 399
396 400
396 401
396 403
396 404
396 405
396 407
396 429
396 451
396 462
396 473
396 517
396 638
396 880
396 1001
396 1122
396 1243
397 34
397 276
397 364
397 375
397 386
397 396
397 398
397 399
397 400
397 401
397 402
397 404
397 406
397 408
397 419
397 430
397 441
397 463
397 1002
397 1123
398 156
398 277
398 365
398 387
398 397
398 399
398 400
398 401
398 402
398 403
398 404
398 409
398 420
398 442
398 453
398 464
398 475
398 519
398 640
398 761
398 882
398 1003
398 1124
399 36
399 157
399 278
399 366
399 388
399 396
399 398
399 400
399 401
399 402
399 403
399 404
399 405
399 406
399 410
399 421
399 432
399 443
399 465
399 476
399 520
399 1004
399 1125
399 1246
400 158
400 279
400 367
400 378
400 397
400 398
400 402
400 403
400 404
400 405
400 406
400 411
400 422
400 433
400 444
400 455
400 466
400 477
400 521
400 884
400 1005
400 1126
400 1247
401 38
401 159
401 368
401 398
401 399
401 400
401 403
401 404
401 406
401 412
401 423
401 434
401 445
401 456
401 478
401 522
401 643
401 885
401 1006
401 1127
402 39
402 281
402 369
402 380
402 391
402 396
402 398
402 399
402 400
402 401
402 405
402 406
402 424
402 435
402 446
402 457
402 523
402 765
402 886
402 1007
402 1128
402 1249
403 40
403 161
403 282
403 370
403 392
403 396
403 397
403 401
403 402
403 404
403 405
403 414
403 436
403 447
403 469
403 524
403 887
403 1129
403 1250
404 41
404 283
404 371
404 382
404 396
404 401
404 402
404 403
404 405
404 406
404 415
404 426
404 437
404 448
404 459
404 470
404 481
404 646
404 888
404 1009
404 1130
404 1251
405 42
405 163
405 284
405 383
405 394
405 396
405 397
405 398
405 400
405 401
405 402
405 403
405 404
405 406
405 427
405 471
405 482
405 526
405 647
405 768
405 889
405 1010
405 1252
406 43
406 164
406 285
406 384
406 396
406 398
406 400
406 402
406 403
406 404
406 405
406 428
406 439
406 450
406 483
406 527
406 769
406 1132
406 1253
407 44
407 165
407 286
407 374
407 385
407 408
407 409
407 411
407 412
407 413
407 414
407 415
407 417
407 429
407 440
407 451
407 462
407 473
407 528
407 649
407 770
407 891
407 1133
407 1254
408 166
408 287
408 364
408 375
408 386
408 397
408 407
408 411
408 413
408 414
408 416
408 417
408 419
408 430
408 441
408 452
408 463
408 474
408 529
408 650
408 892
408 1134
409 167
409 365
409 376
409 387
409 398
409 407
409 408
409 411
409 412
409 413
409 414
409 415
409 416
409 417
409 420
409 431
409 442
409 453
409 464
409 475
409 530
409 651
409 772
409 893
409 1014
409 1135
409 1256
410 47
410 366
410 388
410 399
410 407
410 408
410 409
410 411
410 412
410 415
410 416
410 417
410 421
410 432
410 454
410 465
410 652
410 773
410 894
410 1136
410 1257
411 48
411 169
411 290
411 367
411 400
411 409
411 410
411 413
411 415
411 416
411 417
411 422
411 433
411 444
411 466
411 477
411 653
411 774
411 1016
411 1137
411 1258
412 49
412 170
412 291
412 368
412 390
412 408
412 409
412 410
412 411
412 413
412 417
412 423
412 434
412 445
412 456
412 478
412 533
412 654
412 775
412 896
412 1017
412 1259
413 50
413 171
413 292
413 369
413 380
413 391
413 402
413 407
413 408
413 410
413 411
413 412
413 415
413 416
413 417
413 424
413 457
413 468
413 479
413 534
413 776
413 897
413 1018
413 1139
413 1260
414 172
414 293
414 370
414 381
414 403
414 407
414 410
414 411
414 412
414 413
414 417
414 425
414 436
414 447
414 469
414 480
414 656
414 898
414 1140
414 1261
415 52
415 173
415 371
415 382
415 393
415 407
415 408
415 409
415 410
415 411
415 412
415 413
415 414
415 416
415 417
415 426
415 448
415 481
415 536
415 657
415 778
415 899
415 1020
415 1262
416 53
416 174
416 295
416 372
416 383
416 394
416 405
416 407
416 408
416 409
416 410
416 411
416 412
416 413
416 414
416 415
416 417
416 427
416 438
416 449
416 460
416 471
416 482
416 537
416 658
416 779
416 900
416 1021
417 175
417 296
417 373
417 395
417 406
417 408
417 409
417 410
417 411
417 414
417 416
417 428
417 439
417 450
417 461
417 472
417 483
417 659
417 780
417 901
417 1022
417 1143
417 1264
418 55
418 176
418 363
418 385
418 396
418 407
418 419
418 422
418 425
418 426
418 427
418 428
418 429
418 440
418 451
418 462
418 473
418 539
418 781
418 1023
418 1144
418 1265
419 56
419 177
419 298
419 364
419 375
419 386
419 408
419 418
419 420
419 422
419 424
419 425
419 426
419 427
419 428
419 430
419 452
419 463
419 474
419 540
419 782
419 903
419 1266
420 57
420 178
420 409
420 418
420 419
420 421
420 422
420 423
420 426
420 427
420 428
420 431
420 442
420 464
420 475
420 662
420 904
420 1025
420 1146
421 58
421 179
421 366
421 377
421 418
421 419
421 424
421 425
421 426
421 428
421 432
421 443
421 476
421 542
421 784
421 905
421 1026
421 1147
421 1268
422 59
422 180
422 378
422 418
422 419
422 420
422 421
422 433
422 444
422 455
422 477
422 543
422 664
422 785
422 906
422 1027
422 1148
422 1269
423 60
423 302
423 368
423 379
423 390
423 401
423 412
423 418
423 419
423 421
423 422
423 424
423 425
423 426
423 427
423 428
423 434
423 445
423 456
423 467
423 478
423 665
423 786
423 907
423 1028
423 1149
424 182
424 303
424 369
424 380
424 391
424 413
424 418
424 419
424 420
424 421
424 422
424 423
424 425
424 426
424 427
424 428
424 435
424 446
424 479
424 666
424 787
424 1029
424 1271
425 183
425 304
425 370
425 381
425 392
425 403
425 420
425 422
425 423
425 424
425 426
425 436
425 447
425 458
425 469
425 480
425 546
425 667
425 788
425 909
425 1030
425 1151
426 184
426 305
426 371
426 382
426 393
426 404
426 415
426 418
426 419
426 420
426 422
426 424
426 425
426 428
426 437
426 448
426 459
426 470
426 481
426 547
426 668
426 789
426 910
426 1031
426 1152
427 185
427 306
427 372
427 383
427 405
427 416
427 418
427 419
427 420
427 421
427 422
427 424
427 425
427 426
427 428
427 460
427 471
427 482
427 548
427 669
427 790
427 1032
427 1153
427 1274
428 186
428 307
428 373
428 384
428 395
428 406
428 418
428 419
428 420
428 422
428 423
428 424
428 425
428 426
428 427
428 439
428 450
428 461
428 472
428 483
428 549
428 670
428 791
428 912
428 1033
428 1154
428 1275
429 66
429 187
429 308
429 363
429 374
429 385
429 407
429 430
429 431
429 432
429 433
429 434
429 435
429 436
429 437
429 438
429 439
429 440
429 451
429 462
429 671
429 792
429 913
429 1034
430 188
430 309
430 364
430 386
430 397
430 408
430 419
430 429
430 431
430 432
430 434
430 435
430 436
430 437
430 438
430 441
430 452
430 463
430 474
430 914
430 1035
430 1156
430 1277
431 68
431 365
431 376
431 387
431 398
431 420
431 429
431 436
431 437
431 438
431 439
431 453
431 464
431 475
431 552
431 794
431 915
431 1036
431 1157
431 1278
432 69
432 190
432 366
432 377
432 410
432 421
432 429
432 431
432 433
432 434
432 437
432 438
432 439
432 454
432 476
432 553
432 674
432 795
432 916
432 1279
433 70
433 191
433 312
433 367
433 378
433 389
433 400
433 411
433 422
433 429
433 430
433 431
433 434
433 435
433 436
433 437
433 438
433 439
433 444
433 466
433 477
433 554
433 796
433 917
433 1038
433 1159
433 1280
434 71
434 192
434 313
434 368
434 379
434 390
434 401
434 412
434 423
434 429
434 430
434 431
434 435
434 437
434 439
434 445
434 467
434 555
434 676
434 797
434 918
434 1039
434 1281
435 72
435 193
435 314
435 369
435 380
435 391
435 402
435 413
435 429
435 431
435 432
435 433
435 434
435 436
435 437
435 438
435 439
435 446
435 468
435 479
435 677
435 798
435 919
435 1040
435 1161
435 1282
436 73
436 315
436 370
436 381
436 425
436 430
436 431
436 432
436 433
436 434
436 435
436 437
436 447
436 458
436 469
436 480
436 557
436 678
436 799
436 1041
436 1162
436 1283
437 74
437 316
437 371
437 382
437 393
437 404
437 415
437 426
437 429
437 430
437 431
437 432
437 433
437 434
437 435
437 439
437 448
437 679
437 800
437 921
437 1042
437 1163
437 1284
438 75
438 196
438 317
438 372
438 383
438 394
438 405
438 427
438 429
438 430
438 431
438 432
438 433
438 434
438 436
438 437
438 439
438 471
438 680
438 801
438 922
438 1043
438 1164
439 76
439 197
439 318
439 373
439 384
439 406
439 417
439 429
439 430
439 431
439 432
439 433
439 434
439 435
439 436
439 438
439 461
439 472
439 681
439 1044
439 1286
440 198
440 319
440 374
440 385
440 396
440 418
440 429
440 441
440 442
440 443
440 444
440 445
440 446
440 447
440 448
440 449
440 450
440 473
440 682
440 924
440 1045
440 1166
440 1287
441 78
441 199
441 320
441 364
441 386
441 397
441 419
441 442
441 443
441 444
441 445
441 446
441 447
441 448
441 450
441 463
441 474
441 683
441 925
441 1046
441 1167
441 1288
442 79
442 200
442 321
442 365
442 376
442 398
442 409
442 420
442 431
442 441
442 443
442 444
442 445
442 446
442 447
442 448
442 449
442 450
442 453
442 475
442 563
442 684
442 805
442 926
442 1047
442 1289
443 80
443 201
443 322
443 377
443 388
443 399
443 410
443 421
443 432
443 441
443 442
443 444
443 446
443 447
443 450
443 454
443 465
443 476
443 564
443 806
443 927
443 1290
444 81
444 367
444 400
444 411
444 440
444 443
444 445
444 447
444 449
444 455
444 466
444 477
444 565
444 686
444 1049
444 1291
445 82
445 203
445 324
445 379
445 401
445 412
445 423
445 434
445 440
445 441
445 443
445 444
445 446
445 447
445 448
445 449
445 450
445 456
445 467
445 566
445 687
445 808
445 1050
445 1171
445 1292
446 83
446 204
446 369
446 380
446 391
446 402
446 413
446 424
446 435
446 444
446 445
446 447
446 448
446 457
446 468
446 479
446 567
446 930
446 1051
446 1293
447 205
447 326
447 370
447 392
447 403
447 414
447 425
447 443
447 446
447 449
447 450
447 458
447 568
447 689
447 810
447 1052
447 1294
448 85
448 206
448 327
448 371
448 393
448 404
448 426
448 437
448 440
448 443
448 444
448 445
448 447
448 449
448 459
448 470
448 481
448 569
448 811
448 1295
449 207
449 328
449 372
449 405
449 416
449 427
449 438
449 440
449 441
449 443
449 444
449 445
449 446
449 447
449 448
449 471
449 570
449 691
449 812
449 933
449 1175
449 1296
450 87
450 208
450 329
450 373
450 384
450 406
450 417
450 428
450 439
450 441
450 443
450 444
450 445
450 446
450 447
450 448
450 449
450 571
450 692
450 934
450 1297
451 88
451 209
451 330
451 363
451 374
451 385
451 396
451 418
451 429
451 440
451 452
451 453
451 454
451 455
451 456
451 457
451 458
451 459
451 460
451 461
451 572
451 693
451 814
451 1056
451 1177
451 1298
452 89
452 331
452 364
452 386
452 397
452 408
452 430
452 441
452 451
452 454
452 455
452 456
452 457
452 459
452 460
452 461
452 463
452 474
452 573
452 936
452 1057
452 1178
452 1299
453 90
453 211
453 332
453 387
453 398
453 420
453 431
453 442
453 451
453 452
453 454
453 455
453 457
453 458
453 459
453 460
453 461
453 464
453 475
453 816
453 1179
454 91
454 212
454 333
454 377
454 388
454 399
454 410
454 421
454 443
454 451
454 453
454 457
454 460
454 461
454 465
454 476
454 575
454 1180
454 1301
455 92
455 213
455 367
455 378
455 389
455 411
455 422
455 433
455 444
455 453
455 454
455 456
455 457
455 458
455 459
455 460
455 461
455 466
455 477
455 576
455 697
455 939
455 1060
455 1181
455 1302
456 214
456 368
456 379
456 390
456 401
456 423
456 434
456 452
456 453
456 454
456 455
456 457
456 460
456 461
456 467
456 577
456 698
456 940
456 1061
456 1182
456 1303
457 94
457 215
457 369
457 380
457 391
457 413
457 424
457 435
457 446
457 451
457 452
457 453
457 454
457 455
457 456
457 461
457 479
457 578
457 820
457 941
457 1062
457 1183
457 1304
458 95
458 216
458 337
458 381
458 392
458 403
458 414
458 425
458 436
458 452
458 453
458 454
458 455
458 456
458 457
458 459
458 460
458 469
458 480
458 579
458 700
458 821
458 942
458 1063
458 1184
458 1305
459 96
459 217
459 338
459 371
459 382
459 404
459 415
459 426
459 437
459 451
459 453
459 454
459 456
459 457
459 460
459 461
459 481
459 822
459 943
459 1185
460 97
460 218
460 339
460 372
460 383
460 394
460 405
460 416
460 427
460 438
460 449
460 451
460 452
460 453
460 454
460 456
460 457
460 459
460 461
460 471
460 482
460 581
460 702
460 944
460 1186
460 1307
461 219
461 373
461 395
461 406
461 439
461 450
461 453
461 455
461 456
461 457
461 458
461 459
461 472
461 582
461 703
461 824
461 1066
461 1187
461 1308
462 99
462 220
462 341
462 363
462 374
462 385
462 396
462 407
462 418
462 429
462 440
462 451
462 463
462 465
462 466
462 467
462 469
462 471
462 472
462 583
462 704
462 946
462 1067
462 1309
463 342
463 375
463 386
463 397
463 408
463 419
463 430
463 441
463 462
463 464
463 465
463 467
463 468
463 469
463 470
463 471
463 472
463 474
463 584
463 826
463 947
463 1068
463 1189
463 1310
464 101
464 222
464 365
464 376
464 387
464 409
464 420
464 431
464 442
464 453
464 462
464 463
464 465
464 470
464 471
464 472
464 475
464 585
464 706
464 827
464 1069
464 1190
464 1311
465 223
465 344
465 366
465 388
465 421
465 432
465 454
465 463
465 466
465 467
465 468
465 469
465 470
465 471
465 586
465 707
465 949
465 1070
466 103
466 367
466 378
466 389
466 400
466 411
466 422
466 433
466 444
466 455
466 462
466 463
466 464
466 465
466 467
466 468
466 469
466 470
466 472
466 587
466 708
466 829
466 950
466 1071
466 1192
466 1313
467 225
467 346
467 368
467 379
467 390
467 401
467 412
467 423
467 434
467 456
467 462
467 463
467 464
467 465
467 466
467 468
467 469
467 470
467 471
467 472
467 478
467 588
467 709
467 830
467 951
467 1072
467 1314
468 105
468 226
468 347
468 380
468 391
468 402
468 413
468 424
468 435
468 446
468 457
468 462
468 463
468 464
468 465
468 467
468 469
468 470
468 472
468 479
468 831
468 952
468 1073
468 1194
468 1315
469 106
469 227
469 348
469 370
469 381
469 392
469 403
469 425
469 436
469 447
469 458
469 462
469 463
469 464
469 465
469 466
469 467
469 468
469 470
469 471
469 472
469 480
469 590
469 711
469 832
469 1074
469 1195
469 1316
470 228
470 371
470 382
470 393
470 404
470 415
470 437
470 459
470 462
470 465
470 467
470 471
470 472
470 481
470 591
470 712
470 833
470 1075
470 1317
471 108
471 229
471 350
471 372
471 394
471 405
471 416
471 427
471 438
471 449
471 460
471 463
471 464
471 466
471 467
471 468
471 469
471 470
471 482
471 713
471 834
472 109
472 230
472 373
472 384
472 395
472 406
472 417
472 428
472 439
472 450
472 461
472 463
472 464
472 465
472 466
472 467
472 468
472 469
472 471
472 714
472 835
472 956
472 1077
472 1198
472 1319
473 110
473 231
473 352
473 374
473 385
473 407
473 418
473 429
473 440
473 451
473 462
473 475
473 476
473 477
473 478
473 479
473 480
473 482
473 483
473 594
473 715
473 836
473 957
473 1199
474 232
474 353
474 364
474 375
474 386
474 397
474 408
474 419
474 430
474 441
474 473
474 475
474 476
474 477
474 479
474 480
474 483
474 595
474 958
474 1079
474 1321
475 112
475 233
475 354
475 365
475 376
475 398
475 409
475 420
475 431
475 442
475 453
475 473
475 474
475 476
475 477
475 478
475 479
475 480
475 481
475 482
475 483
475 596
475 717
475 838
475 959
475 1201
475 1322
476 113
476 234
476 355
476 377
476 410
476 421
476 432
476 443
476 454
476 465
476 473
476 474
476 477
476 479
476 482
476 483
476 597
476 960
476 1323
477 235
477 356
477 367
477 378
477 389
477 400
477 411
477 422
477 433
477 444
477 455
477 466
477 473
477 475
477 478
477 479
477 480
477 481
477 483
477 598
477 719
477 840
477 961
477 1203
478 115
478 236
478 357
478 368
478 390
478 423
478 434
478 445
478 456
478 474
478 476
478 477
478 479
478 480
478 482
478 483
478 599
478 720
478 841
478 962
478 1083
478 1204
478 1325
479 237
479 358
479 369
479 380
479 391
479 402
479 413
479 435
479 446
479 457
479 473
479 474
479 475
479 476
479 477
479 478
479 481
479 482
479 483
479 600
479 721
479 842
479 963
479 1205
479 1326
480 117
480 238
480 359
480 392
480 403
480 414
480 436
480 447
480 458
480 469
480 473
480 474
480 475
480 476
480 478
480 479
480 481
480 482
480 483
480 601
480 722
480 843
480 1085
480 1206
481 239
481 360
481 382
481 393
481 404
481 415
481 426
481 437
481 459
481 470
481 473
481 474
481 475
481 476
481 477
481 478
481 483
481 602
481 723
481 844
481 965
481 1086
481 1207
481 1328
482 119
482 240
482 361
482 372
482 383
482 438
482 449
482 460
482 471
482 473
482 474
482 475
482 476
482 477
482 481
482 483
482 724
482 845
482 1087
482 1208
482 1329
483 120
483 241
483 362
483 373
483 384
483 406
483 417
483 428
483 439
483 450
483 461
483 472
483 474
483 475
483 476
483 478
483 479
483 480
483 481
483 482
483 604
483 725
483 846
483 967
483 1088
483 1209
483 1330
484 0
484 242
484 363
484 485
484 486
484 487
484 488
484 489
484 490
484 491
484 492
484 493
484 494
484 495
484 517
484 550
484 561
484 572
484 583
484 594
484 605
484 847
484 1210
485 1
485 122
485 486
485 487
485 488
485 491
485 492
485 493
485 518
485 529
485 540
485 562
485 573
485 584
485 595
485 606
485 727
485 848
485 969
485 1090
485 1211
486 2
486 123
486 244
486 365
486 485
486 488
486 489
486 490
486 492
486 493
486 497
486 508
486 530
486 574
486 585
486 596
486 607
486 849
486 1091
487 124
487 245
487 366
487 484
487 485
487 486
487 488
487 489
487 490
487 491
487 492
487 493
487 494
487 498
487 509
487 542
487 553
487 575
487 586
487 597
487 608
487 850
487 971
487 1213
488 4
488 367
488 484
488 485
488 487
488 490
488 491
488 532
488 543
488 565
488 587
488 598
488 609
488 730
488 972
488 1093
488 1214
489 5
489 126
489 247
489 368
489 484
489 485
489 486
489 487
489 488
489 490
489 491
489 492
489 493
489 494
489 500
489 511
489 522
489 533
489 544
489 566
489 577
489 588
489 599
489 610
489 731
489 852
489 973
489 1094
490 369
490 485
490 488
490 489
490 491
490 494
490 501
490 512
490 523
490 534
490 556
490 567
490 589
490 600
490 611
490 732
490 974
490 1216
491 7
491 128
491 249
491 370
491 485
491 486
491 487
491 489
491 490
491 492
491 493
491 494
491 502
491 524
491 535
491 546
491 557
491 579
491 590
491 601
491 612
491 733
491 854
491 975
491 1096
491 1217
492 8
492 129
492 250
492 371
492 484
492 485
492 486
492 487
492 488
492 490
492 491
492 493
492 494
492 503
492 514
492 525
492 536
492 558
492 580
492 591
492 602
492 613
492 976
492 1218
493 130
493 251
493 372
493 484
493 486
493 487
493 488
493 489
493 490
493 491
493 492
493 494
493 504
493 515
493 526
493 537
493 548
493 559
493 570
493 581
493 592
493 603
493 614
493 735
493 977
493 1098
493 1219
494 10
494 131
494 252
494 373
494 484
494 485
494 486
494 487
494 488
494 489
494 491
494 492
494 505
494 516
494 527
494 538
494 549
494 560
494 582
494 593
494 604
494 615
494 736
494 1099
494 1220
495 11
495 132
495 253
495 374
495 484
495 496
495 498
495 499
495 501
495 502
495 504
495 505
495 506
495 517
495 539
495 550
495 561
495 572
495 583
495 594
495 616
495 737
495 858
495 1100
495 1221
496 375
496 485
496 497
496 498
496 499
496 500
496 501
496 502
496 503
496 504
496 505
496 507
496 529
496 540
496 551
496 562
496 573
496 584
496 595
496 738
496 859
496 1101
496 1222
497 13
497 134
497 376
497 486
497 495
497 498
497 499
497 500
497 503
497 504
497 519
497 530
497 541
497 552
497 563
497 574
497 585
497 596
497 739
497 860
497 981
497 1102
497 1223
498 14
498 135
498 377
498 487
498 499
498 500
498 503
498 504
498 505
498 509
498 520
498 531
498 553
498 564
498 575
498 586
498 597
498 619
498 861
498 982
498 1103
498 1224
499 15
499 136
499 257
499 378
499 488
499 495
499 497
499 498
499 500
499 503
499 504
499 505
499 510
499 521
499 532
499 543
499 565
499 576
499 587
499 741
499 862
499 983
499 1225
500 258
500 489
500 495
500 496
500 497
500 498
500 501
500 502
500 503
500 504
500 522
500 533
500 544
500 566
500 588
500 599
500 621
500 742
500 863
500 984
500 1226
501 17
501 138
501 380
501 490
501 497
501 498
501 499
501 500
501 502
501 504
501 505
501 512
501 534
501 545
501 556
501 567
501 578
501 600
501 622
501 743
501 864
501 985
501 1106
501 1227
502 18
502 139
502 260
502 381
502 491
502 495
502 496
502 497
502 498
502 499
502 500
502 503
502 504
502 505
502 524
502 546
502 568
502 579
502 601
502 744
502 986
502 1107
502 1228
503 140
503 261
503 382
503 492
503 495
503 497
503 498
503 499
503 500
503 501
503 504
503 505
503 514
503 525
503 536
503 569
503 624
503 745
503 866
503 1108
504 20
504 141
504 262
504 383
504 493
504 496
504 498
504 499
504 502
504 505
504 515
504 526
504 537
504 548
504 570
504 581
504 592
504 603
504 625
504 1109
504 1230
505 21
505 142
505 263
505 384
505 494
505 495
505 496
505 497
505 498
505 499
505 500
505 502
505 503
505 527
505 538
505 560
505 582
505 604
505 626
505 747
505 868
505 989
505 1110
505 1231
506 22
506 264
506 385
506 484
506 507
506 508
506 510
506 512
506 528
506 539
506 550
506 572
506 583
506 594
506 990
506 1232
507 23
507 265
507 386
507 485
507 496
507 506
507 508
507 509
507 510
507 511
507 513
507 514
507 516
507 518
507 529
507 540
507 551
507 573
507 584
507 628
507 749
507 870
507 991
507 1112
508 24
508 145
508 387
508 486
508 497
508 506
508 507
508 509
508 511
508 512
508 514
508 515
508 516
508 519
508 530
508 541
508 574
508 585
508 750
508 871
508 992
508 1234
509 25
509 146
509 388
509 498
509 506
509 508
509 510
509 512
509 513
509 514
509 515
509 520
509 542
509 553
509 564
509 575
509 597
509 630
509 751
509 872
509 993
510 26
510 147
510 268
510 389
510 488
510 499
510 506
510 507
510 508
510 509
510 511
510 512
510 513
510 516
510 554
510 565
510 576
510 587
510 598
510 752
510 994
510 1115
510 1236
511 27
511 390
511 489
511 500
511 506
511 507
511 508
511 509
511 512
511 514
511 515
511 516
511 522
511 544
511 555
511 566
511 588
511 599
511 632
511 753
511 995
511 1116
511 1237
512 28
512 149
512 270
512 490
512 506
512 507
512 508
512 509
512 510
512 514
512 515
512 516
512 545
512 556
512 567
512 578
512 589
512 600
512 633
512 996
512 1117
512 1238
513 150
513 491
513 502
513 506
513 507
513 508
513 511
513 512
513 514
513 515
513 524
513 535
513 546
513 579
513 590
513 601
513 634
513 755
513 876
513 997
513 1239
514 151
514 272
514 393
514 506
514 507
514 508
514 510
514 511
514 513
514 515
514 516
514 536
514 547
514 558
514 569
514 580
514 591
514 602
514 877
514 998
514 1119
514 1240
515 31
515 152
515 273
515 506
515 507
515 508
515 509
515 510
515 511
515 513
515 526
515 537
515 548
515 559
515 570
515 581
515 592
515 603
515 636
515 757
515 878
515 999
515 1241
516 32
516 153
516 274
516 395
516 494
516 505
516 506
516 508
516 509
516 511
516 512
516 513
516 515
516 527
516 538
516 549
516 560
516 582
516 593
516 637
516 758
516 879
516 1121
516 1242
517 33
517 154
517 275
517 396
517 495
517 506
517 518
517 519
517 521
517 523
517 524
517 526
517 527
517 528
517 539
517 550
517 561
517 572
517 583
517 638
517 759
517 1122
517 1243
518 34
518 276
518 397
518 496
518 517
518 520
518 522
518 524
518 525
518 526
518 527
518 551
518 562
518 573
518 584
518 639
518 760
518 881
518 1123
518 1244
519 35
519 156
519 277
519 486
519 508
519 517
519 518
519 520
519 521
519 523
519 524
519 526
519 527
519 530
519 541
519 552
519 574
519 596
519 640
519 761
519 1003
519 1124
519 1245
520 157
520 278
520 399
520 487
520 498
520 509
520 517
520 519
520 521
520 523
520 524
520 525
520 526
520 527
520 531
520 542
520 553
520 564
520 575
520 586
520 597
520 641
520 762
520 1004
520 1246
521 37
521 158
521 279
521 400
521 488
521 499
521 510
521 517
521 518
521 519
521 520
521 523
521 524
521 525
521 526
521 532
521 554
521 565
521 576
521 763
521 884
521 1005
521 1247
522 38
522 159
522 280
522 401
522 489
522 500
522 511
522 517
522 518
522 519
522 520
522 521
522 523
522 524
522 526
522 527
522 544
522 566
522 577
522 588
522 599
522 643
522 764
522 885
522 1006
522 1127
522 1248
523 160
523 281
523 402
523 490
523 501
523 512
523 517
523 518
523 520
523 524
523 526
523 527
523 534
523 545
523 578
523 600
523 644
523 765
523 886
523 1128
523 1249
524 40
524 491
524 502
524 513
524 517
524 519
524 522
524 523
524 535
524 546
524 557
524 601
524 766
524 1008
524 1129
524 1250
525 41
525 162
525 283
525 404
525 492
525 514
525 517
525 518
525 519
525 521
525 522
525 523
525 524
525 526
525 527
525 536
525 547
525 558
525 569
525 580
525 591
525 602
525 646
525 767
525 888
525 1009
525 1130
525 1251
526 42
526 163
526 284
526 405
526 493
526 515
526 517
526 518
526 519
526 520
526 521
526 522
526 523
526 524
526 527
526 548
526 559
526 592
526 603
526 647
526 768
526 1010
526 1131
527 43
527 406
527 505
527 517
527 518
527 519
527 520
527 521
527 522
527 523
527 524
527 525
527 538
527 549
527 560
527 571
527 593
527 648
527 769
527 890
527 1011
527 1132
527 1253
528 44
528 165
528 286
528 407
528 484
528 495
528 506
528 529
528 530
528 532
528 533
528 534
528 535
528 536
528 537
528 538
528 550
528 561
528 572
528 594
528 649
528 770
528 891
528 1133
528 1254
529 45
529 166
529 408
529 485
529 496
529 518
529 528
529 531
529 532
529 533
529 534
529 535
529 551
529 562
529 573
529 584
529 595
529 650
529 892
529 1013
529 1134
530 46
530 167
530 409
530 497
530 508
530 529
530 532
530 533
530 534
530 535
530 537
530 538
530 541
530 563
530 585
530 772
530 1014
530 1135
530 1256
531 47
531 168
531 289
531 410
531 487
531 498
531 509
531 520
531 528
531 530
531 532
531 533
531 534
531 535
531 536
531 537
531 542
531 553
531 564
531 575
531 586
531 597
531 652
531 1015
531 1136
531 1257
532 48
532 169
532 411
532 499
532 510
532 521
532 528
532 529
532 531
532 535
532 537
532 554
532 576
532 587
532 598
532 774
532 895
532 1016
532 1137
533 49
533 291
533 412
533 489
533 500
533 511
533 522
533 528
533 529
533 530
533 532
533 534
533 535
533 538
533 544
533 555
533 566
533 577
533 588
533 599
533 654
533 775
533 896
533 1017
533 1138
534 50
534 171
534 292
534 501
534 512
534 523
534 528
534 529
534 530
534 532
534 538
534 545
534 556
534 567
534 578
534 589
534 655
534 776
534 897
534 1018
534 1139
534 1260
535 51
535 172
535 414
535 491
535 502
535 513
535 529
535 530
535 532
535 533
535 534
535 536
535 537
535 538
535 557
535 568
535 579
535 590
535 601
535 656
535 777
535 898
535 1019
535 1140
535 1261
536 52
536 173
536 294
536 415
536 503
536 514
536 525
536 528
536 529
536 530
536 532
536 533
536 534
536 535
536 537
536 547
536 569
536 580
536 657
536 899
536 1020
536 1262
537 174
537 416
537 504
537 526
537 528
537 529
537 530
537 531
537 533
537 534
537 535
537 548
537 559
537 570
537 592
537 603
537 658
537 779
537 1021
537 1142
537 1263
538 175
538 296
538 417
538 505
538 516
538 527
538 528
538 529
538 530
538 531
538 532
538 534
538 535
538 536
538 537
538 549
538 560
538 571
538 593
538 604
538 659
538 780
538 901
538 1022
538 1143
539 55
539 176
539 297
539 484
539 495
539 506
539 517
539 528
539 540
539 542
539 544
539 545
539 546
539 548
539 549
539 550
539 561
539 572
539 583
539 594
539 660
539 781
539 902
539 1144
539 1265
540 56
540 177
540 419
540 485
540 496
540 507
540 518
540 529
540 539
540 541
540 542
540 543
540 544
540 545
540 546
540 547
540 551
540 562
540 573
540 584
540 782
540 903
540 1024
540 1145
540 1266
541 178
541 299
541 420
541 486
541 497
541 508
541 539
541 543
541 545
541 546
541 548
541 549
541 552
541 563
541 574
541 585
541 596
541 662
541 904
541 1146
541 1267
542 179
542 300
542 421
542 498
542 520
542 531
542 540
542 541
542 543
542 545
542 546
542 547
542 548
542 549
542 553
542 597
542 663
542 784
542 1026
542 1147
543 59
543 301
543 422
543 488
543 499
543 510
543 521
543 532
543 539
543 540
543 542
543 545
543 546
543 548
543 565
543 576
543 664
543 1027
543 1148
543 1269
544 60
544 181
544 302
544 423
544 489
544 500
544 533
544 539
544 541
544 542
544 543
544 545
544 546
544 548
544 549
544 555
544 566
544 599
544 665
544 786
544 907
544 1270
545 182
545 424
545 490
545 501
545 512
545 534
545 539
545 540
545 541
545 544
545 546
545 547
545 549
545 556
545 567
545 578
545 589
545 600
545 666
545 787
545 908
545 1029
545 1150
545 1271
546 183
546 304
546 425
546 491
546 513
546 535
546 540
546 542
546 544
546 545
546 547
546 548
546 549
546 557
546 601
546 788
546 909
546 1030
546 1151
546 1272
547 184
547 426
547 492
547 503
547 514
547 525
547 536
547 539
547 540
547 541
547 542
547 543
547 544
547 545
547 548
547 558
547 569
547 580
547 591
547 668
547 910
547 1031
547 1152
547 1273
548 64
548 185
548 306
548 427
548 493
548 504
548 526
548 540
548 541
548 542
548 543
548 544
548 545
548 547
548 549
548 570
548 581
548 592
548 603
548 669
548 790
548 911
548 1153
549 186
549 307
549 494
549 505
549 516
549 540
549 541
549 543
549 544
549 545
549 547
549 560
549 571
549 582
549 593
549 604
549 791
549 912
549 1033
549 1154
549 1275
550 66
550 187
550 308
550 429
550 495
550 506
550 517
550 528
550 551
550 552
550 553
550 554
550 556
550 557
550 558
550 560
550 561
550 572
550 583
550 594
550 671
550 792
550 1034
550 1155
551 67
551 188
551 309
551 430
551 485
551 496
551 507
551 518
551 529
551 540
551 552
551 553
551 554
551 555
551 556
551 557
551 558
551 559
551 560
551 562
551 573
551 584
551 595
551 672
551 793
551 914
551 1035
551 1156
551 1277
552 68
552 189
552 486
552 497
552 508
552 530
552 541
552 550
552 551
552 553
552 554
552 557
552 559
552 563
552 574
552 585
552 596
552 794
552 915
552 1036
552 1157
552 1278
553 69
553 190
553 311
553 498
553 509
553 531
553 542
553 551
553 554
553 555
553 556
553 557
553 558
553 559
553 564
553 575
553 586
553 597
553 674
553 795
553 1279
554 70
554 191
554 433
554 488
554 499
554 510
554 521
554 543
554 550
554 551
554 553
554 555
554 558
554 559
554 560
554 565
554 587
554 598
554 675
554 796
554 917
554 1038
554 1159
554 1280
555 192
555 313
555 434
555 489
555 500
555 522
555 533
555 544
555 550
555 552
555 553
555 554
555 557
555 558
555 559
555 560
555 566
555 577
555 588
555 599
555 676
555 797
555 918
555 1039
555 1160
555 1281
556 72
556 193
556 435
556 490
556 501
556 512
556 523
556 534
556 550
556 552
556 554
556 555
556 560
556 567
556 578
556 589
556 600
556 677
556 798
556 1040
556 1161
556 1282
557 73
557 194
557 315
557 436
557 491
557 502
557 513
557 546
557 550
557 551
557 552
557 553
557 554
557 555
557 556
557 558
557 559
557 560
557 568
557 590
557 678
557 799
557 920
557 1041
557 1283
558 74
558 195
558 316
558 437
558 492
558 503
558 514
558 525
558 536
558 547
558 550
558 551
558 552
558 554
558 556
558 557
558 569
558 580
558 591
558 800
558 921
558 1042
558 1163
559 317
559 438
559 493
559 504
559 526
559 548
559 550
559 551
559 552
559 554
559 556
559 557
559 558
559 570
559 581
559 592
559 680
559 801
559 922
559 1043
559 1164
559 1285
560 76
560 197
560 318
560 439
560 516
560 527
560 538
560 550
560 551
560 552
560 553
560 554
560 556
560 557
560 558
560 559
560 571
560 593
560 681
560 923
560 1044
560 1286
561 77
561 198
561 319
561 440
561 506
561 517
561 528
561 539
561 550
561 563
561 564
561 565
561 567
561 568
561 569
561 570
561 571
561 572
561 583
561 682
561 803
561 1045
561 1166
562 78
562 320
562 441
562 507
562 561
562 564
562 565
562 566
562 567
562 569
562 570
562 571
562 573
562 595
562 683
562 804
562 925
562 1046
562 1288
563 79
563 200
563 321
563 442
563 486
563 497
563 508
563 519
563 530
563 541
563 552
563 562
563 565
563 567
563 569
563 570
563 571
563 574
563 585
563 684
563 926
563 1047
563 1168
563 1289
564 322
564 443
564 487
564 509
564 520
564 531
564 542
564 553
564 561
564 562
564 563
564 565
564 569
564 571
564 575
564 586
564 597
564 927
564 1048
564 1169
564 1290
565 202
565 323
565 444
565 488
565 499
565 521
565 532
565 543
565 554
565 561
565 562
565 563
565 564
565 568
565 569
565 570
565 571
565 576
565 686
565 928
565 1049
565 1170
566 82
566 203
566 445
566 500
566 511
566 522
566 533
566 544
566 561
566 562
566 563
566 564
566 565
566 567
566 568
566 569
566 571
566 588
566 599
566 687
566 808
566 929
566 1050
566 1171
566 1292
567 83
567 325
567 446
567 490
567 523
567 561
567 562
567 563
567 564
567 565
567 566
567 568
567 569
567 570
567 571
567 600
567 688
567 809
567 930
567 1051
567 1172
567 1293
568 84
568 205
568 326
568 447
568 491
568 502
568 513
568 524
568 535
568 546
568 561
568 562
568 563
568 564
568 565
568 566
568 567
568 570
568 579
568 590
568 601
568 689
568 810
568 931
568 1052
568 1173
568 1294
569 85
569 206
569 327
569 448
569 492
569 525
569 536
569 547
569 558
569 561
569 562
569 563
569 564
569 565
569 566
569 567
569 568
569 580
569 591
569 602
569 690
569 811
569 932
569 1053
569 1295
570 86
570 328
570 449
570 493
570 504
570 515
570 526
570 537
570 559
570 564
570 565
570 566
570 569
570 571
570 581
570 603
570 691
570 812
570 933
570 1054
570 1296
571 87
571 208
571 329
571 450
571 494
571 505
571 516
571 538
571 549
571 560
571 561
571 562
571 563
571 565
571 566
571 567
571 568
571 569
571 570
571 582
571 593
571 692
571 934
571 1055
571 1176
571 1297
572 88
572 330
572 484
572 495
572 506
572 517
572 550
572 573
572 574
572 576
572 577
572 578
572 579
572 580
572 583
572 594
572 935
572 1177
572 1298
573 331
573 485
573 496
573 507
573 518
573 529
573 540
573 562
573 572
573 574
573 576
573 577
573 578
573 579
573 580
573 582
573 584
573 595
573 694
573 815
573 1178
574 90
574 332
574 453
574 486
574 497
574 508
574 530
574 552
574 563
574 572
574 576
574 577
574 578
574 579
574 581
574 582
574 585
574 816
574 937
574 1058
574 1179
574 1300
575 212
575 333
575 454
575 498
575 520
575 531
575 542
575 553
575 564
575 572
575 573
575 574
575 577
575 578
575 579
575 580
575 582
575 586
575 597
575 817
575 938
575 1059
575 1180
576 213
576 334
576 455
576 488
576 499
576 510
576 543
576 554
576 565
576 572
576 573
576 575
576 577
576 578
576 579
576 580
576 581
576 587
576 697
576 818
576 1181
577 93
577 214
577 456
577 489
577 500
577 511
577 533
577 544
577 555
577 566
577 573
577 574
577 575
577 576
577 578
577 579
577 580
577 581
577 582
577 588
577 599
577 819
577 1061
577 1303
578 215
578 336
578 490
578 512
578 523
578 534
578 545
578 556
578 567
578 572
578 574
578 576
578 579
578 582
578 589
578 699
578 820
578 941
578 1062
578 1183
579 216
579 337
579 502
579 513
579 524
579 546
579 557
579 573
579 575
579 576
579 578
579 581
579 582
579 590
579 601
579 700
579 821
579 1063
579 1305
580 96
580 459
580 492
580 503
580 525
580 547
580 558
580 572
580 573
580 574
580 575
580 576
580 578
580 579
580 581
580 582
580 591
580 943
580 1185
580 1306
581 97
581 339
581 493
581 504
581 515
581 526
581 537
581 572
581 573
581 574
581 575
581 577
581 578
581 579
581 580
581 582
581 603
581 702
581 1065
581 1307
582 98
582 219
582 340
582 461
582 505
582 516
582 527
582 538
582 549
582 560
582 571
582 572
582 574
582 576
582 577
582 578
582 579
582 581
582 593
582 604
582 703
582 824
582 945
582 1066
582 1187
582 1308
583 220
583 341
583 462
583 484
583 495
583 506
583 517
583 528
583 539
583 550
583 561
583 585
583 587
583 588
583 589
583 592
583 593
583 594
583 946
583 1188
583 1309
584 221
584 342
584 485
584 496
584 507
584 518
584 540
584 551
584 562
584 573
584 583
584 585
584 587
584 589
584 591
584 592
584 593
584 595
584 826
584 1068
584 1189
584 1310
585 101
585 222
585 486
585 497
585 519
585 530
585 541
585 552
585 563
585 574
585 583
585 584
585 586
585 588
585 589
585 591
585 592
585 593
585 706
585 827
585 1069
585 1190
586 102
586 223
586 344
586 465
586 498
586 509
586 520
586 531
586 542
586 564
586 575
586 583
586 584
586 585
586 587
586 588
586 590
586 591
586 593
586 707
586 828
586 949
586 1070
586 1191
586 1312
587 103
587 224
587 345
587 488
587 499
587 510
587 521
587 543
587 565
587 576
587 583
587 584
587 585
587 586
587 588
587 589
587 590
587 591
587 592
587 708
587 950
587 1071
587 1192
587 1313
588 104
588 225
588 346
588 467
588 500
588 544
588 577
588 583
588 584
588 585
588 586
588 590
588 592
588 599
588 709
588 830
588 951
588 1193
589 105
589 226
589 468
589 501
589 512
589 523
589 556
589 567
589 578
589 585
589 586
589 587
589 588
589 590
589 591
589 592
589 600
589 710
589 831
589 952
589 1315
590 348
590 469
590 491
590 502
590 513
590 524
590 546
590 557
590 568
590 579
590 583
590 584
590 585
590 586
590 587
590 588
590 589
590 591
590 592
590 593
590 601
590 711
590 1074
590 1195
590 1316
591 107
591 503
591 525
591 536
591 547
591 558
591 569
591 580
591 583
591 585
591 586
591 588
591 590
591 592
591 593
591 833
591 1075
591 1196
591 1317
592 108
592 350
592 471
592 493
592 515
592 526
592 548
592 559
592 570
592 581
592 583
592 585
592 586
592 587
592 589
592 590
592 593
592 713
592 834
592 955
592 1076
592 1197
592 1318
593 109
593 230
593 351
593 472
593 494
593 505
593 538
593 560
593 571
593 582
593 583
593 585
593 586
593 587
593 588
593 589
593 590
593 592
593 714
593 835
593 1077
593 1198
594 231
594 352
594 484
594 495
594 506
594 517
594 528
594 539
594 550
594 561
594 583
594 595
594 596
594 597
594 598
594 599
594 601
594 604
594 715
594 836
594 1199
594 1320
595 111
595 496
595 507
595 518
595 529
595 540
595 551
595 584
595 594
595 596
595 597
595 598
595 599
595 600
595 601
595 603
595 604
595 837
595 958
595 1200
595 1321
596 233
596 354
596 475
596 497
596 508
596 519
596 530
596 563
596 574
596 585
596 594
596 595
596 597
596 599
596 600
596 601
596 603
596 604
596 717
596 1080
596 1201
596 1322
597 113
597 234
597 355
597 476
597 487
597 498
597 509
597 520
597 575
597 586
597 594
597 596
597 599
597 600
597 601
597 602
597 603
597 604
597 718
597 839
597 960
597 1081
597 1202
597 1323
598 114
598 235
598 356
598 488
598 499
598 510
598 521
598 532
598 543
598 554
598 565
598 576
598 587
598 594
598 595
598 596
598 597
598 600
598 602
598 603
598 961
598 1082
598 1324
599 115
599 357
599 478
599 489
599 500
599 522
599 533
599 566
599 577
599 594
599 595
599 596
599 597
599 598
599 600
599 601
599 602
599 604
599 720
599 841
599 962
599 1083
600 116
600 479
600 490
600 501
600 512
600 523
600 534
600 545
600 556
600 567
600 578
600 589
600 594
600 595
600 597
600 599
600 601
600 602
600 603
600 604
600 721
600 842
600 963
600 1205
600 1326
601 117
601 238
601 359
601 480
601 513
601 524
601 535
601 557
601 568
601 579
601 590
601 594
601 597
601 598
601 600
601 602
601 603
601 604
601 722
601 843
601 964
601 1206
601 1327
602 118
602 239
602 481
602 492
602 503
602 514
602 536
602 547
602 558
602 569
602 580
602 591
602 594
602 595
602 596
602 597
602 598
602 599
602 600
602 601
602 603
602 604
602 723
602 844
602 1086
602 1207
602 1328
603 119
603 240
603 361
603 482
603 493
603 515
603 526
603 537
603 548
603 559
603 570
603 581
603 592
603 594
603 595
603 596
603 598
603 599
603 604
603 724
603 845
603 966
603 1087
603 1208
603 1329
604 120
604 241
604 362
604 483
604 516
604 527
604 560
604 571
604 593
604 594
604 596
604 598
604 601
604 602
604 603
604 725
604 846
604 967
604 1088
604 1209
604 1330
605 0
605 121
605 363
605 484
605 607
605 609
605 611
605 614
605 615
605 616
605 638
605 671
605 682
605 715
605 726
605 847
605 1089
606 1
606 122
606 243
606 364
606 485
606 605
606 607
606 610
606 611
606 613
606 614
606 615
606 617
606 639
606 650
606 661
606 672
606 683
606 694
606 716
606 727
606 969
606 1090
607 2
607 365
607 608
607 610
607 611
607 613
607 614
607 615
607 618
607 629
607 640
607 651
607 673
607 684
607 706
607 717
607 728
607 849
607 970
607 1212
608 124
608 245
608 605
608 606
608 610
608 611
608 613
608 614
608 615
608 663
608 674
608 707
608 718
608 729
608 850
608 971
608 1092
609 4
609 125
609 367
609 488
609 606
609 607
609 608
609 610
609 611
609 612
609 613
609 631
609 642
609 653
609 664
609 675
609 686
609 697
609 708
609 719
609 730
609 851
609 1214
610 5
610 126
610 247
610 368
610 605
610 608
610 612
610 613
610 614
610 615
610 621
610 632
610 643
610 654
610 676
610 687
610 709
610 720
610 731
610 852
610 973
610 1094
610 1215
611 6
611 127
611 248
611 369
611 605
611 606
611 607
611 608
611 609
611 610
611 613
611 615
611 622
611 633
611 644
611 655
611 666
611 677
611 688
611 699
611 710
611 721
611 732
611 853
611 974
612 7
612 128
612 249
612 491
612 605
612 606
612 607
612 608
612 609
612 611
612 613
612 614
612 615
612 623
612 634
612 645
612 656
612 678
612 711
612 722
612 733
612 854
612 975
612 1096
613 129
613 250
613 371
613 605
613 607
613 609
613 612
613 614
613 615
613 624
613 635
613 646
613 657
613 668
613 679
613 690
613 701
613 712
613 723
613 734
613 855
613 976
613 1097
614 9
614 130
614 251
614 493
614 606
614 607
614 608
614 609
614 611
614 615
614 636
614 647
614 658
614 669
614 713
614 856
615 10
615 252
615 605
615 606
615 607
615 608
615 609
615 611
615 612
615 613
615 614
615 626
615 637
615 648
615 659
615 681
615 692
615 703
615 714
615 736
615 857
615 1220
616 11
616 495
616 617
616 619
616 620
616 621
616 623
616 625
616 626
616 627
616 638
616 671
616 682
616 693
616 715
616 737
616 858
616 979
616 1100
617 12
617 133
617 254
617 496
617 606
617 616
617 618
617 619
617 621
617 622
617 624
617 626
617 628
617 639
617 650
617 672
617 683
617 694
617 705
617 738
617 980
617 1101
617 1222
618 13
618 134
618 255
618 376
618 497
618 607
618 616
618 619
618 620
618 621
618 624
618 625
618 629
618 662
618 673
618 706
618 717
618 739
618 860
618 1223
619 14
619 256
619 377
619 608
619 616
619 617
619 620
619 621
619 622
619 624
619 626
619 630
619 652
619 663
619 674
619 707
619 718
619 740
619 861
619 1103
619 1224
620 15
620 257
620 499
620 609
620 616
620 617
620 618
620 619
620 621
620 622
620 624
620 625
620 626
620 631
620 653
620 664
620 675
620 686
620 697
620 741
620 983
620 1104
620 1225
621 16
621 258
621 500
621 610
621 616
621 617
621 618
621 620
621 622
621 623
621 624
621 625
621 626
621 654
621 665
621 687
621 698
621 709
621 720
621 742
621 984
621 1105
621 1226
622 17
622 138
622 259
622 380
622 501
622 611
622 616
622 617
622 618
622 619
622 623
622 625
622 626
622 633
622 666
622 677
622 688
622 699
622 710
622 721
622 743
622 985
622 1227
623 18
623 139
623 260
623 381
623 502
623 616
623 617
623 618
623 619
623 620
623 624
623 625
623 626
623 634
623 645
623 667
623 678
623 689
623 700
623 711
623 722
623 744
623 865
623 1107
624 261
624 503
624 613
624 616
624 617
624 618
624 619
624 620
624 621
624 622
624 623
624 626
624 635
624 646
624 668
624 679
624 690
624 701
624 723
624 745
624 866
624 987
624 1108
625 20
625 141
625 383
625 614
625 616
625 617
625 619
625 620
625 624
625 626
625 658
625 669
625 702
625 988
625 1109
626 21
626 142
626 263
626 615
626 616
626 617
626 618
626 619
626 620
626 621
626 622
626 623
626 624
626 625
626 637
626 648
626 659
626 670
626 681
626 703
626 714
626 725
626 747
626 868
626 989
627 22
627 143
627 264
627 506
627 605
627 616
627 628
627 629
627 630
627 631
627 633
627 634
627 636
627 638
627 649
627 660
627 682
627 715
627 748
627 869
627 990
627 1111
627 1232
628 144
628 265
628 386
628 606
628 627
628 629
628 630
628 631
628 632
628 633
628 636
628 639
628 650
628 661
628 672
628 705
628 749
628 870
628 991
628 1112
628 1233
629 145
629 266
629 387
629 508
629 618
629 627
629 630
629 631
629 632
629 633
629 634
629 636
629 637
629 640
629 662
629 673
629 695
629 706
629 717
629 750
629 871
630 146
630 267
630 388
630 509
630 608
630 619
630 627
630 628
630 629
630 632
630 633
630 636
630 637
630 641
630 652
630 663
630 674
630 685
630 751
630 993
630 1114
630 1235
631 26
631 147
631 268
631 389
631 510
631 609
631 620
631 627
631 629
631 630
631 632
631 633
631 634
631 635
631 636
631 642
631 653
631 664
631 675
631 686
631 697
631 708
631 719
631 752
631 873
631 994
631 1115
631 1236
632 27
632 269
632 390
632 610
632 621
632 627
632 628
632 629
632 630
632 631
632 634
632 636
632 637
632 643
632 665
632 687
632 709
632 720
632 753
632 874
632 995
632 1116
632 1237
633 28
633 149
633 391
633 512
633 611
633 629
633 630
633 631
633 632
633 634
633 637
633 655
633 666
633 677
633 688
633 699
633 721
633 754
633 875
633 996
634 29
634 150
634 271
634 392
634 612
634 627
634 628
634 630
634 631
634 633
634 635
634 636
634 645
634 656
634 667
634 700
634 711
634 722
634 755
634 876
634 997
634 1118
634 1239
635 30
635 151
635 272
635 393
635 514
635 624
635 627
635 628
635 629
635 630
635 631
635 632
635 633
635 637
635 646
635 657
635 679
635 723
635 756
635 877
635 1119
636 152
636 394
636 515
636 614
636 625
636 627
636 628
636 629
636 630
636 631
636 633
636 634
636 635
636 647
636 658
636 669
636 680
636 691
636 702
636 724
636 878
636 999
637 153
637 395
637 615
637 627
637 628
637 631
637 634
637 635
637 636
637 648
637 659
637 681
637 703
637 714
637 879
637 1000
637 1121
638 154
638 616
638 627
638 640
638 641
638 644
638 645
638 646
638 647
638 648
638 660
638 671
638 704
638 759
638 880
638 1001
638 1122
639 155
639 276
639 397
639 518
639 606
639 617
639 628
639 638
639 640
639 641
639 642
639 643
639 644
639 645
639 646
639 647
639 648
639 650
639 661
639 672
639 694
639 716
639 1244
640 35
640 277
640 398
640 519
640 607
640 618
640 639
640 641
640 642
640 644
640 645
640 646
640 647
640 648
640 662
640 673
640 684
640 717
640 882
640 1003
640 1124
640 1245
641 36
641 157
641 399
641 520
641 608
641 619
641 638
641 639
641 640
641 642
641 643
641 645
641 646
641 647
641 648
641 663
641 685
641 696
641 1004
641 1125
641 1246
642 158
642 400
642 521
642 609
642 620
642 631
642 638
642 639
642 640
642 643
642 645
642 648
642 664
642 675
642 686
642 697
642 708
642 719
643 38
643 159
643 280
643 610
643 621
643 638
643 640
643 641
643 642
643 645
643 646
643 647
643 648
643 654
643 665
643 676
643 709
643 720
643 764
643 885
643 1006
643 1127
643 1248
644 39
644 160
644 281
644 402
644 523
644 611
644 622
644 633
644 639
644 641
644 642
644 643
644 645
644 646
644 647
644 648
644 655
644 666
644 677
644 688
644 710
644 721
644 765
644 886
644 1007
644 1128
644 1249
645 40
645 161
645 282
645 403
645 524
645 612
645 623
645 634
645 639
645 642
645 644
645 646
645 648
645 656
645 678
645 689
645 700
645 711
645 722
645 766
645 1008
645 1129
646 162
646 283
646 525
646 624
646 635
646 639
646 641
646 642
646 643
646 644
646 645
646 668
646 679
646 690
646 701
646 712
646 767
646 888
646 1009
646 1130
646 1251
647 42
647 163
647 284
647 405
647 526
647 625
647 639
647 640
647 641
647 642
647 643
647 644
647 645
647 646
647 648
647 680
647 691
647 702
647 713
647 889
647 1131
647 1252
648 164
648 285
648 406
648 527
648 615
648 638
648 639
648 643
648 644
648 645
648 646
648 647
648 659
648 670
648 692
648 703
648 714
648 725
648 769
648 890
648 1132
648 1253
649 44
649 528
649 605
649 616
649 638
649 650
649 651
649 652
649 653
649 654
649 656
649 657
649 658
649 659
649 660
649 671
649 682
649 693
649 704
649 715
649 1012
649 1133
649 1254
650 45
650 166
650 408
650 529
650 617
650 628
650 651
650 652
650 653
650 654
650 655
650 656
650 657
650 659
650 661
650 705
650 716
650 771
650 892
650 1013
650 1134
650 1255
651 46
651 167
651 409
651 530
651 607
651 618
651 629
651 640
651 649
651 654
651 655
651 656
651 657
651 658
651 659
651 662
651 673
651 684
651 695
651 706
651 772
651 893
651 1014
651 1135
651 1256
652 47
652 168
652 289
652 410
652 531
652 608
652 619
652 630
652 641
652 650
652 651
652 653
652 654
652 655
652 657
652 658
652 663
652 696
652 707
652 718
652 773
652 894
652 1015
652 1136
653 48
653 169
653 290
653 532
653 609
653 642
653 649
653 651
653 652
653 655
653 656
653 657
653 658
653 659
653 675
653 697
653 719
653 774
653 895
653 1016
653 1137
653 1258
654 49
654 170
654 412
654 610
654 632
654 643
654 649
654 650
654 651
654 652
654 653
654 655
654 656
654 657
654 658
654 659
654 665
654 676
654 698
654 709
654 720
654 775
654 896
654 1017
654 1138
654 1259
655 50
655 171
655 413
655 611
655 622
655 633
655 649
655 650
655 651
655 652
655 653
655 657
655 658
655 659
655 666
655 677
655 688
655 721
655 776
655 897
656 51
656 172
656 293
656 414
656 612
656 623
656 634
656 649
656 651
656 652
656 654
656 655
656 657
656 658
656 659
656 667
656 689
656 711
656 722
656 777
656 898
656 1019
656 1140
656 1261
657 173
657 294
657 415
657 536
657 613
657 624
657 646
657 649
657 650
657 651
657 655
657 658
657 659
657 679
657 690
657 701
657 712
657 778
657 899
657 1262
658 174
658 295
658 537
658 625
658 647
658 650
658 652
658 653
658 654
658 655
658 656
658 657
658 659
658 680
658 691
658 702
658 713
658 724
658 900
658 1021
658 1142
658 1263
659 417
659 538
659 615
659 626
659 637
659 648
659 650
659 651
659 652
659 653
659 655
659 657
659 670
659 692
659 703
659 714
659 901
659 1022
659 1264
660 55
660 176
660 418
660 539
660 605
660 616
660 638
660 649
660 662
660 663
660 664
660 665
660 666
660 667
660 668
660 669
660 670
660 682
660 781
660 1023
660 1265
661 56
661 298
661 419
661 540
661 606
661 617
661 650
661 660
661 662
661 663
661 664
661 665
661 666
661 669
661 670
661 672
661 683
661 694
661 782
661 903
661 1024
661 1145
662 57
662 178
662 299
662 420
662 541
662 607
662 618
662 640
662 660
662 661
662 665
662 666
662 667
662 668
662 669
662 670
662 673
662 684
662 695
662 706
662 717
662 904
662 1025
662 1146
662 1267
663 58
663 179
663 300
663 421
663 608
663 630
663 641
663 652
663 661
663 662
663 664
663 666
663 667
663 668
663 669
663 670
663 674
663 685
663 696
663 784
663 905
663 1147
664 59
664 180
664 422
664 543
664 609
664 620
664 631
664 642
664 653
664 662
664 663
664 666
664 667
664 668
664 669
664 675
664 686
664 708
664 719
664 785
664 906
664 1027
665 60
665 302
665 423
665 610
665 621
665 632
665 643
665 654
665 661
665 663
665 664
665 667
665 668
665 669
665 676
665 698
665 709
665 786
665 907
665 1028
665 1149
665 1270
666 61
666 182
666 622
666 633
666 644
666 660
666 663
666 664
666 665
666 667
666 668
666 669
666 688
666 710
666 721
666 787
666 908
666 1271
667 183
667 304
667 425
667 546
667 612
667 623
667 634
667 645
667 656
667 660
667 661
667 662
667 663
667 664
667 666
667 668
667 669
667 670
667 678
667 689
667 711
667 722
667 909
667 1151
667 1272
668 63
668 184
668 305
668 426
668 547
668 613
668 635
668 646
668 657
668 660
668 661
668 662
668 663
668 670
668 690
668 712
668 723
668 789
668 910
668 1152
668 1273
669 64
669 306
669 427
669 548
669 614
669 625
669 636
669 647
669 658
669 661
669 662
669 664
669 665
669 666
669 667
669 668
669 670
669 680
669 691
669 702
669 790
669 911
669 1032
669 1153
669 1274
670 186
670 307
670 549
670 615
670 637
670 648
670 660
670 664
670 665
670 666
670 667
670 669
670 681
670 714
670 725
670 912
670 1033
670 1154
671 66
671 187
671 308
671 605
671 616
671 627
671 649
671 660
671 672
671 673
671 674
671 676
671 677
671 678
671 679
671 680
671 681
671 682
671 704
671 792
671 913
671 1155
671 1276
672 67
672 188
672 309
672 430
672 551
672 617
672 650
672 671
672 673
672 674
672 675
672 676
672 677
672 678
672 680
672 681
672 683
672 694
672 793
672 1035
673 68
673 189
673 310
673 431
673 552
673 607
673 629
673 651
673 671
673 674
673 675
673 678
673 679
673 681
673 684
673 695
673 706
673 717
673 794
673 915
673 1036
673 1157
673 1278
674 311
674 432
674 553
674 619
674 641
674 652
674 663
674 671
674 672
674 675
674 676
674 677
674 678
674 680
674 681
674 685
674 718
674 795
674 916
674 1037
674 1279
675 70
675 191
675 312
675 433
675 554
675 609
675 642
675 653
675 671
675 672
675 673
675 676
675 678
675 686
675 697
675 708
675 796
675 1038
675 1159
675 1280
676 192
676 313
676 434
676 555
676 610
676 621
676 632
676 643
676 654
676 665
676 671
676 673
676 674
676 675
676 677
676 678
676 679
676 680
676 681
676 687
676 698
676 709
676 720
676 797
676 1160
676 1281
677 193
677 556
677 611
677 622
677 644
677 655
677 666
677 671
677 672
677 673
677 674
677 675
677 676
677 678
677 679
677 680
677 688
677 710
677 798
677 919
677 1040
677 1161
677 1282
678 73
678 194
678 315
678 557
678 623
678 634
678 645
678 656
678 672
678 673
678 674
678 675
678 676
678 679
678 680
678 681
678 700
678 711
678 722
678 799
678 920
678 1041
678 1162
678 1283
679 74
679 195
679 316
679 558
679 613
679 668
679 671
679 672
679 673
679 674
679 675
679 677
679 680
679 690
679 712
679 723
679 800
679 921
679 1042
679 1284
680 75
680 196
680 317
680 438
680 559
680 614
680 625
680 636
680 669
680 671
680 672
680 673
680 674
680 675
680 676
680 677
680 678
680 679
680 681
680 691
680 713
680 724
680 801
680 922
680 1164
680 1285
681 76
681 197
681 318
681 439
681 626
681 637
681 648
681 659
681 670
681 671
681 672
681 673
681 674
681 675
681 676
681 677
681 678
681 679
681 692
681 703
681 714
681 725
681 802
681 923
681 1044
681 1165
681 1286
682 319
682 440
682 561
682 638
682 660
682 671
682 684
682 685
682 686
682 688
682 689
682 690
682 691
682 692
682 704
682 715
682 803
682 924
682 1045
682 1166
682 1287
683 78
683 199
683 320
683 441
683 562
683 628
683 639
683 650
683 672
683 682
683 684
683 688
683 689
683 691
683 692
683 694
683 716
683 804
683 1046
683 1167
683 1288
684 321
684 442
684 607
684 618
684 629
684 640
684 651
684 682
684 683
684 686
684 687
684 688
684 689
684 690
684 692
684 717
684 805
684 1047
684 1289
685 201
685 322
685 443
685 564
685 608
685 619
685 630
685 641
685 652
685 663
685 682
685 683
685 684
685 686
685 687
685 688
685 689
685 690
685 691
685 692
685 696
685 707
685 718
685 927
685 1048
685 1290
686 202
686 323
686 565
686 609
686 620
686 653
686 675
686 683
686 684
686 687
686 688
686 689
686 690
686 691
686 692
686 697
686 708
686 719
686 807
686 928
686 1049
686 1170
686 1291
687 82
687 324
687 445
687 566
687 610
687 621
687 632
687 643
687 654
687 665
687 676
687 682
687 683
687 684
687 686
687 688
687 689
687 690
687 691
687 692
687 698
687 709
687 720
687 808
687 1050
687 1171
687 1292
688 83
688 204
688 325
688 446
688 567
688 611
688 622
688 633
688 644
688 666
688 682
688 683
688 684
688 686
688 687
688 689
688 690
688 691
688 692
688 699
688 710
688 721
688 809
688 930
688 1051
688 1293
689 84
689 205
689 326
689 447
689 612
689 623
689 634
689 645
689 667
689 678
689 682
689 683
689 685
689 686
689 687
689 690
689 692
689 711
689 722
689 931
689 1052
689 1173
689 1294
690 206
690 327
690 448
690 569
690 635
690 657
690 668
690 679
690 683
690 684
690 686
690 688
690 689
690 691
690 692
690 701
690 712
690 723
690 811
690 932
690 1174
690 1295
691 86
691 207
691 328
691 570
691 614
691 625
691 658
691 669
691 680
691 682
691 683
691 684
691 685
691 686
691 687
691 688
691 689
691 690
691 692
691 702
691 724
691 812
691 933
691 1054
691 1175
692 208
692 450
692 571
692 615
692 626
692 637
692 648
692 659
692 670
692 681
692 685
692 686
692 688
692 690
692 691
692 703
692 714
692 813
692 934
692 1055
693 88
693 209
693 451
693 572
693 605
693 616
693 627
693 638
693 660
693 671
693 682
693 694
693 696
693 699
693 700
693 701
693 703
693 715
693 814
693 1056
693 1177
693 1298
694 89
694 210
694 452
694 606
694 617
694 628
694 639
694 650
694 672
694 693
694 695
694 696
694 697
694 698
694 699
694 702
694 703
694 705
694 815
694 1178
695 90
695 332
695 453
695 574
695 607
695 618
695 629
695 640
695 684
695 693
695 694
695 696
695 697
695 699
695 700
695 701
695 702
695 717
695 816
695 937
695 1179
695 1300
696 212
696 333
696 454
696 575
696 608
696 619
696 630
696 641
696 652
696 663
696 674
696 693
696 694
696 695
696 697
696 698
696 700
696 701
696 702
696 703
696 707
696 718
696 817
696 938
696 1059
696 1180
696 1301
697 92
697 213
697 334
697 455
697 576
697 620
697 631
697 642
697 653
697 664
697 675
697 686
697 693
697 695
697 696
697 699
697 700
697 701
697 702
697 708
697 719
697 818
697 939
697 1060
697 1181
697 1302
698 93
698 335
698 577
698 610
698 621
698 632
698 643
698 654
698 665
698 676
698 693
698 694
698 695
698 697
698 699
698 700
698 701
698 702
698 703
698 720
698 819
698 940
698 1061
698 1182
699 94
699 215
699 336
699 457
699 578
699 611
699 633
699 644
699 655
699 666
699 677
699 688
699 694
699 695
699 696
699 700
699 701
699 702
699 703
699 710
699 721
699 941
699 1062
699 1183
699 1304
700 95
700 216
700 337
700 458
700 579
700 612
700 623
700 634
700 645
700 656
700 667
700 678
700 689
700 693
700 694
700 695
700 696
700 697
700 699
700 701
700 702
700 703
700 722
700 821
700 942
700 1063
700 1305
701 96
701 217
701 338
701 459
701 580
701 613
701 635
701 646
701 668
701 679
701 690
701 694
701 695
701 696
701 697
701 698
701 700
701 702
701 703
701 712
701 822
701 943
701 1185
701 1306
702 460
702 581
702 614
702 647
702 658
702 669
702 680
702 691
702 693
702 694
702 695
702 696
702 698
702 699
702 701
702 703
702 713
702 944
702 1065
702 1186
703 98
703 219
703 340
703 461
703 582
703 615
703 637
703 648
703 659
703 670
703 681
703 692
703 695
703 696
703 697
703 698
703 699
703 700
703 701
703 824
703 945
703 1066
704 220
704 341
704 462
704 583
704 605
704 616
704 627
704 649
704 660
704 671
704 693
704 705
704 706
704 707
704 709
704 710
704 711
704 713
704 715
704 825
704 946
704 1188
704 1309
705 221
705 342
705 463
705 584
705 606
705 639
705 650
705 661
705 672
705 683
705 694
705 704
705 708
705 709
705 710
705 711
705 712
705 713
705 714
705 947
705 1068
705 1189
705 1310
706 101
706 343
706 464
706 585
706 629
706 640
706 651
706 662
706 684
706 695
706 704
706 705
706 707
706 708
706 709
706 710
706 711
706 713
706 714
706 717
706 827
706 948
706 1069
706 1190
706 1311
707 102
707 344
707 465
707 608
707 619
707 630
707 641
707 652
707 663
707 674
707 696
707 704
707 705
707 706
707 709
707 710
707 712
707 713
707 714
707 718
707 828
707 949
707 1191
708 224
708 466
708 609
708 620
708 631
708 642
708 653
708 664
708 675
708 697
708 704
708 705
708 706
708 707
708 709
708 710
708 711
708 712
708 829
708 1071
708 1313
709 104
709 225
709 467
709 588
709 610
709 621
709 643
709 665
709 687
709 698
709 704
709 705
709 707
709 708
709 710
709 711
709 712
709 713
709 720
709 830
709 951
709 1072
710 105
710 226
710 347
710 468
710 611
710 622
710 633
710 655
710 666
710 677
710 688
710 705
710 707
710 708
710 709
710 711
710 712
710 713
710 714
710 721
710 831
710 952
710 1194
711 227
711 348
711 590
711 612
711 623
711 634
711 645
711 656
711 678
711 689
711 700
711 704
711 705
711 706
711 707
711 709
711 710
711 713
711 714
711 722
711 953
711 1074
711 1195
712 107
712 228
712 349
712 470
712 591
712 624
712 635
712 646
712 657
712 668
712 679
712 690
712 701
712 704
712 705
712 706
712 708
712 709
712 710
712 711
712 713
712 714
712 723
712 833
712 1196
712 1317
713 108
713 229
713 350
713 471
713 592
713 614
713 625
713 636
713 647
713 669
713 680
713 691
713 702
713 704
713 705
713 706
713 707
713 708
713 709
713 710
713 712
713 724
713 834
713 955
713 1076
713 1197
714 351
714 593
714 615
714 626
714 648
714 659
714 670
714 703
714 704
714 707
714 708
714 709
714 711
714 712
714 713
714 725
714 835
714 956
714 1077
714 1319
715 231
715 594
715 605
715 616
715 627
715 638
715 649
715 660
715 671
715 682
715 693
715 704
715 717
715 720
715 721
715 724
715 836
715 1078
715 1199
715 1320
716 111
716 353
716 474
716 595
716 606
716 617
716 628
716 661
716 672
716 683
716 694
716 705
716 715
716 717
716 718
716 719
716 720
716 721
716 722
716 723
716 724
716 725
716 837
716 1079
716 1321
717 112
717 233
717 475
717 596
717 629
717 651
717 695
717 706
717 715
717 718
717 719
717 720
717 721
717 722
717 723
717 724
717 838
717 1080
717 1322
718 113
718 234
718 355
718 476
718 597
718 619
718 630
718 641
718 663
718 696
718 707
718 715
718 716
718 717
718 720
718 722
718 724
718 725
718 1202
719 235
719 356
719 477
719 598
719 609
719 620
719 642
719 653
719 664
719 675
719 686
719 708
719 715
719 718
719 721
719 722
719 723
719 724
719 725
719 840
719 1082
719 1203
719 1324
720 115
720 236
720 357
720 478
720 599
720 621
720 632
720 643
720 654
720 665
720 676
720 687
720 698
720 709
720 717
720 718
720 719
720 722
720 723
720 724
720 725
720 962
720 1083
720 1204
720 1325
721 116
721 237
721 479
721 600
721 611
721 622
721 633
721 644
721 655
721 677
721 688
721 699
721 710
721 715
721 716
721 718
721 719
721 720
721 722
721 723
721 724
721 725
721 842
721 963
721 1084
721 1205
722 117
722 238
722 480
722 612
722 667
722 678
722 689
722 711
722 715
722 717
722 718
722 719
722 721
722 843
722 1085
722 1206
723 118
723 239
723 360
723 481
723 602
723 613
723 624
723 646
723 657
723 679
723 690
723 701
723 712
723 715
723 717
723 718
723 719
723 720
723 722
723 844
723 965
723 1086
723 1328
724 119
724 361
724 603
724 614
724 625
724 647
724 669
724 680
724 702
724 713
724 715
724 716
724 717
724 718
724 719
724 722
724 723
724 725
724 845
724 1087
725 120
725 241
725 362
725 483
725 604
725 615
725 637
725 659
725 670
725 681
725 692
725 703
725 714
725 715
725 716
725 717
725 718
725 720
725 721
725 722
725 723
725 724
725 846
725 967
725 1209
726 363
726 484
726 605
726 727
726 728
726 731
726 733
726 734
726 735
726 736
726 759
726 770
726 781
726 792
726 803
726 836
726 847
726 968
726 1089
726 1210
727 1
727 122
727 243
727 606
727 726
727 728
727 729
727 733
727 734
727 735
727 736
727 749
727 760
727 771
727 793
727 804
727 815
727 826
727 969
727 1090
728 2
728 244
728 365
728 486
728 607
728 726
728 729
728 730
728 731
728 732
728 733
728 735
728 736
728 750
728 761
728 783
728 816
728 838
728 970
728 1091
728 1212
729 124
729 245
729 366
729 487
729 726
729 728
729 730
729 731
729 734
729 735
729 736
729 740
729 762
729 773
729 784
729 795
729 806
729 839
729 850
729 1092
729 1213
730 4
730 125
730 246
730 367
730 726
730 727
730 728
730 729
730 731
730 732
730 733
730 735
730 736
730 741
730 752
730 763
730 774
730 796
730 807
730 829
730 840
730 851
730 1214
731 5
731 126
731 247
731 489
731 610
731 726
731 727
731 728
731 729
731 730
731 733
731 736
731 742
731 775
731 786
731 797
731 808
731 819
731 830
731 841
732 6
732 127
732 369
732 611
732 726
732 727
732 728
732 729
732 730
732 731
732 733
732 735
732 743
732 765
732 776
732 798
732 809
732 820
732 831
732 853
733 7
733 128
733 249
733 370
733 612
733 726
733 727
733 728
733 729
733 731
733 734
733 735
733 736
733 777
733 788
733 799
733 821
733 854
733 975
733 1217
734 8
734 129
734 250
734 371
734 492
734 613
734 728
734 730
734 731
734 732
734 745
734 756
734 767
734 778
734 789
734 800
734 833
734 844
734 855
734 976
734 1097
734 1218
735 130
735 493
735 614
735 727
735 728
735 729
735 730
735 731
735 734
735 736
735 746
735 768
735 779
735 790
735 801
735 812
735 823
735 834
735 845
735 856
735 977
735 1098
736 131
736 494
736 615
736 726
736 727
736 729
736 730
736 731
736 732
736 734
736 735
736 747
736 758
736 769
736 780
736 791
736 802
736 813
736 824
736 835
736 846
736 857
736 1099
736 1220
737 11
737 132
737 253
737 374
737 616
737 726
737 740
737 743
737 745
737 747
737 748
737 759
737 770
737 781
737 792
737 814
737 825
737 836
737 858
737 979
737 1100
737 1221
738 12
738 133
738 254
738 375
738 496
738 617
738 727
738 737
738 739
738 740
738 741
738 742
738 743
738 744
738 745
738 746
738 747
738 760
738 771
738 793
738 804
738 815
738 826
738 859
738 1101
738 1222
739 13
739 376
739 497
739 728
739 737
739 738
739 740
739 741
739 742
739 744
739 745
739 746
739 747
739 750
739 761
739 772
739 783
739 794
739 805
739 816
739 827
739 838
739 981
739 1102
740 256
740 498
740 619
740 729
740 738
740 739
740 741
740 742
740 743
740 745
740 746
740 751
740 762
740 773
740 784
740 795
740 806
740 839
740 982
740 1103
740 1224
741 15
741 136
741 257
741 378
741 499
741 620
741 737
741 738
741 740
741 742
741 743
741 744
741 745
741 746
741 752
741 763
741 796
741 807
741 818
741 829
741 840
741 862
741 1104
742 16
742 137
742 379
742 500
742 621
742 737
742 739
742 740
742 743
742 744
742 745
742 746
742 753
742 764
742 775
742 786
742 797
742 830
742 863
742 984
742 1105
743 17
743 138
743 501
743 622
743 732
743 737
743 739
743 741
743 742
743 745
743 746
743 747
743 754
743 765
743 776
743 798
743 831
743 864
743 985
743 1106
743 1227
744 18
744 139
744 260
744 381
744 502
744 623
744 733
744 737
744 740
744 741
744 742
744 743
744 745
744 746
744 747
744 755
744 766
744 777
744 799
744 843
744 865
744 986
744 1107
745 261
745 382
745 503
745 624
745 734
745 737
745 740
745 741
745 744
745 747
745 767
745 778
745 822
745 833
745 844
745 1108
745 1229
746 141
746 504
746 625
746 737
746 739
746 740
746 743
746 745
746 747
746 757
746 768
746 779
746 790
746 801
746 823
746 834
746 845
746 867
746 1109
747 21
747 142
747 384
747 626
747 736
747 737
747 739
747 740
747 741
747 742
747 744
747 745
747 746
747 758
747 780
747 791
747 802
747 813
747 824
747 835
747 846
747 868
747 989
747 1110
747 1231
748 22
748 143
748 385
748 506
748 627
748 726
748 750
748 751
748 752
748 753
748 754
748 757
748 758
748 759
748 781
748 792
748 803
748 814
748 836
748 869
748 1111
748 1232
749 23
749 144
749 265
749 386
749 507
749 628
749 738
749 748
749 750
749 751
749 753
749 754
749 755
749 756
749 758
749 771
749 782
749 793
749 804
749 815
749 837
749 991
750 24
750 145
750 387
750 508
750 629
750 739
750 749
750 751
750 753
750 754
750 756
750 758
750 761
750 772
750 783
750 794
750 805
750 816
750 827
750 838
750 871
750 992
750 1113
751 25
751 146
751 388
751 729
751 740
751 748
751 749
751 750
751 754
751 756
751 757
751 758
751 773
751 784
751 806
751 817
751 828
751 993
751 1235
752 26
752 147
752 268
752 389
752 510
752 631
752 749
752 750
752 751
752 753
752 754
752 755
752 756
752 758
752 763
752 774
752 785
752 796
752 807
752 818
752 829
752 840
752 873
752 994
753 148
753 390
753 511
753 632
753 731
753 748
753 750
753 751
753 752
753 754
753 756
753 757
753 764
753 775
753 786
753 797
753 808
753 819
753 830
753 841
753 995
753 1237
754 28
754 391
754 512
754 633
754 732
754 743
754 748
754 750
754 751
754 753
754 755
754 756
754 757
754 758
754 765
754 776
754 787
754 798
754 809
754 820
754 831
754 842
754 875
754 996
754 1117
754 1238
755 29
755 271
755 392
755 513
755 733
755 744
755 748
755 749
755 750
755 751
755 752
755 753
755 756
755 757
755 758
755 777
755 788
755 799
755 810
755 821
755 832
755 843
755 876
755 997
755 1118
755 1239
756 30
756 151
756 272
756 514
756 635
756 745
756 748
756 749
756 750
756 752
756 753
756 754
756 755
756 758
756 767
756 778
756 811
756 822
756 833
756 844
756 998
757 273
757 394
757 515
757 636
757 735
757 748
757 749
757 750
757 751
757 752
757 754
757 755
757 756
757 758
757 768
757 790
757 801
757 812
757 823
757 834
757 845
757 878
757 1120
757 1241
758 32
758 153
758 274
758 395
758 516
758 637
758 736
758 747
758 749
758 750
758 751
758 752
758 753
758 754
758 755
758 756
758 757
758 769
758 780
758 802
758 813
758 835
758 846
758 1121
758 1242
759 33
759 154
759 275
759 396
759 517
759 638
759 760
759 761
759 762
759 764
759 765
759 768
759 769
759 770
759 781
759 792
759 803
759 814
759 825
759 836
759 880
759 1001
759 1122
759 1243
760 34
760 155
760 276
760 397
760 518
760 639
760 727
760 738
760 749
760 761
760 762
760 763
760 764
760 765
760 766
760 767
760 768
760 769
760 771
760 804
760 815
760 826
760 837
760 1123
761 35
761 156
761 277
761 398
761 640
761 728
761 739
761 750
761 760
761 763
761 764
761 765
761 766
761 767
761 768
761 769
761 772
761 805
761 816
761 827
761 838
761 882
761 1003
761 1245
762 36
762 157
762 278
762 399
762 520
762 641
762 729
762 740
762 751
762 759
762 760
762 761
762 763
762 764
762 765
762 766
762 767
762 768
762 769
762 784
762 795
762 806
762 817
762 828
762 839
762 883
762 1004
762 1125
762 1246
763 37
763 158
763 279
763 400
763 521
763 642
763 730
763 752
763 759
763 760
763 762
763 765
763 766
763 767
763 768
763 769
763 774
763 785
763 796
763 807
763 818
763 829
763 840
763 884
763 1005
763 1126
763 1247
764 38
764 280
764 401
764 522
764 643
764 731
764 753
764 762
764 763
764 765
764 768
764 769
764 775
764 786
764 797
764 808
764 819
764 830
764 841
764 885
764 1006
764 1127
764 1248
765 39
765 160
765 281
765 402
765 523
765 754
765 759
765 760
765 761
765 762
765 763
765 766
765 767
765 768
765 776
765 787
765 798
765 809
765 820
765 831
765 842
765 886
765 1007
765 1249
766 40
766 282
766 403
766 524
766 645
766 733
766 744
766 755
766 759
766 760
766 761
766 762
766 763
766 764
766 765
766 768
766 769
766 777
766 788
766 799
766 821
766 843
766 1008
766 1250
767 162
767 283
767 404
767 525
767 646
767 734
767 759
767 760
767 761
767 762
767 764
767 765
767 766
767 768
767 769
767 778
767 789
767 800
767 811
767 822
767 833
767 844
767 1009
767 1130
768 163
768 284
768 526
768 647
768 735
768 746
768 757
768 761
768 763
768 764
768 765
768 767
768 779
768 790
768 812
768 823
768 845
768 889
768 1010
768 1252
769 43
769 164
769 648
769 736
769 747
769 758
769 759
769 760
769 762
769 763
769 764
769 765
769 766
769 767
769 768
769 780
769 791
769 802
769 813
769 835
769 846
769 890
769 1132
769 1253
770 44
770 286
770 649
770 748
770 771
770 773
770 774
770 775
770 776
770 777
770 778
770 779
770 780
770 781
770 792
770 803
770 814
770 836
770 891
770 1012
770 1133
770 1254
771 166
771 287
771 408
771 529
771 727
771 738
771 749
771 760
771 770
771 774
771 775
771 776
771 777
771 778
771 780
771 782
771 793
771 804
771 815
771 826
771 837
771 892
771 1013
771 1134
771 1255
772 651
772 728
772 739
772 750
772 770
772 771
772 773
772 775
772 776
772 778
772 779
772 780
772 783
772 805
772 816
772 827
772 838
772 893
772 1135
772 1256
773 47
773 168
773 289
773 410
773 531
773 652
773 751
773 762
773 770
773 771
773 774
773 778
773 779
773 780
773 795
773 806
773 817
773 828
773 839
773 1015
773 1136
773 1257
774 48
774 169
774 290
774 532
774 653
774 741
774 771
774 772
774 773
774 777
774 778
774 779
774 780
774 796
774 807
774 818
774 840
774 895
774 1016
775 49
775 170
775 291
775 412
775 533
775 654
775 731
775 742
775 753
775 770
775 771
775 772
775 773
775 774
775 776
775 777
775 778
775 779
775 780
775 797
775 808
775 1017
775 1138
776 50
776 292
776 413
776 655
776 732
776 743
776 754
776 765
776 770
776 773
776 774
776 777
776 778
776 779
776 780
776 798
776 809
776 820
776 831
776 842
776 897
776 1018
776 1139
776 1260
777 51
777 293
777 414
777 656
777 733
777 744
777 755
777 766
777 770
777 771
777 772
777 773
777 774
777 775
777 778
777 779
777 788
777 810
777 832
777 843
777 898
777 1019
777 1140
777 1261
778 52
778 173
778 294
778 415
778 536
778 745
778 756
778 767
778 770
778 772
778 773
778 774
778 775
778 776
778 779
778 780
778 800
778 833
778 844
778 899
778 1141
778 1262
779 53
779 174
779 295
779 658
779 735
779 746
779 757
779 768
779 770
779 771
779 773
779 774
779 775
779 776
779 777
779 778
779 790
779 823
779 834
779 900
779 1263
780 54
780 175
780 296
780 659
780 736
780 769
780 771
780 775
780 776
780 777
780 778
780 779
780 791
780 802
780 813
780 824
780 835
780 846
780 901
780 1022
780 1143
780 1264
781 55
781 176
781 418
781 660
781 759
781 782
781 784
781 785
781 786
781 787
781 788
781 789
781 790
781 791
781 792
781 803
781 814
781 825
781 902
781 1023
781 1144
781 1265
782 56
782 177
782 298
782 419
782 661
782 727
782 738
782 760
782 771
782 784
782 785
782 786
782 787
782 788
782 789
782 791
782 804
782 815
782 826
782 837
782 903
782 1024
782 1145
783 299
783 420
783 541
783 662
783 728
783 739
783 750
783 761
783 772
783 781
783 782
783 785
783 787
783 790
783 791
783 794
783 805
783 816
783 827
783 838
783 904
783 1146
784 58
784 179
784 300
784 421
784 663
784 740
784 751
784 773
784 781
784 783
784 785
784 786
784 787
784 788
784 789
784 790
784 791
784 795
784 817
784 828
784 905
784 1026
784 1147
784 1268
785 180
785 422
785 543
785 664
785 730
785 741
785 752
785 763
785 774
785 781
785 783
785 784
785 786
785 787
785 788
785 789
785 790
785 791
785 796
785 807
785 818
785 829
785 840
785 906
785 1027
785 1148
785 1269
786 60
786 423
786 544
786 731
786 742
786 764
786 775
786 781
786 782
786 783
786 784
786 785
786 787
786 788
786 789
786 790
786 791
786 808
786 830
786 841
786 907
786 1028
786 1149
787 61
787 182
787 303
787 666
787 732
787 743
787 765
787 776
787 783
787 784
787 785
787 786
787 789
787 790
787 791
787 809
787 820
787 831
787 842
787 908
787 1029
788 62
788 304
788 425
788 546
788 667
788 744
788 755
788 766
788 781
788 782
788 783
788 784
788 786
788 787
788 790
788 799
788 810
788 821
788 832
788 843
788 909
788 1030
788 1151
788 1272
789 63
789 184
789 305
789 547
789 668
789 734
789 745
789 756
789 767
789 778
789 782
789 783
789 785
789 786
789 787
789 788
789 791
789 800
789 811
789 822
789 833
789 844
789 910
789 1031
789 1152
789 1273
790 64
790 306
790 548
790 669
790 735
790 746
790 757
790 779
790 781
790 782
790 783
790 784
790 786
790 787
790 788
790 789
790 791
790 812
790 823
790 834
790 845
790 1032
791 65
791 428
791 670
791 747
791 758
791 781
791 782
791 785
791 786
791 787
791 788
791 790
791 802
791 813
791 835
791 846
791 1033
792 66
792 187
792 308
792 429
792 550
792 671
792 726
792 737
792 748
792 759
792 770
792 781
792 796
792 798
792 800
792 801
792 802
792 814
792 825
792 913
792 1034
792 1155
792 1276
793 67
793 430
793 551
793 727
793 738
793 749
793 760
793 771
793 782
793 792
793 794
793 795
793 796
793 797
793 798
793 799
793 800
793 801
793 802
793 804
793 815
793 826
793 914
793 1035
793 1156
794 189
794 310
794 431
794 552
794 728
794 739
794 750
794 761
794 772
794 783
794 792
794 793
794 795
794 796
794 797
794 800
794 801
794 805
794 816
794 827
794 915
794 1157
795 69
795 190
795 311
795 432
795 553
795 674
795 729
795 751
795 762
795 784
795 792
795 793
795 796
795 797
795 798
795 799
795 801
795 802
795 806
795 828
795 839
795 916
795 1037
795 1158
796 70
796 191
796 312
796 675
796 730
796 763
796 774
796 785
796 792
796 794
796 797
796 798
796 800
796 801
796 807
796 818
796 1038
797 71
797 192
797 313
797 434
797 676
797 731
797 742
797 753
797 764
797 775
797 786
797 792
797 793
797 794
797 795
797 796
797 798
797 799
797 800
797 801
797 802
797 819
797 830
797 841
797 918
797 1281
798 72
798 314
798 435
798 556
798 732
798 754
798 765
798 787
798 792
798 793
798 794
798 797
798 801
798 802
798 809
798 820
798 831
798 842
798 919
799 194
799 315
799 557
799 678
799 744
799 755
799 777
799 792
799 793
799 794
799 795
799 796
799 797
799 798
799 800
799 802
799 810
799 821
799 832
799 843
799 920
799 1041
799 1283
800 195
800 316
800 679
800 734
800 745
800 756
800 767
800 778
800 789
800 792
800 795
800 796
800 798
800 801
800 802
800 811
800 921
800 1042
800 1163
800 1284
801 75
801 196
801 559
801 735
801 768
801 779
801 790
801 792
801 794
801 797
801 798
801 799
801 800
801 812
801 823
801 834
801 922
801 1164
801 1285
802 76
802 439
802 560
802 736
802 747
802 758
802 769
802 780
802 791
802 793
802 794
802 796
802 797
802 798
802 801
802 824
802 835
802 923
802 1165
802 1286
803 77
803 198
803 319
803 440
803 561
803 726
803 737
803 792
803 805
803 806
803 807
803 809
803 810
803 811
803 812
803 813
803 814
803 825
803 836
803 924
803 1045
803 1287
804 199
804 320
804 441
804 562
804 727
804 738
804 749
804 760
804 771
804 803
804 805
804 811
804 812
804 813
804 815
804 837
804 925
804 1046
804 1167
804 1288
805 200
805 321
805 442
805 563
805 728
805 739
805 750
805 772
805 783
805 794
805 803
805 804
805 806
805 807
805 808
805 810
805 811
805 812
805 816
805 827
805 838
805 926
805 1047
805 1168
805 1289
806 80
806 443
806 564
806 685
806 729
806 740
806 751
806 762
806 784
806 803
806 804
806 805
806 808
806 810
806 811
806 812
806 813
806 817
806 828
806 927
806 1048
806 1169
806 1290
807 81
807 202
807 444
807 565
807 686
807 730
807 763
807 774
807 796
807 803
807 804
807 805
807 806
807 808
807 809
807 810
807 813
807 818
807 840
807 928
807 1049
808 82
808 203
808 324
808 445
808 566
808 731
808 742
808 753
808 764
808 797
808 803
808 804
808 805
808 807
808 809
808 810
808 811
808 812
808 819
808 830
808 841
808 929
808 1050
809 83
809 446
809 688
809 732
809 743
809 754
809 765
809 776
809 787
809 798
809 804
809 805
809 806
809 808
809 810
809 811
809 813
809 820
809 842
809 930
809 1051
809 1172
809 1293
810 84
810 326
810 568
810 689
810 733
810 744
810 766
810 777
810 788
810 799
810 803
810 804
810 806
810 807
810 808
810 809
810 812
810 813
810 832
810 843
810 931
810 1052
810 1173
810 1294
811 85
811 327
811 448
811 569
811 734
811 745
811 756
811 767
811 778
811 789
811 800
811 803
811 805
811 806
811 807
811 808
811 809
811 810
811 813
811 822
811 833
811 844
811 932
811 1053
811 1174
811 1295
812 86
812 207
812 735
812 746
812 768
812 779
812 790
812 801
812 804
812 805
812 806
812 807
812 808
812 809
812 810
812 811
812 813
812 823
812 845
812 933
812 1054
812 1175
812 1296
813 87
813 208
813 329
813 450
813 571
813 692
813 736
813 747
813 780
813 802
813 803
813 804
813 805
813 808
813 809
813 810
813 812
813 835
813 846
813 934
813 1055
813 1297
814 209
814 330
814 572
814 693
814 726
814 737
814 759
814 770
814 781
814 792
814 815
814 816
814 817
814 818
814 819
814 820
814 821
814 822
814 823
814 825
814 836
814 935
814 1056
814 1177
814 1298
815 89
815 331
815 452
815 573
815 727
815 738
815 749
815 771
815 782
815 804
815 817
815 818
815 819
815 821
815 822
815 823
815 824
815 826
815 837
815 936
815 1299
816 90
816 211
816 332
816 453
816 574
816 695
816 750
816 761
816 805
816 814
816 815
816 818
816 819
816 820
816 823
816 824
816 827
816 838
816 937
816 1058
816 1179
817 91
817 212
817 333
817 454
817 575
817 696
817 729
817 740
817 751
817 795
817 814
817 815
817 816
817 818
817 819
817 820
817 821
817 822
817 823
817 824
817 828
817 839
817 938
817 1059
817 1180
817 1301
818 213
818 334
818 455
818 730
818 752
818 763
818 774
818 796
818 807
818 814
818 817
818 820
818 821
818 822
818 823
818 829
818 939
818 1060
818 1181
818 1302
819 93
819 214
819 335
819 456
819 577
819 731
819 742
819 764
819 775
819 786
819 797
819 815
819 816
819 817
819 818
819 820
819 821
819 822
819 823
819 824
819 841
819 940
819 1182
819 1303
820 94
820 215
820 457
820 699
820 732
820 743
820 754
820 776
820 798
820 814
820 815
820 816
820 817
820 821
820 822
820 823
820 824
820 831
820 842
820 941
820 1062
820 1183
821 95
821 337
821 458
821 579
821 733
821 744
821 766
821 777
821 788
821 799
821 810
821 816
821 817
821 818
821 820
821 823
821 824
821 832
821 942
821 1063
821 1184
821 1305
822 96
822 217
822 338
822 459
822 580
822 701
822 734
822 745
822 756
822 778
822 789
822 800
822 811
822 814
822 816
822 817
822 819
822 821
822 824
822 833
822 844
822 1064
823 97
823 218
823 339
823 460
823 581
823 702
823 757
823 768
823 779
823 790
823 812
823 815
823 816
823 817
823 819
823 820
823 821
823 822
823 824
823 845
823 944
823 1065
823 1186
823 1307
824 98
824 219
824 340
824 582
824 703
824 736
824 758
824 769
824 780
824 791
824 802
824 813
824 814
824 815
824 817
824 818
824 819
824 820
824 823
824 846
824 945
824 1066
824 1187
824 1308
825 99
825 220
825 341
825 462
825 583
825 704
825 726
825 748
825 770
825 792
825 803
825 814
825 826
825 827
825 828
825 831
825 832
825 833
825 834
825 835
825 836
825 946
825 1188
825 1309
826 221
826 342
826 705
826 749
826 760
826 793
826 804
826 825
826 827
826 828
826 829
826 831
826 832
826 833
826 834
826 835
826 837
826 947
826 1068
826 1189
827 101
827 222
827 343
827 464
827 585
827 728
827 739
827 750
827 772
827 783
827 794
827 825
827 828
827 829
827 833
827 834
827 835
827 838
827 948
827 1190
827 1311
828 102
828 223
828 344
828 465
828 586
828 707
828 729
828 740
828 751
828 762
828 784
828 806
828 825
828 826
828 827
828 831
828 832
828 833
828 834
828 835
828 949
828 1191
828 1312
829 103
829 224
829 345
829 466
829 587
829 708
829 730
829 741
829 752
829 763
829 774
829 785
829 796
829 807
829 818
829 825
829 826
829 828
829 830
829 833
829 835
829 1071
829 1192
829 1313
830 104
830 225
830 467
830 742
830 753
830 764
830 775
830 786
830 819
830 825
830 826
830 827
830 828
830 829
830 831
830 833
830 834
830 835
830 841
830 951
830 1072
830 1193
830 1314
831 105
831 226
831 347
831 589
831 732
831 743
831 754
831 787
831 798
831 809
831 820
831 825
831 826
831 827
831 828
831 829
831 830
831 832
831 833
831 834
831 1073
831 1194
831 1315
832 106
832 227
832 348
832 469
832 590
832 711
832 733
832 744
832 755
832 766
832 788
832 799
832 810
832 827
832 828
832 829
832 830
832 833
832 834
832 843
832 953
832 1074
832 1316
833 107
833 228
833 349
833 591
833 745
833 767
833 789
833 800
833 811
833 822
833 825
833 827
833 828
833 829
833 830
833 831
833 832
833 834
833 835
833 954
833 1075
833 1317
834 108
834 229
834 350
834 735
834 746
834 768
834 790
834 801
834 812
834 823
834 825
834 826
834 828
834 829
834 831
834 833
834 835
834 845
834 1076
834 1197
835 109
835 230
835 351
835 593
835 747
835 780
835 791
835 802
835 813
835 824
835 825
835 827
835 829
835 831
835 832
835 833
835 846
835 956
835 1077
836 231
836 473
836 594
836 715
836 748
836 781
836 792
836 803
836 814
836 837
836 839
836 841
836 842
836 844
836 845
836 846
836 957
836 1078
836 1199
836 1320
837 111
837 353
837 474
837 595
837 716
837 727
837 738
837 771
837 782
837 793
837 804
837 815
837 826
837 836
837 838
837 839
837 840
837 842
837 844
837 845
837 846
837 1079
837 1321
838 112
838 233
838 354
838 475
838 596
838 717
838 739
838 750
838 772
838 794
838 805
838 816
838 836
838 837
838 839
838 842
838 843
838 844
838 846
838 959
838 1201
838 1322
839 113
839 234
839 355
839 476
839 597
839 718
839 751
839 762
839 784
839 795
839 806
839 817
839 828
839 836
839 837
839 840
839 841
839 842
839 843
839 844
839 845
839 846
839 960
839 1202
839 1323
840 235
840 477
840 598
840 730
840 741
840 752
840 763
840 785
840 796
840 807
840 818
840 829
840 836
840 837
840 838
840 839
840 842
840 843
840 844
840 845
840 961
840 1324
841 115
841 236
841 357
841 478
841 599
841 720
841 731
841 742
841 764
841 775
841 797
841 808
841 830
841 836
841 837
841 838
841 839
841 840
841 842
841 843
841 844
841 962
841 1204
841 1325
842 237
842 358
842 732
842 743
842 754
842 765
842 776
842 809
842 831
842 836
842 837
842 838
842 840
842 843
842 846
842 1205
842 1326
843 238
843 480
843 722
843 733
843 744
843 755
843 810
843 821
843 836
843 837
843 838
843 839
843 840
843 841
843 844
843 845
843 846
843 964
843 1085
843 1206
843 1327
844 118
844 239
844 360
844 481
844 602
844 723
844 745
844 756
844 767
844 778
844 789
844 800
844 822
844 833
844 836
844 837
844 838
844 842
844 845
844 846
844 965
844 1207
844 1328
845 482
845 603
845 724
845 746
845 757
845 768
845 779
845 801
845 834
845 836
845 837
845 838
845 839
845 841
845 842
845 843
845 844
845 966
845 1087
845 1208
846 120
846 241
846 362
846 483
846 604
846 725
846 747
846 758
846 769
846 780
846 791
846 802
846 813
846 824
846 835
846 836
846 839
846 840
846 841
846 842
846 843
846 844
846 845
846 967
846 1088
846 1330
847 0
847 121
847 242
847 363
847 484
847 605
847 726
847 848
847 850
847 851
847 855
847 856
847 857
847 858
847 869
847 880
847 902
847 913
847 924
847 935
847 946
847 957
847 968
847 1089
847 1210
848 122
848 243
848 364
848 485
848 606
848 727
848 852
848 853
848 854
848 855
848 881
848 892
848 958
848 969
848 1090
848 1211
849 123
849 244
849 365
849 486
849 607
849 728
849 847
849 848
849 851
849 853
849 854
849 855
849 871
849 893
849 904
849 915
849 926
849 948
849 959
849 1091
849 1212
850 3
850 124
850 366
850 487
850 608
850 847
850 848
850 849
850 851
850 852
850 853
850 854
850 855
850 856
850 857
850 861
850 883
850 894
850 905
850 916
850 927
850 938
850 949
850 960
850 971
850 1092
850 1213
851 4
851 125
851 246
851 488
851 609
851 730
851 847
851 848
851 850
851 852
851 853
851 854
851 856
851 862
851 873
851 884
851 895
851 906
851 917
851 928
851 939
851 961
851 972
851 1214
852 5
852 126
852 489
852 610
852 731
852 847
852 848
852 849
852 853
852 854
852 855
852 856
852 857
852 863
852 896
852 918
852 929
852 951
852 1215
853 127
853 369
853 490
853 611
853 847
853 848
853 849
853 850
853 851
853 854
853 856
853 857
853 864
853 875
853 886
853 897
853 941
853 952
853 963
853 974
853 1216
854 128
854 370
854 847
854 849
854 850
854 851
854 852
854 855
854 856
854 857
854 865
854 876
854 887
854 898
854 909
854 920
854 931
854 964
854 975
855 8
855 129
855 250
855 371
855 492
855 613
855 734
855 847
855 848
855 851
855 852
855 853
855 854
855 856
855 857
855 866
855 877
855 888
855 899
855 910
855 921
855 932
855 943
855 954
855 965
855 976
855 1097
855 1218
856 9
856 130
856 493
856 614
856 735
856 847
856 848
856 849
856 852
856 853
856 855
856 867
856 878
856 889
856 933
856 944
856 955
856 966
856 977
856 1098
856 1219
857 10
857 131
857 252
857 373
857 494
857 736
857 848
857 849
857 850
857 851
857 852
857 853
857 854
857 855
857 856
857 868
857 901
857 912
857 923
857 934
857 945
857 956
857 967
857 1099
857 1220
858 11
858 132
858 253
858 374
858 495
858 616
858 737
858 859
858 860
858 861
858 862
858 864
858 865
858 866
858 867
858 868
858 880
858 891
858 902
858 946
858 957
858 979
858 1100
858 1221
859 12
859 254
859 375
859 617
859 738
859 848
859 858
859 863
859 864
859 865
859 866
859 868
859 870
859 881
859 914
859 925
859 947
859 980
859 1101
860 255
860 376
860 618
860 739
860 849
860 858
860 859
860 861
860 864
860 865
860 866
860 867
860 868
860 871
860 882
860 904
860 915
860 937
860 959
860 1223
861 14
861 256
861 498
861 740
861 859
861 860
861 862
861 863
861 864
861 866
861 868
861 872
861 894
861 905
861 916
861 927
861 949
861 960
861 982
861 1224
862 620
862 741
862 851
862 859
862 860
862 861
862 863
862 865
862 866
862 867
862 868
862 873
862 884
862 906
862 917
862 928
862 939
862 961
862 1104
862 1225
863 16
863 137
863 379
863 621
863 742
863 852
863 858
863 859
863 860
863 861
863 862
863 864
863 865
863 866
863 867
863 874
863 896
863 918
863 929
863 951
863 962
863 984
863 1105
863 1226
864 17
864 259
864 380
864 622
864 858
864 859
864 862
864 863
864 865
864 866
864 875
864 886
864 908
864 930
864 941
864 952
864 963
864 1106
864 1227
865 18
865 139
865 260
865 381
865 502
865 744
865 854
865 858
865 859
865 860
865 861
865 862
865 863
865 864
865 867
865 887
865 920
865 931
865 942
865 964
865 1107
865 1228
866 19
866 140
866 261
866 382
866 503
866 745
866 855
866 858
866 859
866 860
866 861
866 864
866 865
866 867
866 868
866 877
866 888
866 899
866 910
866 921
866 943
866 954
866 987
866 1108
866 1229
867 20
867 262
867 383
867 504
867 625
867 858
867 859
867 860
867 861
867 862
867 864
867 865
867 866
867 868
867 878
867 911
867 933
867 944
867 955
867 1109
867 1230
868 21
868 142
868 263
868 384
868 505
868 626
868 857
868 858
868 859
868 861
868 862
868 863
868 864
868 865
868 866
868 879
868 890
868 901
868 912
868 923
868 934
868 945
868 956
868 967
868 989
868 1110
869 22
869 264
869 385
869 506
869 847
869 858
869 872
869 873
869 875
869 876
869 877
869 879
869 880
869 891
869 902
869 913
869 924
869 946
869 990
869 1111
870 144
870 265
870 386
870 749
870 848
870 859
870 869
870 871
870 874
870 875
870 876
870 878
870 879
870 881
870 903
870 914
870 925
870 936
870 1112
871 24
871 266
871 508
871 750
871 869
871 873
871 875
871 876
871 877
871 879
871 882
871 893
871 904
871 926
871 937
871 948
871 959
871 992
871 1113
871 1234
872 25
872 388
872 509
872 630
872 751
872 850
872 869
872 870
872 871
872 873
872 874
872 875
872 876
872 883
872 894
872 916
872 927
872 938
872 960
872 993
873 268
873 389
873 510
873 752
873 851
873 862
873 870
873 874
873 875
873 876
873 878
873 879
873 884
873 917
873 939
873 950
873 961
873 1115
874 148
874 390
874 511
874 632
874 753
874 852
874 863
874 869
874 871
874 872
874 873
874 875
874 876
874 877
874 878
874 885
874 896
874 907
874 929
874 940
874 951
874 962
874 995
874 1116
874 1237
875 512
875 633
875 754
875 864
875 869
875 871
875 873
875 876
875 878
875 886
875 908
875 930
875 941
875 952
875 963
875 996
876 150
876 271
876 513
876 755
876 865
876 869
876 870
876 871
876 872
876 873
876 874
876 875
876 877
876 878
876 887
876 898
876 909
876 920
876 931
876 953
876 964
876 997
876 1118
876 1239
877 272
877 393
877 514
877 635
877 756
877 855
877 866
877 869
877 870
877 871
877 872
877 873
877 874
877 875
877 876
877 878
877 888
877 899
877 910
877 921
877 932
877 943
877 954
877 1119
877 1240
878 31
878 152
878 515
878 636
878 856
878 867
878 869
878 871
878 872
878 876
878 877
878 879
878 900
878 911
878 933
878 944
878 955
879 32
879 274
879 395
879 637
879 758
879 857
879 868
879 869
879 870
879 872
879 873
879 874
879 875
879 876
879 877
879 890
879 912
879 923
879 934
879 956
879 967
879 1000
879 1121
879 1242
880 33
880 154
880 517
880 638
880 759
880 869
880 881
880 882
880 883
880 884
880 887
880 888
880 889
880 890
880 902
880 913
880 924
880 935
880 957
880 1001
880 1122
881 34
881 155
881 276
881 397
881 518
881 639
881 760
881 870
881 880
881 882
881 883
881 884
881 885
881 886
881 887
881 888
881 889
881 892
881 903
881 914
881 936
881 1002
881 1123
881 1244
882 35
882 156
882 277
882 398
882 519
882 640
882 761
882 849
882 860
882 871
882 880
882 883
882 884
882 886
882 887
882 888
882 893
882 904
882 915
882 959
882 1003
882 1124
882 1245
883 36
883 157
883 278
883 399
883 520
883 641
883 762
883 850
883 861
883 872
883 880
883 881
883 882
883 884
883 885
883 887
883 889
883 890
883 894
883 905
883 916
883 938
883 949
883 960
883 1004
883 1246
884 37
884 521
884 642
884 763
884 851
884 862
884 873
884 880
884 885
884 887
884 888
884 889
884 890
884 906
884 917
884 928
884 939
884 950
884 961
884 1005
884 1126
884 1247
885 38
885 280
885 401
885 522
885 643
885 852
885 863
885 874
885 880
885 881
885 882
885 883
885 884
885 887
885 890
885 896
885 907
885 918
885 929
885 940
885 951
885 962
885 1127
886 160
886 402
886 523
886 644
886 853
886 880
886 882
886 883
886 884
886 885
886 887
886 888
886 889
886 890
886 919
886 941
886 952
886 963
886 1007
886 1128
886 1249
887 40
887 161
887 282
887 403
887 524
887 645
887 766
887 865
887 876
887 880
887 881
887 884
887 885
887 888
887 890
887 898
887 909
887 920
887 942
887 964
887 1008
887 1250
888 41
888 162
888 283
888 525
888 646
888 767
888 866
888 877
888 880
888 881
888 882
888 883
888 884
888 885
888 886
888 889
888 890
888 899
888 932
888 943
888 965
888 1009
888 1130
889 163
889 284
889 405
889 526
889 768
889 867
889 878
889 880
889 882
889 883
889 884
889 885
889 886
889 887
889 890
889 900
889 922
889 944
889 955
889 966
889 1010
889 1131
889 1252
890 406
890 527
890 648
890 857
890 868
890 879
890 881
890 882
890 883
890 884
890 885
890 887
890 888
890 901
890 912
890 923
890 945
890 956
890 1132
890 1253
891 44
891 165
891 286
891 407
891 528
891 649
891 770
891 847
891 858
891 869
891 880
891 893
891 895
891 896
891 897
891 898
891 899
891 900
891 901
891 902
891 924
891 935
891 946
891 1012
891 1254
892 45
892 287
892 771
892 848
892 859
892 870
892 881
892 891
892 893
892 895
892 896
892 897
892 900
892 901
892 903
892 914
892 925
892 947
892 958
892 1134
893 46
893 167
893 409
893 530
893 849
893 860
893 871
893 891
893 894
893 896
893 897
893 898
893 900
893 915
893 937
893 948
893 959
893 1014
893 1135
894 47
894 168
894 289
894 410
894 531
894 652
894 773
894 850
894 861
894 872
894 891
894 892
894 893
894 895
894 896
894 897
894 898
894 899
894 900
894 901
894 916
894 927
894 938
894 949
894 960
894 1015
894 1136
894 1257
895 48
895 169
895 411
895 532
895 653
895 851
895 862
895 873
895 884
895 891
895 893
895 896
895 899
895 901
895 928
895 939
895 950
895 961
895 1016
895 1137
895 1258
896 170
896 291
896 412
896 654
896 775
896 852
896 863
896 891
896 893
896 894
896 897
896 898
896 899
896 900
896 907
896 918
896 940
896 962
896 1017
896 1138
896 1259
897 50
897 171
897 292
897 413
897 534
897 776
897 853
897 864
897 875
897 886
897 891
897 893
897 894
897 895
897 898
897 900
897 901
897 908
897 919
897 941
897 963
897 1018
897 1139
897 1260
898 51
898 172
898 293
898 535
898 865
898 887
898 892
898 893
898 894
898 895
898 899
898 900
898 901
898 909
898 920
898 942
898 953
898 964
898 1019
898 1261
899 173
899 536
899 657
899 778
899 866
899 877
899 888
899 892
899 893
899 894
899 896
899 897
899 898
899 900
899 921
899 932
899 943
899 954
899 965
899 1141
900 174
900 537
900 658
900 779
900 856
900 867
900 893
900 895
900 896
900 897
900 898
900 899
900 901
900 911
900 944
900 955
900 1021
900 1142
901 54
901 175
901 296
901 417
901 538
901 780
901 857
901 868
901 879
901 890
901 892
901 893
901 894
901 895
901 896
901 897
901 898
901 899
901 900
901 912
901 923
901 945
901 956
901 967
901 1022
901 1143
901 1264
902 55
902 176
902 297
902 418
902 539
902 660
902 781
902 858
902 869
902 880
902 891
902 903
902 905
902 907
902 908
902 909
902 911
902 912
902 913
902 924
902 935
902 946
902 957
902 1023
902 1144
902 1265
903 56
903 540
903 782
903 848
903 859
903 870
903 881
903 892
903 902
903 905
903 906
903 908
903 909
903 911
903 914
903 925
903 947
903 958
903 1266
904 57
904 299
904 420
904 662
904 849
904 860
904 871
904 882
904 893
904 902
904 903
904 905
904 906
904 907
904 908
904 909
904 910
904 911
904 912
904 915
904 926
904 937
904 948
904 959
904 1025
904 1146
905 58
905 179
905 300
905 542
905 872
905 883
905 894
905 904
905 907
905 909
905 910
905 912
905 949
905 960
905 1026
905 1268
906 59
906 301
906 422
906 543
906 664
906 851
906 873
906 884
906 895
906 902
906 903
906 904
906 905
906 907
906 910
906 911
906 912
906 917
906 928
906 939
906 950
907 181
907 302
907 423
907 544
907 665
907 786
907 852
907 863
907 874
907 885
907 902
907 903
907 906
907 908
907 909
907 911
907 912
907 918
907 929
907 940
907 962
907 1270
908 182
908 303
908 424
908 545
908 666
908 787
908 853
908 864
908 875
908 886
908 902
908 903
908 904
908 905
908 906
908 907
908 910
908 941
908 952
908 963
908 1029
908 1271
909 62
909 183
909 304
909 546
909 854
909 865
909 898
909 902
909 903
909 904
909 905
909 906
909 907
909 908
909 911
909 912
909 920
909 931
909 942
909 953
909 1030
909 1272
910 63
910 184
910 305
910 547
910 668
910 789
910 877
910 888
910 899
910 902
910 903
910 904
910 905
910 906
910 907
910 908
910 909
910 912
910 921
910 932
910 943
910 954
910 965
910 1152
911 64
911 185
911 306
911 427
911 669
911 790
911 856
911 867
911 878
911 889
911 900
911 902
911 903
911 904
911 905
911 908
911 909
911 910
911 912
911 933
911 944
911 955
911 966
911 1153
911 1274
912 65
912 186
912 428
912 549
912 791
912 857
912 868
912 879
912 890
912 902
912 903
912 904
912 905
912 907
912 908
912 909
912 910
912 934
912 956
912 967
912 1033
912 1154
912 1275
913 66
913 187
913 308
913 429
913 550
913 671
913 792
913 858
913 869
913 880
913 891
913 902
913 914
913 915
913 916
913 917
913 918
913 919
913 921
913 922
913 923
913 924
913 935
913 946
913 957
913 1276
914 67
914 309
914 551
914 672
914 793
914 848
914 881
914 892
914 917
914 919
914 920
914 921
914 922
914 923
914 925
914 1156
914 1277
915 68
915 189
915 310
915 552
915 673
915 849
915 871
915 882
915 904
915 913
915 914
915 917
915 918
915 919
915 920
915 921
915 922
915 923
915 926
915 948
915 959
915 1157
915 1278
916 69
916 190
916 553
916 674
916 850
916 861
916 883
916 905
916 913
916 914
916 915
916 917
916 918
916 919
916 921
916 922
916 923
916 949
916 960
916 1279
917 70
917 433
917 675
917 796
917 851
917 862
917 884
917 895
917 913
917 914
917 915
917 916
917 918
917 919
917 920
917 921
917 922
917 923
917 928
917 950
917 961
917 1038
917 1159
917 1280
918 313
918 555
918 676
918 797
918 852
918 874
918 885
918 896
918 914
918 915
918 916
918 917
918 919
918 920
918 921
918 940
918 951
918 1160
919 72
919 193
919 314
919 556
919 853
919 864
919 875
919 886
919 897
919 908
919 913
919 915
919 920
919 922
919 963
919 1040
919 1161
919 1282
920 73
920 194
920 436
920 678
920 799
920 854
920 865
920 876
920 887
920 898
920 909
920 913
920 915
920 916
920 917
920 918
920 919
920 922
920 923
920 931
920 942
920 1041
920 1162
920 1283
921 74
921 195
921 316
921 558
921 679
921 800
921 855
921 888
921 899
921 910
921 913
921 914
921 916
921 918
921 919
921 920
921 923
921 932
921 954
921 965
921 1042
921 1284
922 317
922 438
922 680
922 801
922 856
922 867
922 878
922 889
922 900
922 911
922 913
922 917
922 918
922 919
922 920
922 921
922 923
922 933
922 955
922 966
922 1043
922 1285
923 76
923 197
923 318
923 439
923 560
923 681
923 802
923 857
923 868
923 879
923 890
923 912
923 913
923 915
923 916
923 918
923 919
923 920
923 921
923 922
923 934
923 945
923 956
923 967
923 1044
923 1165
923 1286
924 319
924 440
924 561
924 682
924 803
924 858
924 880
924 891
924 902
924 913
924 927
924 928
924 929
924 931
924 932
924 933
924 934
924 935
924 957
924 1045
925 78
925 199
925 320
925 441
925 562
925 683
925 804
925 848
925 859
925 870
925 881
925 914
925 924
925 926
925 927
925 928
925 929
925 930
925 931
925 932
925 933
925 934
925 936
925 947
925 958
925 1167
925 1288
926 79
926 321
926 442
926 563
926 684
926 805
926 860
926 871
926 882
926 893
926 904
926 924
926 925
926 927
926 928
926 929
926 930
926 931
926 932
926 937
926 948
926 959
926 1047
926 1168
926 1289
927 80
927 322
927 443
927 564
927 806
927 861
927 883
927 894
927 905
927 916
927 928
927 929
927 931
927 932
927 934
927 938
927 949
927 1048
927 1169
928 81
928 202
928 444
928 565
928 807
928 851
928 862
928 873
928 884
928 924
928 925
928 926
928 929
928 931
928 932
928 933
928 939
928 950
928 1049
928 1170
928 1291
929 82
929 203
929 324
929 445
929 566
929 687
929 808
929 885
929 896
929 907
929 918
929 924
929 925
929 927
929 931
929 932
929 933
929 934
929 940
929 951
929 962
929 1171
929 1292
930 83
930 325
930 446
930 567
930 688
930 809
930 853
930 864
930 886
930 897
930 908
930 919
930 924
930 925
930 926
930 927
930 928
930 929
930 931
930 932
930 933
930 941
930 952
930 963
930 1293
931 205
931 326
931 447
931 568
931 810
931 865
931 887
931 898
931 920
931 924
931 928
931 929
931 930
931 933
931 934
931 942
931 953
931 1173
931 1294
932 85
932 448
932 569
932 811
932 855
932 866
932 877
932 888
932 899
932 910
932 921
932 924
932 925
932 927
932 928
932 931
932 933
932 934
932 954
932 965
932 1053
932 1174
933 86
933 207
933 691
933 812
933 867
933 889
933 900
933 911
933 925
933 926
933 927
933 930
933 931
933 932
933 944
933 955
933 966
933 1054
933 1175
933 1296
934 208
934 329
934 450
934 571
934 813
934 868
934 879
934 890
934 901
934 912
934 924
934 925
934 926
934 927
934 928
934 929
934 930
934 931
934 933
934 956
934 1297
935 88
935 209
935 451
935 572
935 693
935 847
935 858
935 869
935 880
935 891
935 902
935 924
935 936
935 937
935 939
935 941
935 943
935 944
935 945
935 946
935 957
935 1056
935 1177
936 89
936 210
936 452
936 573
936 694
936 815
936 848
936 859
936 870
936 881
936 892
936 903
936 914
936 937
936 939
936 940
936 941
936 942
936 943
936 944
936 945
936 1057
936 1178
937 90
937 211
937 332
937 453
937 574
937 695
937 816
937 849
937 860
937 882
937 893
937 904
937 915
937 938
937 940
937 941
937 942
937 943
937 944
937 945
937 948
937 1058
937 1179
937 1300
938 212
938 333
938 454
938 696
938 850
938 861
938 883
938 894
938 905
938 916
938 927
938 935
938 936
938 940
938 941
938 942
938 944
938 945
938 949
938 960
938 1059
938 1180
938 1301
939 213
939 334
939 455
939 576
939 697
939 818
939 851
939 873
939 884
939 895
939 906
939 917
939 928
939 935
939 936
939 937
939 938
939 940
939 943
939 945
939 1060
939 1181
940 214
940 577
940 819
940 852
940 863
940 874
940 885
940 907
940 918
940 929
940 935
940 937
940 938
940 939
940 942
940 943
940 945
940 962
940 1061
940 1182
940 1303
941 94
941 215
941 457
941 578
941 699
941 820
941 853
941 864
941 886
941 897
941 908
941 919
941 935
941 936
941 939
941 940
941 942
941 943
941 944
941 945
941 952
941 963
941 1062
941 1183
942 216
942 579
942 821
942 854
942 865
942 876
942 887
942 898
942 909
942 931
942 935
942 936
942 937
942 938
942 939
942 940
942 943
942 944
942 964
942 1063
943 96
943 338
943 459
943 822
943 855
943 866
943 877
943 899
943 910
943 921
943 932
943 936
943 937
943 938
943 940
943 941
943 942
943 945
943 954
943 965
943 1064
943 1185
943 1306
944 97
944 218
944 339
944 460
944 581
944 702
944 856
944 867
944 922
944 933
944 936
944 937
944 939
944 940
944 942
944 943
944 945
944 966
944 1186
944 1307
945 98
945 219
945 461
945 582
945 703
945 857
945 868
945 879
945 890
945 901
945 912
945 923
945 934
945 938
945 939
945 941
945 942
945 944
945 967
945 1066
945 1308
946 99
946 220
946 341
946 825
946 858
946 880
946 891
946 924
946 947
946 948
946 949
946 951
946 952
946 953
946 954
946 956
946 957
946 1067
946 1309
947 100
947 221
947 342
947 584
947 705
947 826
947 848
947 859
947 870
947 881
947 914
947 925
947 936
947 948
947 949
947 950
947 951
947 954
947 956
947 958
947 1068
947 1189
947 1310
948 464
948 585
948 706
948 860
948 871
948 882
948 946
948 949
948 950
948 951
948 954
948 955
948 956
948 959
948 1190
948 1311
949 102
949 223
949 344
949 861
949 872
949 905
949 927
949 938
949 946
949 950
949 951
949 952
949 953
949 954
949 960
949 1070
949 1312
950 103
950 224
950 345
950 466
950 587
950 708
950 829
950 851
950 862
950 884
950 895
950 906
950 917
950 928
950 939
950 946
950 948
950 952
950 954
950 955
950 961
950 1071
950 1192
950 1313
951 104
951 225
951 588
951 709
951 830
951 885
951 896
951 907
951 918
951 940
951 946
951 948
951 949
951 950
951 953
951 954
951 955
951 956
951 962
951 1314
952 105
952 226
952 347
952 468
952 710
952 831
952 853
952 886
952 897
952 919
952 941
952 946
952 947
952 948
952 951
952 953
952 954
952 955
952 956
952 963
952 1194
952 1315
953 227
953 348
953 469
953 590
953 711
953 832
953 854
953 865
953 876
953 887
953 898
953 909
953 920
953 931
953 942
953 946
953 947
953 948
953 949
953 950
953 951
953 952
953 954
953 955
953 956
953 1074
953 1195
953 1316
954 107
954 228
954 470
954 591
954 712
954 833
954 888
954 899
954 910
954 921
954 932
954 943
954 947
954 949
954 950
954 952
954 953
954 955
954 1075
954 1196
955 108
955 350
955 471
955 592
955 834
955 856
955 867
955 878
955 900
955 911
955 922
955 933
955 944
955 946
955 947
955 949
955 951
955 952
955 966
955 1197
955 1318
956 230
956 351
956 472
956 593
956 714
956 857
956 868
956 879
956 890
956 923
956 934
956 945
956 946
956 949
956 950
956 951
956 952
956 953
956 954
956 955
956 967
956 1077
956 1198
956 1319
957 110
957 231
957 473
957 594
957 715
957 836
957 847
957 858
957 869
957 880
957 891
957 913
957 924
957 959
957 960
957 962
957 963
957 964
957 965
957 966
957 967
957 1078
957 1199
957 1320
958 111
958 232
958 595
958 716
958 837
958 859
958 870
958 881
958 903
958 914
958 925
958 936
958 947
958 957
958 959
958 961
958 962
958 963
958 966
958 967
958 1200
958 1321
959 233
959 596
959 717
959 849
959 882
959 915
959 937
959 948
959 961
959 962
959 963
959 1201
959 1322
960 113
960 234
960 355
960 476
960 718
960 850
960 872
960 883
960 894
960 927
960 938
960 957
960 958
960 959
960 961
960 962
960 963
960 964
960 965
960 966
960 967
960 1081
960 1202
960 1323
961 114
961 235
961 356
961 477
961 598
961 719
961 840
961 873
961 884
961 906
961 917
961 928
961 939
961 957
961 958
961 960
961 962
961 963
961 964
961 966
961 967
961 1203
961 1324
962 115
962 357
962 478
962 599
962 841
962 852
962 863
962 896
962 907
962 918
962 929
962 940
962 957
962 958
962 959
962 960
962 964
962 965
962 966
962 1325
963 116
963 479
963 600
963 721
963 842
963 875
963 886
963 908
963 930
963 957
963 958
963 961
963 962
963 964
963 965
963 966
963 967
963 1084
963 1205
963 1326
964 117
964 238
964 480
964 722
964 843
964 865
964 898
964 909
964 920
964 931
964 942
964 953
964 957
964 958
964 959
964 965
964 966
964 967
964 1085
964 1206
964 1327
965 118
965 239
965 360
965 602
965 723
965 844
965 866
965 877
965 888
965 899
965 910
965 921
965 943
965 954
965 957
965 958
965 959
965 960
965 961
965 962
965 964
965 1086
965 1207
965 1328
966 119
966 240
966 482
966 603
966 724
966 845
966 856
966 867
966 878
966 889
966 900
966 933
966 944
966 955
966 957
966 958
966 959
966 960
966 961
966 962
966 964
966 965
966 967
966 1087
966 1329
967 120
967 362
967 604
967 725
967 857
967 868
967 879
967 890
967 934
967 945
967 956
967 957
967 958
967 959
967 960
967 961
967 962
967 963
967 964
967 965
967 1088
967 1209
967 1330
968 0
968 121
968 242
968 363
968 484
968 605
968 726
968 847
968 970
968 972
968 973
968 974
968 975
968 979
968 990
968 1001
968 1012
968 1023
968 1034
968 1045
968 1067
968 1078
968 1089
968 1210
969 1
969 243
969 364
969 727
969 968
969 971
969 972
969 973
969 975
969 976
969 978
969 991
969 1035
969 1046
969 1057
969 1068
969 1211
970 2
970 123
970 244
970 365
970 486
970 607
970 849
970 968
970 969
970 971
970 972
970 973
970 974
970 975
970 976
970 977
970 978
970 1014
970 1036
970 1047
970 1058
970 1069
970 1080
970 1091
970 1212
971 3
971 124
971 245
971 366
971 487
971 608
971 729
971 850
971 968
971 969
971 970
971 972
971 974
971 975
971 976
971 977
971 982
971 993
971 1026
971 1037
971 1048
971 1070
971 1081
971 1213
972 4
972 125
972 488
972 609
972 730
972 970
972 971
972 973
972 974
972 976
972 977
972 978
972 983
972 994
972 1005
972 1016
972 1038
972 1049
972 1060
972 1071
972 1082
973 5
973 126
973 247
973 489
973 610
973 731
973 852
973 970
973 971
973 972
973 974
973 975
973 976
973 977
973 978
973 984
973 1017
973 1039
973 1050
973 1072
973 1094
973 1215
974 248
974 369
974 490
974 611
974 732
974 969
974 970
974 972
974 975
974 977
974 978
974 985
974 996
974 1007
974 1018
974 1040
974 1051
974 1062
974 1073
974 1084
974 1095
975 7
975 128
975 249
975 491
975 854
975 969
975 970
975 971
975 972
975 973
975 974
975 976
975 977
975 978
975 986
975 1008
975 1019
975 1030
975 1063
975 1074
975 1085
975 1096
976 8
976 371
976 492
976 613
976 734
976 855
976 968
976 969
976 971
976 973
976 974
976 977
976 987
976 998
976 1009
976 1042
976 1053
976 1064
976 1075
976 1086
976 1218
977 9
977 130
977 251
977 372
977 614
977 735
977 856
977 968
977 969
977 970
977 971
977 972
977 974
977 975
977 976
977 999
977 1054
977 1076
977 1087
977 1098
977 1219
978 10
978 131
978 252
978 373
978 494
978 615
978 736
978 857
978 968
978 969
978 970
978 971
978 973
978 974
978 975
978 976
978 977
978 989
978 1011
978 1022
978 1033
978 1044
978 1055
978 1077
978 1088
978 1099
978 1220
979 11
979 132
979 253
979 374
979 495
979 737
979 968
979 980
979 981
979 982
979 983
979 984
979 985
979 986
979 987
979 988
979 989
979 1023
979 1034
979 1045
979 1056
979 1067
979 1078
979 1221
980 133
980 254
980 375
980 496
980 738
980 969
980 979
980 981
980 985
980 986
980 987
980 988
980 989
980 1024
980 1035
980 1046
980 1057
980 1079
980 1101
980 1222
981 13
981 134
981 255
981 497
981 618
981 739
981 860
981 970
981 980
981 983
981 984
981 986
981 987
981 989
981 1014
981 1025
981 1036
981 1047
981 1058
981 1069
981 1080
981 1102
981 1223
982 14
982 256
982 619
982 740
982 971
982 979
982 980
982 981
982 985
982 986
982 987
982 988
982 989
982 993
982 1015
982 1026
982 1070
982 1081
982 1224
983 15
983 136
983 378
983 620
983 741
983 862
983 980
983 981
983 982
983 984
983 985
983 986
983 989
983 994
983 1005
983 1016
983 1049
983 1060
983 1071
983 1082
983 1104
983 1225
984 16
984 137
984 258
984 379
984 500
984 621
984 742
984 973
984 979
984 980
984 982
984 983
984 985
984 986
984 987
984 988
984 989
984 995
984 1006
984 1017
984 1050
984 1061
984 1072
984 1083
984 1105
985 259
985 622
985 743
985 864
985 974
985 979
985 980
985 981
985 983
985 984
985 989
985 996
985 1007
985 1018
985 1029
985 1051
985 1062
985 1084
985 1106
985 1227
986 18
986 139
986 381
986 502
986 623
986 744
986 865
986 975
986 980
986 982
986 983
986 984
986 985
986 987
986 988
986 1019
986 1030
986 1041
986 1052
986 1063
986 1085
987 19
987 140
987 503
987 745
987 866
987 976
987 979
987 980
987 981
987 983
987 984
987 985
987 989
987 998
987 1031
987 1042
987 1053
987 1064
987 1086
987 1108
987 1229
988 20
988 141
988 504
988 746
988 867
988 977
988 979
988 981
988 982
988 983
988 984
988 985
988 986
988 987
988 989
988 999
988 1010
988 1021
988 1032
988 1043
988 1065
988 1087
988 1109
989 142
989 263
989 384
989 747
989 978
989 980
989 982
989 984
989 985
989 986
989 987
989 988
989 1000
989 1022
989 1044
989 1077
989 1088
990 22
990 143
990 264
990 385
990 506
990 627
990 748
990 979
990 991
990 992
990 994
990 996
990 997
990 998
990 999
990 1001
990 1012
990 1023
990 1034
990 1056
990 1067
990 1078
990 1111
990 1232
991 23
991 144
991 265
991 386
991 749
991 870
991 980
991 993
991 994
991 998
991 999
991 1000
991 1002
991 1013
991 1024
991 1046
991 1057
991 1233
992 24
992 145
992 508
992 629
992 750
992 970
992 981
992 991
992 993
992 995
992 996
992 997
992 998
992 999
992 1000
992 1003
992 1025
992 1036
992 1047
992 1058
992 1069
993 25
993 146
993 267
993 388
993 509
993 751
993 971
993 990
993 994
993 995
993 996
993 997
993 998
993 999
993 1000
993 1015
993 1026
993 1037
993 1048
993 1070
993 1081
993 1114
993 1235
994 26
994 147
994 268
994 389
994 752
994 873
994 983
994 990
994 991
994 992
994 993
994 997
994 999
994 1000
994 1005
994 1016
994 1038
994 1049
994 1060
994 1071
994 1115
994 1236
995 27
995 269
995 632
995 753
995 973
995 984
995 990
995 991
995 992
995 993
995 994
995 996
995 999
995 1000
995 1006
995 1017
995 1028
995 1050
995 1061
995 1072
995 1116
995 1237
996 28
996 270
996 391
996 512
996 875
996 974
996 990
996 991
996 992
996 994
996 995
996 997
996 998
996 999
996 1000
996 1007
996 1040
996 1051
996 1062
996 1073
996 1084
996 1117
997 150
997 271
997 392
997 513
997 634
997 755
997 876
997 975
997 986
997 990
997 991
997 992
997 994
997 995
997 996
997 998
997 999
997 1000
997 1019
997 1030
997 1041
997 1063
997 1074
997 1118
997 1239
998 30
998 514
998 635
998 756
998 877
998 987
998 990
998 991
998 992
998 993
998 994
998 995
998 996
998 997
998 1000
998 1020
998 1031
998 1053
998 1064
998 1075
998 1086
998 1240
999 31
999 152
999 273
999 394
999 636
999 757
999 878
999 977
999 988
999 991
999 992
999 994
999 995
999 997
999 998
999 1010
999 1021
999 1043
999 1054
999 1065
999 1076
999 1087
999 1120
999 1241
1000 274
1000 395
1000 516
1000 637
1000 758
1000 879
1000 978
1000 990
1000 991
1000 992
1000 995
1000 996
1000 997
1000 998
1000 999
1000 1011
1000 1033
1000 1044
1000 1055
1000 1066
1000 1077
1000 1242
1001 33
1001 154
1001 275
1001 396
1001 517
1001 638
1001 979
1001 990
1001 1002
1001 1004
1001 1005
1001 1006
1001 1007
1001 1008
1001 1010
1001 1023
1001 1034
1001 1045
1001 1067
1001 1122
1002 155
1002 518
1002 639
1002 760
1002 969
1002 980
1002 991
1002 1001
1002 1004
1002 1005
1002 1006
1002 1007
1002 1008
1002 1010
1002 1011
1002 1013
1002 1024
1002 1035
1002 1046
1002 1057
1002 1068
1002 1079
1002 1244
1003 35
1003 156
1003 277
1003 640
1003 970
1003 981
1003 992
1003 1001
1003 1002
1003 1004
1003 1005
1003 1006
1003 1008
1003 1009
1003 1010
1003 1011
1003 1014
1003 1036
1003 1047
1003 1080
1004 36
1004 157
1004 399
1004 520
1004 762
1004 971
1004 982
1004 993
1004 1001
1004 1002
1004 1003
1004 1005
1004 1006
1004 1007
1004 1008
1004 1009
1004 1010
1004 1011
1004 1015
1004 1037
1004 1048
1004 1070
1004 1081
1004 1246
1005 37
1005 158
1005 279
1005 400
1005 642
1005 763
1005 884
1005 994
1005 1001
1005 1002
1005 1003
1005 1006
1005 1008
1005 1009
1005 1010
1005 1027
1005 1038
1005 1060
1005 1071
1005 1082
1005 1126
1005 1247
1006 38
1006 280
1006 522
1006 643
1006 764
1006 885
1006 973
1006 984
1006 995
1006 1001
1006 1002
1006 1003
1006 1004
1006 1005
1006 1007
1006 1009
1006 1017
1006 1050
1006 1061
1006 1072
1006 1083
1007 39
1007 160
1007 281
1007 402
1007 523
1007 644
1007 765
1007 886
1007 974
1007 985
1007 996
1007 1002
1007 1003
1007 1004
1007 1005
1007 1008
1007 1009
1007 1010
1007 1011
1007 1018
1007 1040
1007 1062
1007 1073
1007 1084
1007 1128
1007 1249
1008 40
1008 161
1008 282
1008 403
1008 524
1008 645
1008 766
1008 887
1008 986
1008 997
1008 1002
1008 1003
1008 1004
1008 1006
1008 1007
1008 1009
1008 1041
1008 1063
1008 1074
1008 1085
1009 41
1009 162
1009 404
1009 646
1009 888
1009 976
1009 987
1009 998
1009 1001
1009 1002
1009 1003
1009 1004
1009 1007
1009 1008
1009 1010
1009 1011
1009 1020
1009 1031
1009 1053
1009 1064
1009 1075
1009 1086
1009 1130
1009 1251
1010 284
1010 405
1010 526
1010 647
1010 889
1010 977
1010 988
1010 1001
1010 1002
1010 1003
1010 1005
1010 1006
1010 1007
1010 1008
1010 1009
1010 1011
1010 1021
1010 1032
1010 1043
1010 1076
1010 1087
1010 1131
1010 1252
1011 43
1011 164
1011 285
1011 406
1011 527
1011 648
1011 769
1011 890
1011 989
1011 1000
1011 1001
1011 1002
1011 1004
1011 1005
1011 1006
1011 1007
1011 1008
1011 1009
1011 1022
1011 1033
1011 1044
1011 1066
1011 1077
1011 1088
1011 1132
1012 44
1012 286
1012 407
1012 528
1012 649
1012 770
1012 891
1012 968
1012 979
1012 1001
1012 1013
1012 1014
1012 1015
1012 1016
1012 1017
1012 1018
1012 1019
1012 1020
1012 1034
1012 1056
1012 1078
1012 1133
1013 45
1013 287
1013 408
1013 650
1013 892
1013 969
1013 980
1013 991
1013 1012
1013 1014
1013 1015
1013 1016
1013 1018
1013 1020
1013 1021
1013 1022
1013 1024
1013 1035
1013 1046
1013 1057
1013 1068
1013 1134
1014 46
1014 167
1014 288
1014 530
1014 651
1014 772
1014 893
1014 970
1014 981
1014 992
1014 1012
1014 1013
1014 1015
1014 1016
1014 1017
1014 1020
1014 1021
1014 1022
1014 1047
1014 1069
1014 1080
1014 1135
1015 47
1015 168
1015 289
1015 410
1015 531
1015 652
1015 773
1015 894
1015 971
1015 982
1015 993
1015 1004
1015 1012
1015 1014
1015 1016
1015 1017
1015 1018
1015 1019
1015 1022
1015 1026
1015 1037
1015 1048
1015 1059
1015 1081
1015 1136
1016 48
1016 169
1016 290
1016 411
1016 532
1016 653
1016 774
1016 972
1016 994
1016 1005
1016 1012
1016 1014
1016 1015
1016 1017
1016 1018
1016 1019
1016 1021
1016 1022
1016 1038
1016 1049
1016 1060
1016 1071
1016 1082
1016 1137
1016 1258
1017 170
1017 412
1017 654
1017 775
1017 896
1017 973
1017 995
1017 1006
1017 1013
1017 1014
1017 1015
1017 1016
1017 1018
1017 1019
1017 1021
1017 1022
1017 1039
1017 1061
1017 1083
1017 1138
1018 171
1018 655
1018 776
1018 985
1018 996
1018 1007
1018 1014
1018 1016
1018 1017
1018 1020
1018 1021
1018 1022
1018 1040
1018 1051
1018 1062
1018 1084
1018 1139
1018 1260
1019 51
1019 172
1019 293
1019 414
1019 535
1019 656
1019 777
1019 975
1019 986
1019 997
1019 1008
1019 1012
1019 1013
1019 1014
1019 1015
1019 1016
1019 1018
1019 1020
1019 1030
1019 1041
1019 1074
1019 1085
1019 1140
1019 1261
1020 52
1020 173
1020 294
1020 415
1020 536
1020 657
1020 778
1020 899
1020 976
1020 987
1020 1013
1020 1014
1020 1015
1020 1016
1020 1017
1020 1022
1020 1031
1020 1042
1020 1053
1020 1075
1020 1086
1020 1262
1021 53
1021 174
1021 295
1021 416
1021 779
1021 977
1021 988
1021 1010
1021 1012
1021 1013
1021 1015
1021 1016
1021 1019
1021 1020
1021 1032
1021 1043
1021 1054
1021 1065
1021 1087
1021 1142
1021 1263
1022 296
1022 417
1022 538
1022 659
1022 780
1022 901
1022 978
1022 989
1022 1000
1022 1011
1022 1012
1022 1013
1022 1015
1022 1016
1022 1017
1022 1018
1022 1019
1022 1020
1022 1021
1022 1033
1022 1055
1022 1066
1022 1077
1022 1088
1023 176
1023 297
1023 539
1023 781
1023 902
1023 968
1023 990
1023 1012
1023 1024
1023 1026
1023 1027
1023 1028
1023 1029
1023 1032
1023 1033
1023 1034
1023 1045
1023 1056
1023 1067
1023 1078
1023 1265
1024 56
1024 298
1024 419
1024 661
1024 782
1024 903
1024 969
1024 980
1024 1013
1024 1023
1024 1025
1024 1026
1024 1028
1024 1029
1024 1030
1024 1031
1024 1032
1024 1033
1024 1057
1024 1068
1024 1079
1024 1266
1025 57
1025 178
1025 299
1025 541
1025 783
1025 970
1025 981
1025 992
1025 1003
1025 1014
1025 1023
1025 1024
1025 1026
1025 1027
1025 1029
1025 1030
1025 1031
1025 1032
1025 1033
1025 1036
1025 1047
1025 1058
1025 1069
1025 1080
1025 1146
1025 1267
1026 58
1026 179
1026 300
1026 421
1026 542
1026 663
1026 784
1026 971
1026 993
1026 1004
1026 1023
1026 1025
1026 1027
1026 1028
1026 1029
1026 1030
1026 1031
1026 1032
1026 1037
1026 1048
1026 1070
1026 1147
1026 1268
1027 59
1027 180
1027 301
1027 422
1027 543
1027 664
1027 785
1027 906
1027 972
1027 983
1027 994
1027 1005
1027 1016
1027 1023
1027 1024
1027 1025
1027 1028
1027 1029
1027 1031
1027 1033
1027 1049
1027 1060
1027 1071
1027 1082
1028 60
1028 302
1028 544
1028 665
1028 786
1028 907
1028 973
1028 984
1028 995
1028 1006
1028 1017
1028 1023
1028 1024
1028 1025
1028 1026
1028 1029
1028 1030
1028 1031
1028 1032
1028 1033
1028 1039
1028 1061
1028 1072
1028 1083
1028 1149
1029 61
1029 182
1029 303
1029 424
1029 545
1029 666
1029 787
1029 908
1029 974
1029 985
1029 996
1029 1007
1029 1018
1029 1023
1029 1024
1029 1025
1029 1028
1029 1030
1029 1031
1029 1032
1029 1033
1029 1040
1029 1051
1029 1062
1029 1084
1030 62
1030 183
1030 304
1030 425
1030 667
1030 788
1030 909
1030 975
1030 986
1030 997
1030 1008
1030 1019
1030 1023
1030 1027
1030 1028
1030 1029
1030 1031
1030 1032
1030 1041
1030 1052
1030 1063
1030 1074
1030 1151
1030 1272
1031 63
1031 184
1031 305
1031 426
1031 547
1031 668
1031 789
1031 910
1031 976
1031 1009
1031 1020
1031 1023
1031 1024
1031 1025
1031 1027
1031 1028
1031 1030
1031 1032
1031 1033
1031 1053
1031 1064
1031 1086
1031 1152
1031 1273
1032 64
1032 185
1032 306
1032 548
1032 669
1032 911
1032 977
1032 988
1032 999
1032 1010
1032 1021
1032 1024
1032 1026
1032 1027
1032 1028
1032 1029
1032 1031
1032 1033
1032 1043
1032 1054
1032 1076
1032 1087
1032 1274
1033 65
1033 186
1033 307
1033 428
1033 549
1033 670
1033 978
1033 989
1033 1000
1033 1022
1033 1023
1033 1024
1033 1026
1033 1027
1033 1029
1033 1030
1033 1032
1033 1044
1033 1055
1033 1066
1033 1077
1033 1088
1033 1275
1034 66
1034 187
1034 429
1034 671
1034 913
1034 968
1034 979
1034 990
1034 1001
1034 1012
1034 1035
1034 1036
1034 1037
1034 1038
1034 1039
1034 1041
1034 1042
1034 1043
1034 1045
1034 1056
1034 1078
1034 1155
1034 1276
1035 67
1035 188
1035 430
1035 672
1035 793
1035 914
1035 980
1035 991
1035 1013
1035 1024
1035 1034
1035 1036
1035 1038
1035 1039
1035 1040
1035 1042
1035 1043
1035 1046
1035 1057
1035 1068
1035 1079
1035 1156
1035 1277
1036 68
1036 189
1036 431
1036 552
1036 794
1036 915
1036 992
1036 1003
1036 1014
1036 1025
1036 1034
1036 1035
1036 1037
1036 1038
1036 1039
1036 1040
1036 1041
1036 1042
1036 1043
1036 1044
1036 1047
1036 1058
1036 1080
1036 1157
1036 1278
1037 69
1037 190
1037 311
1037 432
1037 553
1037 674
1037 916
1037 982
1037 993
1037 1035
1037 1038
1037 1040
1037 1041
1037 1042
1037 1043
1037 1059
1037 1070
1037 1081
1037 1158
1037 1279
1038 191
1038 554
1038 675
1038 796
1038 917
1038 983
1038 994
1038 1016
1038 1027
1038 1034
1038 1035
1038 1036
1038 1037
1038 1039
1038 1040
1038 1041
1038 1042
1038 1043
1038 1044
1038 1049
1038 1071
1038 1082
1038 1159
1038 1280
1039 71
1039 192
1039 313
1039 434
1039 555
1039 676
1039 797
1039 918
1039 973
1039 984
1039 995
1039 1006
1039 1017
1039 1028
1039 1034
1039 1035
1039 1036
1039 1037
1039 1038
1039 1040
1039 1041
1039 1042
1039 1043
1039 1044
1039 1050
1039 1061
1039 1083
1039 1160
1039 1281
1040 72
1040 193
1040 314
1040 435
1040 556
1040 798
1040 974
1040 985
1040 996
1040 1018
1040 1034
1040 1035
1040 1036
1040 1037
1040 1041
1040 1042
1040 1043
1040 1044
1040 1051
1040 1073
1040 1161
1040 1282
1041 315
1041 678
1041 799
1041 920
1041 975
1041 986
1041 997
1041 1008
1041 1030
1041 1035
1041 1036
1041 1038
1041 1039
1041 1040
1041 1043
1041 1044
1041 1052
1041 1063
1041 1074
1041 1085
1041 1162
1041 1283
1042 74
1042 316
1042 437
1042 679
1042 800
1042 976
1042 998
1042 1009
1042 1020
1042 1031
1042 1038
1042 1039
1042 1040
1042 1041
1042 1043
1042 1044
1042 1064
1043 196
1043 317
1043 559
1043 680
1043 801
1043 922
1043 977
1043 999
1043 1021
1043 1032
1043 1035
1043 1036
1043 1039
1043 1040
1043 1041
1043 1044
1043 1054
1043 1065
1043 1076
1043 1087
1043 1164
1043 1285
1044 76
1044 197
1044 318
1044 439
1044 560
1044 681
1044 802
1044 978
1044 989
1044 1022
1044 1034
1044 1035
1044 1036
1044 1037
1044 1038
1044 1039
1044 1042
1044 1055
1044 1066
1044 1077
1044 1088
1044 1165
1044 1286
1045 77
1045 198
1045 319
1045 561
1045 803
1045 924
1045 968
1045 990
1045 1001
1045 1012
1045 1023
1045 1034
1045 1046
1045 1047
1045 1048
1045 1049
1045 1050
1045 1053
1045 1054
1045 1055
1045 1067
1045 1166
1046 78
1046 199
1046 562
1046 683
1046 804
1046 925
1046 969
1046 980
1046 1013
1046 1024
1046 1035
1046 1048
1046 1049
1046 1050
1046 1051
1046 1052
1046 1053
1046 1054
1046 1057
1046 1288
1047 79
1047 321
1047 563
1047 805
1047 926
1047 970
1047 992
1047 1003
1047 1014
1047 1025
1047 1045
1047 1046
1047 1049
1047 1050
1047 1051
1047 1054
1047 1055
1047 1058
1047 1080
1047 1168
1048 201
1048 322
1048 443
1048 685
1048 806
1048 971
1048 982
1048 993
1048 1004
1048 1015
1048 1026
1048 1037
1048 1045
1048 1047
1048 1049
1048 1050
1048 1052
1048 1053
1048 1054
1048 1055
1048 1070
1048 1081
1048 1169
1049 81
1049 202
1049 323
1049 444
1049 565
1049 686
1049 807
1049 928
1049 972
1049 983
1049 1005
1049 1016
1049 1027
1049 1046
1049 1047
1049 1048
1049 1050
1049 1051
1049 1053
1049 1054
1049 1055
1049 1060
1049 1082
1049 1170
1049 1291
1050 82
1050 203
1050 445
1050 687
1050 929
1050 973
1050 984
1050 995
1050 1006
1050 1017
1050 1028
1050 1045
1050 1046
1050 1047
1050 1049
1050 1051
1050 1052
1050 1053
1050 1054
1050 1055
1050 1061
1050 1072
1050 1171
1050 1292
1051 83
1051 204
1051 325
1051 446
1051 809
1051 930
1051 974
1051 985
1051 1007
1051 1029
1051 1040
1051 1045
1051 1046
1051 1047
1051 1048
1051 1049
1051 1052
1051 1053
1051 1054
1051 1055
1051 1062
1051 1073
1051 1084
1051 1172
1051 1293
1052 84
1052 205
1052 326
1052 447
1052 568
1052 810
1052 931
1052 975
1052 986
1052 997
1052 1008
1052 1019
1052 1030
1052 1041
1052 1045
1052 1047
1052 1048
1052 1049
1052 1050
1052 1051
1052 1055
1052 1063
1052 1074
1052 1085
1052 1294
1053 85
1053 206
1053 448
1053 690
1053 976
1053 987
1053 998
1053 1009
1053 1020
1053 1042
1053 1045
1053 1047
1053 1050
1053 1052
1053 1054
1053 1055
1053 1075
1053 1086
1054 86
1054 207
1054 328
1054 449
1054 570
1054 812
1054 988
1054 999
1054 1010
1054 1043
1054 1045
1054 1047
1054 1048
1054 1050
1054 1051
1054 1052
1054 1065
1054 1076
1054 1087
1054 1175
1054 1296
1055 87
1055 208
1055 329
1055 450
1055 571
1055 692
1055 813
1055 934
1055 978
1055 989
1055 1000
1055 1011
1055 1022
1055 1033
1055 1044
1055 1046
1055 1047
1055 1048
1055 1051
1055 1053
1055 1054
1055 1066
1055 1088
1055 1176
1055 1297
1056 209
1056 330
1056 572
1056 693
1056 814
1056 935
1056 968
1056 979
1056 1001
1056 1012
1056 1023
1056 1034
1056 1045
1056 1057
1056 1058
1056 1059
1056 1060
1056 1061
1056 1062
1056 1063
1056 1064
1056 1065
1056 1066
1056 1067
1056 1078
1057 89
1057 210
1057 331
1057 452
1057 573
1057 694
1057 815
1057 936
1057 969
1057 980
1057 991
1057 1002
1057 1013
1057 1035
1057 1046
1057 1056
1057 1058
1057 1059
1057 1060
1057 1061
1057 1062
1057 1063
1057 1064
1057 1065
1057 1066
1057 1068
1057 1079
1057 1178
1057 1299
1058 211
1058 332
1058 453
1058 574
1058 695
1058 937
1058 981
1058 1003
1058 1014
1058 1025
1058 1036
1058 1056
1058 1057
1058 1059
1058 1060
1058 1061
1058 1062
1058 1063
1058 1065
1058 1066
1058 1080
1058 1179
1058 1300
1059 91
1059 212
1059 333
1059 454
1059 575
1059 696
1059 971
1059 982
1059 993
1059 1004
1059 1026
1059 1037
1059 1048
1059 1056
1059 1057
1059 1058
1059 1060
1059 1061
1059 1062
1059 1064
1059 1065
1059 1081
1059 1180
1059 1301
1060 92
1060 213
1060 334
1060 455
1060 576
1060 939
1060 972
1060 983
1060 994
1060 1005
1060 1027
1060 1038
1060 1049
1060 1056
1060 1063
1060 1064
1060 1066
1060 1071
1060 1181
1060 1302
1061 93
1061 214
1061 335
1061 456
1061 577
1061 698
1061 819
1061 940
1061 973
1061 984
1061 995
1061 1006
1061 1028
1061 1056
1061 1057
1061 1058
1061 1059
1061 1060
1061 1062
1061 1064
1061 1065
1061 1072
1061 1083
1061 1182
1062 94
1062 215
1062 336
1062 820
1062 974
1062 985
1062 1007
1062 1029
1062 1040
1062 1051
1062 1057
1062 1060
1062 1061
1062 1063
1062 1064
1062 1066
1062 1084
1062 1183
1062 1304
1063 337
1063 458
1063 579
1063 700
1063 821
1063 942
1063 975
1063 1008
1063 1019
1063 1041
1063 1056
1063 1057
1063 1058
1063 1059
1063 1060
1063 1061
1063 1062
1063 1066
1063 1074
1063 1085
1063 1184
1064 96
1064 217
1064 338
1064 459
1064 580
1064 701
1064 822
1064 943
1064 976
1064 1009
1064 1020
1064 1031
1064 1053
1064 1058
1064 1059
1064 1060
1064 1061
1064 1062
1064 1063
1064 1075
1064 1086
1064 1185
1064 1306
1065 97
1065 339
1065 460
1065 581
1065 702
1065 944
1065 977
1065 988
1065 999
1065 1010
1065 1021
1065 1032
1065 1043
1065 1054
1065 1056
1065 1057
1065 1058
1065 1059
1065 1060
1065 1062
1065 1063
1065 1064
1065 1066
1065 1087
1065 1186
1065 1307
1066 461
1066 582
1066 703
1066 945
1066 978
1066 989
1066 1022
1066 1055
1066 1056
1066 1058
1066 1059
1066 1060
1066 1061
1066 1062
1066 1063
1066 1064
1066 1065
1066 1077
1066 1088
1066 1187
1066 1308
1067 99
1067 462
1067 583
1067 704
1067 825
1067 968
1067 979
1067 990
1067 1012
1067 1023
1067 1034
1067 1045
1067 1068
1067 1070
1067 1074
1067 1077
1067 1078
1067 1188
1067 1309
1068 100
1068 463
1068 584
1068 705
1068 826
1068 947
1068 969
1068 980
1068 991
1068 1002
1068 1013
1068 1035
1068 1046
1068 1057
1068 1067
1068 1069
1068 1070
1068 1071
1068 1072
1068 1075
1068 1076
1068 1077
1068 1079
1068 1189
1068 1310
1069 101
1069 222
1069 343
1069 585
1069 827
1069 948
1069 970
1069 1003
1069 1014
1069 1025
1069 1036
1069 1047
1069 1058
1069 1067
1069 1068
1069 1071
1069 1072
1069 1073
1069 1074
1069 1075
1069 1076
1069 1080
1069 1190
1069 1311
1070 102
1070 223
1070 344
1070 465
1070 707
1070 828
1070 949
1070 971
1070 1004
1070 1015
1070 1048
1070 1059
1070 1067
1070 1068
1070 1069
1070 1072
1070 1073
1070 1074
1070 1075
1070 1077
1070 1081
1070 1191
1070 1312
1071 103
1071 345
1071 466
1071 587
1071 708
1071 829
1071 950
1071 972
1071 994
1071 1016
1071 1027
1071 1038
1071 1049
1071 1060
1071 1067
1071 1070
1071 1073
1071 1074
1071 1075
1071 1076
1071 1077
1071 1082
1071 1192
1071 1313
1072 104
1072 225
1072 346
1072 467
1072 588
1072 709
1072 830
1072 951
1072 984
1072 1017
1072 1028
1072 1039
1072 1050
1072 1061
1072 1067
1072 1069
1072 1071
1072 1073
1072 1074
1072 1075
1072 1076
1072 1083
1072 1193
1073 105
1073 347
1073 468
1073 589
1073 710
1073 831
1073 952
1073 974
1073 985
1073 1018
1073 1029
1073 1051
1073 1062
1073 1067
1073 1068
1073 1069
1073 1072
1073 1074
1073 1075
1073 1076
1073 1077
1073 1084
1073 1194
1073 1315
1074 106
1074 227
1074 348
1074 590
1074 711
1074 832
1074 975
1074 986
1074 1008
1074 1019
1074 1030
1074 1041
1074 1067
1074 1068
1074 1069
1074 1070
1074 1073
1074 1076
1074 1077
1074 1195
1074 1316
1075 107
1075 228
1075 349
1075 470
1075 712
1075 954
1075 987
1075 998
1075 1009
1075 1031
1075 1042
1075 1053
1075 1064
1075 1067
1075 1068
1075 1069
1075 1070
1075 1074
1075 1076
1075 1086
1075 1196
1075 1317
1076 229
1076 471
1076 834
1076 955
1076 988
1076 999
1076 1010
1076 1021
1076 1032
1076 1054
1076 1065
1076 1067
1076 1069
1076 1070
1076 1072
1076 1074
1076 1075
1076 1077
1076 1087
1076 1197
1076 1318
1077 230
1077 351
1077 472
1077 714
1077 835
1077 978
1077 989
1077 1000
1077 1011
1077 1055
1077 1066
1077 1067
1077 1068
1077 1069
1077 1070
1077 1071
1077 1072
1077 1073
1077 1075
1077 1076
1077 1088
1077 1198
1077 1319
1078 110
1078 352
1078 473
1078 594
1078 715
1078 957
1078 968
1078 990
1078 1001
1078 1012
1078 1034
1078 1045
1078 1067
1078 1080
1078 1081
1078 1082
1078 1084
1078 1085
1078 1086
1078 1199
1078 1320
1079 232
1079 474
1079 595
1079 716
1079 837
1079 958
1079 969
1079 991
1079 1002
1079 1013
1079 1024
1079 1035
1079 1046
1079 1057
1079 1068
1079 1078
1079 1080
1079 1081
1079 1082
1079 1084
1079 1085
1079 1087
1079 1088
1079 1200
1079 1321
1080 112
1080 233
1080 354
1080 475
1080 596
1080 838
1080 959
1080 970
1080 981
1080 992
1080 1014
1080 1025
1080 1036
1080 1058
1080 1069
1080 1079
1080 1081
1080 1082
1080 1086
1080 1087
1080 1088
1080 1322
1081 113
1081 234
1081 355
1081 476
1081 597
1081 718
1081 839
1081 960
1081 971
1081 982
1081 993
1081 1026
1081 1037
1081 1048
1081 1059
1081 1078
1081 1080
1081 1082
1081 1083
1081 1084
1081 1085
1081 1088
1081 1202
1081 1323
1082 114
1082 235
1082 356
1082 477
1082 598
1082 840
1082 961
1082 972
1082 983
1082 994
1082 1005
1082 1016
1082 1027
1082 1049
1082 1060
1082 1071
1082 1079
1082 1080
1082 1081
1082 1083
1082 1084
1082 1085
1082 1086
1082 1087
1082 1088
1082 1203
1082 1324
1083 115
1083 236
1083 357
1083 599
1083 720
1083 841
1083 962
1083 973
1083 984
1083 995
1083 1006
1083 1028
1083 1039
1083 1050
1083 1061
1083 1078
1083 1079
1083 1080
1083 1081
1083 1082
1083 1084
1083 1085
1083 1086
1083 1087
1083 1088
1083 1204
1083 1325
1084 237
1084 358
1084 479
1084 600
1084 721
1084 842
1084 974
1084 996
1084 1007
1084 1018
1084 1040
1084 1051
1084 1073
1084 1079
1084 1080
1084 1081
1084 1082
1084 1083
1084 1085
1084 1086
1084 1088
1084 1205
1085 117
1085 238
1085 480
1085 601
1085 722
1085 843
1085 964
1085 986
1085 997
1085 1008
1085 1019
1085 1030
1085 1041
1085 1052
1085 1063
1085 1074
1085 1078
1085 1079
1085 1080
1085 1081
1085 1083
1085 1084
1085 1086
1085 1087
1085 1088
1085 1206
1085 1327
1086 360
1086 602
1086 723
1086 844
1086 965
1086 987
1086 1009
1086 1020
1086 1031
1086 1042
1086 1064
1086 1079
1086 1080
1086 1081
1086 1082
1086 1085
1086 1087
1086 1207
1086 1328
1087 119
1087 240
1087 361
1087 482
1087 603
1087 724
1087 845
1087 977
1087 988
1087 1010
1087 1021
1087 1032
1087 1043
1087 1054
1087 1076
1087 1078
1087 1079
1087 1081
1087 1082
1087 1083
1087 1084
1087 1086
1087 1088
1087 1329
1088 241
1088 362
1088 483
1088 725
1088 967
1088 989
1088 1000
1088 1044
1088 1066
1088 1078
1088 1080
1088 1082
1088 1083
1088 1084
1088 1085
1088 1086
1088 1209
1088 1330
1089 0
1089 242
1089 363
1089 484
1089 847
1089 968
1089 1090
1089 1091
1089 1092
1089 1093
1089 1094
1089 1095
1089 1096
1089 1097
1089 1098
1089 1099
1089 1111
1089 1122
1089 1133
1089 1155
1089 1166
1089 1199
1089 1210
1090 122
1090 243
1090 364
1090 485
1090 606
1090 727
1090 848
1090 969
1090 1089
1090 1091
1090 1092
1090 1095
1090 1096
1090 1097
1090 1099
1090 1101
1090 1112
1090 1123
1090 1145
1090 1167
1090 1200
1090 1211
1091 2
1091 123
1091 244
1091 365
1091 607
1091 849
1091 970
1091 1089
1091 1092
1091 1093
1091 1094
1091 1095
1091 1096
1091 1099
1091 1102
1091 1113
1091 1124
1091 1135
1091 1146
1091 1157
1091 1168
1091 1190
1091 1201
1092 3
1092 124
1092 487
1092 608
1092 729
1092 850
1092 971
1092 1090
1092 1091
1092 1093
1092 1094
1092 1095
1092 1096
1092 1097
1092 1098
1092 1099
1092 1103
1092 1114
1092 1125
1092 1136
1092 1147
1092 1169
1092 1180
1092 1191
1092 1202
1092 1213
1093 246
1093 367
1093 488
1093 609
1093 730
1093 851
1093 972
1093 1090
1093 1091
1093 1094
1093 1098
1093 1099
1093 1104
1093 1126
1093 1137
1093 1148
1093 1170
1093 1192
1093 1214
1094 5
1094 368
1094 489
1094 610
1094 731
1094 852
1094 973
1094 1089
1094 1090
1094 1092
1094 1093
1094 1095
1094 1096
1094 1098
1094 1099
1094 1105
1094 1116
1094 1138
1094 1160
1094 1171
1094 1182
1094 1193
1094 1204
1095 6
1095 248
1095 369
1095 490
1095 611
1095 732
1095 853
1095 974
1095 1089
1095 1090
1095 1091
1095 1092
1095 1093
1095 1094
1095 1096
1095 1098
1095 1099
1095 1106
1095 1117
1095 1128
1095 1139
1095 1161
1095 1172
1095 1183
1095 1194
1096 7
1096 128
1096 249
1096 370
1096 612
1096 733
1096 854
1096 975
1096 1090
1096 1091
1096 1092
1096 1093
1096 1094
1096 1095
1096 1097
1096 1140
1096 1151
1096 1162
1096 1173
1096 1184
1096 1195
1097 8
1097 129
1097 250
1097 371
1097 492
1097 855
1097 976
1097 1089
1097 1090
1097 1091
1097 1093
1097 1094
1097 1095
1097 1096
1097 1098
1097 1099
1097 1108
1097 1119
1097 1130
1097 1141
1097 1152
1097 1163
1097 1185
1097 1196
1097 1207
1098 9
1098 130
1098 251
1098 614
1098 856
1098 977
1098 1090
1098 1091
1098 1093
1098 1095
1098 1096
1098 1097
1098 1109
1098 1120
1098 1131
1098 1142
1098 1153
1098 1164
1098 1175
1098 1186
1098 1197
1098 1208
1098 1219
1099 131
1099 252
1099 373
1099 494
1099 615
1099 857
1099 978
1099 1089
1099 1090
1099 1091
1099 1093
1099 1094
1099 1095
1099 1096
1099 1097
1099 1098
1099 1121
1099 1132
1099 1143
1099 1154
1099 1165
1099 1176
1099 1187
1099 1220
1100 253
1100 374
1100 495
1100 616
1100 737
1100 858
1100 979
1100 1089
1100 1101
1100 1102
1100 1103
1100 1104
1100 1105
1100 1107
1100 1108
1100 1109
1100 1110
1100 1111
1100 1122
1100 1133
1100 1144
1100 1155
1100 1166
1100 1177
1100 1199
1101 12
1101 133
1101 254
1101 375
1101 496
1101 617
1101 859
1101 980
1101 1090
1101 1102
1101 1103
1101 1104
1101 1106
1101 1108
1101 1109
1101 1110
1101 1112
1101 1123
1101 1167
1101 1178
1101 1189
1101 1222
1102 13
1102 134
1102 255
1102 376
1102 497
1102 618
1102 739
1102 860
1102 981
1102 1091
1102 1101
1102 1103
1102 1105
1102 1106
1102 1107
1102 1109
1102 1110
1102 1113
1102 1124
1102 1146
1102 1157
1102 1168
1102 1190
1102 1201
1102 1223
1103 14
1103 135
1103 256
1103 377
1103 498
1103 619
1103 740
1103 861
1103 982
1103 1092
1103 1102
1103 1104
1103 1107
1103 1108
1103 1109
1103 1110
1103 1114
1103 1125
1103 1136
1103 1147
1103 1158
1103 1169
1103 1180
1103 1202
1103 1224
1104 15
1104 136
1104 257
1104 378
1104 499
1104 983
1104 1093
1104 1100
1104 1102
1104 1105
1104 1106
1104 1107
1104 1108
1104 1109
1104 1110
1104 1115
1104 1126
1104 1148
1104 1159
1104 1181
1104 1225
1105 137
1105 258
1105 500
1105 742
1105 863
1105 1094
1105 1100
1105 1101
1105 1102
1105 1103
1105 1107
1105 1108
1105 1109
1105 1110
1105 1116
1105 1127
1105 1138
1105 1149
1105 1171
1105 1182
1105 1193
1105 1204
1105 1226
1106 259
1106 380
1106 501
1106 622
1106 743
1106 864
1106 1100
1106 1101
1106 1102
1106 1103
1106 1105
1106 1108
1106 1109
1106 1110
1106 1117
1106 1139
1106 1161
1106 1172
1106 1183
1106 1194
1106 1205
1106 1227
1107 139
1107 260
1107 381
1107 623
1107 744
1107 865
1107 986
1107 1096
1107 1100
1107 1101
1107 1102
1107 1103
1107 1104
1107 1106
1107 1108
1107 1109
1107 1110
1107 1129
1107 1162
1107 1184
1107 1195
1107 1206
1107 1228
1108 19
1108 261
1108 382
1108 503
1108 745
1108 866
1108 987
1108 1097
1108 1101
1108 1102
1108 1104
1108 1105
1108 1106
1108 1119
1108 1130
1108 1163
1108 1185
1108 1196
1108 1207
1109 20
1109 262
1109 504
1109 625
1109 867
1109 1101
1109 1102
1109 1103
1109 1104
1109 1106
1109 1107
1109 1108
1109 1110
1109 1142
1109 1153
1109 1164
1109 1175
1110 142
1110 263
1110 384
1110 505
1110 626
1110 868
1110 989
1110 1099
1110 1100
1110 1101
1110 1102
1110 1103
1110 1104
1110 1105
1110 1106
1110 1108
1110 1109
1110 1121
1110 1132
1110 1165
1110 1176
1110 1187
1110 1198
1110 1209
1110 1231
1111 22
1111 264
1111 506
1111 627
1111 748
1111 1089
1111 1100
1111 1113
1111 1114
1111 1117
1111 1119
1111 1121
1111 1144
1111 1155
1111 1166
1111 1188
1112 23
1112 507
1112 628
1112 749
1112 991
1112 1101
1112 1111
1112 1113
1112 1115
1112 1116
1112 1118
1112 1119
1112 1120
1112 1121
1112 1123
1112 1134
1112 1145
1112 1156
1112 1189
1112 1200
1112 1233
1113 24
1113 145
1113 266
1113 508
1113 629
1113 750
1113 871
1113 992
1113 1091
1113 1102
1113 1111
1113 1114
1113 1115
1113 1116
1113 1117
1113 1118
1113 1119
1113 1120
1113 1121
1113 1124
1113 1135
1113 1146
1113 1157
1113 1168
1113 1190
1113 1201
1113 1234
1114 25
1114 146
1114 267
1114 388
1114 509
1114 630
1114 751
1114 872
1114 993
1114 1092
1114 1103
1114 1112
1114 1115
1114 1116
1114 1118
1114 1119
1114 1120
1114 1125
1114 1136
1114 1147
1114 1158
1114 1180
1114 1191
1114 1202
1114 1235
1115 26
1115 389
1115 510
1115 631
1115 752
1115 873
1115 994
1115 1093
1115 1104
1115 1111
1115 1112
1115 1113
1115 1116
1115 1118
1115 1119
1115 1121
1115 1126
1115 1137
1115 1148
1115 1159
1115 1170
1115 1181
1115 1192
1115 1203
1116 148
1116 269
1116 632
1116 753
1116 874
1116 995
1116 1094
1116 1105
1116 1111
1116 1112
1116 1113
1116 1114
1116 1115
1116 1117
1116 1118
1116 1119
1116 1120
1116 1138
1116 1160
1116 1182
1116 1237
1117 28
1117 270
1117 391
1117 512
1117 633
1117 754
1117 875
1117 996
1117 1106
1117 1111
1117 1112
1117 1113
1117 1114
1117 1115
1117 1119
1117 1120
1117 1128
1117 1139
1117 1150
1117 1161
1117 1172
1117 1194
1117 1205
1118 29
1118 150
1118 271
1118 392
1118 513
1118 755
1118 997
1118 1096
1118 1107
1118 1111
1118 1113
1118 1114
1118 1115
1118 1117
1118 1119
1118 1121
1118 1129
1118 1162
1118 1173
1118 1184
1118 1206
1118 1239
1119 30
1119 393
1119 635
1119 756
1119 877
1119 998
1119 1108
1119 1111
1119 1112
1119 1113
1119 1114
1119 1115
1119 1116
1119 1120
1119 1121
1119 1130
1119 1152
1119 1174
1119 1185
1119 1196
1119 1207
1119 1240
1120 31
1120 152
1120 394
1120 515
1120 636
1120 757
1120 878
1120 1109
1120 1111
1120 1112
1120 1113
1120 1114
1120 1115
1120 1116
1120 1117
1120 1118
1120 1121
1120 1131
1120 1142
1120 1153
1120 1164
1120 1175
1120 1186
1120 1208
1120 1241
1121 32
1121 637
1121 879
1121 1000
1121 1099
1121 1112
1121 1113
1121 1114
1121 1115
1121 1116
1121 1117
1121 1118
1121 1119
1121 1132
1121 1143
1121 1154
1121 1176
1121 1198
1121 1242
1122 33
1122 154
1122 275
1122 396
1122 517
1122 638
1122 759
1122 880
1122 1001
1122 1089
1122 1100
1122 1111
1122 1123
1122 1124
1122 1125
1122 1127
1122 1128
1122 1129
1122 1130
1122 1131
1122 1132
1122 1133
1122 1144
1122 1166
1122 1177
1122 1188
1122 1243
1123 155
1123 639
1123 881
1123 1002
1123 1090
1123 1101
1123 1112
1123 1122
1123 1124
1123 1125
1123 1126
1123 1127
1123 1128
1123 1129
1123 1130
1123 1131
1123 1132
1123 1134
1123 1145
1123 1156
1123 1167
1123 1178
1123 1189
1123 1200
1123 1244
1124 35
1124 156
1124 277
1124 398
1124 640
1124 761
1124 882
1124 1003
1124 1102
1124 1123
1124 1125
1124 1126
1124 1127
1124 1129
1124 1135
1124 1146
1124 1157
1124 1168
1124 1201
1124 1245
1125 157
1125 278
1125 399
1125 520
1125 641
1125 762
1125 883
1125 1004
1125 1092
1125 1103
1125 1114
1125 1122
1125 1124
1125 1126
1125 1128
1125 1129
1125 1131
1125 1132
1125 1158
1125 1169
1125 1180
1125 1191
1125 1202
1125 1246
1126 37
1126 158
1126 279
1126 400
1126 521
1126 642
1126 884
1126 1115
1126 1122
1126 1123
1126 1124
1126 1128
1126 1129
1126 1131
1126 1132
1126 1148
1126 1159
1126 1170
1126 1181
1126 1192
1126 1247
1127 38
1127 280
1127 522
1127 643
1127 885
1127 1006
1127 1094
1127 1116
1127 1122
1127 1125
1127 1126
1127 1130
1127 1131
1127 1132
1127 1138
1127 1149
1127 1160
1127 1171
1127 1193
1127 1204
1127 1248
1128 39
1128 281
1128 523
1128 644
1128 765
1128 886
1128 1106
1128 1117
1128 1122
1128 1123
1128 1124
1128 1125
1128 1126
1128 1127
1128 1129
1128 1130
1128 1131
1128 1139
1128 1161
1128 1172
1128 1183
1128 1194
1128 1205
1128 1249
1129 161
1129 282
1129 524
1129 645
1129 766
1129 887
1129 1008
1129 1096
1129 1122
1129 1123
1129 1124
1129 1125
1129 1126
1129 1127
1129 1128
1129 1131
1129 1132
1129 1162
1129 1173
1129 1184
1129 1195
1129 1250
1130 162
1130 283
1130 404
1130 767
1130 888
1130 1009
1130 1097
1130 1108
1130 1122
1130 1124
1130 1125
1130 1126
1130 1127
1130 1129
1130 1131
1130 1132
1130 1141
1130 1152
1130 1174
1130 1185
1130 1196
1130 1207
1130 1251
1131 42
1131 284
1131 405
1131 526
1131 647
1131 768
1131 889
1131 1109
1131 1120
1131 1123
1131 1124
1131 1125
1131 1126
1131 1128
1131 1129
1131 1130
1131 1132
1131 1142
1131 1153
1131 1175
1131 1186
1131 1197
1131 1252
1132 43
1132 406
1132 527
1132 648
1132 1011
1132 1099
1132 1110
1132 1123
1132 1124
1132 1126
1132 1127
1132 1128
1132 1129
1132 1130
1132 1143
1132 1154
1132 1165
1132 1198
1132 1209
1132 1253
1133 44
1133 286
1133 407
1133 528
1133 649
1133 770
1133 891
1133 1012
1133 1111
1133 1122
1133 1135
1133 1136
1133 1138
1133 1139
1133 1140
1133 1143
1133 1144
1133 1155
1133 1166
1133 1177
1133 1188
1133 1199
1133 1254
1134 45
1134 166
1134 287
1134 408
1134 529
1134 650
1134 771
1134 892
1134 1013
1134 1090
1134 1101
1134 1112
1134 1123
1134 1133
1134 1136
1134 1139
1134 1140
1134 1142
1134 1143
1134 1156
1134 1167
1134 1178
1134 1189
1135 46
1135 167
1135 288
1135 409
1135 530
1135 651
1135 772
1135 1014
1135 1091
1135 1102
1135 1113
1135 1134
1135 1136
1135 1137
1135 1138
1135 1139
1135 1140
1135 1141
1135 1142
1135 1157
1135 1168
1135 1179
1135 1190
1135 1256
1136 47
1136 168
1136 289
1136 652
1136 894
1136 1092
1136 1103
1136 1114
1136 1125
1136 1133
1136 1135
1136 1138
1136 1139
1136 1140
1136 1141
1136 1142
1136 1143
1136 1158
1136 1180
1136 1191
1136 1202
1136 1257
1137 169
1137 290
1137 411
1137 532
1137 774
1137 1093
1137 1104
1137 1115
1137 1126
1137 1133
1137 1134
1137 1136
1137 1138
1137 1140
1137 1141
1137 1143
1137 1148
1137 1159
1137 1170
1137 1192
1138 170
1138 291
1138 412
1138 533
1138 654
1138 775
1138 1017
1138 1127
1138 1133
1138 1134
1138 1135
1138 1136
1138 1137
1138 1140
1138 1141
1138 1143
1138 1149
1138 1160
1138 1182
1138 1193
1138 1204
1139 292
1139 413
1139 534
1139 655
1139 776
1139 897
1139 1106
1139 1117
1139 1128
1139 1133
1139 1135
1139 1136
1139 1137
1139 1138
1139 1140
1139 1141
1139 1142
1139 1143
1139 1150
1139 1172
1139 1183
1139 1194
1139 1205
1139 1260
1140 51
1140 172
1140 293
1140 414
1140 656
1140 777
1140 898
1140 1019
1140 1096
1140 1107
1140 1118
1140 1129
1140 1133
1140 1134
1140 1135
1140 1139
1140 1141
1140 1142
1140 1151
1140 1162
1140 1206
1140 1261
1141 52
1141 173
1141 294
1141 415
1141 536
1141 657
1141 778
1141 899
1141 1020
1141 1097
1141 1108
1141 1119
1141 1130
1141 1133
1141 1134
1141 1135
1141 1136
1141 1139
1141 1140
1141 1142
1141 1143
1141 1152
1141 1163
1141 1185
1141 1207
1142 53
1142 295
1142 416
1142 537
1142 779
1142 1021
1142 1109
1142 1120
1142 1131
1142 1133
1142 1136
1142 1137
1142 1138
1142 1139
1142 1141
1142 1143
1142 1153
1142 1164
1142 1186
1142 1197
1142 1263
1143 175
1143 296
1143 417
1143 659
1143 780
1143 901
1143 1022
1143 1110
1143 1134
1143 1135
1143 1136
1143 1137
1143 1138
1143 1140
1143 1141
1143 1142
1143 1187
1143 1198
1143 1209
1143 1264
1144 55
1144 297
1144 418
1144 539
1144 660
1144 781
1144 1023
1144 1089
1144 1100
1144 1111
1144 1122
1144 1133
1144 1145
1144 1146
1144 1147
1144 1148
1144 1149
1144 1150
1144 1151
1144 1152
1144 1153
1144 1155
1144 1166
1144 1177
1144 1188
1144 1199
1144 1265
1145 419
1145 540
1145 661
1145 782
1145 903
1145 1024
1145 1090
1145 1101
1145 1112
1145 1123
1145 1134
1145 1144
1145 1146
1145 1148
1145 1149
1145 1150
1145 1151
1145 1152
1145 1153
1145 1154
1145 1156
1145 1167
1145 1178
1145 1189
1145 1200
1145 1266
1146 57
1146 299
1146 420
1146 662
1146 783
1146 904
1146 1025
1146 1102
1146 1113
1146 1135
1146 1145
1146 1147
1146 1148
1146 1149
1146 1150
1146 1152
1146 1153
1146 1154
1146 1157
1146 1168
1146 1179
1146 1190
1147 58
1147 179
1147 300
1147 542
1147 784
1147 905
1147 1026
1147 1092
1147 1103
1147 1114
1147 1125
1147 1136
1147 1144
1147 1145
1147 1146
1147 1148
1147 1149
1147 1150
1147 1151
1147 1152
1147 1153
1147 1154
1147 1158
1147 1169
1147 1180
1147 1191
1147 1202
1147 1268
1148 59
1148 180
1148 301
1148 422
1148 543
1148 664
1148 785
1148 906
1148 1027
1148 1115
1148 1126
1148 1137
1148 1146
1148 1151
1148 1152
1148 1153
1148 1154
1148 1159
1148 1181
1148 1192
1148 1203
1148 1269
1149 60
1149 181
1149 302
1149 423
1149 544
1149 665
1149 907
1149 1028
1149 1094
1149 1116
1149 1138
1149 1144
1149 1146
1149 1147
1149 1148
1149 1150
1149 1152
1149 1154
1149 1160
1149 1171
1149 1182
1149 1270
1150 61
1150 182
1150 303
1150 424
1150 666
1150 787
1150 908
1150 1029
1150 1095
1150 1106
1150 1117
1150 1128
1150 1144
1150 1146
1150 1147
1150 1148
1150 1149
1150 1151
1150 1152
1150 1153
1150 1154
1150 1172
1150 1183
1150 1194
1150 1271
1151 62
1151 183
1151 304
1151 425
1151 546
1151 667
1151 788
1151 909
1151 1107
1151 1118
1151 1129
1151 1140
1151 1144
1151 1145
1151 1146
1151 1148
1151 1149
1151 1152
1151 1154
1151 1173
1151 1184
1151 1195
1151 1206
1151 1272
1152 184
1152 426
1152 547
1152 789
1152 910
1152 1108
1152 1119
1152 1130
1152 1141
1152 1146
1152 1147
1152 1148
1152 1150
1152 1151
1152 1185
1152 1196
1152 1207
1152 1273
1153 64
1153 185
1153 306
1153 427
1153 548
1153 669
1153 790
1153 1032
1153 1131
1153 1144
1153 1145
1153 1147
1153 1149
1153 1150
1153 1151
1153 1152
1153 1154
1153 1164
1153 1175
1153 1208
1153 1274
1154 65
1154 307
1154 428
1154 670
1154 791
1154 912
1154 1033
1154 1099
1154 1110
1154 1121
1154 1132
1154 1143
1154 1144
1154 1145
1154 1148
1154 1149
1154 1150
1154 1151
1154 1152
1154 1165
1154 1176
1154 1187
1154 1198
1154 1209
1154 1275
1155 66
1155 187
1155 308
1155 429
1155 671
1155 792
1155 913
1155 1089
1155 1122
1155 1133
1155 1144
1155 1156
1155 1157
1155 1159
1155 1160
1155 1161
1155 1162
1155 1163
1155 1165
1155 1166
1155 1188
1155 1276
1156 67
1156 309
1156 551
1156 672
1156 793
1156 1035
1156 1090
1156 1101
1156 1134
1156 1158
1156 1159
1156 1161
1156 1163
1156 1164
1156 1165
1156 1178
1156 1189
1157 310
1157 431
1157 552
1157 673
1157 794
1157 1036
1157 1113
1157 1146
1157 1156
1157 1161
1157 1162
1157 1163
1157 1164
1157 1168
1157 1179
1157 1190
1157 1278
1158 69
1158 190
1158 311
1158 432
1158 553
1158 674
1158 916
1158 1092
1158 1114
1158 1125
1158 1136
1158 1147
1158 1155
1158 1156
1158 1157
1158 1159
1158 1161
1158 1162
1158 1163
1158 1164
1158 1165
1158 1169
1158 1202
1158 1279
1159 70
1159 191
1159 312
1159 554
1159 796
1159 917
1159 1038
1159 1093
1159 1115
1159 1148
1159 1156
1159 1157
1159 1160
1159 1161
1159 1162
1159 1163
1159 1164
1159 1165
1159 1170
1159 1181
1159 1192
1159 1203
1159 1280
1160 71
1160 192
1160 434
1160 555
1160 676
1160 797
1160 1039
1160 1094
1160 1105
1160 1116
1160 1127
1160 1138
1160 1149
1160 1155
1160 1156
1160 1157
1160 1158
1160 1159
1160 1161
1160 1162
1160 1163
1160 1165
1160 1182
1160 1281
1161 193
1161 314
1161 435
1161 556
1161 798
1161 919
1161 1139
1161 1150
1161 1155
1161 1157
1161 1158
1161 1160
1161 1162
1161 1163
1161 1165
1161 1172
1161 1183
1161 1194
1161 1205
1161 1282
1162 73
1162 194
1162 315
1162 436
1162 557
1162 799
1162 920
1162 1041
1162 1107
1162 1118
1162 1129
1162 1140
1162 1151
1162 1155
1162 1156
1162 1157
1162 1158
1162 1161
1162 1163
1162 1164
1162 1165
1162 1173
1162 1184
1162 1195
1162 1206
1162 1283
1163 195
1163 316
1163 437
1163 558
1163 679
1163 800
1163 921
1163 1042
1163 1097
1163 1108
1163 1119
1163 1130
1163 1152
1163 1157
1163 1159
1163 1160
1163 1162
1163 1164
1163 1174
1163 1185
1163 1196
1163 1284
1164 75
1164 196
1164 317
1164 559
1164 680
1164 922
1164 1043
1164 1098
1164 1109
1164 1120
1164 1131
1164 1142
1164 1155
1164 1156
1164 1157
1164 1158
1164 1159
1164 1160
1164 1161
1164 1162
1164 1163
1164 1208
1165 76
1165 197
1165 439
1165 560
1165 681
1165 802
1165 1044
1165 1110
1165 1121
1165 1132
1165 1143
1165 1154
1165 1155
1165 1156
1165 1157
1165 1158
1165 1159
1165 1160
1165 1161
1165 1163
1165 1164
1165 1176
1166 77
1166 319
1166 440
1166 561
1166 803
1166 924
1166 1045
1166 1089
1166 1111
1166 1122
1166 1133
1166 1144
1166 1155
1166 1168
1166 1169
1166 1170
1166 1171
1166 1174
1166 1175
1166 1176
1166 1177
1166 1188
1166 1199
1166 1287
1167 78
1167 320
1167 562
1167 683
1167 804
1167 925
1167 1046
1167 1090
1167 1112
1167 1134
1167 1156
1167 1166
1167 1168
1167 1169
1167 1170
1167 1172
1167 1174
1167 1175
1167 1176
1167 1178
1167 1189
1167 1288
1168 79
1168 200
1168 321
1168 442
1168 563
1168 684
1168 1091
1168 1102
1168 1124
1168 1157
1168 1169
1168 1170
1168 1174
1168 1175
1168 1176
1168 1179
1169 80
1169 201
1169 322
1169 443
1169 564
1169 685
1169 806
1169 927
1169 1048
1169 1092
1169 1114
1169 1136
1169 1158
1169 1167
1169 1168
1169 1170
1169 1171
1169 1172
1169 1173
1169 1174
1169 1175
1169 1176
1169 1180
1169 1191
1169 1202
1170 81
1170 202
1170 323
1170 444
1170 565
1170 686
1170 807
1170 928
1170 1093
1170 1104
1170 1115
1170 1148
1170 1159
1170 1166
1170 1168
1170 1169
1170 1171
1170 1173
1170 1174
1170 1175
1170 1176
1170 1181
1170 1192
1170 1203
1171 82
1171 203
1171 324
1171 445
1171 687
1171 808
1171 1050
1171 1105
1171 1116
1171 1127
1171 1138
1171 1160
1171 1166
1171 1167
1171 1168
1171 1169
1171 1170
1171 1172
1171 1173
1171 1174
1171 1175
1171 1204
1171 1292
1172 446
1172 567
1172 688
1172 809
1172 930
1172 1095
1172 1128
1172 1139
1172 1150
1172 1161
1172 1166
1172 1167
1172 1168
1172 1170
1172 1171
1172 1174
1172 1175
1172 1183
1172 1205
1173 84
1173 205
1173 447
1173 568
1173 810
1173 1052
1173 1107
1173 1118
1173 1140
1173 1151
1173 1166
1173 1167
1173 1168
1173 1169
1173 1170
1173 1171
1173 1172
1173 1174
1173 1175
1173 1176
1173 1184
1173 1206
1173 1294
1174 85
1174 206
1174 448
1174 569
1174 690
1174 811
1174 932
1174 1053
1174 1097
1174 1108
1174 1119
1174 1130
1174 1141
1174 1152
1174 1163
1174 1167
1174 1169
1174 1170
1174 1171
1174 1172
1174 1175
1174 1207
1174 1295
1175 86
1175 328
1175 449
1175 570
1175 691
1175 1054
1175 1109
1175 1131
1175 1142
1175 1164
1175 1166
1175 1168
1175 1169
1175 1171
1175 1176
1175 1186
1175 1197
1175 1208
1175 1296
1176 87
1176 329
1176 450
1176 571
1176 692
1176 813
1176 934
1176 1055
1176 1121
1176 1132
1176 1143
1176 1154
1176 1166
1176 1167
1176 1168
1176 1169
1176 1171
1176 1172
1176 1173
1176 1174
1176 1175
1176 1198
1176 1209
1176 1297
1177 88
1177 209
1177 330
1177 572
1177 693
1177 814
1177 935
1177 1056
1177 1089
1177 1100
1177 1111
1177 1122
1177 1133
1177 1155
1177 1166
1177 1178
1177 1179
1177 1180
1177 1181
1177 1182
1177 1183
1177 1184
1177 1185
1177 1186
1177 1187
1177 1199
1177 1298
1178 210
1178 331
1178 452
1178 573
1178 694
1178 815
1178 936
1178 1090
1178 1112
1178 1123
1178 1145
1178 1177
1178 1179
1178 1180
1178 1181
1178 1182
1178 1183
1178 1184
1178 1185
1178 1186
1178 1187
1178 1189
1179 90
1179 211
1179 332
1179 453
1179 695
1179 816
1179 1058
1179 1091
1179 1102
1179 1113
1179 1124
1179 1135
1179 1157
1179 1168
1179 1177
1179 1182
1179 1183
1179 1185
1179 1186
1179 1187
1179 1190
1179 1201
1179 1300
1180 91
1180 212
1180 333
1180 454
1180 696
1180 817
1180 1059
1180 1092
1180 1103
1180 1114
1180 1147
1180 1158
1180 1169
1180 1177
1180 1179
1180 1181
1180 1182
1180 1183
1180 1184
1180 1186
1180 1187
1180 1191
1180 1202
1180 1301
1181 213
1181 334
1181 576
1181 939
1181 1060
1181 1093
1181 1104
1181 1126
1181 1137
1181 1148
1181 1159
1181 1170
1181 1177
1181 1179
1181 1180
1181 1183
1181 1184
1181 1185
1181 1186
1181 1187
1181 1203
1181 1302
1182 93
1182 214
1182 335
1182 456
1182 577
1182 698
1182 819
1182 940
1182 1094
1182 1116
1182 1127
1182 1149
1182 1171
1182 1177
1182 1179
1182 1180
1182 1181
1182 1183
1182 1184
1182 1185
1182 1186
1182 1187
1182 1193
1182 1204
1182 1303
1183 94
1183 215
1183 336
1183 457
1183 578
1183 941
1183 1062
1183 1106
1183 1117
1183 1128
1183 1150
1183 1161
1183 1178
1183 1179
1183 1180
1183 1182
1183 1184
1183 1185
1183 1186
1183 1187
1183 1194
1183 1205
1183 1304
1184 95
1184 216
1184 458
1184 579
1184 700
1184 821
1184 942
1184 1096
1184 1129
1184 1140
1184 1162
1184 1173
1184 1177
1184 1178
1184 1179
1184 1180
1184 1182
1184 1185
1184 1186
1184 1187
1184 1206
1184 1305
1185 96
1185 217
1185 338
1185 822
1185 1064
1185 1097
1185 1119
1185 1141
1185 1152
1185 1163
1185 1174
1185 1177
1185 1179
1185 1180
1185 1181
1185 1182
1185 1186
1185 1187
1185 1196
1185 1207
1186 218
1186 339
1186 581
1186 702
1186 944
1186 1065
1186 1098
1186 1109
1186 1153
1186 1164
1186 1175
1186 1177
1186 1179
1186 1183
1186 1184
1186 1185
1186 1187
1186 1208
1186 1307
1187 461
1187 582
1187 703
1187 824
1187 945
1187 1066
1187 1121
1187 1132
1187 1143
1187 1165
1187 1176
1187 1177
1187 1178
1187 1179
1187 1180
1187 1181
1187 1182
1187 1183
1187 1184
1187 1185
1187 1186
1187 1198
1187 1308
1188 220
1188 341
1188 462
1188 704
1188 946
1188 1089
1188 1100
1188 1111
1188 1155
1188 1177
1188 1189
1188 1190
1188 1191
1188 1192
1188 1193
1188 1195
1188 1196
1188 1197
1188 1198
1188 1199
1188 1309
1189 584
1189 705
1189 826
1189 1090
1189 1112
1189 1123
1189 1134
1189 1156
1189 1188
1189 1191
1189 1192
1189 1193
1189 1195
1189 1196
1189 1198
1189 1200
1189 1310
1190 101
1190 464
1190 706
1190 827
1190 1091
1190 1102
1190 1113
1190 1124
1190 1135
1190 1157
1190 1168
1190 1179
1190 1188
1190 1189
1190 1192
1190 1193
1190 1194
1190 1196
1190 1197
1190 1201
1191 102
1191 344
1191 465
1191 707
1191 828
1191 949
1191 1103
1191 1136
1191 1147
1191 1158
1191 1169
1191 1180
1191 1188
1191 1190
1191 1192
1191 1193
1191 1196
1191 1197
1191 1198
1191 1202
1192 103
1192 224
1192 345
1192 466
1192 708
1192 950
1192 1071
1192 1093
1192 1104
1192 1137
1192 1148
1192 1181
1192 1188
1192 1191
1192 1193
1192 1194
1192 1197
1192 1198
1192 1203
1193 104
1193 225
1193 346
1193 467
1193 709
1193 951
1193 1105
1193 1116
1193 1127
1193 1138
1193 1149
1193 1160
1193 1171
1193 1182
1193 1188
1193 1189
1193 1192
1193 1194
1193 1195
1193 1198
1193 1204
1194 105
1194 226
1194 347
1194 589
1194 710
1194 831
1194 952
1194 1073
1194 1128
1194 1139
1194 1150
1194 1161
1194 1172
1194 1188
1194 1189
1194 1190
1194 1191
1194 1193
1194 1195
1194 1196
1194 1197
1194 1205
1194 1315
1195 106
1195 227
1195 469
1195 832
1195 953
1195 1074
1195 1096
1195 1107
1195 1118
1195 1140
1195 1162
1195 1173
1195 1184
1195 1188
1195 1189
1195 1190
1195 1191
1195 1192
1195 1193
1195 1194
1195 1196
1195 1197
1196 107
1196 349
1196 470
1196 591
1196 712
1196 833
1196 954
1196 1097
1196 1108
1196 1130
1196 1141
1196 1152
1196 1163
1196 1174
1196 1188
1196 1191
1196 1192
1196 1193
1196 1194
1196 1197
1196 1198
1196 1207
1196 1317
1197 108
1197 229
1197 350
1197 471
1197 592
1197 713
1197 834
1197 955
1197 1076
1197 1109
1197 1120
1197 1131
1197 1153
1197 1164
1197 1175
1197 1186
1197 1189
1197 1190
1197 1191
1197 1192
1197 1193
1197 1194
1197 1195
1197 1196
1197 1198
1197 1208
1197 1318
1198 109
1198 230
1198 351
1198 472
1198 593
1198 714
1198 835
1198 1077
1198 1099
1198 1110
1198 1132
1198 1143
1198 1154
1198 1165
1198 1176
1198 1189
1198 1190
1198 1191
1198 1192
1198 1193
1198 1194
1198 1195
1198 1196
1198 1319
1199 231
1199 352
1199 473
1199 594
1199 715
1199 957
1199 1078
1199 1100
1199 1111
1199 1122
1199 1133
1199 1155
1199 1177
1199 1201
1199 1203
1199 1204
1199 1205
1199 1206
1199 1209
1200 232
1200 353
1200 474
1200 595
1200 716
1200 837
1200 1079
1200 1090
1200 1101
1200 1112
1200 1123
1200 1134
1200 1145
1200 1156
1200 1167
1200 1178
1200 1199
1200 1202
1200 1203
1200 1204
1200 1205
1200 1206
1200 1207
1200 1321
1201 233
1201 354
1201 475
1201 596
1201 717
1201 838
1201 959
1201 1080
1201 1091
1201 1102
1201 1113
1201 1135
1201 1146
1201 1157
1201 1168
1201 1179
1201 1199
1201 1200
1201 1202
1201 1204
1201 1205
1201 1207
1201 1322
1202 234
1202 355
1202 476
1202 718
1202 1092
1202 1103
1202 1114
1202 1158
1202 1169
1202 1199
1202 1203
1202 1204
1202 1205
1202 1206
1202 1207
1202 1208
1202 1209
1202 1323
1203 114
1203 235
1203 356
1203 598
1203 840
1203 961
1203 1093
1203 1104
1203 1115
1203 1126
1203 1137
1203 1148
1203 1170
1203 1181
1203 1199
1203 1200
1203 1201
1203 1202
1203 1204
1203 1205
1203 1206
1203 1207
1203 1209
1203 1324
1204 115
1204 236
1204 357
1204 599
1204 720
1204 962
1204 1083
1204 1094
1204 1116
1204 1127
1204 1149
1204 1160
1204 1193
1204 1200
1204 1202
1204 1205
1204 1208
1204 1209
1204 1325
1205 116
1205 237
1205 358
1205 479
1205 600
1205 721
1205 842
1205 963
1205 1084
1205 1095
1205 1150
1205 1172
1205 1183
1205 1200
1205 1201
1205 1202
1205 1206
1205 1207
1206 117
1206 359
1206 601
1206 722
1206 964
1206 1085
1206 1096
1206 1107
1206 1129
1206 1140
1206 1151
1206 1195
1206 1199
1206 1201
1206 1202
1206 1204
1206 1205
1206 1207
1206 1209
1206 1327
1207 118
1207 239
1207 360
1207 723
1207 844
1207 965
1207 1108
1207 1119
1207 1152
1207 1163
1207 1174
1207 1196
1207 1199
1207 1200
1207 1201
1207 1203
1207 1204
1207 1206
1207 1208
1207 1209
1207 1328
1208 119
1208 240
1208 482
1208 603
1208 724
1208 845
1208 966
1208 1087
1208 1098
1208 1109
1208 1120
1208 1131
1208 1142
1208 1153
1208 1164
1208 1175
1208 1186
1208 1197
1208 1199
1208 1200
1208 1201
1208 1202
1208 1203
1208 1204
1208 1205
1208 1206
1208 1209
1209 120
1209 241
1209 362
1209 725
1209 846
1209 1088
1209 1099
1209 1110
1209 1121
1209 1132
1209 1143
1209 1154
1209 1165
1209 1176
1209 1187
1209 1198
1209 1200
1209 1201
1209 1202
1209 1203
1209 1204
1209 1205
1209 1206
1209 1207
1209 1208
1209 1330
1210 0
1210 121
1210 363
1210 484
1210 605
1210 726
1210 847
1210 1089
1210 1212
1210 1213
1210 1215
1210 1216
1210 1217
1210 1219
1210 1220
1210 1221
1210 1243
1210 1254
1210 1265
1210 1276
1210 1298
1210 1309
1210 1320
1211 122
1211 243
1211 364
1211 606
1211 727
1211 848
1211 969
1211 1210
1211 1212
1211 1213
1211 1215
1211 1216
1211 1217
1211 1220
1211 1222
1211 1233
1211 1244
1211 1255
1211 1266
1211 1288
1211 1299
1211 1310
1211 1321
1212 2
1212 123
1212 244
1212 365
1212 486
1212 728
1212 849
1212 970
1212 1091
1212 1210
1212 1213
1212 1214
1212 1216
1212 1218
1212 1219
1212 1220
1212 1223
1212 1234
1212 1245
1212 1256
1212 1267
1212 1289
1212 1300
1212 1311
1212 1322
1213 124
1213 245
1213 366
1213 487
1213 608
1213 729
1213 850
1213 971
1213 1211
1213 1212
1213 1214
1213 1215
1213 1217
1213 1218
1213 1219
1213 1220
1213 1224
1213 1235
1213 1246
1213 1257
1213 1268
1213 1279
1213 1301
1213 1312
1214 4
1214 125
1214 488
1214 609
1214 730
1214 851
1214 972
1214 1210
1214 1211
1214 1212
1214 1215
1214 1216
1214 1217
1214 1218
1214 1219
1214 1220
1214 1225
1214 1236
1214 1258
1214 1269
1214 1280
1214 1291
1214 1302
1214 1313
1214 1324
1215 5
1215 126
1215 247
1215 368
1215 489
1215 610
1215 731
1215 1094
1215 1210
1215 1211
1215 1212
1215 1213
1215 1214
1215 1216
1215 1218
1215 1219
1215 1220
1215 1226
1215 1237
1215 1248
1215 1259
1215 1270
1215 1292
1215 1303
1215 1314
1216 6
1216 127
1216 248
1216 369
1216 611
1216 732
1216 974
1216 1095
1216 1210
1216 1211
1216 1212
1216 1213
1216 1214
1216 1215
1216 1217
1216 1219
1216 1220
1216 1227
1216 1238
1216 1249
1216 1260
1216 1271
1216 1282
1216 1293
1216 1304
1216 1326
1217 7
1217 128
1217 249
1217 370
1217 491
1217 612
1217 733
1217 854
1217 975
1217 1096
1217 1210
1217 1212
1217 1214
1217 1215
1217 1216
1217 1219
1217 1228
1217 1239
1217 1272
1217 1283
1217 1327
1218 8
1218 129
1218 250
1218 371
1218 492
1218 613
1218 734
1218 855
1218 976
1218 1097
1218 1210
1218 1211
1218 1212
1218 1213
1218 1215
1218 1216
1218 1217
1218 1219
1218 1220
1218 1229
1218 1240
1218 1251
1218 1262
1218 1284
1218 1295
1218 1317
1218 1328
1219 9
1219 130
1219 251
1219 493
1219 614
1219 735
1219 1098
1219 1211
1219 1212
1219 1213
1219 1215
1219 1216
1219 1217
1219 1218
1219 1220
1219 1241
1219 1252
1219 1307
1219 1318
1220 10
1220 131
1220 252
1220 373
1220 494
1220 615
1220 736
1220 857
1220 978
1220 1210
1220 1211
1220 1212
1220 1213
1220 1214
1220 1215
1220 1216
1220 1217
1220 1218
1220 1219
1220 1231
1220 1242
1220 1253
1220 1275
1220 1286
1220 1297
1220 1319
1220 1330
1221 11
1221 132
1221 253
1221 495
1221 616
1221 737
1221 858
1221 979
1221 1100
1221 1210
1221 1222
1221 1223
1221 1226
1221 1228
1221 1229
1221 1231
1221 1232
1221 1243
1221 1265
1221 1276
1221 1298
1221 1309
1221 1320
1222 133
1222 254
1222 375
1222 496
1222 617
1222 738
1222 859
1222 980
1222 1101
1222 1211
1222 1223
1222 1224
1222 1226
1222 1227
1222 1228
1222 1229
1222 1230
1222 1244
1222 1255
1222 1277
1222 1288
1222 1299
1222 1310
1222 1321
1223 13
1223 255
1223 497
1223 618
1223 739
1223 860
1223 1102
1223 1221
1223 1224
1223 1225
1223 1227
1223 1228
1223 1229
1223 1230
1223 1234
1223 1245
1223 1278
1223 1289
1223 1300
1223 1311
1223 1322
1224 14
1224 135
1224 256
1224 377
1224 498
1224 740
1224 861
1224 1103
1224 1213
1224 1221
1224 1222
1224 1223
1224 1225
1224 1227
1224 1230
1224 1231
1224 1235
1224 1246
1224 1257
1224 1268
1224 1290
1224 1312
1224 1323
1225 136
1225 378
1225 620
1225 741
1225 1104
1225 1214
1225 1221
1225 1222
1225 1223
1225 1224
1225 1226
1225 1227
1225 1228
1225 1230
1225 1231
1225 1236
1225 1247
1225 1258
1225 1269
1225 1280
1225 1291
1225 1302
1225 1313
1225 1324
1226 137
1226 258
1226 379
1226 500
1226 621
1226 742
1226 984
1226 1105
1226 1215
1226 1221
1226 1223
1226 1224
1226 1228
1226 1229
1226 1230
1226 1231
1226 1237
1226 1248
1226 1259
1226 1270
1226 1281
1226 1292
1226 1303
1226 1325
1227 17
1227 138
1227 259
1227 380
1227 501
1227 743
1227 864
1227 985
1227 1106
1227 1216
1227 1221
1227 1222
1227 1224
1227 1225
1227 1226
1227 1229
1227 1238
1227 1260
1227 1271
1227 1282
1227 1315
1227 1326
1228 18
1228 260
1228 381
1228 623
1228 744
1228 986
1228 1217
1228 1221
1228 1222
1228 1223
1228 1224
1228 1226
1228 1227
1228 1229
1228 1230
1228 1231
1228 1261
1228 1272
1228 1283
1228 1305
1228 1316
1228 1327
1229 19
1229 261
1229 382
1229 503
1229 624
1229 745
1229 866
1229 987
1229 1108
1229 1221
1229 1222
1229 1223
1229 1224
1229 1225
1229 1227
1229 1231
1229 1240
1229 1251
1229 1262
1229 1273
1229 1284
1229 1295
1229 1317
1229 1328
1230 20
1230 141
1230 262
1230 504
1230 625
1230 746
1230 867
1230 988
1230 1109
1230 1219
1230 1221
1230 1222
1230 1223
1230 1224
1230 1226
1230 1227
1230 1229
1230 1231
1230 1241
1230 1252
1230 1263
1230 1274
1230 1296
1230 1318
1230 1329
1231 21
1231 142
1231 263
1231 505
1231 626
1231 868
1231 989
1231 1222
1231 1223
1231 1224
1231 1225
1231 1226
1231 1227
1231 1230
1231 1242
1231 1253
1231 1264
1231 1275
1231 1286
1231 1297
1231 1308
1232 22
1232 264
1232 385
1232 506
1232 627
1232 869
1232 990
1232 1111
1232 1210
1232 1221
1232 1233
1232 1234
1232 1236
1232 1237
1232 1238
1232 1239
1232 1240
1232 1241
1232 1242
1232 1243
1232 1254
1232 1265
1232 1276
1232 1287
1232 1309
1233 23
1233 265
1233 386
1233 507
1233 628
1233 749
1233 870
1233 1112
1233 1211
1233 1222
1233 1235
1233 1238
1233 1240
1233 1242
1233 1244
1233 1255
1233 1266
1233 1288
1233 1310
1233 1321
1234 24
1234 145
1234 266
1234 387
1234 508
1234 629
1234 750
1234 871
1234 992
1234 1113
1234 1232
1234 1233
1234 1235
1234 1236
1234 1237
1234 1238
1234 1239
1234 1240
1234 1241
1234 1242
1234 1245
1234 1256
1234 1267
1234 1278
1234 1311
1234 1322
1235 267
1235 388
1235 509
1235 630
1235 751
1235 872
1235 993
1235 1114
1235 1213
1235 1224
1235 1232
1235 1233
1235 1234
1235 1237
1235 1238
1235 1240
1235 1241
1235 1246
1235 1257
1235 1268
1235 1279
1235 1290
1235 1301
1235 1312
1235 1323
1236 26
1236 268
1236 752
1236 873
1236 994
1236 1115
1236 1225
1236 1232
1236 1233
1236 1235
1236 1239
1236 1240
1236 1241
1236 1247
1236 1258
1236 1291
1236 1302
1236 1313
1236 1324
1237 27
1237 269
1237 390
1237 511
1237 753
1237 874
1237 995
1237 1116
1237 1233
1237 1235
1237 1236
1237 1238
1237 1240
1237 1241
1237 1242
1237 1259
1237 1270
1237 1281
1237 1292
1237 1314
1237 1325
1238 28
1238 149
1238 270
1238 633
1238 754
1238 875
1238 996
1238 1117
1238 1232
1238 1233
1238 1235
1238 1236
1238 1237
1238 1239
1238 1240
1238 1242
1238 1249
1238 1260
1238 1282
1238 1293
1238 1304
1239 150
1239 271
1239 513
1239 634
1239 876
1239 1228
1239 1233
1239 1234
1239 1235
1239 1236
1239 1237
1239 1240
1239 1241
1239 1242
1239 1250
1239 1261
1239 1294
1239 1305
1239 1316
1239 1327
1240 30
1240 151
1240 393
1240 635
1240 756
1240 877
1240 998
1240 1119
1240 1218
1240 1232
1240 1233
1240 1235
1240 1237
1240 1239
1240 1242
1240 1251
1240 1262
1240 1284
1240 1306
1240 1317
1241 31
1241 152
1241 273
1241 394
1241 515
1241 636
1241 757
1241 878
1241 999
1241 1219
1241 1232
1241 1233
1241 1235
1241 1236
1241 1237
1241 1238
1241 1239
1241 1240
1241 1242
1241 1252
1241 1263
1241 1274
1241 1285
1241 1296
1241 1307
1241 1318
1242 32
1242 153
1242 274
1242 637
1242 758
1242 879
1242 1000
1242 1121
1242 1220
1242 1231
1242 1232
1242 1233
1242 1234
1242 1235
1242 1236
1242 1239
1242 1240
1242 1253
1242 1264
1242 1275
1242 1286
1242 1297
1242 1308
1242 1319
1242 1330
1243 33
1243 275
1243 396
1243 517
1243 638
1243 759
1243 880
1243 1001
1243 1210
1243 1221
1243 1232
1243 1244
1243 1245
1243 1246
1243 1247
1243 1248
1243 1249
1243 1250
1243 1251
1243 1253
1243 1254
1243 1265
1243 1276
1243 1298
1243 1309
1243 1320
1244 155
1244 276
1244 397
1244 518
1244 760
1244 881
1244 1002
1244 1222
1244 1233
1244 1243
1244 1246
1244 1248
1244 1249
1244 1251
1244 1252
1244 1253
1244 1266
1244 1299
1244 1310
1244 1321
1245 35
1245 398
1245 519
1245 640
1245 761
1245 1003
1245 1212
1245 1223
1245 1234
1245 1243
1245 1244
1245 1246
1245 1247
1245 1248
1245 1249
1245 1251
1245 1252
1245 1253
1245 1256
1245 1267
1245 1278
1245 1289
1245 1300
1245 1311
1245 1322
1246 36
1246 157
1246 278
1246 399
1246 520
1246 762
1246 883
1246 1004
1246 1125
1246 1213
1246 1224
1246 1235
1246 1244
1246 1245
1246 1247
1246 1248
1246 1249
1246 1250
1246 1251
1246 1252
1246 1257
1246 1268
1246 1290
1246 1301
1246 1312
1247 279
1247 521
1247 642
1247 763
1247 1005
1247 1126
1247 1214
1247 1225
1247 1236
1247 1243
1247 1244
1247 1245
1247 1246
1247 1248
1247 1251
1247 1252
1247 1253
1247 1269
1247 1280
1247 1302
1247 1313
1248 38
1248 280
1248 401
1248 643
1248 764
1248 885
1248 1006
1248 1127
1248 1237
1248 1243
1248 1244
1248 1245
1248 1246
1248 1247
1248 1250
1248 1251
1248 1259
1248 1270
1248 1281
1248 1292
1248 1314
1249 39
1249 160
1249 402
1249 523
1249 765
1249 886
1249 1128
1249 1216
1249 1227
1249 1238
1249 1244
1249 1245
1249 1247
1249 1248
1249 1250
1249 1251
1249 1252
1249 1253
1249 1282
1249 1293
1249 1304
1249 1315
1249 1326
1250 161
1250 282
1250 403
1250 524
1250 645
1250 766
1250 887
1250 1008
1250 1129
1250 1217
1250 1228
1250 1244
1250 1245
1250 1246
1250 1247
1250 1248
1250 1249
1250 1251
1250 1252
1250 1261
1250 1272
1250 1283
1250 1316
1250 1327
1251 41
1251 283
1251 404
1251 525
1251 767
1251 888
1251 1130
1251 1218
1251 1229
1251 1243
1251 1244
1251 1246
1251 1248
1251 1250
1251 1253
1251 1273
1251 1284
1251 1295
1252 163
1252 405
1252 526
1252 647
1252 1010
1252 1131
1252 1219
1252 1230
1252 1241
1252 1243
1252 1244
1252 1248
1252 1249
1252 1250
1252 1251
1252 1253
1252 1263
1252 1274
1252 1285
1252 1307
1252 1329
1253 43
1253 164
1253 285
1253 406
1253 527
1253 648
1253 890
1253 1011
1253 1220
1253 1231
1253 1243
1253 1245
1253 1246
1253 1247
1253 1248
1253 1249
1253 1250
1253 1252
1253 1264
1253 1275
1253 1286
1253 1297
1253 1319
1253 1330
1254 44
1254 165
1254 286
1254 407
1254 649
1254 770
1254 891
1254 1012
1254 1133
1254 1210
1254 1221
1254 1232
1254 1243
1254 1255
1254 1256
1254 1257
1254 1259
1254 1262
1254 1263
1254 1265
1254 1276
1254 1287
1254 1320
1255 45
1255 287
1255 408
1255 529
1255 650
1255 771
1255 892
1255 1013
1255 1134
1255 1211
1255 1222
1255 1244
1255 1254
1255 1256
1255 1257
1255 1258
1255 1261
1255 1263
1255 1264
1255 1266
1255 1277
1255 1288
1255 1299
1255 1310
1255 1321
1256 46
1256 167
1256 288
1256 409
1256 772
1256 893
1256 1014
1256 1212
1256 1223
1256 1234
1256 1245
1256 1254
1256 1255
1256 1257
1256 1258
1256 1259
1256 1260
1256 1261
1256 1262
1256 1264
1256 1278
1256 1289
1256 1300
1256 1311
1256 1322
1257 47
1257 168
1257 531
1257 652
1257 773
1257 1015
1257 1136
1257 1213
1257 1224
1257 1258
1257 1259
1257 1260
1257 1261
1257 1263
1257 1264
1257 1268
1257 1290
1258 290
1258 411
1258 532
1258 653
1258 774
1258 895
1258 1137
1258 1214
1258 1236
1258 1247
1258 1254
1258 1255
1258 1256
1258 1257
1258 1259
1258 1261
1258 1262
1258 1263
1258 1264
1258 1269
1258 1302
1258 1324
1259 170
1259 291
1259 412
1259 533
1259 654
1259 775
1259 896
1259 1017
1259 1138
1259 1226
1259 1237
1259 1254
1259 1255
1259 1261
1259 1262
1259 1263
1259 1281
1259 1292
1259 1325
1260 50
1260 171
1260 292
1260 534
1260 655
1260 897
1260 1018
1260 1139
1260 1216
1260 1249
1260 1254
1260 1255
1260 1256
1260 1258
1260 1259
1260 1261
1260 1262
1260 1263
1260 1264
1260 1282
1260 1293
1260 1304
1260 1315
1261 172
1261 293
1261 414
1261 656
1261 898
1261 1019
1261 1140
1261 1217
1261 1239
1261 1250
1261 1254
1261 1255
1261 1256
1261 1258
1261 1259
1261 1260
1261 1263
1261 1264
1261 1272
1261 1283
1261 1294
1261 1316
1261 1327
1262 52
1262 294
1262 415
1262 536
1262 778
1262 899
1262 1141
1262 1251
1262 1254
1262 1255
1262 1256
1262 1257
1262 1258
1262 1261
1262 1264
1262 1273
1262 1284
1262 1295
1262 1306
1262 1317
1262 1328
1263 53
1263 295
1263 416
1263 658
1263 900
1263 1021
1263 1219
1263 1230
1263 1241
1263 1252
1263 1254
1263 1255
1263 1256
1263 1258
1263 1260
1263 1261
1263 1262
1263 1264
1263 1285
1263 1307
1263 1329
1264 54
1264 296
1264 538
1264 780
1264 1022
1264 1143
1264 1220
1264 1242
1264 1253
1264 1254
1264 1256
1264 1258
1264 1259
1264 1261
1264 1275
1264 1286
1264 1297
1264 1308
1264 1319
1264 1330
1265 176
1265 297
1265 1023
1265 1144
1265 1210
1265 1232
1265 1243
1265 1254
1265 1268
1265 1269
1265 1271
1265 1276
1265 1287
1265 1320
1266 56
1266 298
1266 419
1266 540
1266 661
1266 782
1266 903
1266 1145
1266 1211
1266 1222
1266 1233
1266 1244
1266 1255
1266 1265
1266 1267
1266 1268
1266 1270
1266 1271
1266 1272
1266 1273
1266 1274
1266 1275
1266 1277
1266 1288
1266 1299
1266 1321
1267 57
1267 178
1267 420
1267 783
1267 904
1267 1025
1267 1146
1267 1212
1267 1223
1267 1234
1267 1256
1267 1265
1267 1268
1267 1269
1267 1270
1267 1272
1267 1273
1267 1274
1267 1275
1267 1300
1267 1311
1268 58
1268 179
1268 300
1268 421
1268 542
1268 663
1268 784
1268 1026
1268 1147
1268 1213
1268 1235
1268 1246
1268 1257
1268 1267
1268 1269
1268 1270
1268 1271
1268 1272
1268 1275
1268 1279
1268 1290
1268 1301
1268 1312
1269 180
1269 301
1269 543
1269 664
1269 785
1269 906
1269 1027
1269 1214
1269 1225
1269 1236
1269 1247
1269 1258
1269 1265
1269 1266
1269 1267
1269 1268
1269 1270
1269 1271
1269 1272
1269 1273
1269 1280
1269 1302
1269 1313
1269 1324
1270 60
1270 181
1270 302
1270 423
1270 544
1270 665
1270 786
1270 907
1270 1028
1270 1149
1270 1237
1270 1259
1270 1265
1270 1266
1270 1268
1270 1269
1270 1271
1270 1272
1270 1273
1270 1274
1270 1292
1270 1303
1270 1314
1271 61
1271 182
1271 303
1271 545
1271 787
1271 908
1271 1029
1271 1150
1271 1238
1271 1249
1271 1260
1271 1265
1271 1266
1271 1267
1271 1268
1271 1269
1271 1272
1271 1282
1271 1293
1271 1304
1271 1315
1271 1326
1272 183
1272 304
1272 425
1272 667
1272 909
1272 1228
1272 1239
1272 1250
1272 1261
1272 1265
1272 1267
1272 1268
1272 1269
1272 1271
1272 1274
1272 1275
1272 1283
1272 1294
1272 1305
1272 1316
1273 63
1273 184
1273 426
1273 547
1273 668
1273 789
1273 910
1273 1031
1273 1152
1273 1218
1273 1229
1273 1240
1273 1251
1273 1262
1273 1265
1273 1266
1273 1267
1273 1268
1273 1270
1273 1271
1273 1272
1273 1274
1273 1275
1273 1284
1273 1295
1274 64
1274 306
1274 427
1274 548
1274 790
1274 911
1274 1219
1274 1241
1274 1263
1274 1265
1274 1266
1274 1267
1274 1268
1274 1269
1274 1270
1274 1271
1274 1272
1274 1275
1274 1296
1274 1307
1274 1318
1274 1329
1275 65
1275 186
1275 307
1275 428
1275 549
1275 670
1275 791
1275 912
1275 1033
1275 1154
1275 1220
1275 1231
1275 1242
1275 1253
1275 1264
1275 1265
1275 1266
1275 1267
1275 1269
1275 1270
1275 1271
1275 1273
1275 1286
1275 1297
1275 1308
1275 1319
1275 1330
1276 66
1276 187
1276 308
1276 429
1276 550
1276 671
1276 792
1276 913
1276 1034
1276 1221
1276 1232
1276 1243
1276 1254
1276 1277
1276 1279
1276 1280
1276 1281
1276 1282
1276 1283
1276 1284
1276 1285
1276 1286
1276 1287
1276 1298
1276 1309
1276 1320
1277 67
1277 188
1277 430
1277 672
1277 793
1277 1156
1277 1211
1277 1222
1277 1233
1277 1244
1277 1255
1277 1266
1277 1278
1277 1279
1277 1280
1277 1281
1277 1282
1277 1283
1277 1285
1277 1286
1277 1310
1277 1321
1278 68
1278 431
1278 552
1278 673
1278 794
1278 1036
1278 1212
1278 1223
1278 1234
1278 1245
1278 1256
1278 1267
1278 1276
1278 1277
1278 1279
1278 1280
1278 1281
1278 1282
1278 1283
1278 1284
1278 1285
1278 1286
1278 1300
1278 1322
1279 69
1279 190
1279 311
1279 432
1279 674
1279 795
1279 916
1279 1213
1279 1224
1279 1235
1279 1246
1279 1257
1279 1268
1279 1277
1279 1278
1279 1282
1279 1283
1279 1284
1279 1285
1279 1290
1279 1301
1279 1312
1279 1323
1280 312
1280 796
1280 917
1280 1038
1280 1214
1280 1236
1280 1258
1280 1276
1280 1277
1280 1278
1280 1279
1280 1281
1280 1282
1280 1283
1280 1284
1280 1285
1280 1291
1280 1302
1280 1313
1280 1324
1281 71
1281 192
1281 313
1281 434
1281 676
1281 797
1281 918
1281 1160
1281 1215
1281 1226
1281 1237
1281 1248
1281 1259
1281 1270
1281 1276
1281 1278
1281 1279
1281 1280
1281 1282
1281 1283
1281 1284
1281 1286
1281 1303
1281 1314
1281 1325
1282 72
1282 193
1282 314
1282 556
1282 677
1282 798
1282 1040
1282 1216
1282 1227
1282 1238
1282 1249
1282 1271
1282 1277
1282 1278
1282 1279
1282 1281
1282 1283
1282 1286
1282 1304
1282 1315
1282 1326
1283 73
1283 436
1283 557
1283 799
1283 1041
1283 1162
1283 1217
1283 1239
1283 1250
1283 1261
1283 1272
1283 1276
1283 1277
1283 1279
1283 1280
1283 1282
1283 1284
1283 1285
1283 1286
1283 1316
1283 1327
1284 74
1284 316
1284 558
1284 800
1284 921
1284 1042
1284 1163
1284 1218
1284 1240
1284 1251
1284 1262
1284 1273
1284 1277
1284 1278
1284 1279
1284 1280
1284 1281
1284 1282
1284 1283
1284 1306
1284 1317
1284 1328
1285 75
1285 196
1285 438
1285 801
1285 1043
1285 1164
1285 1219
1285 1230
1285 1252
1285 1274
1285 1276
1285 1277
1285 1278
1285 1280
1285 1281
1285 1282
1285 1284
1285 1286
1285 1296
1285 1307
1285 1318
1285 1329
1286 76
1286 197
1286 318
1286 681
1286 923
1286 1165
1286 1264
1286 1276
1286 1277
1286 1279
1286 1280
1286 1281
1286 1282
1286 1283
1286 1284
1286 1285
1286 1308
1286 1319
1286 1330
1287 77
1287 440
1287 561
1287 924
1287 1045
1287 1166
1287 1210
1287 1221
1287 1243
1287 1254
1287 1288
1287 1291
1287 1292
1287 1294
1287 1296
1287 1297
1287 1298
1287 1309
1287 1320
1288 78
1288 199
1288 320
1288 441
1288 562
1288 804
1288 925
1288 1046
1288 1167
1288 1211
1288 1222
1288 1233
1288 1244
1288 1277
1288 1289
1288 1290
1288 1291
1288 1292
1288 1294
1288 1296
1288 1297
1288 1310
1288 1321
1289 79
1289 200
1289 321
1289 442
1289 563
1289 805
1289 926
1289 1047
1289 1168
1289 1212
1289 1223
1289 1234
1289 1256
1289 1267
1289 1278
1289 1287
1289 1288
1289 1290
1289 1291
1289 1293
1289 1294
1289 1295
1289 1296
1289 1297
1289 1300
1289 1311
1289 1322
1290 80
1290 322
1290 564
1290 806
1290 927
1290 1048
1290 1169
1290 1213
1290 1224
1290 1235
1290 1246
1290 1257
1290 1279
1290 1287
1290 1288
1290 1289
1290 1291
1290 1294
1290 1295
1290 1296
1290 1301
1290 1323
1291 202
1291 323
1291 444
1291 565
1291 686
1291 807
1291 928
1291 1049
1291 1170
1291 1214
1291 1236
1291 1247
1291 1258
1291 1269
1291 1287
1291 1292
1291 1293
1291 1294
1291 1295
1291 1296
1291 1297
1291 1302
1291 1313
1291 1324
1292 82
1292 324
1292 445
1292 566
1292 687
1292 808
1292 929
1292 1171
1292 1215
1292 1248
1292 1259
1292 1270
1292 1281
1292 1287
1292 1289
1292 1290
1292 1291
1292 1293
1292 1295
1292 1297
1292 1303
1292 1325
1293 204
1293 446
1293 567
1293 688
1293 809
1293 930
1293 1172
1293 1216
1293 1227
1293 1238
1293 1249
1293 1260
1293 1282
1293 1287
1293 1288
1293 1289
1293 1290
1293 1291
1293 1292
1293 1294
1293 1295
1293 1296
1293 1297
1293 1304
1293 1315
1293 1326
1294 84
1294 205
1294 447
1294 810
1294 1173
1294 1217
1294 1228
1294 1250
1294 1261
1294 1283
1294 1287
1294 1290
1294 1291
1294 1292
1294 1293
1294 1295
1294 1297
1294 1305
1294 1316
1294 1327
1295 85
1295 206
1295 448
1295 569
1295 690
1295 811
1295 932
1295 1053
1295 1174
1295 1240
1295 1251
1295 1262
1295 1284
1295 1287
1295 1288
1295 1289
1295 1290
1295 1292
1295 1293
1295 1296
1295 1297
1295 1317
1295 1328
1296 449
1296 570
1296 691
1296 812
1296 933
1296 1175
1296 1219
1296 1230
1296 1241
1296 1252
1296 1263
1296 1274
1296 1285
1296 1288
1296 1289
1296 1290
1296 1291
1296 1292
1296 1293
1296 1294
1296 1297
1297 87
1297 208
1297 329
1297 450
1297 571
1297 692
1297 813
1297 934
1297 1055
1297 1176
1297 1220
1297 1231
1297 1286
1297 1288
1297 1289
1297 1290
1297 1291
1297 1292
1297 1293
1297 1295
1297 1319
1298 209
1298 330
1298 572
1298 935
1298 1056
1298 1177
1298 1210
1298 1232
1298 1243
1298 1254
1298 1265
1298 1276
1298 1299
1298 1300
1298 1301
1298 1303
1298 1304
1298 1305
1298 1306
1298 1308
1298 1309
1298 1320
1299 210
1299 331
1299 452
1299 573
1299 694
1299 815
1299 936
1299 1178
1299 1222
1299 1233
1299 1244
1299 1266
1299 1277
1299 1288
1299 1298
1299 1301
1299 1302
1299 1303
1299 1307
1299 1308
1299 1310
1300 90
1300 211
1300 332
1300 453
1300 574
1300 695
1300 816
1300 937
1300 1058
1300 1212
1300 1223
1300 1234
1300 1256
1300 1267
1300 1289
1300 1298
1300 1299
1300 1301
1300 1302
1300 1303
1300 1304
1300 1305
1300 1306
1300 1308
1300 1311
1300 1322
1301 333
1301 454
1301 575
1301 696
1301 817
1301 1213
1301 1224
1301 1246
1301 1257
1301 1279
1301 1290
1301 1299
1301 1300
1301 1302
1301 1303
1301 1305
1301 1307
1301 1308
1301 1312
1301 1323
1302 92
1302 213
1302 334
1302 576
1302 697
1302 818
1302 939
1302 1181
1302 1214
1302 1236
1302 1258
1302 1269
1302 1280
1302 1298
1302 1299
1302 1300
1302 1301
1302 1303
1302 1304
1302 1306
1302 1307
1302 1324
1303 93
1303 214
1303 335
1303 456
1303 577
1303 698
1303 940
1303 1061
1303 1182
1303 1237
1303 1248
1303 1259
1303 1270
1303 1292
1303 1300
1303 1301
1303 1302
1303 1304
1303 1305
1303 1306
1303 1307
1303 1308
1303 1314
1303 1325
1304 94
1304 215
1304 336
1304 578
1304 699
1304 820
1304 941
1304 1062
1304 1183
1304 1227
1304 1271
1304 1282
1304 1299
1304 1301
1304 1302
1304 1303
1304 1305
1304 1306
1304 1307
1304 1315
1304 1326
1305 216
1305 579
1305 700
1305 821
1305 942
1305 1063
1305 1217
1305 1228
1305 1250
1305 1261
1305 1272
1305 1283
1305 1294
1305 1298
1305 1299
1305 1301
1305 1302
1305 1303
1305 1306
1305 1308
1306 217
1306 338
1306 459
1306 701
1306 822
1306 943
1306 1185
1306 1218
1306 1229
1306 1251
1306 1262
1306 1273
1306 1295
1306 1299
1306 1300
1306 1301
1306 1303
1306 1304
1306 1305
1306 1307
1306 1317
1306 1328
1307 218
1307 339
1307 702
1307 944
1307 1065
1307 1186
1307 1219
1307 1230
1307 1241
1307 1285
1307 1296
1307 1298
1307 1300
1307 1301
1307 1302
1307 1304
1307 1305
1307 1308
1307 1318
1307 1329
1308 98
1308 340
1308 703
1308 824
1308 1066
1308 1187
1308 1220
1308 1231
1308 1242
1308 1253
1308 1264
1308 1275
1308 1286
1308 1297
1308 1300
1308 1302
1308 1303
1308 1304
1308 1306
1308 1307
1308 1319
1308 1330
1309 99
1309 220
1309 341
1309 583
1309 825
1309 1067
1309 1210
1309 1221
1309 1232
1309 1243
1309 1254
1309 1265
1309 1287
1309 1311
1309 1312
1309 1313
1309 1314
1309 1316
1309 1317
1309 1318
1309 1319
1309 1320
1310 100
1310 221
1310 342
1310 463
1310 584
1310 705
1310 826
1310 947
1310 1189
1310 1211
1310 1222
1310 1244
1310 1255
1310 1266
1310 1277
1310 1288
1310 1309
1310 1313
1310 1314
1310 1316
1310 1317
1310 1318
1310 1319
1310 1321
1311 101
1311 222
1311 343
1311 464
1311 585
1311 706
1311 827
1311 1069
1311 1190
1311 1212
1311 1223
1311 1234
1311 1245
1311 1256
1311 1278
1311 1289
1311 1300
1311 1309
1311 1310
1311 1312
1311 1314
1311 1315
1311 1316
1311 1317
1311 1319
1311 1322
1312 102
1312 344
1312 465
1312 586
1312 707
1312 828
1312 1070
1312 1191
1312 1224
1312 1235
1312 1257
1312 1268
1312 1279
1312 1290
1312 1301
1312 1309
1312 1310
1312 1311
1312 1313
1312 1314
1312 1317
1312 1318
1313 103
1313 224
1313 345
1313 587
1313 708
1313 950
1313 1192
1313 1214
1313 1225
1313 1236
1313 1258
1313 1269
1313 1280
1313 1302
1313 1309
1313 1311
1313 1312
1313 1315
1313 1316
1313 1317
1313 1318
1314 104
1314 225
1314 346
1314 588
1314 709
1314 830
1314 951
1314 1072
1314 1193
1314 1215
1314 1226
1314 1248
1314 1259
1314 1270
1314 1281
1314 1292
1314 1303
1314 1310
1314 1311
1314 1312
1314 1313
1314 1315
1314 1318
1314 1325
1315 105
1315 347
1315 589
1315 710
1315 831
1315 1073
1315 1194
1315 1216
1315 1227
1315 1238
1315 1249
1315 1271
1315 1293
1315 1309
1315 1310
1315 1311
1315 1312
1315 1313
1315 1316
1315 1319
1315 1326
1316 106
1316 227
1316 348
1316 469
1316 590
1316 711
1316 1074
1316 1195
1316 1217
1316 1228
1316 1239
1316 1272
1316 1305
1316 1310
1316 1311
1316 1312
1316 1314
1316 1315
1316 1317
1316 1319
1317 107
1317 591
1317 712
1317 833
1317 954
1317 1075
1317 1196
1317 1218
1317 1240
1317 1251
1317 1273
1317 1309
1317 1311
1317 1312
1317 1313
1317 1314
1317 1315
1317 1316
1317 1318
1317 1328
1318 108
1318 229
1318 350
1318 471
1318 592
1318 713
1318 834
1318 955
1318 1076
1318 1197
1318 1219
1318 1252
1318 1263
1318 1274
1318 1296
1318 1307
1318 1309
1318 1310
1318 1311
1318 1312
1318 1313
1318 1315
1318 1316
1318 1329
1319 109
1319 230
1319 472
1319 593
1319 714
1319 835
1319 956
1319 1077
1319 1198
1319 1220
1319 1231
1319 1253
1319 1275
1319 1286
1319 1297
1319 1308
1319 1310
1319 1311
1319 1312
1319 1313
1319 1314
1319 1315
1319 1316
1319 1317
1319 1318
1319 1330
1320 110
1320 352
1320 473
1320 836
1320 957
1320 1078
1320 1199
1320 1210
1320 1221
1320 1232
1320 1243
1320 1276
1320 1287
1320 1298
1320 1321
1320 1323
1320 1324
1320 1325
1320 1326
1320 1327
1320 1329
1321 111
1321 232
1321 353
1321 595
1321 716
1321 1079
1321 1200
1321 1211
1321 1233
1321 1244
1321 1255
1321 1277
1321 1288
1321 1299
1321 1320
1321 1323
1321 1324
1321 1327
1321 1328
1321 1329
1321 1330
1322 112
1322 233
1322 475
1322 717
1322 959
1322 1080
1322 1201
1322 1212
1322 1245
1322 1267
1322 1278
1322 1289
1322 1311
1322 1320
1322 1321
1322 1323
1322 1324
1322 1326
1322 1327
1322 1328
1322 1329
1323 113
1323 355
1323 476
1323 718
1323 839
1323 960
1323 1081
1323 1213
1323 1224
1323 1235
1323 1246
1323 1257
1323 1268
1323 1301
1323 1312
1323 1320
1323 1322
1323 1324
1323 1325
1323 1326
1323 1327
1323 1328
1323 1329
1323 1330
1324 114
1324 356
1324 477
1324 961
1324 1214
1324 1225
1324 1236
1324 1247
1324 1258
1324 1280
1324 1291
1324 1313
1324 1321
1324 1322
1324 1323
1324 1325
1324 1326
1324 1330
1325 115
1325 236
1325 599
1325 841
1325 962
1325 1083
1325 1204
1325 1215
1325 1237
1325 1248
1325 1270
1325 1292
1325 1314
1325 1320
1325 1321
1325 1322
1325 1323
1325 1326
1326 116
1326 237
1326 358
1326 479
1326 600
1326 721
1326 842
1326 963
1326 1084
1326 1205
1326 1216
1326 1227
1326 1238
1326 1249
1326 1260
1326 1271
1326 1293
1326 1304
1326 1315
1326 1320
1326 1321
1326 1322
1326 1323
1326 1327
1326 1328
1326 1329
1326 1330
1327 238
1327 359
1327 480
1327 722
1327 1085
1327 1217
1327 1272
1327 1283
1327 1305
1327 1316
1327 1320
1327 1322
1327 1323
1327 1324
1327 1325
1327 1326
1327 1328
1327 1329
1327 1330
1328 360
1328 602
1328 723
1328 844
1328 1207
1328 1218
1328 1229
1328 1240
1328 1251
1328 1273
1328 1284
1328 1295
1328 1317
1328 1320
1328 1321
1328 1323
1328 1324
1328 1325
1328 1326
1328 1327
1328 1329
1328 1330
1329 119
1329 240
1329 361
1329 603
1329 724
1329 845
1329 1087
1329 1208
1329 1219
1329 1241
1329 1263
1329 1285
1329 1296
1329 1318
1329 1320
1329 1321
1329 1322
1329 1323
1329 1324
1329 1325
1329 1326
1329 1330
1330 120
1330 241
1330 362
1330 604
1330 725
1330 967
1330 1088
1330 1220
1330 1231
1330 1242
1330 1275
1330 1297
1330 1320
1330 1322
1330 1325
1330 1327
1330 1328
1330 1329
15 30 33 50 86 122 183 190 211 225 241 249 300 313 340 342 354 365 423 430 454 472 480 487 549 552 573 590 599 624 627 644 658 686 746 752 767 770 809 864 878 884 899 924 973 1024 1044 1063 1069 1081 1100 1117 1131 1137 1174 1220 1267 1283 1303 1312 1321
