1000 13500 50
0 1
0 7
0 9
0 10
0 50
0 60
0 70
0 200
0 300
0 400
0 700
0 800
1 2
1 3
1 4
1 6
1 8
1 9
1 11
1 21
1 31
1 61
1 71
1 91
1 401
1 701
1 801
2 0
2 4
2 5
2 7
2 12
2 72
2 82
2 92
2 102
2 202
2 302
2 402
2 502
2 702
2 902
3 0
3 2
3 5
3 6
3 7
3 9
3 13
3 23
3 53
3 73
3 103
3 703
3 803
4 0
4 3
4 6
4 7
4 74
4 84
4 304
4 404
4 604
4 904
5 0
5 1
5 4
5 6
5 7
5 9
5 15
5 35
5 45
5 65
5 75
5 85
5 95
5 105
5 405
5 505
5 605
5 705
5 805
5 905
6 0
6 2
6 7
6 26
6 36
6 46
6 66
6 206
6 306
6 406
6 506
6 706
7 1
7 8
7 37
7 47
7 57
7 77
7 87
7 407
7 507
7 807
8 0
8 2
8 3
8 4
8 5
8 6
8 18
8 28
8 38
8 48
8 68
8 88
8 208
8 408
8 508
8 608
9 2
9 4
9 6
9 7
9 8
9 29
9 49
9 59
9 69
9 309
9 609
9 809
10 12
10 13
10 14
10 17
10 18
10 19
10 30
10 60
10 70
10 80
10 310
10 510
10 710
11 10
11 13
11 19
11 61
11 71
11 81
11 91
11 111
11 211
11 511
11 611
11 711
11 811
12 11
12 15
12 18
12 19
12 32
12 42
12 52
12 62
12 82
12 212
12 312
12 712
12 812
13 12
13 15
13 17
13 19
13 23
13 33
13 53
13 93
13 113
13 213
13 313
13 613
13 713
13 813
14 4
14 11
14 12
14 13
14 15
14 17
14 24
14 54
14 84
14 94
14 114
14 314
14 814
15 10
15 11
15 17
15 19
15 45
15 85
15 115
15 315
15 415
15 615
15 715
16 6
16 10
16 11
16 12
16 13
16 14
16 15
16 26
16 56
16 86
16 96
16 116
16 316
16 516
16 916
17 7
17 11
17 12
17 16
17 27
17 37
17 47
17 77
17 87
17 97
17 217
17 317
17 517
17 617
17 717
17 817
17 917
18 11
18 13
18 14
18 15
18 16
18 17
18 19
18 38
18 48
18 98
18 118
18 518
19 9
19 14
19 16
19 17
19 29
19 49
19 59
19 79
19 419
19 619
19 919
20 0
20 10
20 21
20 22
20 23
20 24
20 27
20 29
20 30
20 40
20 80
20 120
20 220
20 520
21 11
21 25
21 26
21 27
21 28
21 29
21 41
21 121
21 321
21 421
21 521
21 821
22 2
22 12
22 21
22 24
22 25
22 27
22 28
22 32
22 42
22 72
22 82
22 122
22 422
22 822
23 21
23 22
23 27
23 29
23 33
23 43
23 63
23 323
23 523
23 823
24 4
24 21
24 23
24 26
24 28
24 29
24 34
24 54
24 64
24 84
24 94
24 224
24 324
24 424
24 624
24 724
24 824
24 924
25 5
25 15
25 20
25 23
25 24
25 29
25 45
25 65
25 95
25 325
25 425
25 525
25 725
25 825
26 20
26 22
26 23
26 25
26 29
26 46
26 56
26 86
26 96
26 426
26 626
26 826
27 7
27 24
27 25
27 26
27 28
27 29
27 47
27 67
27 77
27 97
27 127
27 227
27 427
27 827
27 927
28 18
28 20
28 23
28 25
28 26
28 29
28 38
28 48
28 68
28 78
28 128
28 228
28 428
28 828
28 928
29 22
29 39
29 69
29 129
29 229
29 329
29 629
29 729
29 829
29 929
30 0
30 31
30 32
30 35
30 36
30 38
30 50
30 60
30 90
30 130
30 230
30 330
30 430
30 730
31 11
31 21
31 33
31 36
31 37
31 38
31 41
31 61
31 81
31 91
31 631
31 731
31 931
32 2
32 31
32 34
32 38
32 42
32 52
32 62
32 72
32 232
32 432
32 732
32 832
32 932
33 3
33 30
33 32
33 34
33 39
33 43
33 53
33 63
33 83
33 93
33 333
33 433
33 633
33 733
34 4
34 14
34 30
34 31
34 35
34 37
34 44
34 64
34 74
34 134
34 434
34 534
34 634
34 834
34 934
35 15
35 25
35 31
35 32
35 33
35 37
35 55
35 75
35 95
35 135
35 235
35 335
35 435
35 535
35 635
35 835
36 16
36 26
36 32
36 33
36 34
36 35
36 37
36 38
36 56
36 66
36 96
36 236
36 336
36 536
36 736
37 27
37 30
37 32
37 33
37 38
37 57
37 77
37 97
37 237
37 637
37 837
38 33
38 34
38 35
38 58
38 68
38 78
38 88
38 138
38 238
38 638
38 838
38 938
39 9
39 19
39 30
39 31
39 32
39 34
39 35
39 36
39 37
39 38
39 49
39 69
39 99
39 139
39 339
39 539
39 639
39 839
40 0
40 10
40 30
40 42
40 43
40 44
40 47
40 48
40 60
40 70
40 140
40 340
40 540
40 740
40 840
41 1
41 11
41 40
41 42
41 47
41 241
41 541
42 2
42 46
42 48
42 62
42 82
42 92
42 442
42 742
42 942
43 3
43 13
43 41
43 42
43 45
43 46
43 47
43 53
43 73
43 83
43 643
43 843
44 4
44 14
44 24
44 41
44 42
44 43
44 45
44 47
44 244
44 444
44 544
44 744
44 844
44 944
45 35
45 40
45 41
45 42
45 46
45 55
45 85
45 95
45 245
45 345
45 545
45 845
46 16
46 36
46 40
46 41
46 44
46 49
46 56
46 96
46 246
46 446
46 546
46 646
46 746
46 946
47 37
47 42
47 45
47 46
47 57
47 67
47 77
47 87
47 147
47 347
47 447
47 647
48 38
48 41
48 43
48 44
48 45
48 46
48 47
48 49
48 58
48 68
48 78
48 98
48 148
48 448
48 548
48 648
48 748
49 29
49 40
49 41
49 42
49 43
49 44
49 45
49 47
49 149
49 449
49 749
49 849
49 949
50 10
50 20
50 40
50 51
50 52
50 55
50 56
50 59
50 90
50 150
50 250
50 350
50 550
50 650
50 850
51 1
51 11
51 21
51 31
51 41
51 52
51 54
51 55
51 59
51 81
51 351
51 451
51 651
51 751
51 851
51 951
52 2
52 22
52 42
52 54
52 56
52 57
52 58
52 62
52 92
52 152
52 352
52 452
52 552
52 652
53 23
53 50
53 51
53 52
53 54
53 55
53 56
53 59
53 83
53 153
53 253
53 353
53 453
53 553
53 753
53 853
54 4
54 34
54 44
54 50
54 55
54 56
54 58
54 59
54 74
54 94
54 154
54 654
54 754
54 854
54 954
55 5
55 15
55 25
55 52
55 58
55 59
55 65
55 85
55 255
55 555
55 755
55 855
56 6
56 51
56 55
56 58
56 59
56 66
56 86
56 156
56 456
56 556
56 756
56 956
57 17
57 27
57 50
57 51
57 53
57 54
57 55
57 56
57 59
57 77
57 87
57 97
57 157
57 257
57 357
57 457
57 557
57 657
57 857
58 8
58 18
58 28
58 50
58 51
58 53
58 57
58 59
58 78
58 88
58 158
58 358
58 458
58 558
59 29
59 39
59 49
59 52
59 69
59 99
59 159
59 259
59 359
59 459
59 559
59 659
59 859
60 20
60 50
60 61
60 62
60 64
60 66
60 67
60 68
60 70
60 80
60 160
60 360
60 460
60 660
60 760
61 21
61 41
61 51
61 64
61 66
61 68
61 69
61 81
61 91
61 161
61 261
61 461
61 961
62 2
62 22
62 61
62 82
62 262
62 662
62 762
62 962
63 3
63 13
63 43
63 53
63 60
63 61
63 62
63 64
63 65
63 68
63 83
63 363
63 663
63 763
63 863
63 963
64 4
64 14
64 44
64 54
64 62
64 65
64 66
64 67
64 68
64 74
64 84
64 464
64 664
64 764
64 864
65 15
65 35
65 45
65 60
65 61
65 62
65 66
65 67
65 68
65 69
65 75
65 85
65 95
65 365
65 465
65 665
65 865
66 16
66 26
66 46
66 62
66 63
66 67
66 68
66 76
66 166
66 366
66 466
66 766
66 966
67 7
67 17
67 37
67 57
67 61
67 62
67 63
67 69
67 97
67 567
67 767
67 867
68 18
68 58
68 62
68 67
68 98
68 168
68 568
68 668
68 868
69 19
69 49
69 60
69 62
69 63
69 64
69 66
69 68
69 89
69 369
69 569
69 769
69 869
69 969
70 20
70 30
70 50
70 71
70 72
70 73
70 77
70 78
70 79
70 270
70 470
70 670
70 770
70 970
71 21
71 31
71 41
71 51
71 61
71 74
71 75
71 78
71 81
71 171
71 371
71 471
71 571
71 671
71 971
72 12
72 42
72 52
72 62
72 71
72 75
72 77
72 79
72 172
72 472
72 872
73 13
73 23
73 33
73 53
73 63
73 71
73 72
73 74
73 75
73 76
73 77
73 93
73 173
73 373
73 473
73 673
74 14
74 24
74 44
74 70
74 72
74 75
74 78
74 84
74 274
74 374
74 674
74 874
74 974
75 15
75 25
75 45
75 55
75 70
75 77
75 79
75 85
75 95
75 175
75 575
75 675
76 6
76 16
76 26
76 36
76 46
76 56
76 70
76 71
76 72
76 74
76 75
76 77
76 376
76 576
76 776
76 976
77 67
77 71
77 74
77 78
77 79
77 87
77 377
77 477
77 777
77 877
77 977
78 8
78 18
78 68
78 72
78 73
78 75
78 76
78 98
78 278
78 478
78 578
78 678
78 778
79 9
79 29
79 39
79 49
79 59
79 69
79 71
79 73
79 74
79 76
79 78
79 89
79 179
79 279
79 479
79 579
79 779
79 879
80 0
80 30
80 40
80 50
80 70
80 82
80 85
80 87
80 88
80 180
80 380
80 580
80 680
80 880
80 980
81 1
81 21
81 41
81 80
81 83
81 84
81 85
81 86
81 88
81 89
81 91
81 181
81 281
81 381
81 481
81 681
81 981
82 32
82 52
82 72
82 81
82 84
82 87
82 92
82 282
82 782
82 882
83 3
83 13
83 23
83 73
83 80
83 82
83 85
83 88
83 89
83 183
83 283
83 383
83 483
83 583
83 683
83 983
84 34
84 44
84 54
84 80
84 83
84 85
84 86
84 87
84 88
84 89
84 284
84 384
84 984
85 25
85 35
85 82
85 87
85 95
85 585
85 885
85 985
86 6
86 36
86 46
86 66
86 76
86 80
86 82
86 83
86 85
86 87
86 88
86 89
86 96
86 186
86 386
86 486
86 586
86 786
86 986
87 27
87 37
87 67
87 81
87 83
87 88
87 187
87 487
87 587
87 887
87 987
88 18
88 28
88 48
88 68
88 78
88 82
88 85
88 89
88 98
88 188
88 888
89 9
89 19
89 29
89 39
89 49
89 59
89 80
89 82
89 85
89 87
89 189
89 289
90 0
90 10
90 20
90 40
90 60
90 70
90 80
90 91
90 93
90 95
90 97
90 98
90 190
90 590
90 690
90 790
90 890
91 21
91 41
91 51
91 71
91 92
91 93
91 94
91 95
91 98
91 99
91 491
91 891
92 12
92 22
92 32
92 62
92 72
92 90
92 95
92 98
92 99
92 292
92 492
92 592
92 692
92 792
92 892
92 992
93 3
93 23
93 43
93 53
93 63
93 83
93 92
93 95
93 193
93 493
94 4
94 34
94 44
94 64
94 74
94 84
94 90
94 92
94 93
94 97
94 294
94 494
94 594
94 694
94 794
95 15
95 55
95 94
95 96
95 97
95 98
95 99
95 195
95 295
95 395
95 495
95 595
95 695
95 795
96 6
96 56
96 66
96 76
96 90
96 91
96 92
96 93
96 94
96 97
96 99
96 296
96 396
96 496
96 696
96 996
97 7
97 47
97 77
97 87
97 91
97 92
97 93
97 99
97 497
97 597
97 697
97 797
97 897
97 997
98 8
98 28
98 38
98 58
98 93
98 94
98 96
98 97
98 99
98 298
99 9
99 19
99 29
99 49
99 69
99 79
99 89
99 90
99 93
99 94
99 499
99 599
99 699
99 799
99 899
99 999
100 0
100 103
100 107
100 108
100 110
100 140
100 150
100 160
100 180
100 190
100 200
100 300
100 800
100 900
101 1
101 100
101 105
101 106
101 108
101 109
101 141
101 151
101 171
101 181
101 201
101 401
102 100
102 101
102 103
102 104
102 105
102 106
102 107
102 108
102 109
102 112
102 122
102 142
102 152
102 162
102 182
102 202
102 402
102 502
102 602
102 902
103 101
103 105
103 113
103 123
103 143
103 153
103 183
103 403
103 503
103 603
103 703
103 803
104 4
104 100
104 101
104 103
104 105
104 114
104 134
104 164
104 184
104 194
104 204
104 304
104 504
104 604
104 904
105 100
105 107
105 109
105 125
105 145
105 165
105 175
105 205
105 505
105 605
106 6
106 100
106 103
106 104
106 105
106 107
106 109
106 136
106 146
106 166
106 406
106 606
106 706
107 7
107 101
107 103
107 104
107 167
107 177
107 187
107 207
107 307
107 507
107 707
107 907
108 8
108 103
108 104
108 105
108 106
108 107
108 109
108 138
108 148
108 158
108 168
108 198
108 208
108 308
108 408
108 508
108 808
108 908
109 9
109 100
109 103
109 104
109 107
109 139
109 149
109 169
109 209
109 509
109 709
109 809
110 10
110 112
110 116
110 117
110 118
110 119
110 130
110 140
110 170
110 190
110 210
110 310
110 410
110 710
111 101
111 110
111 112
111 114
111 116
111 118
111 141
111 511
111 611
111 911
112 12
112 113
112 114
112 115
112 117
112 118
112 122
112 142
112 152
112 162
112 172
112 182
112 512
112 612
112 812
113 110
113 111
113 116
113 117
113 118
113 123
113 133
113 143
113 183
113 193
113 213
113 313
113 513
113 713
113 813
113 913
114 110
114 113
114 117
114 118
114 119
114 124
114 144
114 174
114 194
114 214
114 314
114 514
114 614
114 914
115 105
115 110
115 111
115 113
115 114
115 116
115 165
115 175
115 185
115 315
115 415
115 515
115 815
115 915
116 106
116 112
116 114
116 117
116 119
116 126
116 136
116 156
116 166
116 416
116 716
117 17
117 107
117 111
117 115
117 118
117 119
117 127
117 137
117 147
117 197
117 917
118 108
118 115
118 116
118 119
118 138
118 168
118 188
118 618
118 718
118 818
119 19
119 109
119 111
119 112
119 113
119 115
119 149
119 159
119 169
119 319
119 419
119 519
119 619
119 919
120 100
120 110
120 122
120 124
120 125
120 126
120 128
120 129
120 130
120 140
120 160
120 180
120 320
120 420
120 720
120 820
120 920
121 101
121 111
121 120
121 122
121 123
121 125
121 126
121 128
121 129
121 131
121 191
121 321
121 521
121 621
121 721
121 821
122 124
122 125
122 126
122 128
122 152
122 172
122 192
122 322
122 422
122 522
122 622
123 23
123 120
123 122
123 124
123 125
123 126
123 127
123 129
123 143
123 153
123 173
123 183
123 193
123 623
123 723
123 823
123 923
124 24
124 104
124 121
124 125
124 126
124 127
124 128
124 129
124 144
124 174
124 324
124 824
124 924
125 25
125 115
125 126
125 127
125 145
125 155
125 165
125 175
125 185
125 195
125 625
125 825
125 925
126 26
126 106
126 127
126 128
126 136
126 166
126 176
126 186
126 196
126 226
126 326
126 426
126 626
126 826
127 107
127 120
127 121
127 122
127 129
127 157
127 167
127 177
127 187
127 527
127 627
127 827
128 108
128 118
128 123
128 125
128 127
128 129
128 148
128 158
128 198
128 228
128 428
128 528
128 728
129 109
129 119
129 122
129 125
129 126
129 159
129 169
129 199
129 629
129 829
129 929
130 100
130 134
130 135
130 136
130 137
130 138
130 139
130 140
130 150
130 170
130 190
130 230
130 330
131 31
131 101
131 111
131 130
131 132
131 134
131 135
131 136
131 138
131 139
131 151
131 171
131 181
131 191
131 231
132 32
132 102
132 112
132 122
132 130
132 133
132 134
132 136
132 137
132 139
132 142
132 152
132 172
132 332
132 632
132 732
133 33
133 103
133 123
133 130
133 131
133 135
133 136
133 137
133 138
133 139
133 153
133 173
133 183
133 193
133 233
133 533
133 733
133 833
133 933
134 114
134 124
134 133
134 137
134 138
134 144
134 174
134 184
134 234
134 334
134 934
135 105
135 115
135 125
135 132
135 134
135 155
135 185
135 335
135 435
135 635
135 735
135 835
135 935
136 36
136 134
136 135
136 139
136 156
136 166
136 186
136 336
136 536
136 736
136 836
137 37
137 107
137 127
137 131
137 135
137 136
137 138
137 237
137 437
137 537
137 737
137 937
138 128
138 132
138 135
138 136
138 139
138 148
138 178
138 188
138 198
138 338
138 438
138 638
138 838
139 119
139 129
139 134
139 135
139 137
139 149
139 159
139 169
139 239
139 439
139 539
139 639
139 939
140 141
140 145
140 148
140 149
140 150
140 160
140 170
140 240
140 440
140 740
140 840
140 940
141 41
141 121
141 131
141 143
141 144
141 146
141 151
141 161
141 191
141 541
141 641
141 741
141 841
142 42
142 122
142 140
142 141
142 144
142 146
142 149
142 172
142 242
142 342
142 542
142 742
142 942
143 43
143 133
143 140
143 142
143 144
143 146
143 148
143 149
143 163
143 173
143 193
143 543
143 743
143 843
143 943
144 44
144 104
144 140
144 147
144 148
144 174
144 184
144 194
144 244
144 544
144 644
144 844
145 45
145 115
145 135
145 141
145 142
145 143
145 144
145 146
145 165
145 185
145 345
145 445
145 745
146 46
146 116
146 126
146 136
146 140
146 144
146 149
146 156
146 166
146 176
146 186
146 196
146 346
146 446
146 546
146 646
146 746
146 846
146 946
147 107
147 127
147 137
147 140
147 141
147 142
147 143
147 145
147 146
147 148
147 157
147 247
147 347
147 547
147 747
147 947
148 118
148 141
148 142
148 145
148 146
148 149
148 158
148 168
148 188
148 448
148 548
148 748
148 848
148 948
149 129
149 141
149 144
149 145
149 147
149 159
149 349
149 449
149 549
149 649
149 849
150 110
150 120
150 154
150 155
150 156
150 159
150 170
150 180
150 190
150 350
150 550
150 750
150 850
150 950
151 51
151 111
151 121
151 150
151 152
151 153
151 161
151 191
151 351
151 551
151 651
151 751
151 851
151 951
152 142
152 150
152 155
152 156
152 157
152 172
152 182
152 192
152 252
152 352
152 452
152 752
153 113
153 143
153 150
153 152
153 154
153 155
153 156
153 183
153 253
153 453
153 553
153 653
153 953
154 104
154 114
154 124
154 134
154 144
154 151
154 152
154 155
154 159
154 174
154 254
154 454
154 654
154 754
155 55
155 105
155 115
155 145
155 151
155 156
155 159
155 185
155 655
156 106
156 126
156 151
156 154
156 157
156 158
156 159
156 166
156 176
156 186
156 196
156 256
156 356
156 556
156 756
157 107
157 117
157 137
157 150
157 151
157 153
157 154
157 155
157 158
157 159
157 177
157 257
157 357
157 857
158 118
158 138
158 150
158 151
158 152
158 153
158 154
158 155
158 159
158 178
158 658
158 758
158 958
159 109
159 151
159 152
159 153
159 359
160 110
160 130
160 150
160 161
160 164
160 166
160 169
160 170
160 180
160 360
160 460
160 560
160 660
160 960
161 101
161 111
161 121
161 131
161 167
161 168
161 169
161 171
161 181
161 191
161 261
161 361
161 561
161 661
161 861
162 62
162 122
162 132
162 142
162 152
162 160
162 161
162 168
162 192
162 462
162 562
162 762
162 862
162 962
163 63
163 103
163 113
163 123
163 133
163 153
163 160
163 161
163 162
163 166
163 168
163 169
163 173
163 183
163 193
163 363
163 763
163 863
164 64
164 114
164 124
164 134
164 144
164 154
164 161
164 162
164 163
164 166
164 167
164 169
164 664
164 864
165 65
165 135
165 155
165 160
165 161
165 162
165 163
165 164
165 166
165 167
165 168
165 185
165 265
165 365
165 465
165 865
165 965
166 161
166 162
166 167
166 168
166 169
166 176
166 186
166 666
166 766
166 866
166 966
167 67
167 117
167 137
167 147
167 157
167 160
167 162
167 163
167 169
167 197
167 567
167 667
167 867
167 967
168 128
168 138
168 158
168 160
168 164
168 167
168 169
168 268
168 368
168 468
168 568
169 69
169 149
169 159
169 162
169 165
169 179
169 189
169 199
169 269
169 469
169 669
169 769
169 869
169 969
170 70
170 100
170 120
170 172
170 173
170 174
170 175
170 176
170 177
170 179
170 270
170 470
170 570
170 670
170 770
170 870
171 111
171 121
171 141
171 151
171 170
171 172
171 173
171 174
171 176
171 178
171 179
171 181
171 191
171 271
171 371
171 571
171 671
172 102
172 162
172 173
172 176
172 177
172 178
172 179
172 192
172 572
172 872
172 972
173 103
173 113
173 153
173 176
173 177
173 179
173 373
173 873
173 973
174 74
174 104
174 164
174 172
174 173
174 175
174 177
174 178
174 184
174 474
174 674
175 135
175 145
175 155
175 165
175 171
175 172
175 173
175 176
175 178
175 475
175 575
175 775
175 875
176 76
176 106
176 116
176 136
176 174
176 177
176 178
176 196
176 376
176 576
176 876
176 976
177 77
177 117
177 137
177 147
177 167
177 171
177 175
177 187
177 197
177 377
177 477
177 677
177 877
177 977
178 78
178 108
178 118
178 128
178 148
178 168
178 170
178 173
178 177
178 179
178 188
178 478
178 578
178 678
178 778
178 878
179 109
179 119
179 129
179 139
179 149
179 159
179 174
179 175
179 176
179 177
179 199
179 479
179 679
179 779
179 979
180 110
180 130
180 140
180 170
180 181
180 183
180 185
180 186
180 187
180 189
180 190
180 280
180 580
180 780
180 880
180 980
181 111
181 121
181 141
181 151
181 182
181 185
181 186
181 187
181 188
181 189
181 191
181 281
181 481
181 581
182 82
182 122
182 132
182 142
182 162
182 172
182 180
182 187
182 188
182 192
182 482
182 682
182 782
182 982
183 143
183 173
183 181
183 182
183 185
183 189
183 193
183 383
183 583
183 683
183 883
183 983
184 84
184 114
184 124
184 154
184 164
184 180
184 181
184 182
184 183
184 189
184 484
184 584
184 684
184 784
184 884
185 85
185 105
185 175
185 182
185 184
185 187
185 189
185 195
185 485
185 685
185 885
185 985
186 106
186 116
186 176
186 182
186 183
186 184
186 185
186 189
186 286
186 486
186 586
186 686
186 986
187 117
187 137
187 147
187 157
187 167
187 183
187 184
187 186
187 189
187 387
187 487
187 687
188 108
188 128
188 158
188 168
188 180
188 183
188 184
188 185
188 186
188 187
188 189
188 198
188 488
188 688
188 788
188 988
189 109
189 119
189 129
189 139
189 149
189 159
189 179
189 182
189 199
189 389
189 689
189 789
189 989
190 120
190 140
190 160
190 170
190 191
190 192
190 193
190 194
190 197
190 198
190 199
190 290
190 390
190 990
191 91
191 101
191 111
191 192
191 194
191 195
191 197
191 199
191 391
191 791
191 991
192 92
192 102
192 112
192 132
192 142
192 193
192 195
192 292
192 492
192 592
192 692
192 792
192 992
193 103
193 153
193 173
193 191
193 194
193 199
193 493
193 593
193 793
193 893
194 94
194 124
194 134
194 154
194 164
194 174
194 184
194 192
194 195
194 199
194 494
194 694
195 105
195 115
195 135
195 145
195 155
195 165
195 175
195 190
195 193
195 198
195 199
195 295
195 395
195 495
195 595
195 695
195 795
195 995
196 96
196 106
196 116
196 136
196 166
196 186
196 190
196 191
196 192
196 193
196 194
196 195
196 198
196 296
196 496
196 996
197 97
197 107
197 127
197 137
197 147
197 157
197 187
197 192
197 193
197 194
197 195
197 196
197 198
197 297
197 397
197 597
197 697
197 997
198 98
198 118
198 148
198 158
198 168
198 178
198 191
198 192
198 193
198 194
198 199
198 298
199 99
199 109
199 119
199 139
199 149
199 159
199 192
199 196
199 197
199 299
199 399
199 499
199 799
200 202
200 204
200 209
200 210
200 230
200 240
200 280
200 290
200 400
200 500
200 600
200 800
200 900
201 1
201 200
201 205
201 206
201 209
201 211
201 221
201 251
201 261
201 281
201 291
201 301
201 401
201 501
201 701
201 801
202 201
202 207
202 208
202 209
202 212
202 222
202 242
202 262
202 272
202 282
202 292
202 502
202 702
202 802
203 3
203 103
203 200
203 201
203 202
203 204
203 207
203 208
203 213
203 223
203 253
203 263
203 283
203 293
203 403
203 603
203 703
203 803
204 4
204 201
204 202
204 206
204 208
204 214
204 224
204 254
204 294
204 504
204 604
204 804
205 5
205 200
205 202
205 203
205 204
205 208
205 215
205 245
205 255
205 275
205 285
205 295
206 106
206 200
206 202
206 203
206 205
206 207
206 208
206 216
206 236
206 286
206 296
206 306
206 406
206 506
206 606
206 706
206 806
206 906
207 7
207 200
207 201
207 204
207 205
207 208
207 217
207 257
207 267
207 277
207 287
207 407
207 607
207 707
207 807
208 200
208 201
208 209
208 258
208 278
208 298
208 608
208 708
208 808
208 908
209 9
209 203
209 204
209 205
209 206
209 207
209 299
209 409
209 709
210 10
210 211
210 214
210 215
210 218
210 230
210 240
210 260
210 510
210 610
210 710
210 810
211 111
211 214
211 215
211 217
211 219
211 221
211 231
211 271
211 281
211 291
211 311
211 511
211 611
211 711
212 112
212 210
212 211
212 215
212 219
212 232
212 242
212 252
212 262
212 282
212 412
212 512
212 812
213 210
213 211
213 212
213 214
213 216
213 219
213 233
213 243
213 283
213 293
213 713
213 813
213 913
214 14
214 212
214 218
214 219
214 254
214 264
214 284
214 294
214 514
214 614
214 714
214 814
215 15
215 115
215 213
215 214
215 218
215 219
215 225
215 235
215 245
215 415
215 515
215 615
215 815
216 16
216 116
216 210
216 211
216 212
216 214
216 215
216 217
216 218
216 219
216 246
216 256
216 266
216 276
216 286
216 296
216 316
216 416
216 716
216 916
217 117
217 210
217 212
217 213
217 214
217 215
217 218
217 219
217 227
217 297
217 717
218 18
218 118
218 208
218 211
218 212
218 213
218 219
218 228
218 238
218 248
218 268
218 288
218 298
218 418
218 518
218 618
219 19
219 119
219 209
219 210
219 259
219 279
219 299
219 419
219 519
219 819
220 120
220 200
220 210
220 221
220 224
220 225
220 229
220 240
220 280
220 420
220 520
220 620
220 720
221 21
221 121
221 226
221 231
221 241
221 251
221 291
221 421
221 521
221 621
221 921
222 22
222 122
222 212
222 220
222 221
222 226
222 228
222 229
222 242
222 262
222 272
222 282
222 422
222 522
222 722
222 822
223 23
223 123
223 213
223 220
223 221
223 222
223 225
223 233
223 243
223 273
223 523
223 623
223 723
223 823
224 124
224 214
224 221
224 222
224 223
224 225
224 228
224 244
224 264
224 294
224 324
224 424
224 624
225 25
225 125
225 205
225 221
225 222
225 226
225 227
225 228
225 229
225 235
225 245
225 275
225 285
225 325
225 725
226 26
226 206
226 216
226 220
226 223
226 224
226 227
226 229
226 256
226 266
226 286
226 296
226 326
226 526
226 826
226 926
227 127
227 207
227 220
227 221
227 222
227 223
227 224
227 257
227 267
227 277
227 287
227 527
227 627
227 827
228 208
228 220
228 221
228 223
228 226
228 227
228 278
228 288
228 298
228 528
229 129
229 209
229 219
229 221
229 223
229 224
229 227
229 228
229 239
229 259
229 269
229 289
229 299
229 529
229 729
229 829
230 220
230 232
230 236
230 237
230 238
230 239
230 240
230 250
230 270
230 280
230 330
230 830
231 31
231 201
231 230
231 232
231 233
231 235
231 236
231 239
231 241
231 261
231 281
231 291
231 331
231 431
231 531
231 631
231 731
231 831
232 132
232 202
232 222
232 234
232 235
232 236
232 238
232 252
232 282
232 432
232 732
232 832
233 33
233 203
233 230
233 232
233 237
233 239
233 253
233 263
233 273
233 293
233 333
233 433
233 533
233 833
233 933
234 34
234 204
234 214
234 224
234 230
234 231
234 233
234 235
234 236
234 239
234 284
234 294
234 334
234 734
234 934
235 135
235 205
235 230
235 233
235 236
235 238
235 245
235 275
235 285
235 335
235 535
235 735
235 935
236 136
236 216
236 226
236 233
236 246
236 266
236 286
236 336
236 636
236 736
236 936
237 207
237 217
237 227
237 231
237 232
237 234
237 235
237 236
237 247
237 257
237 277
237 287
237 337
237 537
237 637
237 837
237 937
238 138
238 208
238 228
238 231
238 233
238 234
238 236
238 237
238 239
238 288
238 298
238 338
238 438
238 538
238 938
239 39
239 209
239 219
239 232
239 235
239 236
239 237
239 249
239 269
239 279
239 289
239 299
239 339
239 639
239 739
240 40
240 242
240 244
240 246
240 247
240 248
240 260
240 270
240 440
240 540
240 840
240 940
241 141
241 201
241 211
241 240
241 242
241 243
241 244
241 248
241 251
241 261
241 271
241 341
241 441
241 841
242 42
242 232
242 244
242 247
242 249
242 252
242 272
242 282
242 442
242 642
243 43
243 143
243 203
243 233
243 240
243 242
243 244
243 247
243 249
243 253
243 273
243 283
243 293
243 343
243 443
243 543
243 743
243 843
243 943
244 204
244 214
244 234
244 245
244 246
244 247
244 248
244 274
244 284
244 444
244 544
245 145
245 240
245 241
245 242
245 243
245 246
245 247
245 248
245 249
245 285
245 345
245 545
245 945
246 146
246 206
246 226
246 241
246 242
246 243
246 286
246 446
246 846
247 47
247 207
247 217
247 227
247 241
247 246
247 248
247 249
247 257
247 267
247 277
247 297
247 347
247 447
247 647
247 847
247 947
248 48
248 148
248 208
248 228
248 238
248 242
248 243
248 246
248 278
248 348
248 448
248 648
248 748
248 848
249 49
249 149
249 209
249 219
249 229
249 240
249 241
249 244
249 246
249 248
249 259
249 289
249 299
249 449
249 749
249 949
250 150
250 200
250 210
250 220
250 240
250 255
250 257
250 259
250 260
250 290
250 350
250 450
250 550
250 650
250 950
251 51
251 151
251 211
251 231
251 250
251 253
251 254
251 255
251 256
251 257
251 259
251 271
251 281
251 551
251 751
251 851
252 52
252 202
252 222
252 250
252 251
252 253
252 256
252 257
252 262
252 272
252 292
252 552
252 652
252 752
252 852
253 213
253 223
253 250
253 254
253 255
253 257
253 263
253 283
253 453
253 653
254 54
254 224
254 234
254 244
254 250
254 252
254 256
254 257
254 259
254 294
254 554
254 654
254 754
255 155
255 215
255 225
255 235
255 245
255 252
255 254
255 258
255 265
255 355
255 455
255 555
255 655
255 955
256 56
256 206
256 236
256 246
256 250
256 253
256 255
256 259
256 266
256 286
256 296
256 356
256 456
256 556
256 856
257 217
257 255
257 256
257 258
257 259
257 267
257 287
257 297
257 457
257 857
257 957
258 58
258 158
258 218
258 228
258 238
258 248
258 250
258 251
258 252
258 253
258 254
258 256
258 259
258 458
258 558
258 858
259 159
259 209
259 239
259 252
259 253
259 255
259 269
259 289
259 299
259 459
259 559
259 659
259 759
259 859
259 959
260 60
260 160
260 200
260 220
260 230
260 263
260 266
260 267
260 268
260 290
260 860
261 211
261 221
261 251
261 260
261 263
261 265
261 281
261 361
261 461
261 561
261 761
261 861
262 162
262 232
262 242
262 260
262 261
262 264
262 266
262 267
262 562
262 662
262 762
262 862
263 63
263 163
263 213
263 223
263 243
263 262
263 267
263 269
263 293
263 763
263 863
264 64
264 164
264 204
264 234
264 244
264 254
264 260
264 261
264 263
264 266
264 269
264 274
264 284
264 294
264 564
265 65
265 205
265 215
265 225
265 235
265 245
265 260
265 262
265 263
265 264
265 266
265 267
265 268
265 275
265 285
265 365
265 765
265 865
266 66
266 166
266 206
266 246
266 261
266 263
266 267
266 269
266 276
266 366
266 466
267 67
267 167
267 217
267 237
267 261
267 264
267 269
267 277
267 297
267 367
267 567
267 667
267 867
268 68
268 208
268 228
268 238
268 248
268 258
268 261
268 262
268 263
268 264
268 266
268 267
268 269
268 278
268 298
268 368
268 668
268 768
268 968
269 69
269 209
269 219
269 249
269 260
269 261
269 262
269 265
269 299
269 569
269 869
270 200
270 210
270 220
270 250
270 260
270 274
270 275
270 276
270 277
270 670
270 770
270 870
270 970
271 71
271 201
271 221
271 231
271 261
271 270
271 273
271 276
271 277
271 278
271 279
271 281
271 371
271 471
271 671
271 971
272 72
272 172
272 212
272 232
272 262
272 270
272 271
272 273
272 276
272 277
272 279
272 372
272 672
273 73
273 173
273 203
273 213
273 253
273 263
273 270
273 275
273 276
273 277
273 278
273 573
273 773
274 174
274 204
274 214
274 224
274 234
274 254
274 271
274 272
274 273
274 275
274 276
274 278
274 294
274 474
274 574
274 674
274 774
274 874
275 75
275 175
275 215
275 245
275 255
275 271
275 272
275 278
275 279
275 295
275 375
275 575
275 675
275 775
275 975
276 76
276 176
276 206
276 226
276 236
276 246
276 256
276 275
276 277
276 296
276 476
276 576
276 676
277 77
277 177
277 217
277 257
277 274
277 275
277 278
277 279
277 677
277 877
277 977
278 178
278 218
278 238
278 258
278 270
278 272
278 276
278 279
278 298
278 578
278 678
278 878
279 179
279 209
279 229
279 249
279 259
279 269
279 270
279 273
279 274
279 276
279 299
279 579
279 779
279 979
280 80
280 210
280 240
280 250
280 260
280 270
280 282
280 283
280 284
280 287
280 289
280 290
280 380
280 580
280 680
280 780
280 980
281 221
281 241
281 280
281 282
281 285
281 286
281 289
281 291
281 581
281 681
281 781
281 881
282 182
282 252
282 262
282 272
282 283
282 284
282 286
282 289
282 292
282 582
282 682
283 183
283 223
283 233
283 263
283 273
283 281
283 286
283 287
283 683
283 783
283 883
284 184
284 204
284 224
284 254
284 274
284 281
284 283
284 285
284 286
284 288
284 289
284 294
284 384
284 484
284 584
284 684
285 85
285 185
285 215
285 255
285 275
285 280
285 282
285 283
285 287
285 288
285 295
285 585
285 785
285 985
286 86
286 266
286 276
286 280
286 285
286 289
286 486
286 586
286 786
287 87
287 187
287 217
287 247
287 267
287 277
287 281
287 282
287 284
287 286
287 288
287 387
287 587
287 987
288 88
288 188
288 208
288 248
288 258
288 268
288 278
288 280
288 281
288 282
288 283
288 286
288 289
288 298
288 588
288 788
288 888
289 189
289 209
289 219
289 269
289 279
289 283
289 285
289 287
289 299
289 389
289 589
289 789
289 889
290 90
290 210
290 220
290 230
290 240
290 270
290 291
290 292
290 294
290 296
290 298
290 490
290 790
290 890
290 990
291 91
291 191
291 241
291 251
291 261
291 271
291 292
291 293
291 294
291 295
291 297
291 391
291 491
291 891
291 991
292 212
292 222
292 232
292 242
292 262
292 272
292 293
292 295
292 296
292 297
292 392
292 592
292 792
293 93
293 193
293 223
293 253
293 273
293 283
293 290
293 296
293 297
293 893
293 993
294 194
294 244
294 292
294 293
294 295
294 298
294 299
294 494
294 594
294 694
294 894
294 994
295 215
295 225
295 235
295 245
295 255
295 265
295 290
295 293
295 297
295 395
295 795
295 995
296 236
296 246
296 266
296 286
296 291
296 294
296 295
296 297
296 298
296 299
296 396
296 496
296 596
296 696
296 796
297 97
297 207
297 227
297 237
297 277
297 287
297 290
297 294
297 298
297 497
297 697
297 897
298 248
298 258
298 291
298 292
298 293
298 295
298 398
298 498
298 598
298 898
299 99
299 290
299 291
299 292
299 293
299 295
299 297
299 298
299 599
299 699
299 999
300 200
300 301
300 302
300 304
300 305
300 307
300 308
300 309
300 380
300 390
300 700
300 800
301 1
301 101
301 302
301 321
301 361
301 371
301 501
301 601
301 701
301 901
302 102
302 202
302 303
302 304
302 305
302 306
302 312
302 332
302 352
302 402
302 802
303 3
303 103
303 203
303 300
303 301
303 305
303 306
303 309
303 313
303 333
303 363
303 393
303 403
303 703
303 803
304 204
304 301
304 303
304 306
304 307
304 308
304 314
304 324
304 334
304 344
304 354
304 364
304 374
304 394
304 504
304 704
304 904
305 5
305 105
305 205
305 301
305 304
305 307
305 308
305 315
305 345
305 365
305 385
305 505
305 705
305 905
306 106
306 300
306 301
306 305
306 307
306 308
306 309
306 316
306 326
306 336
306 376
306 386
306 396
306 406
306 606
306 706
306 806
306 906
307 7
307 207
307 301
307 302
307 303
307 308
307 309
307 317
307 347
307 357
307 377
307 387
307 397
307 407
307 507
307 707
307 807
307 907
308 8
308 208
308 301
308 302
308 303
308 309
308 318
308 328
308 348
308 358
308 388
308 408
308 808
309 109
309 209
309 301
309 302
309 304
309 305
309 319
309 349
309 359
309 369
309 399
309 509
309 609
309 709
309 809
309 909
310 210
310 300
310 312
310 313
310 315
310 316
310 317
310 320
310 350
310 360
310 370
310 390
311 11
311 111
311 301
311 310
311 312
311 313
311 315
311 318
311 331
311 341
311 371
311 381
311 511
311 811
312 112
312 212
312 316
312 317
312 319
312 342
312 352
312 382
312 392
312 712
312 912
313 213
313 312
313 315
313 316
313 317
313 318
313 353
313 373
313 393
313 413
313 513
313 613
313 813
313 913
314 214
314 310
314 311
314 312
314 313
314 315
314 316
314 318
314 319
314 324
314 334
314 344
314 364
314 374
314 384
314 394
314 514
315 215
315 312
315 317
315 318
315 325
315 355
315 365
315 375
315 385
315 415
315 515
315 815
316 116
316 311
316 315
316 317
316 346
316 376
316 416
316 516
316 616
316 716
316 816
316 916
317 117
317 217
317 311
317 314
317 319
317 327
317 347
317 377
317 397
317 517
317 617
317 917
318 18
318 118
318 218
318 310
318 312
318 316
318 317
318 319
318 338
318 348
318 398
318 618
318 818
319 19
319 219
319 310
319 311
319 313
319 315
319 316
319 339
319 359
319 379
319 399
319 419
319 519
319 619
319 919
320 20
320 220
320 300
320 321
320 323
320 325
320 328
320 340
320 350
320 620
320 820
321 221
321 311
321 324
321 325
321 326
321 331
321 341
321 361
321 621
321 921
322 22
322 222
322 302
322 312
322 320
322 321
322 326
322 327
322 329
322 352
322 362
322 392
322 622
322 822
323 123
323 223
323 303
323 313
323 321
323 322
323 324
323 325
323 326
323 328
323 329
323 343
323 363
323 373
323 723
324 320
324 322
324 325
324 326
324 328
324 344
324 354
324 384
324 394
324 524
325 125
325 305
325 322
325 328
325 365
325 425
325 525
326 26
326 316
326 320
326 325
326 328
326 356
326 366
326 386
326 526
326 626
326 926
327 27
327 127
327 227
327 307
327 320
327 321
327 323
327 324
327 325
327 326
327 337
327 377
327 397
327 427
327 527
327 827
327 927
328 28
328 128
328 228
328 318
328 321
328 322
328 327
328 338
328 348
328 358
328 368
328 388
328 398
328 528
328 628
328 828
328 928
329 129
329 229
329 309
329 319
329 320
329 321
329 324
329 325
329 326
329 327
329 328
329 389
329 529
330 300
330 310
330 320
330 331
330 333
330 334
330 337
330 338
330 340
330 360
330 370
330 390
330 730
330 830
331 31
331 131
331 301
331 332
331 333
331 335
331 337
331 338
331 339
331 341
331 361
331 381
331 391
331 531
331 631
331 731
332 32
332 232
332 312
332 322
332 330
332 334
332 335
332 338
332 339
332 352
332 372
332 532
332 832
333 133
333 313
333 323
333 332
333 337
333 339
333 343
333 363
333 373
333 433
333 533
333 633
333 933
334 34
334 324
334 331
334 333
334 338
334 384
334 394
334 834
335 305
335 315
335 325
335 330
335 333
335 334
335 337
335 338
335 345
335 365
335 395
335 535
335 635
335 735
335 835
335 935
336 316
336 326
336 330
336 331
336 332
336 333
336 334
336 335
336 337
336 338
336 339
336 386
336 436
336 536
336 736
336 836
336 936
337 37
337 137
337 307
337 317
337 332
337 334
337 338
337 339
337 377
337 397
337 437
337 837
338 38
338 308
338 333
338 348
338 358
338 368
338 388
338 398
338 738
338 838
338 938
339 139
339 309
339 329
339 330
339 334
339 335
339 338
339 359
339 439
339 539
339 639
339 739
339 939
340 140
340 240
340 300
340 310
340 341
340 342
340 343
340 345
340 346
340 347
340 348
340 370
340 380
340 440
340 940
341 41
341 141
341 301
341 342
341 347
341 348
341 349
341 361
341 391
341 541
341 741
342 42
342 242
342 302
342 322
342 332
342 343
342 344
342 345
342 348
342 352
342 382
342 442
342 542
342 642
342 942
343 43
343 143
343 303
343 313
343 341
343 345
343 346
343 347
343 348
343 353
343 363
343 373
343 393
343 543
343 743
344 44
344 144
344 244
344 334
344 340
344 341
344 343
344 349
344 394
344 644
344 744
345 315
345 325
345 341
345 344
345 346
345 347
345 348
345 349
345 355
345 365
345 385
345 395
345 445
345 745
346 46
346 246
346 306
346 326
346 336
346 341
346 342
346 344
346 348
346 356
346 366
346 396
346 446
347 327
347 337
347 342
347 344
347 346
347 349
347 377
347 847
347 947
348 48
348 148
348 344
348 347
348 358
348 368
348 388
348 398
348 548
348 748
348 848
349 49
349 249
349 319
349 329
349 339
349 340
349 342
349 343
349 346
349 348
349 359
349 389
349 449
349 649
350 300
350 330
350 340
350 353
350 356
350 357
350 360
350 380
350 650
350 750
351 251
351 301
351 311
351 321
351 331
351 341
351 350
351 352
351 355
351 358
351 359
351 371
351 381
351 391
351 651
352 252
352 350
352 353
352 354
352 356
352 357
352 362
352 382
352 392
353 153
353 253
353 303
353 323
353 333
353 351
353 355
353 357
353 359
353 363
353 383
353 393
353 453
353 753
353 953
354 54
354 154
354 254
354 314
354 334
354 344
354 350
354 351
354 353
354 357
354 359
354 374
354 384
354 554
354 954
355 55
355 155
355 305
355 325
355 335
355 350
355 352
355 354
355 357
355 385
355 395
355 455
355 555
356 56
356 306
356 316
356 336
356 351
356 353
356 354
356 355
356 359
356 366
356 386
356 556
356 656
356 756
357 257
357 317
357 327
357 337
357 347
357 351
357 356
357 358
357 367
357 377
357 387
357 397
357 557
357 657
357 757
357 957
358 158
358 258
358 318
358 350
358 352
358 353
358 354
358 355
358 356
358 398
358 458
358 758
358 958
359 259
359 329
359 350
359 352
359 355
359 357
359 358
359 369
359 379
359 459
359 559
359 759
359 859
360 260
360 300
360 320
360 340
360 362
360 363
360 365
360 366
360 368
360 380
360 660
360 960
361 61
361 311
361 351
361 360
361 365
361 366
361 367
361 368
361 369
361 371
361 381
361 761
361 861
361 961
362 62
362 162
362 262
362 302
362 312
362 332
362 342
362 361
362 365
362 367
362 368
362 382
362 562
362 662
362 862
362 962
363 263
363 313
363 361
363 362
363 364
363 367
363 369
363 373
363 383
363 563
363 963
364 64
364 164
364 264
364 324
364 334
364 344
364 354
364 360
364 361
364 362
364 366
364 374
364 384
364 464
364 564
364 664
364 764
364 864
365 355
365 363
365 364
365 366
365 367
365 369
365 395
365 765
366 166
366 306
366 316
366 336
366 362
366 363
366 368
366 369
366 396
366 466
366 666
366 766
366 866
367 67
367 167
367 307
367 317
367 327
367 337
367 347
367 360
367 364
367 366
367 369
367 377
367 667
367 767
367 967
368 68
368 308
368 318
368 358
368 363
368 364
368 365
368 367
368 378
368 468
368 668
369 169
369 269
369 319
369 329
369 339
369 349
369 360
369 362
369 364
369 368
369 379
369 389
369 399
369 469
369 969
370 70
370 170
370 270
370 300
370 320
370 350
370 360
370 372
370 373
370 375
370 379
370 380
370 670
370 770
370 870
370 970
371 321
371 331
371 341
371 370
371 372
371 373
371 375
371 377
371 379
371 771
371 971
372 72
372 172
372 302
372 312
372 322
372 342
372 352
372 362
372 376
372 378
372 382
372 672
372 872
373 273
373 303
373 353
373 372
373 374
373 375
373 377
373 383
373 473
373 673
373 973
374 174
374 274
374 324
374 334
374 344
374 370
374 371
374 372
374 376
374 384
374 574
374 674
374 774
374 974
375 75
375 175
375 305
375 325
375 335
375 345
375 355
375 365
375 372
375 374
375 377
375 378
375 379
375 475
375 675
375 775
375 875
375 975
376 276
376 326
376 336
376 346
376 356
376 366
376 370
376 371
376 373
376 375
376 378
376 386
376 476
376 676
376 876
377 277
377 370
377 372
377 374
377 376
377 378
377 387
377 577
377 677
377 777
377 877
377 977
378 78
378 178
378 278
378 308
378 318
378 328
378 338
378 348
378 358
378 370
378 371
378 373
378 374
378 388
378 478
378 678
378 778
378 878
379 79
379 179
379 279
379 309
379 329
379 339
379 349
379 372
379 373
379 374
379 376
379 377
379 378
379 389
379 479
379 779
380 180
380 310
380 320
380 330
380 383
380 386
380 388
380 389
380 680
381 181
381 281
381 301
381 321
381 341
381 371
381 380
381 383
381 385
381 387
381 388
381 389
381 781
382 82
382 182
382 282
382 302
382 322
382 332
382 380
382 381
382 388
382 389
382 482
382 682
382 782
383 283
383 303
383 313
383 323
383 333
383 343
383 382
383 384
383 386
383 393
383 783
384 184
384 304
384 344
384 380
384 381
384 382
384 385
384 386
384 387
384 388
384 389
384 394
384 484
384 684
384 884
385 85
385 185
385 285
385 325
385 335
385 365
385 375
385 380
385 382
385 383
385 389
385 485
385 785
385 885
385 985
386 186
386 286
386 316
386 346
386 366
386 381
386 382
386 385
386 389
386 786
386 886
386 986
387 87
387 317
387 327
387 337
387 347
387 367
387 380
387 382
387 383
387 385
387 386
387 397
387 487
387 587
387 687
387 787
387 987
388 88
388 188
388 288
388 318
388 358
388 368
388 383
388 385
388 386
388 387
388 389
388 398
388 488
388 788
389 89
389 309
389 319
389 339
389 359
389 383
389 387
389 399
389 489
389 689
389 889
389 989
390 90
390 290
390 320
390 340
390 350
390 360
390 370
390 380
390 392
390 397
390 398
390 399
390 590
390 790
391 91
391 301
391 311
391 321
391 361
391 371
391 381
391 390
391 393
391 396
391 397
391 398
391 591
391 691
391 991
392 92
392 192
392 302
392 332
392 342
392 362
392 372
392 382
392 391
392 393
392 394
392 395
392 397
392 399
392 492
392 792
392 992
393 93
393 193
393 293
393 323
393 333
393 363
393 373
393 390
393 394
393 396
393 397
393 398
393 399
393 493
393 793
394 94
394 194
394 294
394 354
394 364
394 374
394 390
394 391
394 395
394 397
394 494
394 894
395 305
395 315
395 325
395 375
395 385
395 390
395 391
395 393
395 396
395 397
395 398
395 399
395 695
395 895
395 995
396 196
396 316
396 326
396 336
396 356
396 376
396 386
396 390
396 392
396 394
396 397
396 398
396 796
396 896
397 97
397 297
397 347
397 367
397 377
397 398
397 597
397 997
398 98
398 198
398 308
398 368
398 378
398 392
398 394
398 399
398 598
398 798
398 898
398 998
399 99
399 299
399 329
399 339
399 349
399 359
399 379
399 391
399 394
399 396
399 397
399 499
399 599
399 899
399 999
400 100
400 300
400 402
400 403
400 404
400 405
400 406
400 408
400 409
400 420
400 430
400 460
400 480
400 500
400 600
400 700
401 301
401 400
401 407
401 408
401 409
401 411
401 421
401 431
401 451
401 471
401 481
401 491
401 601
401 801
401 901
402 202
402 401
402 405
402 406
402 452
402 462
402 472
402 482
402 602
402 702
402 802
403 3
403 401
403 402
403 404
403 406
403 408
403 409
403 433
403 463
403 503
403 603
403 803
403 903
404 104
404 204
404 304
404 401
404 402
404 406
404 409
404 414
404 424
404 434
404 444
404 474
404 804
404 904
405 105
405 205
405 305
405 401
405 403
405 404
405 407
405 408
405 415
405 455
405 465
405 705
405 805
406 401
406 405
406 407
406 408
406 409
406 446
406 456
406 466
406 476
406 486
406 506
406 806
407 107
407 400
407 402
407 403
407 404
407 417
407 447
407 467
407 477
407 507
407 607
407 707
407 907
408 208
408 402
408 404
408 407
408 409
408 438
408 458
408 478
408 488
408 498
408 508
408 908
409 9
409 109
409 309
409 402
409 405
409 407
409 419
409 429
409 439
409 469
409 489
410 10
410 210
410 310
410 400
410 411
410 414
410 419
410 430
410 440
410 460
410 480
410 490
410 510
410 710
410 910
411 11
411 111
411 211
411 311
411 412
411 414
411 415
411 416
411 419
411 421
411 431
411 441
411 461
411 471
411 481
411 511
411 611
411 711
411 811
412 12
412 112
412 312
412 402
412 410
412 413
412 416
412 417
412 419
412 422
412 432
412 472
412 482
412 492
412 912
413 13
413 113
413 213
413 403
413 410
413 411
413 415
413 416
413 417
413 433
413 443
413 453
413 463
413 493
413 513
413 813
414 14
414 114
414 214
414 314
414 412
414 413
414 415
414 418
414 419
414 444
414 454
414 484
414 494
414 814
415 410
415 412
415 419
415 435
415 465
415 475
415 485
415 515
415 615
415 715
416 16
416 406
416 410
416 414
416 415
416 476
416 486
416 496
416 516
416 616
416 716
416 916
417 17
417 117
417 217
417 317
417 410
417 411
417 414
417 415
417 416
417 419
417 447
417 457
417 467
417 477
417 487
417 497
417 517
418 18
418 118
418 318
418 408
418 410
418 411
418 412
418 413
418 415
418 416
418 417
418 428
418 438
418 458
418 488
418 498
418 518
418 818
418 918
419 413
419 416
419 418
419 449
419 479
419 499
419 519
419 619
419 819
419 919
420 20
420 320
420 410
420 423
420 424
420 425
420 426
420 428
420 429
420 430
420 440
420 450
420 460
420 470
420 480
420 520
420 620
420 920
421 121
421 321
421 420
421 422
421 423
421 425
421 426
421 427
421 429
421 441
421 491
421 521
421 621
421 821
422 322
422 402
422 420
422 423
422 427
422 432
422 452
422 472
422 492
422 822
423 23
423 123
423 223
423 323
423 403
423 413
423 424
423 426
423 429
423 433
423 463
423 483
423 493
423 623
423 723
423 823
423 923
424 124
424 324
424 414
424 421
424 422
424 434
424 444
424 454
424 484
424 494
424 524
424 724
425 125
425 225
425 405
425 415
425 422
425 423
425 424
425 427
425 428
425 429
425 435
425 455
425 465
425 475
425 525
425 625
425 725
425 825
426 226
426 326
426 406
426 416
426 422
426 424
426 425
426 427
426 436
426 446
426 456
426 626
426 826
427 127
427 227
427 407
427 417
427 420
427 423
427 424
427 447
427 457
427 527
427 627
427 727
427 827
427 927
428 228
428 328
428 408
428 421
428 422
428 423
428 424
428 426
428 427
428 438
428 458
428 498
428 528
428 628
428 828
428 928
429 29
429 129
429 229
429 329
429 419
429 422
429 424
429 426
429 427
429 428
429 439
429 449
429 459
429 499
429 729
430 130
430 230
430 330
430 431
430 432
430 433
430 434
430 438
430 439
430 450
430 460
430 470
430 490
430 630
430 830
431 31
431 131
431 331
431 421
431 432
431 433
431 434
431 436
431 439
431 441
431 451
431 471
431 631
431 831
432 132
432 332
432 402
432 435
432 439
432 442
432 462
432 732
432 932
433 133
433 432
433 434
433 437
433 438
433 439
433 453
433 463
433 473
433 483
433 633
433 833
433 933
434 134
434 234
434 334
434 414
434 432
434 437
434 438
434 439
434 454
434 474
434 484
434 534
434 634
435 235
435 335
435 405
435 430
435 431
435 433
435 434
435 437
435 438
435 465
435 485
435 495
435 635
435 835
436 36
436 136
436 236
436 406
436 416
436 430
436 432
436 433
436 434
436 435
436 438
436 439
436 446
436 486
437 37
437 237
437 407
437 417
437 427
437 430
437 431
437 432
437 436
437 447
437 457
437 467
437 497
437 537
437 737
438 38
438 338
438 431
438 432
438 437
438 468
438 538
438 938
439 39
439 239
439 419
439 435
439 437
439 438
439 469
439 489
439 499
439 539
439 739
439 939
440 40
440 400
440 430
440 442
440 444
440 448
440 450
440 460
440 470
440 490
440 640
440 740
440 840
440 940
441 41
441 141
441 341
441 401
441 440
441 442
441 443
441 444
441 446
441 448
441 449
441 451
441 471
441 641
441 741
441 841
442 142
442 402
442 412
442 422
442 445
442 447
442 449
442 452
442 462
442 482
442 542
442 642
442 742
443 43
443 143
443 343
443 403
443 423
443 433
443 440
443 442
443 447
443 449
443 453
443 463
443 473
443 543
443 643
444 144
444 344
444 434
444 442
444 443
444 454
444 484
444 944
445 45
445 245
445 405
445 415
445 425
445 435
445 440
445 441
445 443
445 444
445 446
445 447
445 475
445 545
445 645
445 845
445 945
446 416
446 440
446 442
446 443
446 444
446 447
446 456
446 466
446 476
446 486
446 496
446 746
446 946
447 147
447 347
447 440
447 441
447 444
447 487
447 647
447 747
448 348
448 408
448 418
448 428
448 438
448 442
448 443
448 444
448 445
448 446
448 447
448 449
448 458
448 478
448 488
448 498
448 948
449 409
449 439
449 440
449 444
449 445
449 446
449 447
449 469
449 479
449 749
449 849
450 50
450 150
450 350
450 400
450 410
450 451
450 452
450 454
450 460
450 470
450 550
450 750
450 950
451 151
451 251
451 351
451 411
451 421
451 453
451 456
451 458
451 471
451 481
451 551
451 651
451 751
451 851
452 252
452 352
452 412
452 432
452 451
452 454
452 458
452 459
452 462
452 482
452 492
452 752
453 403
453 423
453 450
453 452
453 454
453 455
453 456
453 459
453 473
453 493
453 553
453 653
453 753
453 853
453 953
454 54
454 254
454 354
454 404
454 451
454 464
454 554
454 654
455 55
455 155
455 415
455 435
455 445
455 450
455 451
455 452
455 454
455 457
455 459
455 465
455 475
455 495
455 555
455 755
455 955
456 156
456 356
456 416
456 436
456 450
456 452
456 454
456 455
456 457
456 458
456 466
456 476
456 486
456 496
456 556
456 856
457 157
457 357
457 407
457 447
457 450
457 451
457 452
457 453
457 454
457 459
457 487
457 497
457 957
458 158
458 438
458 450
458 453
458 454
458 455
458 457
458 478
458 658
458 758
458 858
459 159
459 409
459 419
459 439
459 449
459 450
459 451
459 454
459 456
459 458
459 479
459 489
459 499
459 659
459 759
459 859
459 959
460 260
460 360
460 465
460 466
460 469
460 480
460 490
460 560
460 660
461 161
461 361
461 401
461 421
461 431
461 441
461 451
461 460
461 464
461 465
461 471
461 661
461 961
462 62
462 262
462 362
462 412
462 422
462 460
462 461
462 464
462 465
462 467
462 469
462 472
462 492
462 662
462 762
462 862
463 63
463 163
463 263
463 363
463 453
463 460
463 461
463 462
463 466
463 469
463 473
463 493
463 863
464 164
464 264
464 404
464 414
464 424
464 434
464 444
464 460
464 463
464 465
464 468
464 469
464 474
464 484
464 494
464 664
465 265
465 365
465 445
465 463
465 466
465 485
465 495
465 565
465 765
465 865
466 166
466 416
466 426
466 436
466 461
466 462
466 464
466 467
466 496
466 566
466 866
466 966
467 67
467 167
467 267
467 367
467 427
467 447
467 457
467 460
467 461
467 463
467 464
467 465
467 468
467 477
467 487
467 497
467 567
467 867
467 967
468 68
468 268
468 408
468 418
468 428
468 448
468 458
468 460
468 461
468 462
468 463
468 465
468 466
468 469
468 478
468 488
468 668
468 768
469 69
469 269
469 419
469 429
469 459
469 461
469 465
469 466
469 467
469 479
469 769
469 869
470 270
470 370
470 400
470 410
470 460
470 471
470 473
470 474
470 477
470 478
470 970
471 171
471 371
471 421
471 474
471 478
471 491
471 671
471 771
471 871
471 971
472 172
472 272
472 372
472 432
472 442
472 452
472 470
472 471
472 474
472 475
472 478
472 482
472 492
472 572
472 672
472 872
472 972
473 173
473 273
473 403
473 413
473 423
473 471
473 472
473 475
473 673
473 773
473 873
474 74
474 374
474 414
474 424
474 444
474 454
474 473
474 475
474 476
474 494
474 674
474 874
475 75
475 275
475 405
475 435
475 465
475 470
475 471
475 476
475 478
475 495
475 675
475 775
476 76
476 176
476 426
476 436
476 466
476 470
476 471
476 472
476 473
476 486
476 496
476 876
476 976
477 277
477 377
477 427
477 437
477 447
477 457
477 471
477 472
477 473
477 474
477 475
477 476
477 487
477 497
477 577
477 777
477 877
477 977
478 278
478 418
478 428
478 438
478 473
478 474
478 476
478 477
478 479
478 488
478 498
478 678
478 878
479 279
479 409
479 429
479 439
479 470
479 471
479 472
479 473
479 474
479 475
479 476
479 477
479 499
479 779
479 879
479 979
480 80
480 180
480 280
480 380
480 430
480 440
480 450
480 470
480 484
480 485
480 486
480 580
480 880
480 980
481 281
481 381
481 421
481 431
481 441
481 461
481 471
481 480
481 482
481 483
481 488
481 489
481 491
481 581
481 881
482 82
482 282
482 422
482 432
482 462
482 480
482 487
482 582
482 682
482 782
483 183
483 283
483 383
483 403
483 413
483 443
483 453
483 463
483 473
483 480
483 482
483 486
483 488
483 489
483 493
483 583
483 883
483 983
484 84
484 404
484 454
484 474
484 481
484 482
484 483
484 487
484 488
484 489
484 494
484 684
484 784
485 85
485 285
485 405
485 425
485 445
485 455
485 475
485 481
485 482
485 483
485 484
485 486
485 489
485 585
485 785
485 885
486 386
486 426
486 466
486 481
486 482
486 484
486 487
486 488
486 686
486 886
486 986
487 287
487 407
487 427
487 437
487 480
487 481
487 483
487 485
487 497
487 587
487 687
487 787
488 88
488 288
488 428
488 438
488 458
488 480
488 482
488 485
488 487
488 588
488 788
488 888
488 988
489 89
489 189
489 289
489 419
489 429
489 449
489 469
489 479
489 480
489 482
489 486
489 487
489 488
489 499
489 589
489 789
489 989
490 90
490 190
490 390
490 400
490 420
490 450
490 470
490 480
490 491
490 494
490 497
490 590
490 890
490 990
491 191
491 391
491 411
491 431
491 441
491 451
491 461
491 493
491 494
491 496
491 499
491 591
491 691
491 991
492 292
492 402
492 432
492 442
492 482
492 490
492 491
492 493
492 495
492 498
492 692
492 892
493 293
493 403
493 433
493 443
493 473
493 490
493 497
493 593
493 693
493 793
493 993
494 404
494 434
494 444
494 454
494 492
494 493
494 496
494 497
494 498
494 694
494 794
494 994
495 295
495 395
495 405
495 415
495 425
495 445
495 485
495 490
495 491
495 493
495 494
495 498
495 695
495 795
495 895
495 995
496 396
496 406
496 426
496 436
496 486
496 490
496 492
496 493
496 495
496 498
496 596
496 696
496 896
496 996
497 197
497 397
497 407
497 427
497 447
497 491
497 492
497 495
497 496
497 499
497 697
497 897
498 98
498 198
498 398
498 438
498 458
498 468
498 488
498 490
498 491
498 493
498 497
498 598
498 998
499 299
499 409
499 449
499 469
499 490
499 492
499 493
499 494
499 495
499 496
499 498
499 599
499 799
499 999
500 0
500 100
500 300
500 501
500 503
500 504
500 510
500 520
500 540
500 590
500 800
500 900
501 1
501 101
501 401
501 502
501 503
501 506
501 508
501 531
501 541
501 551
501 591
501 801
502 302
502 402
502 500
502 503
502 506
502 509
502 512
502 522
502 542
502 552
502 572
502 602
503 3
503 203
503 303
503 504
503 506
503 507
503 508
503 513
503 563
503 583
503 593
503 903
504 4
504 404
504 501
504 502
504 514
504 534
504 554
504 574
504 594
504 904
505 205
505 405
505 500
505 501
505 502
505 503
505 504
505 506
505 508
505 509
505 535
505 585
505 605
505 705
505 805
506 106
506 306
506 500
506 504
506 507
506 508
506 516
506 526
506 566
506 576
506 596
506 606
506 706
506 906
507 207
507 500
507 501
507 502
507 504
507 505
507 547
507 567
507 577
507 587
507 597
507 607
507 707
508 208
508 308
508 500
508 502
508 504
508 507
508 509
508 518
508 528
508 548
508 558
508 568
508 588
508 598
508 608
508 808
508 908
509 9
509 209
509 409
509 500
509 501
509 503
509 504
509 506
509 507
509 539
509 569
509 579
510 110
510 310
510 512
510 513
510 514
510 516
510 520
510 560
510 570
510 580
510 710
510 810
510 910
511 501
511 510
511 512
511 514
511 515
511 517
511 518
511 541
511 551
511 561
511 571
511 591
511 811
512 12
512 312
512 412
512 513
512 515
512 522
512 552
512 582
512 612
512 712
512 912
513 13
513 213
513 511
513 518
513 519
513 543
513 553
513 583
513 593
513 713
513 913
514 14
514 414
514 512
514 513
514 515
514 517
514 518
514 519
514 524
514 544
514 564
514 584
514 594
514 914
515 15
515 505
515 510
515 513
515 516
515 525
515 535
515 575
515 585
515 615
515 815
516 116
516 216
516 511
516 512
516 513
516 514
516 518
516 519
516 526
516 546
516 576
516 596
516 616
517 117
517 217
517 507
517 510
517 512
517 513
517 515
517 516
517 518
517 537
517 547
517 557
517 567
517 717
517 917
518 118
518 318
518 510
518 512
518 515
518 519
518 528
518 538
518 558
518 588
518 918
519 19
519 509
519 510
519 511
519 512
519 515
519 517
519 559
519 579
519 589
519 599
519 619
519 719
519 919
520 120
520 320
520 522
520 523
520 524
520 525
520 526
520 528
520 560
520 920
521 321
521 501
521 511
521 520
521 525
521 551
521 561
521 571
521 591
521 621
521 721
521 821
521 921
522 22
522 322
522 422
522 521
522 523
522 525
522 526
522 527
522 529
522 552
522 562
522 622
522 822
522 922
523 123
523 323
523 423
523 503
523 513
523 521
523 526
523 528
523 533
523 543
523 553
523 563
523 573
523 583
523 593
523 723
524 24
524 124
524 224
524 504
524 521
524 522
524 523
524 526
524 527
524 554
524 564
524 574
524 724
524 824
525 125
525 225
525 505
525 523
525 524
525 527
525 528
525 535
525 545
525 555
525 575
525 595
525 725
526 26
526 126
526 426
526 521
526 525
526 528
526 596
526 826
526 926
527 27
527 507
527 517
527 520
527 521
527 523
527 526
527 557
527 567
527 587
527 827
527 927
528 28
528 521
528 522
528 524
528 527
528 538
528 548
528 558
528 578
528 628
528 828
529 29
529 129
529 429
529 509
529 519
529 520
529 521
529 523
529 524
529 525
529 526
529 527
529 528
529 559
529 569
529 579
529 589
529 629
529 929
530 30
530 130
530 230
530 330
530 430
530 500
530 510
530 520
530 534
530 536
530 537
530 560
530 570
530 580
530 830
531 31
531 131
531 431
531 511
531 521
531 530
531 533
531 536
531 538
531 541
531 551
531 581
531 731
532 32
532 132
532 232
532 432
532 502
532 512
532 522
532 530
532 531
532 535
532 537
532 538
532 539
532 542
532 562
532 572
532 592
532 732
532 832
533 33
533 433
533 503
533 513
533 530
533 532
533 536
533 537
533 538
533 543
533 573
533 583
533 593
533 733
533 833
534 134
534 234
534 334
534 514
534 524
534 531
534 532
534 533
534 535
534 538
534 554
534 564
534 574
534 594
534 634
535 135
535 435
535 530
535 531
535 533
535 536
535 537
535 538
535 545
535 575
535 595
535 735
535 835
536 236
536 436
536 506
536 516
536 526
536 532
536 534
536 537
536 556
536 566
536 576
536 586
536 596
536 636
536 736
536 936
537 37
537 337
537 507
537 527
537 531
537 534
537 539
537 557
537 567
537 577
537 587
537 737
537 837
537 937
538 38
538 138
538 338
538 508
538 530
538 536
538 537
538 548
538 558
538 568
538 588
538 638
538 738
538 838
539 239
539 519
539 529
539 530
539 531
539 533
539 534
539 535
539 536
539 538
539 569
539 579
539 589
539 739
540 140
540 340
540 440
540 510
540 520
540 530
540 541
540 542
540 544
540 545
540 546
540 548
540 550
540 570
540 580
540 590
540 840
540 940
541 241
541 441
541 521
541 542
541 545
541 547
541 548
541 549
541 551
541 561
541 581
541 591
542 42
542 242
542 512
542 522
542 543
542 544
542 546
542 547
542 548
542 562
542 572
542 582
542 842
543 43
543 503
543 540
543 541
543 545
543 546
543 549
543 563
543 583
543 593
543 643
543 843
543 943
544 344
544 444
544 504
544 524
544 534
544 541
544 543
544 545
544 547
544 548
544 549
544 584
544 594
544 644
544 744
544 944
545 145
545 345
545 505
545 515
545 542
545 548
545 549
545 555
545 595
546 246
546 346
546 446
546 506
546 526
546 536
546 541
546 544
546 545
546 547
546 548
546 549
546 556
546 566
546 596
546 746
546 946
547 47
547 247
547 347
547 447
547 527
547 537
547 540
547 543
547 545
547 567
547 577
547 587
547 647
547 747
547 947
548 248
548 448
548 518
548 543
548 547
548 558
548 588
549 49
549 249
549 349
549 449
549 509
549 519
549 529
549 539
549 540
549 542
549 547
549 548
549 559
549 569
549 579
549 589
549 649
549 749
550 350
550 500
550 510
550 520
550 530
550 553
550 555
550 557
550 570
550 750
550 850
551 51
551 351
551 550
551 556
551 559
551 581
551 591
551 651
551 851
551 951
552 152
552 352
552 452
552 532
552 542
552 550
552 551
552 553
552 554
552 556
552 557
552 558
552 562
552 582
552 592
552 852
553 253
553 353
553 503
553 533
553 543
553 551
553 554
553 555
553 558
553 559
553 583
553 653
553 953
554 54
554 154
554 514
554 544
554 550
554 551
554 556
554 558
554 584
554 654
554 854
555 155
555 505
555 515
555 535
555 551
555 552
555 554
555 558
555 755
556 506
556 516
556 526
556 550
556 553
556 555
556 557
556 558
556 576
556 586
556 656
556 856
557 157
557 257
557 457
557 507
557 547
557 551
557 553
557 554
557 555
557 558
557 559
557 577
557 587
557 597
557 757
558 158
558 358
558 458
558 550
558 551
558 559
558 588
558 598
559 159
559 459
559 509
559 539
559 550
559 552
559 554
559 555
559 556
559 569
559 589
559 599
559 659
560 60
560 260
560 360
560 500
560 540
560 550
560 562
560 563
560 564
560 565
560 566
560 567
560 569
560 570
560 580
560 660
560 760
560 960
561 61
561 361
561 461
561 501
561 531
561 551
561 560
561 562
561 563
561 566
561 567
561 568
561 761
561 961
562 62
562 462
562 502
562 512
562 563
562 564
562 565
562 567
562 568
562 569
562 582
562 592
562 862
562 962
563 63
563 163
563 263
563 463
563 513
563 533
563 553
563 569
563 593
563 663
563 863
564 64
564 164
564 464
564 504
564 544
564 554
564 561
564 563
564 565
564 567
564 568
564 569
564 584
564 594
564 964
565 65
565 165
565 265
565 365
565 505
565 515
565 525
565 535
565 545
565 555
565 561
565 563
565 568
565 569
565 585
565 665
565 765
565 965
566 66
566 166
566 266
566 366
566 516
566 526
566 556
566 562
566 563
566 564
566 565
566 569
566 576
566 586
566 666
566 966
567 367
567 557
567 563
567 565
567 566
567 568
567 577
567 767
567 867
567 967
568 268
568 368
568 468
568 518
568 528
568 548
568 558
568 560
568 563
568 566
568 569
568 578
568 768
568 868
568 968
569 169
569 369
569 469
569 519
569 561
569 567
569 599
569 669
569 869
569 969
570 70
570 270
570 370
570 470
570 500
570 520
570 571
570 573
570 574
570 575
570 577
570 578
570 579
570 580
570 770
570 970
571 271
571 371
571 471
571 501
571 531
571 541
571 551
571 561
571 572
571 573
571 574
571 575
571 579
571 581
571 591
571 871
571 971
572 72
572 272
572 372
572 512
572 522
572 552
572 562
572 570
572 575
572 576
572 578
572 579
572 582
572 672
572 872
572 972
573 73
573 173
573 373
573 473
573 503
573 513
573 543
573 553
573 563
573 572
573 576
573 577
573 578
573 593
573 973
574 74
574 174
574 474
574 514
574 544
574 554
574 564
574 572
574 573
574 575
574 576
574 578
574 579
574 584
574 594
574 774
574 874
574 974
575 375
575 475
575 505
575 545
575 555
575 565
575 573
575 576
575 579
575 585
575 595
575 675
575 975
576 376
576 476
576 526
576 546
576 570
576 571
576 578
576 676
577 77
577 177
577 277
577 517
577 527
577 571
577 572
577 574
577 575
577 576
577 877
577 977
578 378
578 478
578 508
578 518
578 538
578 548
578 558
578 571
578 575
578 577
578 588
578 678
578 778
578 878
578 978
579 179
579 379
579 479
579 559
579 569
579 573
579 576
579 577
579 578
579 589
579 599
579 779
579 879
580 380
580 500
580 520
580 550
580 583
580 588
580 589
580 590
580 880
580 980
581 81
581 381
581 501
581 511
581 521
581 561
581 580
581 583
581 585
581 589
581 781
582 82
582 182
582 382
582 502
582 522
582 532
582 580
582 581
582 585
582 587
582 588
582 589
582 592
582 882
582 982
583 283
583 383
583 563
583 573
583 582
583 585
583 587
583 683
583 783
584 84
584 384
584 484
584 504
584 524
584 534
584 580
584 581
584 582
584 583
584 585
584 586
584 587
584 589
584 784
584 884
585 185
585 385
585 525
585 535
585 545
585 555
585 580
585 586
585 589
585 595
585 685
585 985
586 386
586 486
586 506
586 516
586 526
586 546
586 576
586 580
586 581
586 582
586 583
586 587
586 589
586 686
587 187
587 517
587 567
587 577
587 580
587 581
587 585
587 597
587 887
588 88
588 188
588 388
588 528
588 568
588 581
588 583
588 584
588 585
588 586
588 587
588 888
589 89
589 189
589 389
589 509
589 569
589 583
589 587
589 588
589 599
589 789
589 889
590 190
590 290
590 510
590 520
590 530
590 550
590 560
590 570
590 591
590 592
590 593
590 594
590 597
590 690
590 890
591 91
591 191
591 291
591 531
591 561
591 581
591 592
591 593
591 595
591 596
591 598
591 599
591 691
591 791
591 991
592 392
592 492
592 502
592 512
592 522
592 542
592 572
592 599
592 792
592 892
592 992
593 93
593 293
593 393
593 553
593 583
593 592
593 594
593 595
593 597
593 598
593 599
593 693
593 793
593 893
594 194
594 394
594 494
594 524
594 554
594 584
594 591
594 592
594 595
594 596
594 597
594 598
594 599
594 694
595 295
595 395
595 495
595 505
595 515
595 555
595 565
595 590
595 592
595 596
595 598
595 599
595 795
596 96
596 196
596 396
596 556
596 566
596 576
596 586
596 590
596 592
596 593
597 297
597 497
597 517
597 527
597 537
597 547
597 567
597 577
597 591
597 592
597 595
597 596
597 797
597 997
598 98
598 198
598 518
598 528
598 538
598 548
598 568
598 578
598 588
598 590
598 592
598 596
598 597
598 599
598 898
599 199
599 509
599 529
599 539
599 549
599 590
599 596
599 597
599 699
599 799
600 0
600 100
600 300
600 500
600 602
600 603
600 605
600 606
600 607
600 608
600 609
600 620
600 630
600 680
600 690
600 700
601 1
601 101
601 201
601 501
601 600
601 602
601 603
601 604
601 605
601 606
601 607
601 608
601 621
601 631
601 651
601 661
601 671
601 681
601 701
602 2
602 202
602 302
602 603
602 604
602 605
602 612
602 642
602 692
602 802
602 902
603 3
603 303
603 503
603 604
603 609
603 613
603 623
603 633
603 673
603 803
604 304
604 404
604 504
604 600
604 607
604 609
604 634
604 654
604 664
604 674
604 684
604 804
604 904
605 205
605 305
605 405
605 603
605 604
605 607
605 608
605 609
605 635
605 645
605 655
605 675
605 695
605 705
605 805
606 6
606 406
606 602
606 603
606 604
606 605
606 609
606 626
606 636
606 666
606 806
606 906
607 7
607 107
607 307
607 602
607 603
607 606
607 609
607 617
607 637
607 667
607 907
608 108
608 308
608 408
608 602
608 603
608 604
608 606
608 607
608 609
608 618
608 628
608 648
608 668
608 678
608 698
608 808
608 908
609 109
609 209
609 409
609 509
609 601
609 602
609 619
609 629
609 639
609 649
609 689
609 709
609 809
609 909
610 10
610 110
610 310
610 410
610 510
610 600
610 611
610 612
610 613
610 614
610 615
610 619
610 680
610 690
610 710
611 311
611 511
611 601
611 612
611 613
611 617
611 631
611 681
611 691
611 811
612 12
612 212
612 312
612 412
612 616
612 617
612 652
612 662
612 672
612 692
612 812
612 912
613 113
613 213
613 413
613 513
613 612
613 615
613 617
613 618
613 633
613 643
613 663
613 673
613 683
613 693
613 813
614 14
614 314
614 414
614 514
614 604
614 611
614 612
614 613
614 615
614 617
614 619
614 634
614 644
614 664
614 674
614 694
614 714
615 115
615 315
615 605
615 611
615 612
615 616
615 618
615 619
615 635
615 685
616 16
616 116
616 216
616 606
616 610
616 611
616 613
616 614
616 618
616 656
616 666
616 676
616 686
616 696
616 716
616 816
616 916
617 117
617 217
617 417
617 517
617 610
617 615
617 616
617 618
617 627
617 637
617 647
617 697
617 917
618 18
618 418
618 518
618 610
618 611
618 612
618 614
618 619
618 698
618 918
619 219
619 611
619 612
619 613
619 616
619 617
619 639
619 649
619 659
619 669
619 699
619 719
619 819
620 20
620 120
620 520
620 610
620 622
620 625
620 626
620 627
620 628
620 629
620 640
620 670
620 690
620 720
621 21
621 611
621 620
621 622
621 623
621 624
621 625
621 628
621 631
621 651
621 671
621 681
621 821
622 22
622 222
622 422
622 602
622 612
622 624
622 625
622 626
622 627
622 632
622 642
622 662
622 672
622 692
622 722
622 822
623 23
623 323
623 523
623 613
623 620
623 622
623 627
623 629
623 643
623 683
623 693
623 923
624 124
624 324
624 424
624 524
624 604
624 614
624 620
624 623
624 627
624 644
624 654
624 664
624 684
624 724
625 25
625 225
625 325
625 525
625 605
625 615
625 623
625 624
625 626
625 628
625 635
625 665
625 685
625 725
625 825
625 925
626 226
626 526
626 616
626 621
626 623
626 624
626 627
626 628
626 629
626 636
626 646
626 656
626 666
626 676
626 696
626 726
626 926
627 27
627 327
627 527
627 607
627 621
627 625
627 628
627 647
627 827
627 927
628 28
628 128
628 228
628 618
628 622
628 623
628 624
628 629
628 648
628 658
628 688
628 698
629 229
629 329
629 429
629 619
629 621
629 622
629 624
629 625
629 627
629 649
629 659
629 679
629 699
629 929
630 30
630 130
630 230
630 330
630 530
630 610
630 620
630 632
630 633
630 635
630 636
630 650
630 660
630 730
630 930
631 131
631 531
631 630
631 633
631 634
631 635
631 638
631 641
631 651
631 661
631 691
631 831
632 32
632 232
632 332
632 432
632 532
632 602
632 612
632 631
632 633
632 635
632 639
632 642
632 652
632 672
632 692
633 133
633 233
633 533
633 623
633 634
633 636
633 637
633 639
633 643
633 833
634 134
634 234
634 334
634 624
634 630
634 632
634 637
634 639
634 684
634 934
635 235
635 535
635 633
635 634
635 637
635 638
635 639
635 665
635 675
635 695
635 735
635 935
636 36
636 136
636 336
636 436
636 616
636 631
636 632
636 634
636 635
636 638
636 646
636 656
636 676
636 686
636 736
636 836
636 936
637 137
637 337
637 437
637 537
637 627
637 630
637 631
637 632
637 636
637 638
637 639
637 657
637 667
637 687
637 737
637 937
638 238
638 338
638 438
638 608
638 618
638 628
638 630
638 632
638 633
638 634
638 639
638 938
639 439
639 539
639 629
639 630
639 631
639 636
639 649
639 659
639 679
640 40
640 140
640 240
640 340
640 540
640 600
640 610
640 630
640 641
640 643
640 646
640 660
640 670
640 740
640 840
640 940
641 41
641 241
641 341
641 541
641 601
641 611
641 621
641 644
641 645
641 646
641 661
641 671
641 741
641 841
641 941
642 42
642 142
642 542
642 612
642 640
642 641
642 643
642 644
642 645
642 647
642 649
642 662
642 672
642 692
642 742
643 143
643 243
643 343
643 603
643 641
643 644
643 645
643 647
643 649
643 663
643 683
643 693
643 843
643 943
644 44
644 244
644 444
644 604
644 634
644 640
644 646
644 647
644 648
644 649
644 744
645 45
645 145
645 245
645 345
645 545
645 615
645 625
645 635
645 640
645 644
645 665
645 685
645 745
645 845
646 246
646 346
646 446
646 546
646 606
646 616
646 642
646 643
646 645
646 648
646 666
646 676
646 696
646 946
647 147
647 347
647 607
647 637
647 640
647 641
647 645
647 646
647 657
647 687
647 697
647 847
647 947
648 148
648 348
648 448
648 548
648 618
648 638
648 640
648 641
648 642
648 643
648 645
648 647
648 658
648 668
648 688
649 49
649 249
649 449
649 640
649 641
649 645
649 646
649 647
649 648
649 659
649 669
649 689
649 699
649 849
650 150
650 450
650 550
650 600
650 610
650 620
650 640
650 652
650 659
650 670
650 690
650 750
651 251
651 611
651 641
651 650
651 652
651 655
651 658
651 659
651 681
651 851
652 152
652 352
652 452
652 552
652 602
652 622
652 642
652 653
652 656
652 657
652 662
652 672
652 682
652 692
652 752
652 852
652 952
653 53
653 353
653 603
653 613
653 623
653 633
653 643
653 650
653 651
653 655
653 657
653 659
653 693
653 753
654 354
654 614
654 634
654 644
654 650
654 651
654 652
654 653
654 657
654 658
654 659
654 684
654 694
654 754
654 854
655 55
655 355
655 455
655 555
655 615
655 625
655 635
655 645
655 650
655 652
655 654
655 656
655 657
655 675
655 755
655 955
656 56
656 156
656 256
656 456
656 606
656 646
656 650
656 651
656 653
656 654
656 657
656 658
656 659
656 676
656 686
656 696
656 756
656 956
657 157
657 257
657 457
657 557
657 607
657 617
657 627
657 650
657 651
657 667
657 687
657 857
657 957
658 58
658 258
658 358
658 558
658 608
658 618
658 638
658 650
658 652
658 653
658 655
658 657
658 668
658 678
658 758
658 958
659 159
659 359
659 609
659 652
659 655
659 657
659 658
659 669
659 689
659 759
660 260
660 600
660 610
660 620
660 650
660 661
660 662
660 663
660 664
660 668
660 670
661 61
661 261
661 361
661 561
661 611
661 621
661 651
661 662
661 663
661 664
661 665
661 666
661 669
662 162
662 562
662 602
662 632
662 663
662 664
662 665
662 666
662 669
662 682
662 692
662 762
663 163
663 263
663 363
663 463
663 603
663 623
663 633
663 653
663 665
663 668
663 683
663 863
664 264
664 564
664 634
664 644
664 654
664 663
664 667
664 669
664 674
664 694
664 864
665 165
665 265
665 365
665 465
665 605
665 615
665 655
665 660
665 664
665 666
665 667
665 675
665 685
665 695
665 765
665 965
666 66
666 266
666 466
666 636
666 656
666 660
666 663
666 664
666 667
666 668
666 966
667 67
667 467
667 567
667 617
667 627
667 647
667 660
667 661
667 662
667 663
667 669
667 697
667 867
668 168
668 568
668 618
668 628
668 638
668 661
668 662
668 664
668 665
668 667
668 669
668 688
668 698
668 768
668 968
669 69
669 269
669 369
669 469
669 609
669 629
669 639
669 660
669 663
669 665
669 666
669 689
669 699
669 769
669 969
670 470
670 570
670 600
670 610
670 630
670 671
670 673
670 678
670 690
670 770
671 371
671 571
671 611
671 631
671 651
671 661
671 673
671 674
671 675
671 677
671 679
671 681
671 871
671 971
672 72
672 172
672 602
672 662
672 670
672 671
672 675
672 676
672 677
672 692
673 173
673 273
673 573
673 623
673 633
673 643
673 653
673 663
673 672
673 674
673 675
673 678
673 683
673 773
674 574
674 624
674 634
674 644
674 654
674 670
674 672
674 675
674 676
674 677
674 679
674 684
674 774
674 874
674 974
675 175
675 615
675 625
675 645
675 670
675 676
675 677
675 678
675 679
675 685
675 975
676 76
676 176
676 476
676 606
676 666
676 670
676 671
676 673
676 678
676 876
677 77
677 477
677 577
677 607
677 617
677 627
677 637
677 647
677 657
677 667
677 670
677 673
677 676
677 687
677 697
677 877
677 977
678 618
678 628
678 638
678 648
678 668
678 671
678 672
678 674
678 677
678 688
678 698
679 79
679 279
679 379
679 479
679 579
679 609
679 619
679 649
679 659
679 669
679 670
679 672
679 673
679 676
679 677
679 678
679 699
679 979
680 180
680 480
680 580
680 620
680 630
680 640
680 650
680 660
680 670
680 681
680 684
680 685
680 689
680 690
680 780
680 980
681 181
681 381
681 481
681 581
681 631
681 641
681 661
681 687
681 688
681 689
681 691
681 981
682 82
682 582
682 602
682 612
682 622
682 632
682 642
682 672
682 680
682 681
682 684
682 685
682 686
682 688
682 692
682 782
683 383
683 483
683 603
683 633
683 653
683 680
683 681
683 682
683 684
683 686
683 687
683 689
683 693
683 783
683 983
684 84
684 584
684 614
684 644
684 664
684 681
684 686
684 687
684 688
684 689
685 85
685 285
685 385
685 485
685 605
685 635
685 655
685 681
685 683
685 684
685 686
685 688
685 695
685 785
685 885
686 86
686 286
686 386
686 606
686 626
686 646
686 666
686 676
686 680
686 681
686 687
686 696
686 786
686 986
687 87
687 287
687 587
687 607
687 617
687 627
687 667
687 680
687 682
687 685
687 697
687 787
687 987
688 88
688 288
688 388
688 488
688 588
688 608
688 618
688 638
688 658
688 680
688 683
688 686
688 687
688 689
688 788
688 888
689 89
689 289
689 489
689 589
689 619
689 629
689 639
689 679
689 682
689 685
689 686
689 687
689 789
689 889
689 989
690 190
690 290
690 390
690 490
690 630
690 640
690 660
690 692
690 694
690 695
690 698
690 699
690 790
690 990
691 91
691 191
691 291
691 601
691 621
691 641
691 651
691 661
691 671
691 690
691 693
691 695
691 696
691 699
692 292
692 392
692 592
692 691
692 693
692 694
692 695
692 697
692 698
692 792
692 892
692 992
693 93
693 193
693 293
693 393
693 603
693 633
693 663
693 673
693 690
693 793
693 893
694 394
694 604
694 624
694 634
694 644
694 674
694 684
694 691
694 693
694 695
694 696
694 698
694 699
694 994
695 295
695 595
695 615
695 625
695 645
695 655
695 675
695 693
695 696
695 697
695 699
695 795
695 895
696 196
696 396
696 596
696 606
696 636
696 666
696 676
696 690
696 692
696 693
696 699
696 996
697 397
697 597
697 607
697 627
697 637
697 657
697 690
697 691
697 693
697 694
697 696
697 699
697 897
698 98
698 198
698 298
698 398
698 498
698 598
698 638
698 648
698 658
698 688
698 691
698 693
698 695
698 696
698 697
698 699
698 998
699 199
699 399
699 499
699 609
699 639
699 659
699 689
699 692
699 693
699 799
700 100
700 200
700 500
700 702
700 703
700 705
700 706
700 710
700 730
700 740
700 770
700 790
701 101
701 401
701 501
701 700
701 702
701 703
701 704
701 707
701 709
701 711
701 731
701 751
701 761
701 791
702 102
702 302
702 502
702 602
702 703
702 704
702 706
702 707
702 708
702 712
702 732
702 762
702 792
702 802
702 902
703 403
703 503
703 603
703 704
703 707
703 709
703 723
703 743
703 783
703 793
703 903
704 4
704 104
704 204
704 404
704 504
704 604
704 700
704 706
704 708
704 709
704 744
704 784
704 794
704 804
705 105
705 205
705 701
705 702
705 703
705 704
705 708
705 709
705 715
705 725
705 735
705 775
705 905
706 406
706 606
706 701
706 703
706 705
706 707
706 708
706 726
706 746
706 776
706 786
706 796
706 906
707 7
707 607
707 700
707 704
707 705
707 708
707 709
707 717
707 727
707 757
707 767
707 787
707 807
708 8
708 108
708 308
708 408
708 508
708 608
708 700
708 701
708 703
708 709
708 738
708 748
708 808
708 908
709 9
709 409
709 509
709 700
709 702
709 706
709 729
709 739
709 749
709 759
709 779
709 809
710 310
710 711
710 713
710 717
710 720
710 740
710 770
710 790
711 111
711 311
711 511
711 611
711 716
711 717
711 731
711 791
711 811
711 911
712 112
712 212
712 412
712 612
712 710
712 711
712 714
712 718
712 762
713 313
713 413
713 613
713 703
713 711
713 712
713 716
713 718
713 753
713 763
713 773
713 813
713 913
714 14
714 114
714 314
714 414
714 514
714 704
714 710
714 711
714 713
714 715
714 717
714 724
714 744
714 754
714 764
714 774
714 914
715 115
715 215
715 315
715 515
715 615
715 710
715 711
715 712
715 713
715 717
715 718
715 735
715 745
715 755
715 785
715 815
716 16
716 516
716 706
716 710
716 712
716 714
716 715
716 717
716 718
716 719
716 726
716 746
716 756
716 786
716 916
717 117
717 317
717 417
717 617
717 712
717 713
717 719
717 727
717 737
717 747
717 757
717 767
717 777
717 917
718 18
718 218
718 318
718 418
718 518
718 618
718 708
718 710
718 711
718 714
718 717
718 758
718 768
718 778
718 818
719 19
719 119
719 219
719 319
719 419
719 709
719 710
719 711
719 712
719 713
719 714
719 715
719 718
719 759
719 789
719 799
719 919
720 20
720 320
720 420
720 520
720 700
720 722
720 724
720 726
720 730
720 740
720 780
720 790
721 21
721 221
721 321
721 421
721 621
721 701
721 711
721 720
721 722
721 724
721 728
721 729
721 771
721 821
722 22
722 122
722 322
722 422
722 522
722 702
722 712
722 723
722 724
722 725
722 732
722 762
722 772
722 782
722 792
722 922
723 23
723 623
723 713
723 720
723 721
723 724
723 725
723 728
723 743
723 773
723 783
723 793
723 823
723 923
724 124
724 224
724 324
724 704
724 726
724 727
724 728
724 729
724 744
724 754
724 764
724 774
724 784
724 794
724 824
725 125
725 325
725 715
725 720
725 721
725 724
725 726
725 729
725 735
725 745
725 755
725 775
725 785
725 795
725 925
726 26
726 126
726 226
726 326
726 426
726 526
726 721
726 722
726 723
726 729
726 766
726 786
727 27
727 127
727 227
727 327
727 527
727 627
727 720
727 721
727 722
727 723
727 725
727 726
727 729
727 747
727 757
727 797
728 28
728 228
728 328
728 428
728 528
728 628
728 708
728 718
728 720
728 722
728 725
728 726
728 727
728 729
728 738
728 758
728 778
728 788
728 828
728 928
729 129
729 329
729 529
729 629
729 719
729 720
729 722
729 723
729 739
729 759
729 769
729 779
729 799
730 130
730 230
730 430
730 530
730 710
730 731
730 732
730 736
730 739
730 740
730 780
730 790
730 830
731 131
731 431
731 631
731 721
731 735
731 739
731 751
731 761
731 781
731 831
732 332
732 632
732 712
732 731
732 736
732 737
732 738
732 739
732 772
732 782
732 832
733 233
733 333
733 433
733 633
733 703
733 713
733 723
733 730
733 731
733 732
733 734
733 737
733 738
733 739
733 743
733 763
734 34
734 134
734 334
734 434
734 534
734 634
734 704
734 714
734 724
734 730
734 731
734 732
734 737
734 739
734 744
734 754
734 784
734 834
734 934
735 35
735 435
735 730
735 732
735 733
735 734
735 736
735 739
735 745
735 795
735 835
735 935
736 436
736 706
736 716
736 726
736 731
736 733
736 734
736 776
736 796
737 37
737 237
737 337
737 707
737 727
737 730
737 731
737 735
737 736
737 747
737 777
737 787
737 837
738 38
738 138
738 238
738 438
738 638
738 718
738 730
738 731
738 734
738 735
738 736
738 737
738 739
738 838
739 39
739 139
739 639
739 719
739 736
739 737
739 769
739 789
739 839
739 939
740 240
740 340
740 540
740 741
740 742
740 743
740 744
740 746
740 747
740 748
740 749
740 760
740 940
741 41
741 241
741 541
741 701
741 711
741 721
741 731
741 742
741 743
741 748
741 751
741 781
741 841
742 242
742 342
742 542
742 702
742 712
742 722
742 732
742 743
742 744
742 745
742 746
742 748
742 752
742 762
742 772
742 782
742 842
742 942
743 43
743 443
743 543
743 643
743 713
743 744
743 749
743 753
743 763
743 773
744 144
744 244
744 444
744 741
744 746
744 747
744 748
744 754
744 784
744 844
744 944
745 45
745 245
745 445
745 545
745 705
745 740
745 741
745 743
745 744
745 765
745 785
745 795
745 845
745 945
746 246
746 346
746 646
746 726
746 736
746 741
746 743
746 745
746 747
746 748
746 766
746 776
746 846
747 47
747 247
747 347
747 647
747 707
747 741
747 742
747 743
747 745
747 757
747 797
747 947
748 448
748 548
748 648
748 718
748 728
748 738
748 743
748 745
748 747
748 798
749 149
749 349
749 649
749 719
749 729
749 739
749 741
749 742
749 744
749 745
749 746
749 747
749 748
749 949
750 50
750 250
750 700
750 710
750 720
750 730
750 740
750 756
750 758
750 780
750 790
750 850
750 950
751 351
751 551
751 651
751 711
751 721
751 750
751 752
751 753
751 754
751 757
751 758
751 759
751 761
751 771
751 781
751 851
751 951
752 52
752 352
752 552
752 702
752 712
752 722
752 732
752 750
752 753
752 754
752 755
752 757
752 758
752 759
752 772
752 792
752 852
753 153
753 253
753 553
753 703
753 723
753 733
753 750
753 757
753 758
753 783
754 354
754 454
754 554
754 704
754 750
754 753
754 757
754 758
754 759
754 764
754 774
754 784
754 854
754 954
755 155
755 255
755 355
755 705
755 735
755 745
755 750
755 751
755 753
755 754
755 756
755 757
755 765
755 795
755 855
756 256
756 456
756 556
756 706
756 726
756 736
756 746
756 751
756 752
756 753
756 754
756 758
756 786
756 796
756 856
756 956
757 57
757 157
757 257
757 457
757 657
757 737
757 750
757 756
757 758
757 759
757 767
757 777
757 787
757 857
758 58
758 258
758 558
758 708
758 738
758 748
758 755
758 759
758 858
759 59
759 159
759 559
759 739
759 749
759 750
759 753
759 755
759 756
759 769
759 789
759 859
760 160
760 260
760 360
760 460
760 660
760 700
760 710
760 720
760 730
760 750
760 761
760 762
760 765
760 767
760 768
760 790
761 61
761 161
761 461
761 661
761 711
761 721
761 741
761 762
761 763
761 764
762 362
762 562
762 732
762 752
762 763
762 764
762 765
762 766
762 767
762 792
762 862
763 363
763 463
763 563
763 663
763 703
763 723
763 753
763 760
763 765
763 767
763 768
763 773
763 793
763 863
764 164
764 264
764 464
764 564
764 664
764 704
764 734
764 744
764 760
764 763
764 765
764 766
764 767
764 769
765 65
765 165
765 705
765 715
765 725
765 735
765 761
765 769
765 775
765 785
765 865
765 965
766 266
766 466
766 566
766 666
766 706
766 716
766 736
766 756
766 760
766 761
766 763
766 765
766 767
766 768
766 769
766 866
767 167
767 267
767 467
767 667
767 727
767 737
767 747
767 761
767 765
767 787
767 797
768 68
768 168
768 368
768 708
768 728
768 738
768 748
768 758
768 761
768 762
768 764
768 765
768 767
768 788
768 798
769 269
769 369
769 569
769 709
769 719
769 749
769 760
769 761
769 762
769 763
769 767
769 768
769 789
769 869
770 470
770 720
770 730
770 740
770 750
770 760
770 771
770 772
770 774
770 778
770 780
770 790
770 870
770 970
771 71
771 171
771 271
771 571
771 671
771 701
771 711
771 731
771 741
771 761
771 775
771 778
771 971
772 72
772 172
772 272
772 372
772 472
772 572
772 672
772 702
772 712
772 762
772 771
772 773
772 774
772 872
773 73
773 173
773 373
773 573
773 703
773 733
773 753
773 770
773 771
773 775
773 777
773 779
773 783
773 793
773 873
773 973
774 74
774 174
774 474
774 704
774 734
774 744
774 764
774 771
774 773
774 775
774 777
774 778
774 779
774 784
774 794
774 974
775 75
775 575
775 675
775 715
775 735
775 745
775 755
775 770
775 772
775 776
775 778
775 785
775 795
776 176
776 276
776 376
776 476
776 576
776 676
776 716
776 726
776 756
776 766
776 770
776 771
776 772
776 773
776 774
776 777
776 778
776 779
776 796
777 177
777 277
777 577
777 677
777 707
777 727
777 747
777 767
777 770
777 771
777 772
777 775
777 778
777 779
777 877
777 977
778 278
778 478
778 678
778 708
778 738
778 748
778 758
778 768
778 772
778 773
778 779
778 788
778 798
778 978
779 679
779 719
779 739
779 749
779 759
779 769
779 770
779 771
779 772
779 775
779 879
780 80
780 380
780 480
780 580
780 700
780 710
780 740
780 760
780 781
780 783
780 786
780 789
781 81
781 181
781 481
781 681
781 701
781 711
781 721
781 761
781 771
781 784
781 786
781 787
781 881
781 981
782 282
782 582
782 702
782 712
782 752
782 762
782 772
782 780
782 781
782 783
782 784
782 785
782 786
782 982
783 83
783 183
783 483
783 713
783 733
783 743
783 763
783 781
783 786
783 983
784 84
784 284
784 384
784 684
784 714
784 764
784 780
784 783
784 785
784 787
784 884
785 85
785 185
785 585
785 705
785 735
785 755
785 780
785 781
785 783
785 788
785 789
785 885
786 186
786 486
786 586
786 736
786 746
786 766
786 776
786 784
786 785
786 796
786 986
787 87
787 187
787 287
787 587
787 717
787 727
787 747
787 777
787 780
787 782
787 783
787 785
787 786
787 788
787 797
787 987
788 88
788 588
788 708
788 718
788 738
788 748
788 758
788 780
788 781
788 782
788 783
788 784
788 786
788 789
789 89
789 389
789 709
789 729
789 749
789 779
789 781
789 782
789 783
789 784
789 786
789 787
789 799
790 190
790 490
790 590
790 740
790 780
790 791
790 792
790 793
790 794
790 795
790 796
790 890
791 91
791 291
791 391
791 491
791 691
791 721
791 731
791 741
791 751
791 761
791 771
791 781
791 794
791 796
791 798
791 799
792 492
792 712
792 732
792 742
792 772
792 782
792 791
792 793
792 794
792 796
792 798
793 93
793 293
793 713
793 733
793 743
793 753
793 783
793 791
793 794
793 795
793 796
793 798
794 194
794 294
794 394
794 594
794 694
794 714
794 734
794 744
794 754
794 764
794 784
794 797
794 799
795 395
795 705
795 715
795 765
795 785
795 791
795 792
795 794
795 796
795 797
796 96
796 196
796 496
796 596
796 696
796 716
796 726
796 746
796 766
796 794
796 797
796 799
796 896
796 996
797 197
797 297
797 397
797 497
797 697
797 707
797 717
797 737
797 757
797 777
797 790
797 791
797 792
797 793
797 798
797 799
797 997
798 98
798 198
798 298
798 498
798 598
798 698
798 708
798 718
798 728
798 738
798 758
798 788
798 790
798 794
798 795
798 796
799 299
799 399
799 709
799 739
799 749
799 759
799 769
799 779
799 790
799 792
799 793
799 795
799 798
800 400
800 600
800 700
800 801
800 802
800 803
800 806
800 807
800 808
800 830
800 880
800 900
801 101
801 301
801 601
801 701
801 803
801 805
801 806
801 807
801 808
801 831
801 861
801 891
801 901
802 2
802 102
802 502
802 801
802 803
802 805
802 807
802 808
802 862
802 892
802 902
803 503
803 703
803 807
803 823
803 843
803 873
803 883
803 893
804 4
804 104
804 304
804 504
804 800
804 801
804 802
804 803
804 805
804 808
804 844
804 864
804 884
804 904
805 105
805 205
805 305
805 705
805 800
805 803
805 806
805 815
805 845
805 865
805 885
805 895
806 6
806 106
806 506
806 706
806 802
806 803
806 804
806 807
806 808
806 809
806 826
806 836
806 896
807 107
807 407
807 507
807 607
807 804
807 805
807 817
807 827
807 837
807 887
807 907
808 8
808 408
808 803
808 805
808 807
808 809
808 828
808 838
808 868
808 888
808 898
809 209
809 409
809 509
809 800
809 801
809 802
809 803
809 804
809 805
809 807
809 819
809 849
809 859
809 879
809 899
810 10
810 110
810 310
810 410
810 610
810 710
810 800
810 811
810 812
810 813
810 818
810 819
810 820
810 830
810 840
810 850
810 860
810 870
810 910
811 111
811 211
811 801
811 818
811 819
811 821
811 841
811 851
811 881
811 911
812 312
812 412
812 512
812 712
812 802
812 811
812 815
812 817
812 818
812 819
812 822
812 832
812 852
812 862
812 872
812 892
813 513
813 803
813 811
813 812
813 814
813 815
813 816
813 817
813 819
813 823
813 833
813 863
813 893
813 913
814 114
814 314
814 514
814 614
814 714
814 804
814 810
814 811
814 812
814 816
814 824
814 854
814 874
814 884
814 894
814 914
815 15
815 415
815 615
815 810
815 811
815 814
815 817
815 818
815 819
815 835
815 855
815 865
815 885
815 895
816 16
816 116
816 216
816 416
816 516
816 716
816 806
816 810
816 811
816 812
816 815
816 836
816 896
816 916
817 117
817 217
817 317
817 417
817 517
817 617
817 717
817 810
817 811
817 814
817 816
817 819
817 827
817 837
817 847
817 857
817 867
817 877
817 917
818 18
818 218
818 518
818 618
818 808
818 813
818 814
818 816
818 817
818 819
818 848
818 858
818 878
818 888
818 898
819 19
819 119
819 319
819 519
819 719
819 814
819 816
819 829
819 839
819 849
819 859
819 869
819 899
820 20
820 220
820 420
820 520
820 620
820 720
820 800
820 821
820 824
820 825
820 826
820 827
820 828
820 829
820 840
820 850
820 920
821 221
821 321
821 801
821 823
821 826
821 827
821 829
821 831
821 851
821 881
821 891
821 921
822 122
822 722
822 802
822 820
822 821
822 824
822 825
822 826
822 829
822 862
822 882
822 892
823 323
823 523
823 623
823 820
823 822
823 826
823 827
823 828
823 853
823 863
823 873
823 893
824 224
824 324
824 424
824 624
824 804
824 821
824 823
824 826
824 829
824 854
824 864
824 894
824 924
825 225
825 325
825 525
825 725
825 805
825 815
825 821
825 823
825 824
825 845
825 865
825 885
825 895
825 925
826 326
826 626
826 726
826 816
826 825
826 828
826 829
826 846
826 866
826 896
827 727
827 822
827 824
827 825
827 826
827 828
827 837
827 867
827 887
827 897
828 128
828 228
828 628
828 818
828 821
828 822
828 824
828 825
828 858
828 868
828 928
829 329
829 429
829 529
829 629
829 729
829 809
829 823
829 825
829 827
829 828
829 839
829 849
829 889
829 929
830 30
830 130
830 630
830 820
830 831
830 832
830 833
830 835
830 837
830 838
830 839
830 850
830 890
831 31
831 131
831 331
831 531
831 811
831 832
831 833
831 834
831 835
831 839
831 871
831 881
831 891
831 931
832 132
832 432
832 632
832 802
832 822
832 833
832 834
832 839
832 852
832 862
832 872
832 882
832 892
832 932
833 33
833 333
833 733
833 803
833 823
833 838
833 839
833 883
833 893
833 933
834 134
834 234
834 434
834 534
834 634
834 804
834 814
834 824
834 830
834 833
834 835
834 836
834 839
834 844
834 854
834 864
834 874
834 884
834 894
834 934
835 235
835 635
835 805
835 825
835 832
835 833
835 838
835 845
835 855
835 865
835 935
836 36
836 236
836 436
836 536
836 736
836 826
836 830
836 831
836 832
836 833
836 835
836 837
836 838
836 846
836 856
836 866
836 886
836 896
836 936
837 137
837 437
837 637
837 831
837 832
837 833
837 834
837 835
837 839
837 847
837 857
837 867
837 877
837 937
838 238
838 438
838 638
838 818
838 828
838 831
838 832
838 834
838 837
838 839
838 848
838 858
838 868
838 878
839 139
839 239
839 339
839 439
839 539
839 639
839 809
839 835
839 836
839 869
839 889
839 899
840 340
840 740
840 800
840 830
840 842
840 843
840 847
840 848
840 849
840 850
840 860
840 940
841 41
841 341
841 541
841 801
841 821
841 831
841 840
841 842
841 843
841 845
841 848
841 849
841 871
841 881
841 941
842 42
842 142
842 242
842 342
842 442
842 642
842 802
842 812
842 822
842 832
842 844
842 845
842 847
842 849
842 852
842 862
843 343
843 443
843 743
843 813
843 823
843 833
843 842
843 844
843 846
843 847
843 848
843 849
843 853
843 873
843 883
843 943
844 244
844 344
844 444
844 544
844 644
844 814
844 824
844 840
844 841
844 848
844 849
844 884
844 894
844 944
845 145
845 245
845 345
845 545
845 815
845 840
845 843
845 844
845 847
845 848
845 855
845 865
845 885
845 945
846 46
846 346
846 446
846 546
846 646
846 806
846 816
846 840
846 841
846 842
846 844
846 845
846 847
846 848
846 856
846 866
846 876
846 886
846 896
847 47
847 147
847 447
847 547
847 747
847 807
847 827
847 841
847 844
847 849
847 877
848 48
848 448
848 548
848 648
848 748
848 808
848 828
848 842
848 847
848 868
848 878
848 948
849 249
849 349
849 549
849 749
849 839
849 845
849 846
849 848
849 859
849 869
850 250
850 350
850 450
850 650
850 800
850 852
850 854
850 855
850 858
850 880
851 351
851 801
851 831
851 841
851 850
851 853
851 855
851 859
851 861
852 52
852 152
852 352
852 452
852 802
852 822
852 851
852 854
852 856
852 859
852 862
852 892
852 952
853 153
853 253
853 353
853 553
853 653
853 753
853 803
853 813
853 833
853 850
853 852
853 854
853 855
853 856
853 858
853 893
854 154
854 254
854 354
854 454
854 804
854 844
854 851
854 856
854 874
854 884
855 155
855 255
855 355
855 455
855 555
855 655
855 805
855 825
855 852
855 854
855 857
855 859
855 895
855 955
856 56
856 156
856 356
856 656
856 806
856 816
856 826
856 850
856 851
856 855
856 858
856 859
856 866
856 876
856 886
857 357
857 457
857 557
857 807
857 827
857 847
857 850
857 851
857 852
857 853
857 854
857 856
857 887
857 897
858 58
858 158
858 358
858 558
858 658
858 808
858 848
858 851
858 852
858 854
858 855
858 857
858 888
858 958
859 159
859 559
859 659
859 829
859 839
859 850
859 853
859 854
859 857
859 858
859 869
859 889
859 959
860 60
860 160
860 360
860 460
860 560
860 660
860 760
860 800
860 820
860 830
860 850
860 861
860 862
860 864
860 865
860 866
860 867
860 868
860 870
860 880
860 890
861 61
861 461
861 561
861 661
861 761
861 811
861 821
861 831
861 841
861 863
861 864
861 867
862 62
862 662
862 861
862 864
862 865
862 866
862 869
862 872
862 882
862 892
862 962
863 363
863 803
863 833
863 843
863 853
863 860
863 862
863 866
863 868
863 869
863 873
863 963
864 264
864 464
864 564
864 764
864 814
864 844
864 854
864 863
864 866
864 874
864 894
864 964
865 365
865 565
865 665
865 855
865 861
865 863
865 864
865 867
865 868
865 869
865 895
865 965
866 66
866 266
866 566
866 666
866 806
866 816
866 861
866 865
866 867
866 868
866 876
867 367
867 767
867 807
867 847
867 857
867 862
867 863
867 864
867 897
867 967
868 168
868 268
868 368
868 468
868 668
868 768
868 818
868 858
868 861
868 862
868 864
868 867
868 888
869 369
869 669
869 809
869 829
869 860
869 861
869 864
869 866
869 867
869 868
869 899
869 969
870 70
870 470
870 570
870 670
870 800
870 820
870 830
870 840
870 850
870 871
870 873
870 876
870 877
870 879
870 880
870 970
871 71
871 171
871 271
871 371
871 771
871 801
871 811
871 821
871 851
871 861
871 875
871 878
871 881
871 891
872 272
872 672
872 802
872 822
872 842
872 852
872 870
872 871
872 873
872 874
872 878
872 879
872 882
872 892
872 972
873 73
873 273
873 373
873 573
873 673
873 813
873 833
873 853
873 871
873 874
873 877
873 973
874 174
874 374
874 774
874 804
874 824
874 844
874 870
874 871
874 876
874 877
874 879
874 894
874 974
875 75
875 275
875 475
875 575
875 675
875 775
875 805
875 815
875 825
875 835
875 845
875 855
875 865
875 870
875 872
875 873
875 874
875 877
875 878
875 895
875 975
876 76
876 276
876 576
876 776
876 806
876 816
876 826
876 836
876 871
876 872
876 873
876 875
876 878
876 886
876 896
876 976
877 807
877 827
877 857
877 867
877 871
877 872
877 876
877 897
877 977
878 78
878 678
878 778
878 808
878 828
878 858
878 868
878 870
878 873
878 874
878 877
878 898
879 179
879 279
879 379
879 679
879 819
879 829
879 839
879 849
879 859
879 869
879 871
879 873
879 875
879 876
879 877
879 878
879 889
879 979
880 280
880 380
880 680
880 780
880 810
880 820
880 830
880 840
880 881
880 882
880 886
880 888
880 889
880 890
881 81
881 181
881 381
881 581
881 681
881 801
881 851
881 861
881 884
881 886
881 888
882 182
882 282
882 382
882 482
882 682
882 782
882 802
882 812
882 842
882 852
882 881
882 884
882 892
883 83
883 383
883 583
883 683
883 783
883 813
883 823
883 853
883 863
883 873
883 880
883 881
883 882
883 887
883 893
883 983
884 84
884 284
884 484
884 684
884 824
884 864
884 874
884 880
884 883
884 885
884 886
884 894
884 984
885 285
885 585
885 835
885 855
885 865
885 875
885 880
885 881
885 882
885 883
885 887
885 888
886 86
886 186
886 286
886 586
886 686
886 786
886 806
886 816
886 826
886 866
886 882
886 883
886 885
886 986
887 187
887 287
887 387
887 487
887 687
887 787
887 817
887 837
887 847
887 867
887 877
887 880
887 881
887 882
887 884
887 886
887 897
888 188
888 388
888 788
888 828
888 838
888 848
888 878
888 882
888 883
888 884
888 886
888 887
888 898
889 89
889 189
889 489
889 789
889 809
889 819
889 849
889 869
889 881
889 882
889 883
889 884
889 885
889 886
889 887
889 888
889 899
890 190
890 390
890 690
890 800
890 810
890 820
890 840
890 850
890 870
890 891
890 892
890 893
890 894
890 895
890 897
890 990
891 191
891 391
891 491
891 591
891 691
891 791
891 811
891 841
891 851
891 861
891 881
891 892
891 894
891 895
891 898
892 192
892 292
892 392
892 792
892 842
892 895
893 93
893 393
893 493
893 793
893 843
893 863
893 873
893 891
893 892
893 895
893 896
893 897
893 898
893 899
894 94
894 194
894 494
894 594
894 694
894 794
894 804
894 854
894 892
894 893
894 896
894 898
894 899
895 95
895 195
895 295
895 595
895 795
895 835
895 845
895 885
895 894
895 896
896 96
896 196
896 296
896 596
896 696
896 856
896 866
896 886
896 890
896 891
896 892
896 898
897 197
897 397
897 597
897 797
897 807
897 817
897 837
897 847
897 891
897 892
897 894
897 895
897 896
897 898
897 997
898 98
898 198
898 498
898 698
898 798
898 828
898 838
898 848
898 858
898 868
898 890
898 892
898 895
899 199
899 299
899 499
899 599
899 699
899 799
899 829
899 849
899 859
899 879
899 890
899 891
899 892
899 895
899 896
899 897
899 898
899 999
900 0
900 300
900 400
900 600
900 700
900 901
900 908
900 920
900 930
900 970
900 990
901 1
901 101
901 201
901 501
901 601
901 701
901 903
901 904
901 907
901 909
901 911
901 931
901 951
902 202
902 302
902 402
902 502
902 900
902 901
902 903
902 904
902 912
902 952
902 962
902 992
903 3
903 103
903 203
903 303
903 603
903 803
903 900
903 905
903 906
903 908
903 943
903 953
903 983
903 993
904 204
904 704
904 900
904 903
904 905
904 907
904 909
904 934
904 944
904 964
904 974
904 994
905 105
905 205
905 405
905 505
905 605
905 805
905 900
905 901
905 902
905 906
905 907
905 908
905 909
905 915
905 925
905 945
906 6
906 106
906 406
906 806
906 900
906 901
906 902
906 904
906 908
906 909
906 916
906 936
906 946
906 956
906 996
907 7
907 207
907 507
907 707
907 900
907 902
907 903
907 906
907 909
907 917
907 937
908 8
908 308
908 808
908 901
908 902
908 904
908 907
908 909
908 918
908 928
908 938
908 968
908 988
908 998
909 9
909 109
909 209
909 409
909 509
909 709
909 809
909 900
909 902
909 903
909 939
909 969
910 10
910 110
910 210
910 310
910 610
910 710
910 900
910 911
910 912
910 913
910 918
910 920
910 930
910 940
910 960
910 980
910 990
911 11
911 211
911 311
911 411
911 511
911 611
911 915
911 917
911 918
911 919
911 951
911 961
911 971
912 12
912 112
912 212
912 712
912 812
912 911
912 913
912 918
912 919
912 932
912 942
912 962
912 982
912 992
913 13
913 413
913 613
913 903
913 911
913 914
913 915
913 933
913 943
913 953
913 973
914 14
914 214
914 314
914 414
914 614
914 904
914 910
914 911
914 912
914 915
914 917
914 919
914 924
914 934
914 964
914 974
914 994
915 15
915 215
915 315
915 415
915 515
915 615
915 715
915 815
915 910
915 912
915 916
915 918
915 919
915 925
915 935
915 955
915 975
915 995
916 116
916 516
916 910
916 911
916 912
916 913
916 914
916 918
916 919
916 936
916 956
916 996
917 217
917 417
917 910
917 912
917 913
917 915
917 916
917 918
917 947
917 957
917 977
918 18
918 118
918 218
918 318
918 718
918 818
918 913
918 914
918 958
918 968
919 219
919 619
919 819
919 909
919 910
919 913
919 917
919 918
919 999
920 20
920 220
920 320
920 620
920 720
920 921
920 922
920 923
920 925
920 928
920 930
921 21
921 121
921 421
921 621
921 721
921 901
921 911
921 922
921 923
921 925
921 926
921 927
921 929
921 941
921 971
922 22
922 122
922 222
922 322
922 422
922 622
922 822
922 902
922 912
922 927
922 928
922 929
922 942
922 982
923 23
923 223
923 323
923 523
923 823
923 903
923 913
923 922
923 926
923 927
923 928
923 929
923 933
923 943
923 963
923 983
923 993
924 224
924 324
924 424
924 524
924 624
924 724
924 904
924 920
924 921
924 922
924 923
924 928
924 929
924 934
924 944
924 954
924 974
924 994
925 25
925 225
925 325
925 425
925 525
925 922
925 923
925 924
925 926
925 927
925 929
925 935
925 945
925 965
925 995
926 26
926 126
926 426
926 726
926 826
926 906
926 916
926 920
926 922
926 924
926 927
926 936
926 956
927 127
927 227
927 727
927 827
927 907
927 917
927 920
927 924
927 928
927 929
927 937
927 977
927 987
927 997
928 128
928 228
928 528
928 628
928 918
928 921
928 925
928 926
928 948
928 978
928 988
929 229
929 329
929 429
929 729
929 909
929 919
929 920
929 926
929 928
929 949
929 959
930 30
930 130
930 230
930 330
930 430
930 530
930 730
930 830
930 932
930 933
930 936
930 939
930 950
930 960
930 970
931 131
931 231
931 331
931 431
931 531
931 631
931 731
931 911
931 921
931 930
931 932
931 933
931 936
931 937
931 939
931 971
932 132
932 232
932 332
932 532
932 632
932 732
932 902
932 922
932 934
932 936
932 937
932 938
932 939
932 952
932 972
933 33
933 533
933 633
933 733
933 903
933 932
933 934
933 936
933 937
933 939
933 953
933 963
933 973
933 983
934 334
934 434
934 534
934 930
934 931
934 937
934 939
934 944
934 954
934 964
934 974
935 35
935 435
935 535
935 905
935 930
935 931
935 932
935 933
935 934
935 939
935 945
935 955
935 975
935 995
936 36
936 136
936 436
936 736
936 934
936 935
936 938
936 939
936 946
936 966
936 986
937 37
937 337
937 437
937 737
937 917
937 930
937 935
937 936
937 997
938 138
938 538
938 738
938 838
938 918
938 928
938 930
938 931
938 933
938 934
938 935
938 937
938 939
938 958
938 968
938 988
938 998
939 39
939 239
939 539
939 639
939 839
939 919
939 929
939 937
939 949
939 959
939 979
939 989
940 40
940 900
940 920
940 930
940 943
940 945
940 946
940 960
940 980
940 990
941 41
941 141
941 241
941 341
941 441
941 541
941 741
941 901
941 911
941 931
941 940
941 943
941 944
941 946
941 949
941 961
941 971
941 991
942 242
942 442
942 542
942 642
942 842
942 902
942 932
942 940
942 941
942 943
942 944
942 945
942 947
942 948
942 952
942 962
942 992
943 43
943 343
943 443
943 743
943 933
943 944
943 946
943 947
943 949
943 983
944 144
944 244
944 344
944 644
944 914
944 940
944 945
944 946
944 948
944 949
944 974
944 984
945 45
945 145
945 345
945 545
945 645
945 915
945 941
945 943
945 948
945 965
945 985
945 995
946 246
946 346
946 746
946 846
946 916
946 926
946 942
946 945
946 947
946 986
946 996
947 47
947 447
947 847
947 907
947 927
947 937
947 940
947 941
947 944
947 945
947 948
948 48
948 248
948 348
948 548
948 648
948 748
948 908
948 918
948 938
948 940
948 941
948 943
948 946
948 949
948 968
948 978
948 988
949 149
949 349
949 449
949 549
949 649
949 849
949 909
949 919
949 940
949 942
949 945
949 946
949 947
949 959
949 969
949 979
950 50
950 350
950 550
950 650
950 850
950 900
950 910
950 920
950 940
950 953
950 960
950 990
951 251
951 351
951 451
951 651
951 851
951 921
951 931
951 941
951 950
951 952
951 956
951 957
951 961
951 991
952 52
952 152
952 252
952 352
952 452
952 552
952 752
952 912
952 922
952 950
952 953
952 956
952 958
952 959
953 53
953 253
953 653
953 753
953 853
953 923
953 943
953 951
953 954
953 956
953 963
954 154
954 254
954 454
954 554
954 654
954 854
954 904
954 914
954 944
954 950
954 951
954 952
954 957
954 958
954 959
954 984
954 994
955 55
955 155
955 355
955 555
955 755
955 905
955 925
955 945
955 950
955 951
955 952
955 953
955 954
955 975
956 156
956 256
956 356
956 456
956 556
956 856
956 936
956 946
956 950
956 954
956 955
956 957
956 958
956 959
956 966
956 976
956 986
956 996
957 57
957 157
957 557
957 757
957 857
957 907
957 927
957 937
957 947
957 950
957 952
957 953
957 955
957 959
957 967
957 987
958 58
958 258
958 458
958 558
958 758
958 908
958 928
958 948
958 950
958 951
958 953
958 955
958 957
958 959
958 998
959 59
959 159
959 359
959 559
959 659
959 759
959 909
959 919
959 950
959 951
959 953
959 955
959 969
959 989
959 999
960 60
960 260
960 460
960 660
960 760
960 860
960 900
960 920
960 962
960 965
960 967
960 980
961 161
961 261
961 661
961 761
961 861
961 901
961 921
961 931
961 960
961 962
961 963
961 965
961 968
961 969
961 991
962 262
962 462
962 662
962 762
962 922
962 932
962 952
962 963
962 964
962 965
962 966
962 967
962 968
962 969
962 972
962 982
963 163
963 263
963 463
963 563
963 663
963 763
963 903
963 913
963 943
963 960
963 964
963 966
963 968
963 983
963 993
964 64
964 164
964 264
964 364
964 464
964 664
964 764
964 924
964 944
964 954
964 960
964 961
964 969
964 984
964 994
965 65
965 265
965 365
965 465
965 905
965 915
965 935
965 955
965 963
965 964
965 967
965 969
965 985
965 995
966 266
966 366
966 766
966 866
966 906
966 916
966 926
966 946
966 960
966 961
966 964
966 965
966 967
966 969
966 976
966 986
966 996
967 67
967 267
967 667
967 767
967 907
967 917
967 927
967 937
967 947
967 961
967 963
967 964
967 997
968 68
968 168
968 368
968 468
968 768
968 868
968 928
968 958
968 960
968 964
968 965
968 966
968 967
968 969
968 998
969 269
969 469
969 769
969 919
969 929
969 939
969 960
969 963
969 967
969 979
969 999
970 170
970 670
970 910
970 920
970 940
970 950
970 960
970 974
970 975
970 980
971 171
971 871
971 901
971 951
971 961
971 970
971 977
971 978
971 991
972 72
972 272
972 372
972 672
972 772
972 902
972 912
972 922
972 942
972 952
972 970
972 971
972 976
972 977
972 979
973 73
973 273
973 473
973 673
973 903
973 923
973 943
973 953
973 963
973 970
973 971
973 972
973 976
973 977
973 979
973 993
974 174
974 274
974 474
974 954
974 964
974 971
974 972
974 973
974 975
974 977
974 979
974 984
974 994
975 75
975 175
975 475
975 775
975 905
975 925
975 945
975 965
975 971
975 972
975 973
975 978
975 979
976 276
976 376
976 576
976 676
976 776
976 906
976 916
976 926
976 936
976 946
976 970
976 971
976 974
976 975
976 978
976 979
977 907
977 937
977 947
977 957
977 967
977 970
977 975
977 976
977 979
978 78
978 178
978 278
978 378
978 478
978 678
978 878
978 908
978 918
978 938
978 958
978 968
978 970
978 972
978 973
978 974
978 977
978 979
979 79
979 379
979 579
979 779
979 909
979 919
979 929
979 959
979 970
979 971
979 989
980 380
980 780
980 880
980 900
980 920
980 930
980 950
980 982
980 983
980 985
980 986
980 987
980 988
980 990
981 181
981 281
981 381
981 481
981 581
981 881
981 901
981 911
981 921
981 931
981 941
981 951
981 961
981 971
981 980
981 982
981 983
981 985
981 986
981 987
981 988
981 989
981 991
982 82
982 282
982 382
982 482
982 682
982 882
982 902
982 932
982 942
982 952
982 972
982 985
982 986
982 987
982 989
983 283
983 383
983 583
983 913
983 953
983 973
983 982
983 984
983 985
983 986
983 988
984 184
984 284
984 384
984 484
984 584
984 684
984 784
984 904
984 914
984 924
984 934
984 980
984 981
984 982
984 985
984 988
984 994
985 485
985 685
985 785
985 885
985 905
985 915
985 925
985 935
985 955
985 975
985 988
985 989
986 286
986 586
986 906
986 916
986 926
986 976
986 984
986 985
986 989
986 996
987 187
987 487
987 587
987 887
987 907
987 917
987 937
987 947
987 967
987 977
987 983
987 984
987 985
987 986
987 988
987 989
987 997
988 88
988 288
988 388
988 588
988 688
988 788
988 888
988 918
988 958
988 968
988 978
988 982
988 986
988 989
988 998
989 89
989 289
989 589
989 789
989 889
989 909
989 919
989 929
989 949
989 969
989 980
989 983
989 984
989 999
990 90
990 390
990 590
990 790
990 920
990 930
990 960
990 970
990 991
990 993
990 994
990 995
990 997
991 91
991 691
991 791
991 891
991 901
991 911
991 921
991 931
991 994
991 996
991 998
992 292
992 492
992 792
992 892
992 922
992 932
992 952
992 962
992 972
992 982
992 990
992 991
992 994
992 996
992 997
992 999
993 93
993 193
993 393
993 593
993 693
993 793
993 893
993 913
993 933
993 943
993 953
993 983
993 991
993 992
993 995
993 999
994 94
994 194
994 394
994 594
994 794
994 894
994 934
994 944
994 993
994 995
994 997
995 95
995 595
995 695
995 795
995 895
995 905
995 955
995 975
995 985
995 991
995 992
995 996
995 998
995 999
996 296
996 396
996 596
996 896
996 926
996 936
996 976
996 990
996 993
996 994
996 997
997 297
997 497
997 697
997 907
997 917
997 947
997 957
997 977
997 991
997 993
997 995
997 998
997 999
998 98
998 198
998 298
998 598
998 798
998 898
998 918
998 928
998 948
998 978
998 990
998 992
998 993
998 994
998 996
999 199
999 599
999 699
999 799
999 909
999 929
999 939
999 949
999 979
999 990
999 991
999 994
999 996
999 998
29 34 46 73 91 105 118 157 160 182 200 212 255 268 287 324 333 349 371 396 423 436 441 474 499 526 531 544 579 593 608 610 652 667 685 721 739 743 776 794 802 817 850 865 888 907 915 958 962 980
