1000 13500 50
0 1
0 3
0 5
0 9
0 20
0 30
0 40
0 60
0 70
0 80
0 90
0 100
0 200
0 300
0 400
0 500
0 700
0 800
1 4
1 7
1 9
1 11
1 41
1 101
1 301
1 601
1 901
2 0
2 1
2 4
2 8
2 12
2 22
2 72
2 102
2 402
2 502
3 1
3 2
3 6
3 7
3 8
3 9
3 23
3 33
3 43
3 63
3 83
3 93
3 203
3 303
3 603
3 803
3 903
4 0
4 3
4 7
4 9
4 34
4 44
4 64
4 304
4 504
5 1
5 2
5 3
5 4
5 6
5 7
5 8
5 15
5 25
5 45
5 55
5 75
5 85
5 95
5 105
5 205
5 705
5 805
5 905
6 0
6 1
6 2
6 4
6 7
6 9
6 16
6 26
6 76
6 106
6 206
6 406
6 506
6 606
6 906
7 0
7 2
7 27
7 37
7 57
7 67
7 77
7 107
7 207
7 307
7 507
7 707
7 907
8 0
8 1
8 4
8 6
8 7
8 9
8 18
8 28
8 38
8 48
8 58
8 68
8 78
8 108
8 408
8 808
8 908
9 2
9 5
9 7
9 49
9 59
9 69
9 79
9 109
9 309
9 409
9 609
9 709
10 0
10 11
10 17
10 18
10 19
10 30
10 40
10 60
10 70
10 80
10 210
10 410
10 710
11 12
11 14
11 18
11 21
11 31
11 41
11 51
11 61
11 91
11 111
11 411
11 511
11 711
12 10
12 13
12 14
12 17
12 19
12 52
12 72
12 92
12 112
12 212
12 312
12 712
12 812
13 3
13 10
13 11
13 14
13 15
13 17
13 18
13 19
13 83
13 113
13 713
14 4
14 10
14 17
14 18
14 24
14 54
14 84
14 214
14 514
14 814
14 914
15 10
15 11
15 12
15 14
15 16
15 17
15 18
15 19
15 25
15 45
15 55
15 65
15 85
15 415
15 715
16 10
16 11
16 12
16 13
16 14
16 17
16 36
16 66
16 76
16 86
16 96
16 316
16 516
16 716
17 7
17 11
17 19
17 27
17 37
17 47
17 57
17 77
17 87
17 117
17 217
17 617
17 917
18 12
18 16
18 17
18 38
18 48
18 68
18 98
18 218
18 318
18 718
19 9
19 11
19 14
19 16
19 18
19 419
19 519
19 819
20 10
20 22
20 24
20 28
20 29
20 40
20 220
20 520
20 620
20 720
20 920
21 1
21 20
21 22
21 23
21 24
21 26
21 28
21 41
21 61
21 421
21 521
21 621
21 921
22 12
22 27
22 28
22 29
22 92
22 122
22 322
22 922
23 13
23 20
23 22
23 24
23 25
23 28
23 29
23 53
23 63
23 73
23 83
23 323
23 423
23 523
23 823
23 923
24 4
24 22
24 44
24 64
24 74
24 84
24 94
24 324
24 424
24 524
24 824
24 924
25 20
25 21
25 22
25 24
25 26
25 35
25 75
25 325
25 625
25 825
25 925
26 16
26 20
26 22
26 23
26 24
26 36
26 66
26 76
26 86
26 96
26 526
26 626
27 20
27 21
27 23
27 24
27 25
27 26
27 28
27 29
27 37
27 57
27 227
27 327
27 427
27 627
27 727
27 827
27 927
28 18
28 24
28 25
28 26
28 29
28 38
28 58
28 88
28 328
28 628
28 828
28 928
29 9
29 19
29 21
29 24
29 25
29 26
29 59
29 69
29 79
29 89
29 129
29 329
29 429
29 529
30 20
30 31
30 32
30 33
30 36
30 37
30 39
30 60
30 130
30 230
30 430
30 630
30 730
30 830
31 1
31 21
31 32
31 35
31 38
31 41
31 51
31 71
31 331
31 431
31 731
31 831
31 931
32 2
32 12
32 22
32 33
32 36
32 37
32 38
32 62
32 72
32 92
32 232
32 532
32 632
32 832
32 932
33 13
33 23
33 31
33 35
33 36
33 38
33 39
33 43
33 53
33 63
33 93
33 233
33 533
33 933
34 14
34 24
34 30
34 31
34 32
34 33
34 37
34 64
34 74
34 84
34 94
34 134
34 334
34 434
34 534
34 734
35 5
35 15
35 30
35 32
35 34
35 36
35 37
35 39
35 45
35 75
35 85
35 95
35 335
35 735
36 6
36 31
36 34
36 37
36 39
36 46
36 56
36 66
36 86
36 136
36 236
36 536
36 936
37 31
37 33
37 38
37 39
37 47
37 67
37 77
37 87
37 137
37 437
37 637
37 737
37 937
38 30
38 34
38 35
38 36
38 39
38 48
38 58
38 68
38 138
38 538
38 638
38 738
38 838
38 938
39 9
39 19
39 29
39 31
39 32
39 34
39 69
39 79
39 99
39 139
39 439
39 639
39 739
39 839
39 939
40 30
40 41
40 43
40 45
40 47
40 50
40 60
40 70
40 80
40 90
40 140
40 340
40 440
41 42
41 44
41 45
41 47
41 49
41 51
41 61
41 141
41 441
41 741
42 2
42 12
42 22
42 32
42 40
42 44
42 45
42 46
42 47
42 52
42 62
42 72
42 82
42 242
42 542
42 642
42 742
42 942
43 13
43 23
43 41
43 42
43 44
43 47
43 48
43 49
43 63
43 83
43 93
43 143
43 343
43 443
43 543
43 643
43 843
43 943
44 14
44 34
44 40
44 45
44 46
44 47
44 49
44 54
44 74
44 84
44 94
44 144
44 244
44 344
44 844
44 944
45 25
45 43
45 49
45 55
45 75
45 85
45 95
45 245
45 545
45 745
45 845
45 945
46 6
46 16
46 26
46 40
46 41
46 43
46 45
46 47
46 48
46 49
46 56
46 76
46 86
46 246
46 346
46 446
46 846
47 7
47 27
47 45
47 48
47 67
47 77
47 87
47 347
47 947
48 28
48 40
48 41
48 42
48 44
48 45
48 58
48 78
48 88
48 148
48 448
48 648
48 748
48 848
48 948
49 19
49 29
49 39
49 40
49 42
49 47
49 48
49 59
49 79
49 89
49 99
49 349
49 449
49 649
49 749
49 849
50 0
50 10
50 20
50 30
50 53
50 54
50 55
50 58
50 60
50 90
50 150
50 550
50 750
50 850
50 950
51 1
51 21
51 50
51 54
51 56
51 57
51 58
51 81
51 251
51 351
51 551
51 651
51 951
52 2
52 22
52 32
52 50
52 51
52 53
52 54
52 55
52 57
52 58
52 62
52 82
52 92
52 252
52 352
52 552
52 852
52 952
53 3
53 13
53 43
53 51
53 54
53 56
53 58
53 59
53 63
53 73
53 83
53 253
53 353
53 453
53 553
53 653
53 753
54 4
54 24
54 34
54 58
54 84
54 94
54 554
54 754
54 854
55 25
55 35
55 51
55 53
55 54
55 57
55 59
55 65
55 95
55 155
55 355
55 455
55 655
56 6
56 16
56 26
56 50
56 52
56 54
56 55
56 57
56 58
56 59
56 76
56 96
56 256
56 356
56 756
56 856
56 956
57 37
57 47
57 50
57 53
57 54
57 67
57 77
57 87
57 157
57 257
57 357
57 457
57 557
57 757
57 857
58 18
58 55
58 57
58 59
58 68
58 88
58 158
58 258
58 558
58 758
59 19
59 39
59 50
59 51
59 52
59 54
59 57
59 79
59 159
59 259
59 359
59 959
60 20
60 62
60 68
60 70
60 80
60 90
60 360
60 460
60 560
60 860
60 960
61 1
61 31
61 51
61 60
61 62
61 63
61 67
61 68
61 69
61 261
61 361
61 561
61 661
61 961
62 2
62 12
62 22
62 63
62 64
62 66
62 69
62 72
62 262
62 562
62 662
62 962
63 13
63 60
63 65
63 66
63 68
63 73
63 93
63 163
63 263
63 363
63 463
63 563
63 763
64 14
64 44
64 54
64 60
64 61
64 63
64 65
64 69
64 74
64 164
64 664
64 764
64 964
65 5
65 25
65 35
65 45
65 60
65 61
65 62
65 66
65 67
65 75
65 85
65 165
65 265
65 365
65 565
65 965
66 6
66 46
66 56
66 60
66 61
66 64
66 67
66 68
66 76
66 366
66 466
66 566
66 666
67 17
67 27
67 60
67 62
67 63
67 64
67 68
67 69
67 77
67 87
67 97
67 367
67 467
67 567
68 28
68 48
68 62
68 64
68 65
68 78
68 88
68 568
68 668
69 19
69 49
69 59
69 60
69 63
69 65
69 66
69 68
69 79
69 169
69 269
69 469
69 569
69 769
69 869
69 969
70 20
70 30
70 50
70 73
70 74
70 76
70 78
70 79
70 80
70 90
70 170
70 270
70 470
70 670
70 870
70 970
71 1
71 11
71 21
71 41
71 51
71 61
71 70
71 74
71 77
71 79
71 81
71 91
71 271
71 471
71 571
71 671
71 771
71 871
72 22
72 52
72 70
72 71
72 74
72 78
72 79
72 92
72 372
72 972
73 3
73 13
73 33
73 43
73 71
73 72
73 74
73 75
73 78
73 83
73 93
73 273
73 673
73 773
74 4
74 14
74 54
74 75
74 76
74 77
74 94
74 174
74 374
75 15
75 55
75 70
75 71
75 72
75 78
75 79
75 85
75 475
75 875
76 36
76 71
76 72
76 73
76 75
76 77
76 78
76 86
76 96
76 276
76 476
76 576
76 676
77 27
77 70
77 72
77 73
77 75
77 79
77 87
77 177
77 277
77 377
77 477
77 677
77 777
77 877
77 977
78 18
78 28
78 38
78 58
78 71
78 74
78 77
78 79
78 98
78 178
78 278
78 378
78 478
78 578
78 678
78 878
79 19
79 73
79 74
79 76
79 99
79 279
79 379
79 479
79 579
79 679
79 779
80 20
80 30
80 50
80 81
80 82
80 83
80 86
80 87
80 88
80 89
80 280
80 480
80 980
81 1
81 11
81 21
81 31
81 41
81 61
81 82
81 83
81 84
81 86
81 87
81 88
81 281
81 581
81 781
81 881
81 981
82 2
82 12
82 22
82 32
82 62
82 72
82 83
82 84
82 86
82 88
82 89
82 92
82 382
82 482
82 682
82 882
83 33
83 63
83 84
83 85
83 87
83 93
83 183
83 583
83 683
84 4
84 64
84 74
84 80
84 85
84 88
84 184
84 384
84 684
84 784
84 884
84 984
85 25
85 55
85 80
85 81
85 82
85 86
85 87
85 95
85 185
85 385
85 485
85 585
85 885
86 6
86 56
86 66
86 83
86 84
86 87
86 88
86 186
86 286
86 386
86 486
87 7
87 27
87 82
87 84
87 287
87 387
87 487
87 787
88 8
88 18
88 38
88 78
88 83
88 85
88 87
88 89
88 98
88 188
88 288
88 388
88 488
88 588
88 688
88 788
88 988
89 9
89 19
89 39
89 59
89 69
89 79
89 81
89 83
89 84
89 85
89 86
89 87
89 99
89 689
89 789
89 889
90 10
90 20
90 30
90 80
90 92
90 95
90 96
90 97
90 99
90 490
90 590
90 890
91 1
91 21
91 31
91 41
91 51
91 61
91 81
91 90
91 95
91 97
91 98
91 291
91 491
91 791
91 891
91 991
92 2
92 42
92 62
92 91
92 93
92 96
92 98
92 99
92 192
92 292
92 392
92 692
92 892
92 992
93 13
93 23
93 53
93 90
93 91
93 94
93 99
93 193
93 293
93 393
93 793
93 893
93 993
94 4
94 14
94 64
94 84
94 90
94 91
94 92
94 98
94 194
94 694
94 794
95 15
95 25
95 65
95 75
95 92
95 93
95 94
95 97
95 98
95 99
95 295
95 395
95 495
95 595
95 695
95 795
96 6
96 36
96 46
96 66
96 86
96 91
96 93
96 94
96 95
96 98
96 99
96 196
96 296
96 396
96 496
96 896
96 996
97 7
97 17
97 27
97 37
97 47
97 57
97 77
97 87
97 92
97 93
97 94
97 96
97 197
97 297
97 497
97 597
97 697
98 8
98 28
98 38
98 48
98 58
98 68
98 90
98 93
98 97
98 99
98 998
99 9
99 19
99 29
99 59
99 69
99 91
99 94
99 97
99 499
99 599
99 699
99 799
99 899
100 105
100 107
100 108
100 109
100 110
100 130
100 150
100 160
100 170
100 190
100 300
100 700
101 100
101 102
101 104
101 105
101 111
101 131
101 161
101 171
101 201
101 401
101 501
101 701
101 801
102 100
102 103
102 112
102 152
102 182
102 202
102 502
102 702
102 902
103 3
103 100
103 101
103 104
103 106
103 108
103 109
103 113
103 133
103 143
103 153
103 163
103 403
103 603
103 803
104 4
104 100
104 102
104 107
104 109
104 144
104 154
104 164
104 194
104 304
104 404
104 504
104 604
104 904
105 102
105 103
105 104
105 109
105 125
105 155
105 175
105 205
105 305
105 605
105 705
105 805
106 100
106 101
106 102
106 104
106 105
106 107
106 108
106 126
106 136
106 156
106 166
106 176
106 186
106 706
106 806
107 101
107 102
107 103
107 105
107 109
107 117
107 137
107 147
107 157
107 177
107 187
107 197
107 707
107 907
108 101
108 102
108 104
108 105
108 107
108 109
108 118
108 138
108 178
108 188
108 408
108 608
108 708
109 101
109 102
109 106
109 129
109 139
109 169
109 189
109 209
109 309
109 409
109 709
109 809
110 10
110 111
110 113
110 115
110 116
110 117
110 130
110 140
110 170
110 510
110 710
110 810
111 112
111 114
111 115
111 116
111 117
111 119
111 131
111 141
111 151
111 161
111 211
111 611
111 711
112 110
112 113
112 114
112 116
112 117
112 118
112 122
112 142
112 152
112 172
112 182
112 212
112 312
112 812
113 111
113 119
113 133
113 143
113 153
113 173
113 193
113 213
113 313
113 413
113 513
113 613
113 913
114 14
114 104
114 110
114 113
114 115
114 124
114 134
114 144
114 164
114 174
114 194
114 214
114 314
114 914
115 15
115 105
115 112
115 113
115 117
115 125
115 165
115 195
115 615
115 815
115 915
116 16
116 106
116 113
116 114
116 115
116 119
116 126
116 136
116 146
116 166
116 176
116 316
116 516
116 616
116 816
116 916
117 113
117 114
117 116
117 137
117 157
117 167
117 197
117 417
117 717
117 817
117 917
118 18
118 110
118 111
118 113
118 114
118 115
118 116
118 117
118 138
118 168
118 178
118 188
118 198
118 218
118 318
118 418
118 618
119 19
119 109
119 110
119 112
119 114
119 115
119 117
119 118
119 139
119 179
119 189
119 199
119 219
119 319
119 419
119 619
119 919
120 20
120 100
120 110
120 122
120 125
120 127
120 128
120 130
120 140
120 160
120 190
120 320
120 520
120 620
121 21
121 101
121 111
121 120
121 124
121 126
121 131
121 141
121 151
121 161
121 171
121 181
121 191
121 321
121 421
121 621
122 102
122 121
122 123
122 126
122 129
122 142
122 152
122 182
122 222
122 822
123 23
123 103
123 113
123 120
123 121
123 124
123 126
123 143
123 173
123 183
123 323
123 423
123 523
123 623
123 723
124 24
124 104
124 120
124 122
124 125
124 127
124 134
124 144
124 194
124 224
124 324
124 524
124 724
124 824
124 924
125 25
125 121
125 122
125 123
125 127
125 128
125 135
125 145
125 155
125 175
125 425
125 525
125 625
125 725
126 26
126 120
126 124
126 125
126 129
126 146
126 196
126 526
126 826
127 27
127 107
127 117
127 121
127 122
127 123
127 126
127 129
127 137
127 157
127 167
127 177
127 187
127 327
127 427
127 527
127 727
127 927
128 28
128 108
128 118
128 121
128 122
128 123
128 124
128 126
128 127
128 138
128 148
128 158
128 178
128 198
128 228
128 428
128 528
128 628
128 728
128 828
129 119
129 120
129 121
129 123
129 124
129 125
129 128
129 139
129 149
129 179
129 199
129 229
129 429
129 529
129 629
130 131
130 132
130 133
130 134
130 135
130 137
130 140
130 150
130 330
130 430
130 630
131 31
131 133
131 135
131 137
131 139
131 141
131 181
131 331
131 831
132 32
132 102
132 112
132 122
132 131
132 134
132 136
132 138
132 139
132 142
132 152
132 232
132 332
132 432
132 732
132 932
133 33
133 123
133 132
133 134
133 138
133 139
133 143
133 153
133 173
133 433
133 533
133 833
134 104
134 131
134 136
134 137
134 144
134 154
134 164
134 184
134 194
134 334
134 434
134 534
134 634
134 734
134 934
135 35
135 105
135 115
135 132
135 133
135 134
135 137
135 145
135 165
135 175
135 185
135 235
135 335
135 635
135 835
136 126
136 130
136 131
136 133
136 135
136 137
136 138
136 139
136 156
136 196
136 336
136 436
136 936
137 132
137 133
137 139
137 167
137 237
137 337
137 437
137 637
137 737
137 937
138 130
138 131
138 134
138 135
138 137
138 139
138 158
138 168
138 238
138 538
138 738
138 838
139 130
139 134
139 135
139 149
139 159
139 169
139 199
139 539
139 639
139 739
139 839
139 939
140 100
140 146
140 147
140 170
140 180
140 640
141 101
141 140
141 143
141 144
141 146
141 147
141 161
141 171
141 241
141 541
141 641
142 42
142 102
142 140
142 141
142 145
142 146
142 147
142 162
142 172
142 182
142 192
142 342
142 542
142 642
142 942
143 140
143 142
143 148
143 149
143 153
143 183
143 193
143 343
143 543
143 643
143 743
144 140
144 142
144 143
144 146
144 147
144 154
144 164
144 184
144 244
144 544
144 744
144 844
145 45
145 105
145 115
145 140
145 141
145 143
145 144
145 155
145 165
145 185
145 195
145 445
145 545
145 845
145 945
146 46
146 106
146 136
146 143
146 145
146 147
146 148
146 166
146 186
146 446
146 846
147 47
147 117
147 127
147 137
147 143
147 145
147 187
147 447
147 847
148 108
148 118
148 138
148 140
148 141
148 142
148 144
148 145
148 147
148 188
148 348
148 448
148 548
148 648
148 848
149 49
149 109
149 119
149 140
149 141
149 142
149 144
149 145
149 146
149 147
149 148
149 169
149 249
149 349
149 549
149 949
150 110
150 120
150 140
150 153
150 154
150 158
150 160
150 170
150 180
150 250
150 450
150 550
150 750
150 950
151 51
151 101
151 131
151 141
151 150
151 152
151 154
151 155
151 156
151 158
151 161
151 171
151 251
151 651
151 751
151 851
152 52
152 142
152 150
152 155
152 156
152 157
152 162
152 172
152 192
152 352
152 452
152 752
152 852
152 952
153 53
153 123
153 151
153 152
153 158
153 159
153 193
153 253
153 453
153 653
153 753
153 853
153 953
154 54
154 114
154 124
154 152
154 153
154 164
154 254
154 354
154 554
154 854
154 954
155 115
155 135
155 150
155 153
155 154
155 156
155 157
155 158
155 195
155 255
155 455
155 555
155 655
156 56
156 116
156 126
156 146
156 150
156 153
156 154
156 166
156 176
156 186
156 256
156 456
156 756
157 137
157 147
157 150
157 151
157 153
157 154
157 156
157 158
157 187
157 357
157 657
157 857
158 108
158 118
158 148
158 152
158 154
158 156
158 159
158 168
158 178
158 758
159 109
159 119
159 129
159 149
159 150
159 151
159 152
159 154
159 155
159 156
159 157
159 189
159 199
159 359
159 959
160 60
160 110
160 130
160 140
160 161
160 162
160 163
160 165
160 166
160 167
160 190
160 260
160 360
160 560
160 660
160 760
161 61
161 131
161 162
161 164
161 165
161 166
161 171
161 561
161 761
161 861
162 62
162 102
162 112
162 122
162 132
162 164
162 165
162 169
162 182
162 192
162 262
162 762
162 962
163 113
163 123
163 133
163 143
163 153
163 161
163 162
163 164
163 165
163 166
163 167
163 168
163 169
163 173
163 193
163 463
163 563
163 763
163 863
163 963
164 124
164 160
164 165
164 167
164 184
164 194
164 264
164 464
164 664
164 764
165 105
165 125
165 155
165 168
165 169
165 265
165 765
165 965
166 66
166 126
166 136
166 162
166 164
166 165
166 167
166 168
166 176
166 196
166 266
166 466
166 666
166 766
166 866
167 67
167 107
167 147
167 157
167 161
167 162
167 165
167 168
167 177
167 187
167 197
167 467
167 667
167 867
167 967
168 68
168 108
168 128
168 148
168 160
168 161
168 162
168 164
168 169
168 178
168 198
168 268
168 368
168 668
168 768
168 868
169 119
169 129
169 159
169 160
169 161
169 164
169 166
169 167
169 179
169 199
169 269
169 469
169 569
170 120
170 130
170 160
170 171
170 172
170 174
170 175
170 178
170 180
170 470
170 670
171 71
171 111
171 131
171 176
171 181
171 271
171 471
171 571
171 671
171 771
171 871
172 72
172 102
172 122
172 132
172 162
172 171
172 173
172 176
172 179
172 672
173 73
173 103
173 143
173 153
173 170
173 171
173 175
173 178
173 179
173 273
173 573
174 104
174 124
174 134
174 144
174 154
174 164
174 171
174 172
174 173
174 178
174 179
174 194
174 474
174 574
174 674
174 774
175 75
175 115
175 145
175 155
175 165
175 171
175 172
175 174
175 178
175 179
175 575
175 775
176 76
176 126
176 136
176 146
176 170
176 173
176 174
176 175
176 186
176 276
176 376
176 576
176 776
176 876
176 976
177 117
177 137
177 147
177 157
177 170
177 171
177 172
177 173
177 174
177 175
177 176
177 179
177 187
177 777
178 138
178 148
178 171
178 172
178 176
178 177
178 188
178 198
178 278
178 478
178 578
178 978
179 79
179 109
179 139
179 149
179 159
179 170
179 171
179 176
179 178
179 199
179 379
179 479
179 579
179 679
180 80
180 100
180 110
180 120
180 130
180 160
180 181
180 183
180 189
180 190
180 380
180 580
180 680
180 780
180 880
180 980
181 81
181 101
181 111
181 141
181 151
181 161
181 182
181 183
181 184
181 188
181 191
181 281
181 381
181 581
181 781
182 82
182 132
182 152
182 172
182 180
182 183
182 184
182 187
182 192
182 282
182 582
182 782
182 882
182 982
183 103
183 113
183 133
183 153
183 163
183 173
183 184
183 185
183 187
183 188
183 189
183 283
183 883
184 104
184 114
184 124
184 154
184 174
184 180
184 684
184 884
185 105
185 115
185 125
185 155
185 165
185 175
185 180
185 181
185 182
185 184
185 186
185 188
185 189
185 195
185 485
185 685
185 785
185 985
186 116
186 126
186 136
186 166
186 180
186 181
186 182
186 183
186 184
186 189
186 196
186 286
186 486
186 686
186 986
187 87
187 117
187 137
187 180
187 181
187 184
187 185
187 186
187 189
187 787
187 887
187 987
188 128
188 138
188 158
188 168
188 180
188 182
188 184
188 186
188 187
188 189
188 288
188 388
189 89
189 129
189 139
189 149
189 169
189 179
189 181
189 182
189 184
189 199
189 389
189 489
189 589
189 789
189 889
189 989
190 90
190 110
190 130
190 140
190 150
190 170
190 191
190 193
190 194
190 195
190 196
190 197
190 199
190 290
190 790
190 890
190 990
191 91
191 101
191 111
191 131
191 141
191 151
191 161
191 171
191 192
191 195
191 197
191 199
191 691
191 791
191 991
192 102
192 112
192 122
192 132
192 172
192 190
192 193
192 194
192 198
192 292
192 592
192 692
192 792
192 992
193 103
193 123
193 133
193 173
193 183
193 191
193 196
193 198
193 293
193 593
194 144
194 154
194 184
194 191
194 193
194 196
194 197
194 198
194 394
194 494
194 594
194 694
194 794
194 994
195 95
195 105
195 125
195 135
195 165
195 175
195 192
195 193
195 194
195 197
195 395
195 695
195 795
195 995
196 106
196 116
196 146
196 156
196 176
196 191
196 192
196 195
196 197
196 198
196 296
196 396
196 596
196 696
197 127
197 137
197 147
197 157
197 177
197 187
197 192
197 193
197 297
197 497
197 797
197 897
198 98
198 108
198 138
198 148
198 158
198 188
198 190
198 191
198 195
198 197
198 199
198 298
198 598
199 99
199 109
199 149
199 192
199 193
199 194
199 195
199 196
199 197
199 299
199 399
199 499
199 799
199 899
200 100
200 202
200 205
200 210
200 220
200 230
200 250
200 260
200 270
200 280
200 300
200 400
200 600
200 700
201 1
201 200
201 204
201 211
201 241
201 261
201 271
201 281
201 301
201 501
201 601
201 701
201 901
202 2
202 201
202 203
202 205
202 206
202 262
202 272
202 282
202 292
202 402
202 502
202 702
203 103
203 200
203 201
203 204
203 205
203 207
203 223
203 273
203 283
203 503
203 603
203 703
204 4
204 104
204 200
204 202
204 206
204 208
204 254
204 264
204 274
204 284
204 294
204 304
204 404
204 504
204 804
205 201
205 204
205 207
205 209
205 215
205 235
205 245
205 285
205 295
205 505
205 705
205 805
206 106
206 200
206 201
206 203
206 205
206 207
206 208
206 209
206 226
206 266
206 276
206 296
206 306
206 506
206 606
206 806
207 107
207 200
207 201
207 202
207 204
207 208
207 209
207 217
207 267
207 277
207 307
207 407
207 507
207 707
207 807
207 907
208 8
208 108
208 200
208 201
208 202
208 203
208 205
208 218
208 228
208 238
208 268
208 278
208 288
208 408
208 608
208 708
208 808
209 9
209 200
209 201
209 202
209 203
209 204
209 208
209 259
209 409
209 509
209 609
209 809
210 110
210 212
210 215
210 218
210 219
210 220
210 230
210 250
210 270
210 310
210 510
210 610
210 710
210 810
211 11
211 210
211 212
211 213
211 215
211 217
211 218
211 219
211 221
211 261
211 281
211 291
211 311
211 411
211 611
212 202
212 213
212 214
212 215
212 216
212 217
212 218
212 219
212 242
212 262
212 272
212 282
212 512
212 612
212 712
212 812
213 13
213 203
213 210
213 216
213 217
213 219
213 233
213 253
213 273
213 313
213 413
213 513
213 713
214 204
214 210
214 211
214 213
214 216
214 217
214 218
214 234
214 254
214 264
214 274
214 414
214 514
214 614
214 914
215 15
215 115
215 213
215 214
215 216
215 225
215 235
215 265
215 275
215 285
215 415
215 515
215 615
215 715
215 815
215 915
216 16
216 116
216 206
216 210
216 211
216 218
216 226
216 256
216 276
216 516
216 716
216 816
216 916
217 117
217 210
217 215
217 216
217 218
217 219
217 227
217 247
217 267
217 277
217 297
217 717
217 817
217 917
218 213
218 215
218 219
218 228
218 238
218 278
218 288
218 298
218 318
218 418
218 618
219 19
219 209
219 214
219 215
219 216
219 279
219 299
219 519
219 719
220 120
220 224
220 226
220 230
220 240
220 250
220 260
220 270
220 280
220 290
220 420
220 820
220 920
221 21
221 121
221 201
221 220
221 224
221 225
221 226
221 241
221 251
221 261
221 421
221 721
221 821
222 22
222 202
222 212
222 220
222 221
222 227
222 228
222 229
222 242
222 272
222 422
222 522
222 822
222 922
223 23
223 123
223 213
223 220
223 221
223 222
223 225
223 227
223 229
223 243
223 293
223 523
223 823
223 923
224 24
224 204
224 214
224 222
224 223
224 524
224 624
224 724
224 924
225 25
225 125
225 205
225 220
225 222
225 224
225 226
225 235
225 255
225 265
225 295
225 425
226 26
226 126
226 222
226 223
226 224
226 266
226 286
226 296
226 326
226 426
226 826
226 926
227 127
227 207
227 220
227 221
227 224
227 225
227 226
227 237
227 287
227 297
227 327
227 427
227 527
227 627
227 727
228 28
228 220
228 221
228 223
228 224
228 225
228 226
228 227
228 229
228 238
228 288
228 298
228 328
228 428
228 528
228 928
229 29
229 209
229 219
229 220
229 221
229 224
229 225
229 226
229 227
229 259
229 299
229 329
229 429
229 629
229 829
229 929
230 130
230 232
230 234
230 238
230 260
230 270
230 280
230 290
230 330
230 430
230 530
230 630
230 730
230 930
231 31
231 131
231 201
231 211
231 221
231 230
231 232
231 261
231 281
231 291
231 331
232 202
232 212
232 222
232 233
232 234
232 235
232 238
232 242
232 252
232 432
232 532
232 632
232 732
232 832
232 932
233 133
233 203
233 223
233 230
233 231
233 235
233 236
233 237
233 238
233 243
233 273
233 283
233 333
233 533
233 733
233 833
233 933
234 34
234 134
234 204
234 224
234 231
234 233
234 236
234 237
234 238
234 239
234 334
234 834
234 934
235 35
235 230
235 231
235 234
235 236
235 238
235 239
235 245
235 265
235 435
236 136
236 206
236 216
236 226
236 230
236 231
236 232
236 238
236 256
236 276
236 336
236 436
236 536
236 636
236 736
236 936
237 37
237 207
237 217
237 230
237 231
237 232
237 235
237 236
237 239
237 267
237 337
237 437
238 38
238 231
238 237
238 239
238 248
238 258
238 268
238 298
238 438
238 638
238 938
239 39
239 139
239 209
239 219
239 229
239 230
239 231
239 232
239 233
239 236
239 269
239 279
239 299
239 439
239 539
239 639
239 839
240 40
240 140
240 200
240 210
240 230
240 241
240 242
240 243
240 248
240 250
240 260
240 340
240 540
240 740
240 940
241 41
241 211
241 231
241 243
241 246
241 249
241 251
241 291
241 441
241 641
241 841
241 941
242 142
242 202
242 241
242 248
242 249
242 262
242 272
242 282
242 442
242 542
242 842
242 942
243 43
243 143
243 203
243 213
243 242
243 244
243 247
243 249
243 253
243 263
243 273
243 293
243 343
243 643
243 743
243 843
244 204
244 214
244 224
244 234
244 240
244 241
244 242
244 247
244 248
244 249
244 294
244 444
244 544
244 644
244 744
244 944
245 145
245 215
245 225
245 240
245 241
245 242
245 243
245 244
245 248
245 255
245 285
245 545
245 745
245 845
245 945
246 146
246 206
246 216
246 226
246 236
246 240
246 242
246 243
246 244
246 245
246 248
246 249
246 256
246 266
246 286
246 296
246 446
246 646
246 746
246 846
246 946
247 47
247 147
247 207
247 227
247 237
247 240
247 241
247 242
247 245
247 246
247 248
247 257
247 347
247 447
247 547
247 647
247 747
247 947
248 48
248 148
248 208
248 218
248 228
248 241
248 243
248 258
248 268
248 298
248 448
248 648
248 748
248 948
249 49
249 209
249 219
249 229
249 239
249 240
249 245
249 247
249 248
249 279
249 289
249 299
249 349
249 449
249 849
250 50
250 230
250 251
250 253
250 254
250 255
250 256
250 258
250 280
250 650
250 850
250 950
251 201
251 211
251 231
251 252
251 253
251 257
251 258
251 259
251 261
251 281
251 291
251 351
251 951
252 152
252 202
252 212
252 222
252 242
252 250
252 254
252 255
252 256
252 257
252 258
252 259
252 262
252 272
252 352
252 452
252 752
253 203
253 223
253 233
253 252
253 254
253 256
253 258
253 259
253 263
253 283
253 553
253 953
254 54
254 224
254 234
254 244
254 251
254 256
254 257
254 258
254 259
254 264
254 284
254 454
254 654
254 954
255 55
255 205
255 215
255 235
255 251
255 253
255 254
255 257
255 265
255 355
255 455
255 555
255 655
255 855
255 955
256 206
256 226
256 251
256 255
256 276
256 286
256 296
256 356
256 456
256 856
256 956
257 157
257 207
257 217
257 227
257 237
257 250
257 253
257 256
257 258
257 287
257 297
257 357
257 557
257 657
257 757
257 957
258 158
258 208
258 218
258 228
258 255
258 256
258 259
258 278
258 358
258 558
258 758
259 159
259 219
259 239
259 249
259 250
259 255
259 256
259 257
259 269
259 279
259 299
259 459
259 859
260 60
260 210
260 250
260 261
260 263
260 264
260 265
260 266
260 268
260 280
260 290
260 460
260 560
260 660
260 760
260 860
260 960
261 161
261 241
261 266
261 267
261 268
261 269
261 271
261 281
261 291
261 461
261 561
261 661
261 761
261 961
262 222
262 232
262 260
262 261
262 272
262 362
262 462
262 562
262 762
262 862
262 962
263 163
263 203
263 213
263 223
263 233
263 261
263 262
263 267
263 273
263 283
263 293
263 463
263 663
263 963
264 64
264 224
264 234
264 244
264 261
264 262
264 263
264 266
264 269
264 274
264 564
264 664
264 764
264 864
265 205
265 245
265 261
265 262
265 263
265 264
265 295
265 365
265 565
265 765
265 865
265 965
266 66
266 216
266 236
266 256
266 262
266 263
266 265
266 269
266 296
266 566
266 666
266 766
266 866
266 966
267 67
267 167
267 227
267 247
267 257
267 260
267 262
267 264
267 265
267 266
267 269
267 277
267 287
267 367
267 667
267 867
268 68
268 218
268 228
268 258
268 262
268 263
268 264
268 265
268 266
268 267
268 278
268 288
268 468
268 568
268 768
268 868
269 209
269 219
269 229
269 249
269 260
269 262
269 263
269 265
269 268
269 369
269 469
269 569
269 669
270 170
270 240
270 250
270 260
270 272
270 276
270 279
270 290
270 370
270 570
270 670
270 770
270 870
270 970
271 211
271 221
271 231
271 241
271 251
271 270
271 272
271 273
271 274
271 275
271 276
271 277
271 278
271 279
271 281
271 291
271 471
271 771
271 871
271 971
272 72
272 172
272 232
272 273
272 274
272 276
272 279
272 282
272 292
272 372
272 472
272 772
272 972
273 223
273 253
273 270
273 275
273 276
273 277
273 278
273 283
273 673
273 773
273 973
274 74
274 174
274 224
274 234
274 244
274 254
274 270
274 273
274 276
274 279
274 294
274 474
274 974
275 75
275 175
275 205
275 225
275 235
275 245
275 255
275 265
275 270
275 272
275 274
275 277
275 279
275 475
275 775
275 875
276 226
276 246
276 266
276 275
276 278
276 279
276 286
276 296
276 476
276 576
276 676
276 876
277 177
277 227
277 237
277 247
277 257
277 270
277 272
277 274
277 276
277 278
277 287
277 477
277 677
277 777
278 228
278 238
278 248
278 270
278 272
278 274
278 275
278 298
278 378
278 478
278 578
278 778
279 179
279 209
279 229
279 269
279 273
279 277
279 278
279 299
279 479
279 679
279 779
279 879
279 979
280 180
280 210
280 240
280 270
280 281
280 284
280 285
280 287
280 288
280 290
280 480
280 680
280 880
280 980
281 221
281 241
281 282
281 289
281 291
281 381
281 681
281 781
281 981
282 82
282 222
282 232
282 252
282 262
282 280
282 283
282 284
282 285
282 286
282 287
282 288
282 292
282 782
282 882
283 83
283 213
283 223
283 243
283 280
283 281
283 284
283 286
283 287
283 288
283 289
283 293
283 383
283 883
283 983
284 84
284 184
284 214
284 224
284 234
284 244
284 264
284 274
284 281
284 285
284 288
284 289
284 484
285 85
285 185
285 225
285 235
285 255
285 265
285 275
285 281
285 283
285 286
285 287
285 785
285 885
285 985
286 206
286 216
286 236
286 266
286 280
286 281
286 284
286 287
286 288
286 486
286 586
286 686
286 886
287 187
287 207
287 217
287 237
287 247
287 281
287 284
287 289
287 487
287 587
287 687
288 238
288 248
288 258
288 278
288 281
288 285
288 287
288 289
288 298
288 388
288 788
288 888
289 89
289 189
289 209
289 219
289 229
289 239
289 259
289 269
289 279
289 280
289 282
289 285
289 286
289 299
289 489
289 689
289 789
289 889
289 989
290 90
290 200
290 210
290 240
290 250
290 298
290 299
290 390
290 690
290 890
291 191
291 201
291 221
291 290
291 293
291 294
291 295
291 297
291 298
291 391
291 491
291 591
291 691
292 212
292 222
292 232
292 242
292 252
292 262
292 290
292 291
292 293
292 294
292 295
292 296
292 297
292 299
292 392
292 592
292 792
292 992
293 203
293 213
293 233
293 253
293 273
293 290
293 294
293 493
293 693
293 893
294 94
294 194
294 214
294 224
294 234
294 254
294 264
294 284
294 290
294 295
294 296
294 297
294 298
294 394
294 494
294 594
294 794
295 195
295 215
295 235
295 245
295 255
295 275
295 285
295 290
295 293
295 298
295 299
295 495
295 795
295 895
295 995
296 216
296 236
296 286
296 290
296 291
296 293
296 295
296 298
296 596
296 696
296 796
296 896
296 996
297 207
297 237
297 247
297 267
297 277
297 287
297 290
297 293
297 295
297 296
297 298
297 397
297 497
297 597
297 697
297 797
297 997
298 98
298 208
298 258
298 268
298 292
298 293
298 299
298 598
298 698
298 798
299 99
299 209
299 269
299 291
299 293
299 294
299 296
299 297
299 499
299 599
299 799
300 303
300 305
300 306
300 307
300 320
300 340
300 360
300 370
300 400
301 101
301 300
301 302
301 303
301 305
301 306
301 309
301 311
301 321
301 331
301 371
301 381
301 391
301 501
301 901
302 2
302 102
302 202
302 300
302 305
302 309
302 322
302 342
302 352
302 362
302 402
302 802
302 902
303 103
303 203
303 302
303 304
303 305
303 306
303 307
303 308
303 309
303 313
303 333
303 343
303 393
303 403
303 903
304 300
304 301
304 302
304 306
304 307
304 308
304 309
304 314
304 324
304 334
304 364
304 374
304 384
304 394
304 504
304 704
304 804
304 904
305 5
305 205
305 304
305 307
305 309
305 315
305 325
305 375
305 395
305 405
305 605
305 905
306 6
306 106
306 302
306 305
306 308
306 316
306 346
306 356
306 366
306 376
306 406
306 606
306 706
306 806
306 906
307 107
307 301
307 302
307 306
307 308
307 327
307 367
307 807
307 907
308 8
308 108
308 208
308 300
308 301
308 302
308 305
308 318
308 328
308 348
308 368
308 378
308 388
308 508
309 209
309 300
309 306
309 307
309 308
309 329
309 359
309 369
309 379
309 389
309 409
309 609
309 809
310 10
310 110
310 300
310 313
310 314
310 317
310 318
310 319
310 320
310 330
310 350
310 370
310 380
310 390
310 410
310 510
310 710
311 11
311 111
311 310
311 314
311 315
311 316
311 317
311 318
311 331
311 371
311 381
311 411
311 611
311 711
311 911
312 212
312 302
312 310
312 311
312 315
312 318
312 342
312 352
312 362
312 512
312 612
313 13
313 311
313 312
313 314
313 315
313 316
313 318
313 319
313 333
313 353
313 413
313 513
313 613
314 14
314 214
314 312
314 316
314 317
314 319
314 334
314 344
314 354
314 364
314 384
314 394
314 414
314 614
314 714
314 814
315 15
315 115
315 215
315 310
315 314
315 316
315 319
315 325
315 335
315 345
315 365
315 415
315 915
316 216
316 310
316 312
316 317
316 318
316 319
316 326
316 346
316 356
316 366
316 396
316 416
316 616
316 716
316 816
316 916
317 17
317 117
317 217
317 307
317 312
317 313
317 315
317 318
317 319
317 347
317 357
317 367
317 417
317 617
317 717
318 314
318 315
318 338
318 388
318 918
319 19
319 219
319 309
319 311
319 312
319 318
319 329
319 339
319 369
319 379
319 419
319 519
319 619
319 719
319 919
320 20
320 220
320 323
320 329
320 350
320 380
320 420
320 720
320 820
321 21
321 221
321 311
321 320
321 324
321 326
321 329
321 371
321 381
321 391
321 721
321 821
322 122
322 222
322 312
322 320
322 321
322 323
322 328
322 329
322 332
322 342
322 362
322 382
322 522
322 622
323 223
323 303
323 313
323 321
323 329
323 373
323 393
323 423
323 523
323 623
324 224
324 314
324 320
324 322
324 323
324 344
324 354
324 384
324 624
324 924
325 125
325 225
325 320
325 321
325 322
325 323
325 324
325 328
325 329
325 355
325 375
325 425
325 825
325 925
326 26
326 126
326 306
326 320
326 322
326 323
326 324
326 325
326 327
326 329
326 336
326 376
326 386
326 626
326 726
327 317
327 320
327 321
327 322
327 323
327 324
327 325
327 328
327 347
327 357
327 367
327 387
327 427
327 527
327 627
327 827
327 927
328 128
328 318
328 320
328 321
328 323
328 324
328 326
328 338
328 348
328 378
328 388
328 398
328 528
328 628
328 928
329 129
329 324
329 327
329 328
329 339
329 369
329 379
329 389
329 429
329 529
329 829
330 30
330 300
330 320
330 331
330 336
330 339
330 360
330 370
330 380
330 390
330 530
330 630
330 930
331 321
331 332
331 333
331 334
331 335
331 336
331 339
331 341
331 391
331 431
331 631
331 731
331 931
332 32
332 232
332 302
332 312
332 330
332 333
332 334
332 337
332 339
332 352
332 362
332 372
332 382
332 392
332 532
332 732
332 932
333 33
333 133
333 323
333 330
333 334
333 336
333 343
333 353
333 383
333 393
333 533
334 324
334 330
334 337
334 338
334 339
334 344
334 354
334 384
334 394
334 434
334 534
334 734
335 235
335 305
335 325
335 330
335 332
335 333
335 334
335 336
335 337
335 338
335 339
335 345
335 365
335 435
335 735
336 36
336 306
336 316
336 332
336 334
336 346
336 356
336 376
336 536
336 936
337 37
337 307
337 317
337 327
337 330
337 331
337 333
337 336
337 338
337 377
337 397
337 437
337 537
337 737
338 38
338 138
338 238
338 308
338 330
338 331
338 332
338 333
338 336
338 348
338 378
338 388
338 398
338 438
338 538
338 738
339 39
339 139
339 239
339 309
339 333
339 336
339 337
339 338
339 349
339 359
339 369
339 379
339 399
339 539
339 639
340 140
340 310
340 320
340 330
340 342
340 346
340 348
340 370
340 380
340 390
340 440
340 540
340 640
340 840
341 41
341 141
341 241
341 301
341 311
341 321
341 340
341 342
341 344
341 346
341 347
341 348
341 351
341 371
341 381
341 441
341 541
341 741
342 42
342 242
342 332
342 343
342 346
342 347
342 348
342 352
342 372
342 382
342 642
342 742
342 842
342 942
343 313
343 323
343 340
343 341
343 345
343 347
343 348
343 349
343 363
343 373
343 383
343 443
343 643
343 743
343 843
344 144
344 244
344 304
344 340
344 342
344 343
344 345
344 346
344 347
344 349
344 364
344 384
344 744
344 844
345 45
345 145
345 245
345 305
345 325
345 340
345 341
345 342
345 346
345 347
345 348
345 349
345 365
345 545
345 845
345 945
346 146
346 246
346 326
346 343
346 348
346 349
346 366
346 376
346 386
346 546
346 746
346 846
347 147
347 307
347 337
347 340
347 346
347 348
347 349
347 357
347 377
347 387
347 547
347 647
347 747
348 48
348 248
348 318
348 344
348 349
348 378
348 388
348 398
348 948
349 309
349 319
349 329
349 340
349 341
349 342
349 359
349 369
349 379
349 399
349 449
350 50
350 150
350 250
350 300
350 330
350 340
350 351
350 353
350 358
350 360
350 370
350 380
350 390
350 550
350 850
350 950
351 151
351 301
351 311
351 321
351 331
351 352
351 359
351 851
351 951
352 322
352 350
352 354
352 357
352 382
352 452
352 652
352 852
353 153
353 253
353 303
353 323
353 343
353 351
353 352
353 356
353 357
353 753
353 853
354 54
354 254
354 304
354 344
354 350
354 351
354 353
354 355
354 356
354 374
354 384
354 394
354 454
354 554
354 654
354 854
354 954
355 155
355 305
355 315
355 335
355 345
355 350
355 351
355 352
355 353
355 357
355 375
355 395
355 455
355 655
355 755
356 156
356 326
356 346
356 350
356 351
356 352
356 355
356 357
356 359
356 366
356 376
356 556
356 656
356 756
356 856
357 307
357 337
357 350
357 351
357 354
357 358
357 557
357 657
357 757
357 957
358 58
358 158
358 308
358 318
358 328
358 338
358 348
358 351
358 352
358 353
358 354
358 355
358 356
358 359
358 368
358 558
358 658
358 858
359 259
359 319
359 329
359 350
359 352
359 353
359 354
359 355
359 357
359 379
359 459
359 559
359 659
359 859
360 260
360 310
360 320
360 340
360 361
360 363
360 364
360 367
360 368
360 370
360 380
360 560
360 660
360 760
361 161
361 261
361 301
361 311
361 321
361 331
361 341
361 351
361 363
361 364
361 365
361 366
361 368
361 369
361 371
361 381
361 391
361 761
362 62
362 162
362 342
362 352
362 360
362 361
362 366
362 367
362 368
362 369
362 382
362 392
362 462
362 762
363 163
363 263
363 303
363 313
363 323
363 333
363 353
363 362
363 366
363 383
363 393
363 463
363 563
363 763
363 863
364 64
364 164
364 264
364 324
364 334
364 354
364 362
364 363
364 368
364 369
364 374
364 384
364 394
364 464
364 564
364 864
364 964
365 165
365 305
365 325
365 355
365 360
365 362
365 363
365 364
365 366
365 385
365 465
365 565
365 765
365 865
366 166
366 266
366 326
366 336
366 360
366 364
366 367
366 396
366 666
366 866
367 167
367 337
367 347
367 357
367 361
367 363
367 364
367 365
367 368
367 369
367 377
367 397
367 667
367 967
368 68
368 268
368 318
368 328
368 338
368 348
368 363
368 365
368 366
368 369
368 388
368 468
368 668
368 768
368 868
369 69
369 169
369 359
369 360
369 363
369 365
369 366
369 389
369 399
369 669
369 769
369 969
370 70
370 170
370 320
370 371
370 372
370 375
370 376
370 377
370 378
370 379
370 390
370 570
370 870
370 970
371 71
371 171
371 271
371 331
371 351
371 373
371 374
371 377
371 378
371 379
371 391
371 771
371 971
372 172
372 302
372 312
372 322
372 352
372 362
372 371
372 374
372 375
372 378
372 379
372 382
372 392
372 472
372 672
372 872
372 972
373 73
373 173
373 273
373 303
373 313
373 333
373 353
373 363
373 370
373 372
373 375
373 376
373 379
373 393
373 573
373 773
373 973
374 174
374 274
374 314
374 324
374 334
374 344
374 370
374 373
374 376
374 379
374 394
374 674
374 874
375 75
375 175
375 275
375 315
375 335
375 345
375 365
375 371
375 374
375 376
375 378
375 475
375 675
375 775
375 875
375 975
376 76
376 276
376 316
376 366
376 371
376 372
376 379
376 396
376 476
376 576
376 676
376 776
376 876
377 177
377 277
377 307
377 317
377 327
377 357
377 372
377 373
377 374
377 375
377 376
377 379
377 397
377 577
377 677
377 777
377 877
378 178
378 318
378 358
378 368
378 373
378 374
378 376
378 377
378 388
378 398
378 478
378 778
378 878
378 978
379 279
379 369
379 375
379 378
379 399
379 579
379 679
379 879
380 80
380 280
380 300
380 370
380 381
380 382
380 383
380 384
380 386
380 388
380 680
380 780
380 880
381 81
381 331
381 351
381 371
381 384
381 391
381 581
381 681
381 781
381 981
382 182
382 282
382 302
382 312
382 381
382 385
382 386
382 387
382 392
383 83
383 183
383 303
383 313
383 323
383 353
383 373
383 381
383 382
383 384
383 385
383 386
383 387
383 483
383 583
383 683
383 783
383 883
383 983
384 184
384 284
384 374
384 382
384 387
384 388
384 389
384 394
384 584
384 684
384 784
384 884
384 984
385 185
385 285
385 305
385 315
385 325
385 335
385 345
385 355
385 375
385 380
385 381
385 384
385 395
385 685
385 885
386 186
386 286
386 306
386 316
386 336
386 356
386 366
386 376
386 381
386 384
386 385
386 389
386 486
386 686
386 786
386 886
387 187
387 287
387 307
387 317
387 337
387 357
387 367
387 377
387 380
387 381
387 385
387 386
387 687
387 787
387 887
388 358
388 381
388 382
388 383
388 385
388 386
388 387
388 488
388 588
388 688
388 788
388 888
389 89
389 289
389 319
389 339
389 349
389 359
389 379
389 380
389 381
389 382
389 383
389 385
389 387
389 388
389 399
389 489
389 589
389 789
390 90
390 190
390 300
390 320
390 360
390 380
390 392
390 394
390 398
390 790
391 91
391 191
391 311
391 341
391 351
391 390
391 392
391 394
391 396
391 397
391 691
391 791
391 991
392 192
392 302
392 312
392 322
392 342
392 352
392 393
392 394
392 396
392 397
392 692
392 792
392 892
392 992
393 193
393 293
393 313
393 343
393 353
393 383
393 390
393 391
393 394
393 396
393 397
393 493
393 693
393 793
394 94
394 324
394 344
394 397
394 399
394 794
394 894
394 994
395 295
395 315
395 325
395 335
395 345
395 365
395 375
395 390
395 391
395 392
395 393
395 394
395 397
395 399
395 795
396 296
396 306
396 326
396 336
396 346
396 356
396 386
396 390
396 394
396 395
396 397
396 399
396 596
396 696
397 97
397 197
397 307
397 317
397 327
397 347
397 357
397 387
397 390
397 398
397 497
397 797
397 897
397 997
398 98
398 198
398 298
398 308
398 318
398 358
398 368
398 388
398 391
398 392
398 393
398 394
398 395
398 396
398 598
398 898
399 99
399 299
399 309
399 319
399 329
399 359
399 390
399 391
399 392
399 393
399 397
399 398
399 499
399 699
399 799
399 999
400 100
400 402
400 403
400 404
400 407
400 408
400 420
400 440
400 460
400 470
400 700
400 800
400 900
401 1
401 201
401 301
401 400
401 402
401 405
401 408
401 431
401 451
401 471
401 481
401 501
401 701
401 801
402 102
402 407
402 422
402 472
402 482
402 492
402 502
402 802
402 902
403 3
403 203
403 401
403 402
403 405
403 409
403 413
403 423
403 453
403 463
403 503
403 603
403 803
404 4
404 304
404 401
404 402
404 403
404 406
404 407
404 408
404 464
404 474
404 484
404 504
404 604
404 704
404 904
405 5
405 105
405 205
405 400
405 402
405 404
405 406
405 407
405 409
405 475
405 605
405 805
405 905
406 106
406 206
406 400
406 401
406 402
406 403
406 407
406 408
406 409
406 436
406 446
406 456
406 476
406 806
407 7
407 107
407 307
407 401
407 403
407 457
407 477
407 497
407 607
407 807
407 907
408 308
408 402
408 403
408 405
408 407
408 409
408 448
408 458
408 498
408 508
408 608
408 708
408 808
408 908
409 400
409 401
409 402
409 404
409 407
409 419
409 439
409 489
409 499
409 509
409 609
410 110
410 210
410 400
410 415
410 416
410 418
410 420
410 430
410 440
410 450
410 510
410 810
410 910
411 111
411 401
411 410
411 413
411 416
411 417
411 419
411 421
411 441
411 451
411 491
411 711
412 12
412 112
412 212
412 312
412 402
412 410
412 411
412 413
412 416
412 417
412 419
412 422
412 442
412 452
412 512
412 612
412 712
413 13
413 410
413 414
413 416
413 418
413 419
413 463
413 483
413 513
413 613
413 813
414 14
414 114
414 404
414 410
414 411
414 412
414 416
414 424
414 444
414 454
414 494
414 614
414 814
414 914
415 115
415 405
415 411
415 412
415 413
415 414
415 416
415 419
415 435
415 455
415 485
415 615
415 915
416 16
416 116
416 216
416 406
416 426
416 436
416 476
416 516
416 716
416 816
417 17
417 217
417 407
417 410
417 413
417 414
417 415
417 416
417 419
417 427
417 437
417 497
417 517
418 18
418 318
418 408
418 411
418 412
418 414
418 415
418 416
418 417
418 419
418 428
418 458
418 488
418 498
418 518
418 818
418 918
419 219
419 410
419 414
419 416
419 449
419 459
419 469
419 479
419 499
419 519
419 719
419 919
420 20
420 120
420 421
420 422
420 425
420 427
420 430
420 440
420 460
420 470
420 820
421 321
421 401
421 423
421 424
421 427
421 431
421 441
421 461
421 481
421 491
421 621
421 721
422 22
422 122
422 322
422 421
422 423
422 424
422 426
422 442
422 452
422 822
422 922
423 223
423 413
423 420
423 425
423 427
423 429
423 433
423 473
423 483
423 493
423 523
423 623
423 723
423 923
424 124
424 224
424 324
424 404
424 420
424 423
424 426
424 429
424 454
424 474
424 484
424 524
424 624
424 824
424 924
425 25
425 405
425 415
425 421
425 422
425 424
425 427
425 485
425 495
425 725
425 825
425 925
426 26
426 126
426 326
426 406
426 420
426 421
426 423
426 425
426 427
426 429
426 436
426 456
426 466
426 476
426 526
426 826
426 926
427 407
427 422
427 424
427 429
427 467
427 487
427 497
427 727
428 28
428 328
428 408
428 420
428 421
428 422
428 423
428 424
428 425
428 426
428 427
428 438
428 478
428 488
428 628
428 728
428 828
429 409
429 419
429 420
429 421
429 422
429 425
429 428
429 439
429 449
429 469
429 479
429 529
429 629
429 729
429 829
429 929
430 330
430 400
430 433
430 435
430 437
430 440
430 450
430 460
430 480
430 530
430 730
430 930
431 131
431 231
431 411
431 430
431 432
431 437
431 439
431 441
431 481
431 531
432 32
432 332
432 402
432 412
432 422
432 430
432 433
432 434
432 435
432 436
432 438
432 439
432 442
432 472
432 492
432 532
432 632
432 832
433 33
433 233
433 333
433 403
433 413
433 431
433 435
433 436
433 438
433 443
433 453
433 483
433 533
433 733
434 234
434 404
434 414
434 424
434 430
434 431
434 433
434 437
434 439
434 464
434 474
434 484
434 734
435 35
435 135
435 405
435 425
435 431
435 434
435 437
435 445
435 455
435 485
435 495
436 36
436 336
436 430
436 431
436 434
436 435
436 437
436 446
436 456
436 476
436 736
436 936
437 407
437 427
437 432
437 433
437 447
437 457
437 467
437 937
438 38
438 138
438 408
438 418
438 430
438 431
438 434
438 435
438 436
438 437
438 448
438 478
438 488
438 498
438 538
438 738
438 938
439 139
439 339
439 419
439 430
439 433
439 435
439 436
439 437
439 438
439 449
439 459
439 479
439 639
440 140
440 240
440 442
440 444
440 445
440 447
440 448
440 450
440 460
440 480
440 540
440 740
440 840
441 141
441 401
441 440
441 442
441 451
441 461
441 471
441 541
441 741
441 841
441 941
442 42
442 142
442 342
442 402
442 445
442 446
442 447
442 448
442 452
442 462
442 472
442 482
442 742
442 942
443 143
443 243
443 403
443 413
443 423
443 440
443 441
443 442
443 445
443 446
443 473
443 643
443 843
443 943
444 44
444 144
444 344
444 404
444 424
444 434
444 441
444 442
444 443
444 446
444 449
444 454
444 474
444 484
444 744
444 844
445 45
445 245
445 345
445 405
445 415
445 425
445 441
445 444
445 446
445 448
445 495
445 645
445 845
445 945
446 346
446 416
446 426
446 440
446 441
446 447
446 448
446 496
446 546
446 646
446 846
446 946
447 47
447 347
447 407
447 417
447 427
447 441
447 443
447 444
447 445
447 448
447 449
447 477
447 497
447 847
447 947
448 348
448 418
448 428
448 441
448 443
448 444
448 449
448 458
448 498
448 648
448 848
448 948
449 149
449 409
449 440
449 441
449 442
449 443
449 445
449 446
449 459
449 489
449 499
449 749
449 849
449 949
450 50
450 250
450 350
450 400
450 420
450 451
450 452
450 454
450 455
450 457
450 459
450 460
450 470
450 490
450 550
450 650
450 850
451 51
451 151
451 251
451 351
451 421
451 431
451 452
451 454
451 457
451 459
451 461
451 481
451 491
451 751
451 851
452 52
452 402
452 432
452 455
452 456
452 457
452 462
452 492
452 652
452 752
453 253
453 353
453 413
453 423
453 443
453 450
453 451
453 452
453 455
453 457
453 458
453 483
453 553
453 653
453 853
453 953
454 54
454 154
454 404
454 434
454 452
454 453
454 455
454 457
454 458
454 459
454 464
454 494
454 654
454 754
455 405
455 425
455 445
455 451
455 457
455 459
455 475
455 495
455 555
455 855
455 955
456 56
456 356
456 416
456 446
456 450
456 451
456 453
456 454
456 455
456 459
456 466
456 476
456 486
456 496
456 556
457 157
457 257
457 357
457 417
457 427
457 447
457 456
457 459
457 487
457 497
457 557
457 657
457 857
458 58
458 158
458 258
458 358
458 428
458 438
458 450
458 451
458 452
458 455
458 456
458 457
458 468
458 488
458 498
458 858
458 958
459 59
459 159
459 409
459 429
459 452
459 453
459 458
459 659
460 160
460 360
460 410
460 462
460 463
460 465
460 466
460 467
460 470
460 480
460 490
460 560
460 660
460 760
460 860
460 960
461 61
461 161
461 361
461 401
461 411
461 431
461 460
461 462
461 463
461 467
461 468
461 471
461 481
461 561
461 761
461 861
461 961
462 62
462 162
462 402
462 412
462 422
462 432
462 465
462 466
462 467
462 472
462 482
462 492
462 562
462 762
462 862
462 962
463 423
463 433
463 443
463 453
463 462
463 464
463 466
463 467
463 469
463 473
463 483
463 493
463 563
463 863
464 64
464 264
464 414
464 424
464 444
464 460
464 461
464 462
464 466
464 468
464 494
465 65
465 165
465 265
465 405
465 415
465 425
465 435
465 445
465 455
465 461
465 463
465 464
465 495
465 665
466 266
466 366
466 406
466 416
466 436
466 446
466 461
466 465
466 468
466 496
466 566
467 267
467 367
467 407
467 417
467 447
467 457
467 464
467 465
467 466
467 468
467 469
467 497
467 567
467 667
467 767
467 867
467 967
468 68
468 168
468 408
468 418
468 428
468 438
468 448
468 460
468 462
468 463
468 465
468 478
468 488
468 498
468 568
468 668
469 369
469 409
469 439
469 449
469 459
469 460
469 461
469 462
469 464
469 465
469 466
469 468
469 489
469 499
469 569
469 669
469 969
470 270
470 370
470 410
470 430
470 440
470 473
470 474
470 475
470 476
470 477
470 479
470 490
470 570
470 970
471 371
471 411
471 421
471 431
471 451
471 470
471 472
471 474
471 475
471 478
471 671
472 72
472 172
472 412
472 422
472 452
472 470
472 475
472 476
472 477
472 572
472 872
473 73
473 173
473 273
473 373
473 403
473 413
473 433
473 453
473 471
473 472
473 476
473 479
473 573
473 673
473 773
474 74
474 374
474 414
474 454
474 464
474 472
474 473
474 475
474 477
474 479
474 484
474 494
474 574
474 674
475 175
475 415
475 425
475 435
475 445
475 465
475 473
475 476
475 477
475 478
475 479
475 575
475 675
475 775
475 975
476 176
476 446
476 466
476 471
476 474
476 477
476 479
476 486
476 496
476 776
476 876
477 177
477 377
477 417
477 427
477 437
477 457
477 467
477 471
477 473
477 487
477 497
477 877
478 408
478 418
478 448
478 458
478 470
478 472
478 473
478 474
478 476
478 477
478 488
478 878
479 379
479 409
479 449
479 459
479 469
479 471
479 472
479 477
479 478
479 489
479 499
479 579
479 679
479 979
480 180
480 380
480 400
480 410
480 420
480 450
480 470
480 481
480 484
480 488
480 490
480 580
480 680
480 880
480 980
481 81
481 181
481 281
481 381
481 411
481 441
481 471
481 482
481 486
481 488
481 489
481 581
481 681
481 781
481 981
482 182
482 282
482 382
482 412
482 422
482 432
482 452
482 472
482 480
482 483
482 487
482 492
482 882
482 982
483 83
483 183
483 283
483 403
483 443
483 473
483 480
483 481
483 484
483 485
483 486
483 493
483 583
483 683
483 783
483 983
484 84
484 184
484 384
484 414
484 454
484 464
484 481
484 482
484 485
484 486
484 489
484 494
484 584
484 984
485 285
485 385
485 405
485 445
485 455
485 465
485 475
485 480
485 481
485 482
485 487
485 489
485 685
485 885
485 985
486 406
486 416
486 426
486 436
486 446
486 466
486 480
486 482
486 485
486 487
486 488
486 496
486 586
486 786
487 187
487 387
487 407
487 417
487 437
487 447
487 467
487 480
487 481
487 483
487 484
487 488
487 497
487 687
488 188
488 288
488 408
488 448
488 482
488 483
488 484
488 485
488 489
488 498
488 688
488 788
488 988
489 89
489 419
489 429
489 439
489 459
489 480
489 482
489 483
489 486
489 487
489 499
489 589
489 789
489 889
490 190
490 290
490 390
490 400
490 410
490 420
490 430
490 440
490 493
490 496
490 498
490 590
490 790
491 191
491 391
491 401
491 431
491 441
491 461
491 471
491 481
491 490
491 494
491 495
492 92
492 192
492 292
492 392
492 412
492 422
492 442
492 472
492 490
492 491
492 494
492 495
492 592
492 792
493 93
493 193
493 403
493 413
493 433
493 443
493 453
493 473
493 491
493 492
493 495
493 496
493 497
493 498
493 499
493 593
493 693
493 793
493 893
493 993
494 94
494 394
494 404
494 424
494 434
494 444
494 490
494 493
494 496
494 694
494 894
494 994
495 195
495 395
495 405
495 415
495 475
495 485
495 490
495 494
495 496
495 497
495 695
495 895
495 995
496 196
496 296
496 396
496 406
496 416
496 426
496 436
496 491
496 492
496 498
496 499
496 596
496 696
496 796
497 437
497 490
497 491
497 492
497 494
497 496
497 797
497 897
498 98
498 198
498 298
498 398
498 428
498 478
498 491
498 492
498 494
498 495
498 497
498 798
498 998
499 429
499 439
499 459
499 490
499 491
499 492
499 494
499 495
499 497
499 498
499 899
500 100
500 200
500 300
500 400
500 502
500 505
500 507
500 509
500 520
500 530
500 560
500 800
501 1
501 500
501 502
501 503
501 504
501 505
501 511
501 561
501 571
501 601
502 302
502 503
502 504
502 505
502 507
502 522
502 542
502 552
502 562
502 582
502 592
502 702
503 3
503 103
503 303
503 500
503 506
503 507
503 508
503 509
503 513
503 523
503 533
503 543
503 563
503 573
503 583
503 593
504 500
504 503
504 505
504 506
504 507
504 508
504 509
504 524
504 544
504 564
504 574
504 584
504 704
505 5
505 105
505 305
505 405
505 503
505 507
505 508
505 525
505 535
505 545
505 565
505 575
505 585
505 595
505 705
505 805
505 905
506 106
506 306
506 406
506 500
506 501
506 502
506 505
506 516
506 526
506 536
506 546
506 566
506 576
506 586
506 706
506 906
507 107
507 307
507 407
507 501
507 506
507 537
507 547
507 557
507 567
507 577
507 607
507 707
508 8
508 108
508 208
508 500
508 501
508 502
508 506
508 507
508 528
508 548
508 558
508 568
508 578
508 588
508 608
508 708
508 808
508 908
509 9
509 109
509 309
509 501
509 502
509 505
509 506
509 507
509 508
509 519
509 529
509 539
509 549
509 569
509 609
509 709
509 809
509 909
510 10
510 500
510 515
510 516
510 520
510 550
510 580
510 610
511 111
511 211
511 311
511 411
511 510
511 512
511 514
511 517
511 518
511 519
511 521
511 541
511 551
511 581
511 591
511 711
511 811
511 911
512 12
512 112
512 502
512 510
512 513
512 515
512 517
512 518
512 522
512 532
512 542
512 562
512 572
512 582
512 592
512 712
512 812
512 912
513 13
513 510
513 511
513 514
513 515
513 517
513 518
513 593
513 813
514 114
514 314
514 414
514 504
514 510
514 512
514 517
514 524
514 534
514 544
514 554
514 584
514 594
514 914
515 15
515 115
515 315
515 415
515 505
515 511
515 514
515 518
515 525
515 535
515 555
515 565
515 585
515 615
515 715
515 915
516 316
516 511
516 512
516 513
516 514
516 515
516 519
516 526
516 536
516 546
516 576
516 586
516 616
516 816
517 17
517 117
517 217
517 317
517 507
517 510
517 515
517 516
517 519
517 527
517 537
517 617
517 717
517 817
518 18
518 118
518 218
518 318
518 508
518 510
518 514
518 516
518 517
518 519
518 548
518 568
518 578
518 588
518 598
518 918
519 119
519 510
519 512
519 513
519 514
519 515
519 539
519 549
519 559
519 569
519 599
519 619
519 719
519 919
520 220
520 320
520 420
520 521
520 522
520 524
520 526
520 529
520 550
520 570
520 580
520 590
520 620
520 820
520 920
521 121
521 221
521 321
521 421
521 501
521 522
521 523
521 527
521 529
521 561
521 591
521 621
521 721
521 821
522 22
522 122
522 422
522 523
522 525
522 542
522 552
522 562
522 592
522 622
522 822
522 922
523 513
523 520
523 524
523 526
523 528
523 529
523 533
523 543
523 563
523 593
523 823
523 923
524 324
524 521
524 522
524 525
524 528
524 534
524 544
524 554
524 624
524 724
524 924
525 25
525 225
525 325
525 425
525 520
525 521
525 523
525 526
525 529
525 545
525 555
525 575
525 595
525 625
525 725
525 825
526 226
526 326
526 521
526 522
526 524
526 527
526 529
526 556
526 566
526 576
526 586
526 626
526 726
527 27
527 427
527 507
527 520
527 522
527 523
527 524
527 525
527 528
527 547
527 557
527 577
527 597
527 727
527 827
528 28
528 428
528 518
528 520
528 521
528 522
528 525
528 526
528 538
528 548
528 578
528 588
528 628
529 229
529 519
529 522
529 524
529 527
529 528
529 539
529 549
529 559
529 599
529 629
529 729
529 829
529 929
530 30
530 130
530 510
530 520
530 531
530 534
530 535
530 536
530 537
530 538
530 539
530 540
530 560
530 930
531 31
531 131
531 231
531 331
531 501
531 511
531 521
531 532
531 533
531 535
531 536
531 538
531 541
531 551
531 631
531 731
531 931
532 132
532 502
532 522
532 530
532 534
532 535
532 536
532 539
532 552
532 562
532 572
532 582
532 632
532 732
532 932
533 513
533 530
533 532
533 534
533 539
533 543
533 553
533 563
533 733
534 234
534 434
534 504
534 531
534 535
534 537
534 539
534 544
534 574
534 594
534 634
534 734
534 834
534 934
535 35
535 135
535 235
535 335
535 435
535 525
535 533
535 539
535 545
535 635
535 735
535 835
536 136
536 436
536 526
536 533
536 534
536 535
536 538
536 539
536 556
536 586
536 596
537 37
537 137
537 237
537 437
537 527
537 531
537 532
537 533
537 535
537 536
537 539
537 567
537 577
537 587
537 597
537 737
537 937
538 238
538 508
538 518
538 532
538 533
538 534
538 535
538 537
538 548
538 568
538 588
538 738
539 39
539 439
539 531
539 538
539 549
539 559
539 569
539 579
539 589
539 739
539 839
539 939
540 40
540 140
540 500
540 510
540 520
540 544
540 546
540 549
540 550
540 560
540 570
540 640
540 740
541 41
541 241
541 501
541 521
541 540
541 542
541 546
541 547
541 548
541 549
541 551
541 561
541 581
541 841
541 941
542 342
542 442
542 532
542 540
542 545
542 546
542 549
542 562
542 582
542 592
542 642
542 742
542 942
543 243
543 343
543 443
543 513
543 540
543 541
543 542
543 547
543 563
543 583
543 593
543 943
544 44
544 344
544 444
544 541
544 542
544 543
544 545
544 546
544 549
544 644
545 445
545 515
545 540
545 541
545 543
545 546
545 549
545 555
545 565
545 575
545 645
545 745
546 46
546 146
546 246
546 526
546 536
546 543
546 547
546 549
546 556
546 566
546 586
546 596
546 746
546 846
546 946
547 47
547 147
547 447
547 517
547 537
547 540
547 542
547 544
547 545
547 548
547 549
547 577
547 587
547 647
547 747
547 847
547 947
548 48
548 248
548 348
548 448
548 540
548 542
548 543
548 544
548 545
548 546
548 549
548 568
548 578
548 588
548 748
548 948
549 49
549 249
549 349
549 449
549 543
549 599
549 749
550 250
550 500
550 530
550 552
550 570
550 590
550 650
550 950
551 151
551 251
551 351
551 451
551 501
551 521
551 550
551 552
551 554
551 555
551 557
551 559
551 561
551 581
551 651
551 751
551 951
552 152
552 252
552 352
552 452
552 512
552 542
552 554
552 557
552 558
552 559
552 562
552 582
552 652
553 153
553 353
553 503
553 513
553 523
553 543
553 550
553 551
553 552
553 555
553 556
553 558
553 559
553 573
554 254
554 454
554 504
554 534
554 544
554 550
554 553
554 584
554 594
554 754
554 854
554 954
555 55
555 355
555 505
555 535
555 550
555 552
555 554
555 556
555 558
555 559
555 575
555 655
555 755
555 855
556 56
556 156
556 256
556 506
556 516
556 550
556 551
556 552
556 554
556 557
556 558
556 566
557 157
557 517
557 537
557 547
557 550
557 553
557 554
557 555
557 587
557 757
557 857
557 957
558 158
558 458
558 518
558 528
558 538
558 548
558 550
558 551
558 554
558 557
558 578
558 588
558 598
558 758
558 858
558 958
559 59
559 159
559 259
559 459
559 509
559 549
559 550
559 554
559 556
559 557
559 558
559 599
559 659
559 859
559 959
560 510
560 520
560 550
560 561
560 564
560 567
560 569
560 570
560 590
560 660
560 960
561 361
561 511
561 531
561 566
561 568
561 569
561 571
561 591
562 162
562 362
562 560
562 561
562 564
562 565
562 566
562 567
562 572
562 662
562 762
563 263
563 513
563 553
563 560
563 561
563 562
563 569
563 573
563 583
563 863
563 963
564 64
564 164
564 464
564 514
564 524
564 534
564 544
564 554
564 561
564 563
564 565
564 567
564 569
564 594
564 664
564 764
564 864
564 964
565 165
565 465
565 525
565 535
565 555
565 560
565 561
565 563
565 566
565 568
565 569
565 575
565 585
565 665
565 965
566 166
566 366
566 516
566 536
566 560
566 563
566 564
566 567
566 568
566 569
566 576
566 596
566 766
567 167
567 267
567 367
567 517
567 527
567 547
567 557
567 561
567 563
567 565
567 568
567 569
567 767
567 867
567 967
568 168
568 368
568 528
568 558
568 560
568 562
568 563
568 564
568 569
568 578
568 588
568 668
568 968
569 369
569 529
569 549
569 559
569 562
569 579
569 599
569 669
569 869
570 70
570 170
570 500
570 510
570 530
570 572
570 573
570 578
570 579
570 670
570 770
570 870
571 271
571 371
571 471
571 511
571 521
571 531
571 541
571 551
571 570
571 573
571 574
571 575
571 578
571 579
571 581
571 671
571 771
571 871
572 72
572 172
572 272
572 372
572 502
572 522
572 542
572 552
572 571
572 573
572 576
572 577
572 578
572 592
572 972
573 73
573 273
573 513
573 523
573 533
573 543
573 577
573 579
573 593
574 74
574 274
574 374
574 514
574 524
574 544
574 554
574 564
574 570
574 572
574 573
574 576
574 774
574 974
575 75
575 275
575 375
575 515
575 535
575 570
575 572
575 573
575 574
575 577
575 579
575 595
575 775
575 875
575 975
576 476
576 536
576 546
576 556
576 570
576 571
576 573
576 575
576 577
576 579
576 676
576 876
577 77
577 177
577 277
577 477
577 517
577 557
577 567
577 570
577 571
577 574
577 677
577 877
577 977
578 378
578 478
578 538
578 573
578 574
578 575
578 576
578 577
578 678
578 878
579 279
579 509
579 519
579 529
579 549
579 559
579 572
579 574
579 577
579 578
579 589
579 599
579 679
579 779
579 879
580 80
580 280
580 380
580 500
580 530
580 540
580 550
580 560
580 570
580 581
580 582
580 584
580 585
580 586
580 589
580 590
580 980
581 281
581 501
581 521
581 531
581 561
581 582
581 587
581 588
581 591
581 681
581 781
582 82
582 282
582 382
582 482
582 522
582 562
582 572
582 583
582 584
582 585
582 587
582 682
582 782
582 882
583 183
583 283
583 513
583 523
583 533
583 553
583 573
583 580
583 581
583 585
583 586
583 593
583 983
584 84
584 184
584 284
584 524
584 534
584 544
584 564
584 574
584 581
584 583
584 585
584 586
584 589
585 185
585 285
585 385
585 485
585 525
585 535
585 545
585 555
585 575
585 581
585 586
585 587
585 588
585 589
585 785
585 885
585 985
586 86
586 186
586 386
586 556
586 566
586 576
586 581
586 582
586 587
586 589
586 596
586 686
587 87
587 187
587 387
587 487
587 507
587 517
587 527
587 567
587 577
587 580
587 583
587 584
587 589
587 787
587 887
587 987
588 188
588 288
588 488
588 578
588 580
588 582
588 583
588 584
588 586
588 587
588 589
588 688
588 888
589 89
589 289
589 509
589 519
589 529
589 549
589 559
589 569
589 581
589 582
589 583
589 689
589 789
590 190
590 290
590 390
590 500
590 510
590 530
590 540
590 570
590 591
590 592
590 597
590 598
590 890
590 990
591 91
591 191
591 391
591 491
591 501
591 531
591 541
591 551
591 571
591 593
591 594
591 595
591 596
591 598
591 599
591 691
591 791
592 92
592 392
592 532
592 552
592 562
592 582
592 591
592 593
592 594
592 596
592 597
592 598
592 599
592 692
592 892
592 992
593 93
593 293
593 393
593 533
593 553
593 563
593 590
593 594
593 595
593 598
593 599
593 693
593 993
594 94
594 394
594 494
594 504
594 524
594 544
594 574
594 584
594 590
594 595
594 599
594 694
594 794
595 195
595 295
595 395
595 495
595 515
595 535
595 545
595 555
595 565
595 585
595 590
595 592
595 598
595 599
595 695
595 795
596 96
596 506
596 516
596 526
596 556
596 576
596 590
596 593
596 594
596 595
596 597
596 599
596 796
596 996
597 197
597 397
597 497
597 507
597 517
597 547
597 557
597 567
597 577
597 587
597 591
597 593
597 594
597 595
597 598
597 599
597 697
597 797
597 897
598 98
598 498
598 508
598 528
598 538
598 548
598 568
598 578
598 588
598 594
598 596
598 599
598 698
598 898
598 998
599 199
599 399
599 499
599 509
599 539
599 589
599 590
599 699
600 0
600 100
600 300
600 400
600 500
600 606
600 608
601 101
601 301
601 401
601 600
601 603
601 605
601 631
601 661
601 671
601 691
601 701
601 801
601 901
602 2
602 102
602 202
602 302
602 402
602 502
602 600
602 601
602 603
602 606
602 608
602 609
602 612
602 632
602 642
602 672
602 682
602 802
602 902
603 303
603 503
603 600
603 604
603 605
603 607
603 608
603 623
603 633
603 803
604 4
604 204
604 304
604 504
604 600
604 601
604 602
604 606
604 607
604 609
604 634
604 654
604 664
604 674
604 684
604 694
604 804
604 904
605 5
605 205
605 505
605 600
605 602
605 604
605 635
605 655
605 685
605 705
606 106
606 406
606 506
606 601
606 603
606 605
606 608
606 609
606 616
606 636
606 646
606 656
606 666
606 676
606 686
606 696
606 706
607 7
607 107
607 207
607 307
607 600
607 601
607 602
607 605
607 606
607 617
607 627
607 647
607 657
607 677
607 697
607 807
608 8
608 308
608 601
608 604
608 605
608 607
608 638
608 648
608 658
608 678
608 708
608 908
609 109
609 600
609 601
609 603
609 605
609 607
609 608
609 639
609 649
609 699
609 709
609 809
610 10
610 110
610 310
610 410
610 600
610 611
610 615
610 618
610 620
610 630
610 640
610 650
610 660
610 670
610 680
610 690
610 810
611 11
611 411
611 511
611 601
611 612
611 613
611 614
611 615
611 616
611 617
611 618
611 619
611 631
611 651
611 681
611 691
611 711
611 911
612 12
612 112
612 512
612 610
612 613
612 614
612 616
612 618
612 622
612 632
612 652
612 682
612 712
612 812
612 912
613 13
613 213
613 513
613 603
613 610
613 614
613 643
613 653
613 683
613 813
614 14
614 114
614 514
614 604
614 610
614 615
614 619
614 634
614 684
614 914
615 15
615 315
615 605
615 612
615 613
615 616
615 617
615 618
615 625
615 655
615 665
615 685
616 16
616 216
616 416
616 610
616 613
616 614
616 619
616 696
616 816
617 117
617 217
617 417
617 610
617 612
617 613
617 614
617 616
617 627
617 637
617 667
617 687
617 717
617 817
618 18
618 318
618 418
618 518
618 608
618 613
618 614
618 616
618 617
618 619
618 668
618 688
618 918
619 19
619 219
619 419
619 609
619 610
619 612
619 613
619 615
619 617
619 629
619 639
619 659
619 689
619 699
620 220
620 320
620 420
620 600
620 621
620 623
620 629
620 640
620 660
620 670
621 221
621 321
621 601
621 611
621 626
621 628
621 641
621 681
621 691
621 721
622 22
622 122
622 222
622 422
622 602
622 620
622 621
622 626
622 627
622 632
622 642
622 672
622 722
623 23
623 223
623 523
623 613
623 621
623 622
623 624
623 626
623 627
623 633
623 643
623 663
624 24
624 124
624 604
624 614
624 620
624 621
624 622
624 625
624 627
624 634
624 644
624 654
624 664
624 694
624 724
625 225
625 325
625 425
625 605
625 620
625 621
625 622
625 623
625 629
625 635
625 645
625 685
625 725
625 925
626 126
626 226
626 426
626 606
626 616
626 620
626 624
626 625
626 636
626 676
626 696
626 826
626 926
627 127
627 427
627 527
627 620
627 621
627 625
627 626
627 628
627 637
627 647
627 667
628 228
628 608
628 618
628 620
628 622
628 623
628 624
628 625
628 626
628 629
628 638
628 828
629 29
629 329
629 609
629 621
629 622
629 623
629 624
629 626
629 627
629 639
629 649
629 659
629 669
629 689
629 699
629 729
629 929
630 430
630 530
630 600
630 620
630 633
630 634
630 636
630 638
630 639
630 640
630 660
630 680
630 730
631 31
631 131
631 231
631 431
631 621
631 630
631 633
631 634
631 636
631 637
631 638
631 639
631 651
631 681
631 731
631 831
632 132
632 332
632 630
632 631
632 633
632 634
632 635
632 636
632 637
632 638
632 639
632 652
632 672
632 682
632 692
632 732
632 932
633 33
633 133
633 233
633 333
633 433
633 533
633 613
633 635
633 653
633 673
633 683
633 693
633 733
633 933
634 34
634 234
634 334
634 434
634 633
634 635
634 636
634 637
634 638
634 654
634 674
634 684
634 734
635 35
635 235
635 335
635 435
635 615
635 630
635 631
635 637
635 638
635 655
635 685
635 695
635 835
635 935
636 36
636 136
636 336
636 436
636 536
636 616
636 633
636 635
636 637
636 638
636 639
636 656
636 666
636 676
637 237
637 337
637 437
637 537
637 607
637 630
637 633
637 639
637 647
637 697
638 138
638 338
638 438
638 538
638 618
638 633
638 637
638 678
638 688
638 938
639 539
639 633
639 634
639 635
639 638
639 679
639 699
639 739
640 40
640 240
640 440
640 600
640 645
640 648
640 660
640 680
640 940
641 41
641 341
641 441
641 541
641 601
641 611
641 631
641 640
641 643
641 646
641 649
641 661
641 691
641 841
641 941
642 242
642 442
642 612
642 632
642 640
642 641
642 645
642 646
642 662
642 682
642 742
642 942
643 543
643 603
643 633
643 640
643 642
643 644
643 646
643 648
643 653
643 663
643 673
643 683
643 843
643 943
644 44
644 144
644 344
644 444
644 604
644 614
644 634
644 640
644 641
644 642
644 645
644 646
644 649
644 654
644 744
644 844
645 45
645 145
645 245
645 345
645 605
645 615
645 635
645 641
645 643
645 646
645 649
645 675
645 695
645 845
645 945
646 46
646 146
646 346
646 546
646 616
646 626
646 636
646 640
646 656
646 696
646 746
646 846
647 47
647 147
647 447
647 617
647 640
647 641
647 642
647 643
647 644
647 645
647 646
647 649
647 657
647 667
647 687
647 697
647 847
648 348
648 548
648 618
648 628
648 638
648 641
648 642
648 644
648 645
648 646
648 647
648 649
648 658
648 668
648 678
648 688
648 698
648 848
648 948
649 149
649 249
649 349
649 449
649 549
649 619
649 639
649 640
649 642
649 643
649 646
649 659
649 679
649 689
649 699
649 749
650 50
650 150
650 350
650 600
650 620
650 630
650 640
650 651
650 652
650 654
650 655
650 658
650 660
650 680
650 750
650 850
651 251
651 351
651 451
651 601
651 621
651 641
651 652
651 653
651 655
651 658
651 659
651 671
651 681
651 951
652 52
652 152
652 252
652 602
652 622
652 642
652 653
652 654
652 655
652 658
652 682
652 852
653 253
653 353
653 553
653 603
653 623
653 650
653 654
653 655
653 657
653 683
654 54
654 154
654 554
654 614
654 651
654 655
654 656
654 657
654 684
654 694
654 754
654 854
655 455
655 625
655 645
655 658
655 665
655 675
655 685
655 695
655 755
655 955
656 56
656 156
656 256
656 456
656 556
656 616
656 626
656 650
656 651
656 652
656 653
656 655
656 657
656 658
656 666
656 686
656 756
656 856
656 956
657 57
657 557
657 617
657 627
657 637
657 650
657 651
657 652
657 655
657 658
657 659
657 667
657 687
657 697
657 857
657 957
658 58
658 158
658 258
658 458
658 558
658 618
658 628
658 638
658 653
658 654
658 659
658 678
659 59
659 159
659 259
659 609
659 639
659 650
659 652
659 653
659 654
659 655
659 656
659 669
659 689
659 759
660 60
660 600
660 661
660 663
660 664
660 665
660 667
660 669
660 670
660 680
660 690
660 760
660 960
661 161
661 361
661 461
661 561
661 611
661 621
661 631
661 651
661 662
661 669
661 671
661 681
661 761
662 162
662 262
662 362
662 462
662 602
662 612
662 622
662 632
662 652
662 660
662 663
662 666
662 667
662 668
662 692
662 762
662 962
663 63
663 163
663 363
663 463
663 563
663 603
663 613
663 633
663 653
663 661
663 664
663 665
663 667
663 668
663 669
663 683
663 763
663 863
663 963
664 364
664 464
664 614
664 634
664 644
664 654
664 661
664 662
664 665
664 669
664 674
664 684
664 694
664 764
664 864
664 964
665 65
665 165
665 265
665 365
665 605
665 625
665 635
665 645
665 661
665 662
665 666
665 667
665 668
665 675
665 695
665 865
666 466
666 566
666 616
666 626
666 646
666 660
666 661
666 663
666 664
666 669
666 676
666 686
666 866
666 966
667 67
667 567
667 607
667 637
667 661
667 664
667 666
667 668
667 697
667 767
668 268
668 608
668 628
668 638
668 658
668 660
668 661
668 664
668 666
668 698
668 868
669 69
669 169
669 609
669 619
669 639
669 649
669 662
669 665
669 667
669 668
669 699
669 769
669 969
670 370
670 470
670 600
670 630
670 640
670 650
670 672
670 673
670 675
670 677
670 678
670 679
670 690
670 870
671 271
671 371
671 611
671 621
671 631
671 641
671 670
671 673
671 675
671 677
671 678
671 679
672 72
672 272
672 472
672 572
672 612
672 642
672 652
672 662
672 671
672 675
672 678
672 682
672 872
672 972
673 173
673 373
673 573
673 603
673 613
673 623
673 653
673 663
673 672
673 674
673 676
673 677
673 678
673 693
673 773
673 873
673 973
674 74
674 274
674 574
674 614
674 624
674 644
674 654
674 670
674 671
674 672
674 694
674 774
674 974
675 75
675 175
675 275
675 575
675 605
675 615
675 625
675 635
675 673
675 674
675 679
675 695
675 775
675 875
676 176
676 476
676 616
676 646
676 656
676 670
676 671
676 672
676 674
676 675
676 686
676 696
676 876
677 177
677 477
677 617
677 627
677 637
677 647
677 657
677 667
677 672
677 674
677 675
677 676
677 678
677 777
677 977
678 178
678 278
678 378
678 478
678 618
678 628
678 668
678 674
678 675
678 676
678 688
678 778
679 609
679 619
679 629
679 659
679 669
679 672
679 673
679 674
679 676
679 677
679 678
679 699
679 779
680 80
680 580
680 600
680 620
680 670
680 682
680 684
680 686
680 780
680 880
680 980
681 81
681 181
681 601
681 641
681 671
681 680
681 683
681 684
681 688
681 689
681 691
681 881
682 182
682 282
682 382
682 482
682 622
682 662
682 681
682 685
682 686
682 687
682 688
682 689
682 782
682 982
683 183
683 283
683 583
683 603
683 623
683 673
683 680
683 682
683 688
683 689
683 783
683 883
683 983
684 284
684 484
684 584
684 624
684 644
684 674
684 682
684 683
684 685
684 686
684 689
684 784
684 984
685 85
685 285
685 585
685 645
685 665
685 675
685 680
685 681
685 683
685 687
685 689
685 695
685 785
685 885
686 86
686 486
686 616
686 626
686 636
686 646
686 681
686 683
686 685
686 689
686 786
686 886
687 87
687 187
687 587
687 607
687 627
687 637
687 667
687 677
687 680
687 681
687 683
687 684
687 686
687 688
687 689
687 697
687 887
687 987
688 188
688 288
688 608
688 628
688 658
688 668
688 680
688 684
688 685
688 686
688 689
688 698
688 788
689 189
689 389
689 489
689 609
689 639
689 669
689 679
689 680
689 699
689 789
689 989
690 90
690 190
690 390
690 490
690 590
690 600
690 620
690 630
690 640
690 650
690 680
690 696
690 699
691 91
691 491
691 631
691 651
691 661
691 671
691 690
691 694
691 698
691 699
691 891
692 292
692 492
692 602
692 612
692 622
692 642
692 652
692 672
692 682
692 690
692 691
692 695
692 892
693 93
693 193
693 603
693 613
693 623
693 643
693 653
693 663
693 683
693 690
693 691
693 692
693 695
693 697
693 698
693 893
694 294
694 394
694 614
694 634
694 644
694 684
694 690
694 692
694 693
694 697
694 698
694 699
694 894
694 994
695 295
695 395
695 605
695 615
695 625
695 690
695 691
695 694
695 696
695 795
696 96
696 596
696 636
696 656
696 666
696 686
696 691
696 692
696 693
696 694
696 697
696 698
696 896
696 996
697 197
697 397
697 497
697 617
697 627
697 677
697 690
697 691
697 692
697 695
697 698
697 699
697 897
698 98
698 198
698 398
698 498
698 608
698 618
698 628
698 638
698 658
698 678
698 690
698 692
698 695
698 998
699 199
699 299
699 499
699 659
699 692
699 693
699 695
699 696
699 698
699 899
699 999
700 300
700 500
700 600
700 701
700 704
700 706
700 707
700 708
700 709
700 710
700 720
700 730
700 750
700 780
700 790
700 900
701 1
701 301
701 501
701 702
701 703
701 705
701 707
701 708
701 709
701 711
701 741
701 761
701 771
701 781
701 791
701 801
701 901
702 2
702 302
702 402
702 602
702 700
702 703
702 705
702 706
702 707
702 709
702 732
702 742
702 772
702 782
702 902
703 3
703 103
703 303
703 403
703 503
703 603
703 700
703 705
703 707
703 708
703 713
703 723
703 773
703 783
703 803
703 903
704 4
704 104
704 204
704 604
704 701
704 702
704 703
704 706
704 707
704 708
704 714
704 734
704 744
704 784
705 305
705 405
705 700
705 704
705 706
705 709
705 725
705 735
705 745
705 755
705 765
705 785
705 795
705 805
706 6
706 206
706 406
706 701
706 703
706 708
706 716
706 736
706 746
706 786
706 806
707 307
707 407
707 607
707 705
707 706
707 708
707 709
707 747
707 757
707 777
707 797
707 907
708 8
708 308
708 702
708 705
708 709
708 738
708 758
708 768
708 788
708 908
709 209
709 309
709 409
709 703
709 704
709 706
709 729
709 749
709 759
709 769
709 799
709 909
710 410
710 510
710 610
710 713
710 715
710 718
710 720
710 730
710 790
710 810
711 211
711 710
711 712
711 713
711 715
711 716
711 731
711 761
711 781
711 791
711 811
711 911
712 112
712 312
712 702
712 710
712 715
712 716
712 717
712 718
712 719
712 732
712 742
712 772
712 782
713 113
713 313
713 413
713 513
713 613
713 712
713 714
713 716
713 718
713 719
713 733
713 773
713 783
714 14
714 114
714 214
714 414
714 514
714 614
714 710
714 711
714 712
714 716
714 718
714 719
714 724
714 734
714 764
714 774
714 784
714 794
714 914
715 115
715 315
715 415
715 615
715 705
715 713
715 714
715 716
715 718
715 735
715 745
715 775
715 795
715 815
715 915
716 116
716 516
716 616
716 710
716 717
716 719
716 736
716 756
716 796
716 816
717 17
717 417
717 707
717 710
717 711
717 713
717 714
717 715
717 718
717 767
717 777
717 787
717 797
717 817
717 917
718 118
718 218
718 318
718 418
718 518
718 618
718 708
718 711
718 716
718 728
718 738
718 748
718 778
718 788
718 798
718 818
718 918
719 19
719 119
719 619
719 709
719 710
719 711
719 715
719 717
719 718
719 729
719 739
719 749
719 759
719 789
719 799
720 120
720 220
720 420
720 520
720 620
720 722
720 727
720 728
720 740
720 780
720 920
721 21
721 121
721 701
721 711
721 720
721 722
721 723
721 725
721 726
721 727
721 728
721 729
721 731
721 751
721 781
721 791
722 22
722 122
722 222
722 322
722 422
722 522
722 702
722 712
722 724
722 727
722 732
722 752
722 762
722 772
723 23
723 223
723 323
723 523
723 623
723 713
723 720
723 722
723 724
723 726
723 727
723 728
723 733
723 763
724 24
724 324
724 424
724 704
724 720
724 721
724 725
724 728
724 764
724 774
724 784
724 924
725 25
725 225
725 325
725 715
725 720
725 722
725 723
725 726
725 728
725 729
725 765
725 785
725 825
726 26
726 126
726 226
726 426
726 626
726 706
726 716
726 720
726 722
726 724
726 727
726 729
726 736
726 746
726 766
726 926
727 327
727 627
727 707
727 717
727 724
727 725
727 728
727 729
727 747
727 757
727 767
727 777
727 787
727 927
728 28
728 228
728 328
728 528
728 628
728 708
728 722
728 726
728 748
728 758
728 788
728 798
728 828
728 928
729 29
729 129
729 229
729 329
729 720
729 722
729 723
729 724
729 728
729 749
729 789
729 929
730 130
730 330
730 530
730 720
730 731
730 732
730 734
730 735
730 740
731 131
731 231
731 431
731 701
731 732
731 733
731 736
731 738
731 739
731 751
731 761
731 771
731 781
731 791
731 831
732 32
732 432
732 733
732 735
732 736
732 739
732 752
732 772
732 792
732 832
733 33
733 133
733 333
733 703
733 730
733 736
733 737
733 738
733 739
733 753
733 763
733 773
733 783
733 833
733 933
734 234
734 724
734 731
734 732
734 733
734 735
734 744
734 754
734 764
734 774
734 784
734 834
734 934
735 135
735 235
735 435
735 635
735 725
735 731
735 733
735 737
735 738
735 739
735 745
735 795
735 935
736 36
736 136
736 336
736 536
736 636
736 730
736 734
736 735
736 737
736 738
736 756
736 766
737 237
737 437
737 637
737 707
737 717
737 727
737 730
737 731
737 732
737 734
737 757
737 777
737 787
737 937
738 238
738 638
738 728
738 730
738 732
738 734
738 737
738 758
738 838
738 938
739 239
739 339
739 439
739 709
739 729
739 730
739 734
739 736
739 737
739 738
739 749
739 759
739 779
739 789
739 799
739 939
740 40
740 140
740 340
740 640
740 700
740 710
740 746
740 747
740 748
740 770
740 790
740 940
741 141
741 241
741 541
741 641
741 711
741 721
741 731
741 740
741 742
741 743
741 745
741 746
741 747
741 748
741 749
741 761
741 771
741 791
741 941
742 142
742 242
742 722
742 732
742 740
742 743
742 746
742 842
743 43
743 443
743 543
743 643
743 703
743 713
743 723
743 733
743 740
743 744
743 745
743 747
743 748
743 749
743 753
743 773
743 783
743 843
744 44
744 544
744 714
744 724
744 740
744 741
744 742
744 745
744 746
744 747
744 748
744 749
744 774
744 784
744 844
745 145
745 345
745 445
745 645
745 725
745 740
745 742
745 747
745 749
745 755
745 775
745 785
745 795
746 46
746 146
746 446
746 716
746 736
746 743
746 745
746 747
746 748
746 749
746 756
746 766
746 786
746 796
746 846
746 946
747 47
747 147
747 447
747 647
747 717
747 737
747 742
747 748
747 757
747 767
747 787
748 148
748 348
748 448
748 648
748 708
748 738
748 742
748 745
748 749
748 758
748 768
748 788
749 149
749 249
749 349
749 740
749 742
749 747
749 759
749 769
749 779
749 849
750 250
750 350
750 450
750 550
750 710
750 720
750 730
750 740
750 752
750 754
750 756
750 760
750 780
750 850
751 51
751 251
751 351
751 651
751 701
751 711
751 741
751 750
751 752
751 753
751 755
751 757
751 759
751 761
751 771
751 781
751 851
752 52
752 352
752 552
752 652
752 702
752 712
752 742
752 758
752 762
752 772
752 792
753 253
753 453
753 553
753 653
753 703
753 713
753 723
753 750
753 752
753 755
753 757
753 763
753 783
753 793
753 953
754 154
754 254
754 354
754 704
754 714
754 724
754 744
754 751
754 752
754 753
754 756
754 757
754 758
754 759
754 774
754 794
755 55
755 155
755 255
755 455
755 715
755 725
755 735
755 750
755 752
755 754
755 756
755 775
755 785
755 795
756 256
756 456
756 556
756 706
756 726
756 751
756 752
756 753
756 759
756 766
756 796
756 856
756 956
757 157
757 457
757 657
757 717
757 750
757 752
757 755
757 756
757 759
757 767
757 777
758 358
758 458
758 658
758 718
758 750
758 751
758 753
758 755
758 756
758 757
758 759
758 778
758 788
758 858
759 59
759 159
759 259
759 359
759 459
759 559
759 729
759 750
759 752
759 753
759 755
759 769
759 779
759 859
759 959
760 60
760 560
760 700
760 710
760 720
760 730
760 740
760 761
760 762
760 763
760 765
760 766
760 767
760 768
760 769
760 770
760 860
760 960
761 61
761 561
761 721
761 765
761 768
761 861
761 961
762 62
762 702
762 712
762 732
762 742
762 761
762 765
762 766
762 767
762 769
762 792
762 862
762 962
763 263
763 463
763 563
763 703
763 713
763 743
763 761
763 762
763 765
763 769
763 773
763 783
763 963
764 364
764 464
764 704
764 744
764 754
764 760
764 761
764 762
764 763
764 768
764 769
764 774
764 784
764 794
764 864
765 65
765 465
765 565
765 665
765 715
765 735
765 745
765 755
765 764
765 766
765 768
765 775
765 785
765 965
766 66
766 366
766 466
766 666
766 706
766 716
766 761
766 763
766 764
766 767
766 768
766 776
766 786
766 866
766 966
767 67
767 167
767 267
767 367
767 707
767 737
767 761
767 763
767 764
767 765
767 768
767 769
767 967
768 68
768 468
768 568
768 668
768 718
768 728
768 738
768 758
768 762
768 763
768 778
768 788
768 798
768 868
769 169
769 269
769 469
769 569
769 719
769 729
769 739
769 761
769 765
769 766
769 768
769 779
769 789
770 70
770 170
770 370
770 470
770 670
770 700
770 710
770 720
770 730
770 750
770 771
770 774
770 775
770 777
770 779
770 790
770 970
771 471
771 671
771 711
771 721
771 761
771 772
771 773
771 775
771 778
771 781
771 791
771 871
771 971
772 72
772 172
772 372
772 472
772 572
772 672
772 742
772 762
772 770
772 773
772 774
772 775
772 776
772 777
772 779
772 782
772 972
773 173
773 573
773 723
773 753
773 770
773 774
773 775
773 776
773 777
773 779
773 783
773 973
774 74
774 274
774 374
774 474
774 704
774 771
774 775
774 776
774 779
774 784
774 794
774 974
775 75
775 705
775 725
775 735
775 795
775 975
776 76
776 276
776 576
776 676
776 706
776 716
776 726
776 736
776 746
776 756
776 770
776 771
776 775
776 777
776 796
776 976
777 477
777 577
777 747
777 767
777 771
777 774
777 775
777 877
778 78
778 178
778 478
778 578
778 708
778 728
778 738
778 748
778 770
778 772
778 773
778 774
778 775
778 776
778 777
778 779
778 878
778 978
779 179
779 379
779 479
779 709
779 719
779 729
779 771
779 775
779 776
779 777
780 80
780 280
780 480
780 580
780 710
780 730
780 740
780 760
780 770
780 782
780 783
780 784
780 785
780 786
780 787
780 790
781 681
781 741
781 761
781 780
781 782
781 783
781 784
781 785
781 786
781 787
781 789
782 82
782 382
782 482
782 722
782 732
782 742
782 752
782 762
782 783
782 785
782 789
782 792
782 982
783 83
783 183
783 283
783 583
783 723
783 784
783 785
783 786
783 787
783 788
783 883
783 983
784 184
784 284
784 484
784 584
784 754
784 782
784 787
784 884
784 984
785 85
785 385
785 485
785 715
785 735
785 775
785 784
785 789
786 86
786 186
786 286
786 586
786 716
786 726
786 736
786 756
786 776
786 782
786 784
786 785
786 787
786 796
786 886
786 986
787 287
787 487
787 687
787 707
787 757
787 767
787 777
787 782
787 785
787 788
787 987
788 188
788 588
788 738
788 778
788 780
788 781
788 782
788 784
788 785
788 786
788 789
788 798
789 709
789 749
789 759
789 779
789 780
789 783
789 784
789 786
789 787
789 799
790 90
790 290
790 590
790 690
790 720
790 730
790 750
790 760
790 791
790 793
790 794
790 795
790 798
790 890
791 291
791 491
791 691
791 751
791 761
791 781
791 792
791 793
791 794
791 797
791 798
791 799
792 92
792 592
792 692
792 702
792 712
792 722
792 742
792 772
792 790
792 793
792 794
792 796
792 797
792 798
792 799
792 892
793 193
793 293
793 593
793 693
793 703
793 713
793 723
793 733
793 743
793 763
793 773
793 783
793 795
793 799
794 494
794 694
794 704
794 724
794 734
794 744
794 784
794 793
794 795
794 796
794 797
794 798
795 495
795 725
795 765
795 785
795 791
795 792
795 796
795 799
795 895
796 96
796 196
796 396
796 696
796 706
796 726
796 736
796 766
796 790
796 791
796 793
796 799
797 97
797 697
797 727
797 737
797 747
797 757
797 767
797 777
797 787
797 790
797 793
797 795
797 796
797 897
798 98
798 198
798 398
798 598
798 698
798 708
798 738
798 748
798 758
798 778
798 793
798 795
798 796
798 797
798 799
798 998
799 499
799 599
799 699
799 729
799 749
799 759
799 769
799 779
799 790
799 794
799 797
799 899
799 999
800 100
800 200
800 300
800 600
800 700
800 806
800 808
800 820
800 840
800 850
800 860
800 880
800 890
800 900
801 1
801 201
801 301
801 501
801 800
801 803
801 804
801 807
801 808
801 811
801 861
801 881
801 891
801 901
802 2
802 102
802 202
802 502
802 702
802 800
802 801
802 832
802 842
802 852
802 862
802 882
802 892
802 902
803 203
803 303
803 503
803 800
803 802
803 805
803 806
803 807
803 813
803 853
803 873
803 903
804 4
804 104
804 404
804 504
804 704
804 800
804 802
804 803
804 808
804 809
804 814
804 824
804 854
804 864
804 874
804 894
804 904
805 305
805 605
805 800
805 801
805 802
805 804
805 806
805 855
805 875
805 895
805 905
806 6
806 506
806 606
806 801
806 802
806 804
806 807
806 808
806 816
806 836
806 846
806 896
807 7
807 107
807 507
807 707
807 800
807 802
807 804
807 805
807 809
807 837
807 857
807 877
807 887
807 897
808 108
808 308
808 608
808 708
808 802
808 803
808 805
808 807
808 809
808 818
808 858
808 868
808 898
808 908
809 9
809 409
809 709
809 800
809 801
809 802
809 803
809 805
809 806
809 849
809 859
809 879
809 889
809 909
810 10
810 310
810 510
810 800
810 816
810 817
810 880
811 11
811 111
811 211
811 311
811 411
811 611
811 810
811 813
811 815
811 831
811 861
811 871
811 891
812 312
812 412
812 712
812 802
812 810
812 811
812 814
812 815
812 817
812 818
812 819
812 822
812 842
812 852
812 872
813 13
813 113
813 213
813 313
813 713
813 810
813 812
813 815
813 816
813 817
813 818
813 819
813 843
813 853
813 863
814 114
814 214
814 514
814 614
814 714
814 810
814 811
814 813
814 815
814 816
814 817
814 834
814 864
814 874
815 15
815 315
815 415
815 515
815 615
815 805
815 810
815 816
815 817
815 818
815 885
815 895
815 915
816 16
816 811
816 812
816 817
816 819
816 846
816 856
816 866
816 886
817 17
817 317
817 417
817 807
817 811
817 818
817 827
817 857
817 887
818 18
818 118
818 218
818 318
818 518
818 618
818 810
818 811
818 814
818 816
818 819
818 848
818 858
818 878
818 888
818 918
819 119
819 219
819 319
819 419
819 519
819 619
819 719
819 809
819 810
819 811
819 814
819 815
819 817
819 839
819 859
819 869
819 899
819 919
820 20
820 120
820 620
820 720
820 810
820 822
820 823
820 824
820 825
820 826
820 827
820 828
820 830
820 840
820 920
821 21
821 121
821 421
821 621
821 721
821 801
821 811
821 820
821 823
821 825
821 829
821 841
821 881
821 891
822 22
822 322
822 622
822 722
822 802
822 821
822 823
822 824
822 825
822 828
822 832
822 872
822 882
823 123
823 323
823 423
823 623
823 723
823 803
823 813
823 824
823 825
823 826
823 827
823 828
823 833
823 853
823 863
823 893
823 923
824 224
824 324
824 524
824 624
824 724
824 814
824 821
824 825
824 828
824 844
824 854
824 864
825 125
825 225
825 625
825 805
825 815
825 827
825 829
825 845
825 855
825 865
825 875
825 885
825 925
826 26
826 326
826 526
826 726
826 806
826 816
826 821
826 822
826 824
826 825
826 828
826 829
826 836
826 856
826 866
826 926
827 127
827 227
827 427
827 627
827 727
827 807
827 821
827 822
827 824
827 826
827 828
827 857
827 867
827 897
827 927
828 228
828 328
828 528
828 808
828 818
828 821
828 825
828 829
828 848
828 868
828 888
828 928
829 29
829 129
829 629
829 729
829 809
829 819
829 820
829 822
829 823
829 824
829 827
829 849
829 859
829 869
829 879
829 889
830 130
830 230
830 330
830 430
830 530
830 630
830 730
830 800
830 810
830 831
830 832
830 834
830 835
830 836
830 837
830 850
830 880
830 890
831 231
831 331
831 431
831 531
831 801
831 821
831 839
831 841
831 871
831 891
831 931
832 132
832 332
832 532
832 632
832 812
832 831
832 833
832 834
832 835
832 837
832 839
832 842
832 852
832 872
832 882
833 33
833 333
833 433
833 533
833 633
833 803
833 813
833 830
833 831
833 836
833 837
833 838
833 839
833 843
833 893
834 34
834 134
834 334
834 434
834 634
834 804
834 824
834 831
834 833
834 835
834 836
834 837
834 838
834 844
834 864
834 894
835 35
835 235
835 335
835 435
835 735
835 805
835 815
835 825
835 831
835 833
835 838
835 845
835 865
835 875
836 36
836 136
836 236
836 336
836 436
836 536
836 636
836 736
836 816
836 831
836 832
836 835
836 837
836 856
836 866
836 876
836 896
836 936
837 37
837 137
837 237
837 337
837 437
837 537
837 637
837 737
837 817
837 827
837 831
837 835
837 867
837 887
838 238
838 338
838 438
838 538
838 638
838 808
838 818
838 828
838 830
838 831
838 832
838 836
838 837
838 839
838 848
838 878
838 888
839 339
839 439
839 639
839 739
839 809
839 829
839 830
839 834
839 835
839 836
839 837
839 869
839 899
839 939
840 40
840 140
840 240
840 540
840 640
840 740
840 810
840 830
840 846
840 848
840 849
840 850
840 860
840 870
840 880
840 890
840 940
841 41
841 141
841 341
841 741
841 801
841 811
841 840
841 842
841 845
841 846
841 847
841 848
841 849
841 851
841 861
841 871
841 881
842 42
842 142
842 442
842 542
842 642
842 822
842 840
842 844
842 848
842 849
842 852
842 872
842 882
843 143
843 543
843 803
843 823
843 840
843 841
843 842
843 845
843 846
843 847
843 848
843 849
843 863
843 873
843 883
843 893
843 943
844 244
844 544
844 804
844 814
844 840
844 841
844 843
844 846
844 847
844 864
844 884
844 894
845 545
845 745
845 805
845 815
845 840
845 842
845 844
845 865
845 895
845 945
846 826
846 836
846 842
846 845
846 847
846 849
846 876
846 896
847 47
847 247
847 347
847 747
847 807
847 817
847 827
847 837
847 840
847 842
847 845
847 849
847 857
847 867
847 877
847 897
847 947
848 248
848 348
848 548
848 748
848 808
848 844
848 845
848 846
848 847
848 849
848 868
848 878
848 948
849 149
849 349
849 549
849 649
849 819
849 839
849 844
849 845
849 859
849 869
849 899
849 949
850 150
850 550
850 810
850 820
850 852
850 854
850 859
850 870
850 880
850 950
851 51
851 251
851 551
851 651
851 801
851 811
851 821
851 831
851 850
851 852
851 856
851 857
852 252
852 452
852 552
852 752
852 822
852 853
852 856
852 858
852 859
852 892
852 952
853 53
853 253
853 553
853 653
853 753
853 833
853 843
853 850
853 851
853 854
853 856
853 857
853 859
853 873
853 883
853 953
854 254
854 454
854 754
854 814
854 834
854 844
854 851
854 852
854 855
854 858
854 859
854 874
854 954
855 55
855 155
855 355
855 655
855 755
855 815
855 835
855 845
855 850
855 851
855 852
855 853
855 859
855 875
855 885
855 895
855 955
856 156
856 456
856 556
856 806
856 846
856 850
856 854
856 855
856 857
856 858
856 866
856 956
857 257
857 357
857 757
857 837
857 850
857 852
857 854
857 855
857 858
857 867
857 887
858 58
858 158
858 258
858 658
858 828
858 838
858 848
858 850
858 851
858 853
858 855
858 859
858 868
858 878
858 888
858 898
859 59
859 159
859 459
859 659
859 839
859 851
859 856
859 857
859 869
859 879
859 889
859 899
859 959
860 160
860 360
860 560
860 660
860 810
860 820
860 830
860 850
860 861
860 869
860 870
860 890
860 960
861 61
861 261
861 361
861 561
861 661
861 821
861 831
861 851
861 866
861 867
861 869
861 961
862 62
862 162
862 362
862 562
862 662
862 812
862 822
862 832
862 842
862 852
862 860
862 861
862 863
862 866
862 869
862 872
862 892
863 63
863 263
863 763
863 803
863 833
863 853
863 860
863 861
863 865
863 867
863 873
863 883
863 893
864 64
864 164
864 464
864 854
864 860
864 861
864 862
864 863
864 868
864 874
864 884
865 65
865 165
865 465
865 565
865 765
865 805
865 815
865 855
865 860
865 861
865 862
865 864
865 866
865 869
865 965
866 66
866 466
866 566
866 806
866 846
866 860
866 863
866 864
866 869
866 896
866 966
867 67
867 367
867 667
867 767
867 807
867 817
867 860
867 862
867 864
867 865
867 866
867 869
867 877
867 887
867 967
868 68
868 468
868 568
868 818
868 838
868 860
868 861
868 862
868 863
868 865
868 866
868 867
868 869
868 878
868 888
868 968
869 169
869 269
869 369
869 469
869 669
869 769
869 809
869 863
869 864
869 879
869 889
869 969
870 170
870 470
870 770
870 800
870 810
870 820
870 830
870 872
870 873
870 874
870 875
870 877
870 878
870 879
870 880
870 890
871 371
871 471
871 671
871 801
871 821
871 851
871 861
871 870
871 873
871 874
871 876
871 877
871 879
872 72
872 172
872 272
872 572
872 772
872 802
872 852
872 871
872 875
872 878
872 882
872 892
872 972
873 73
873 173
873 273
873 373
873 473
873 573
873 773
873 813
873 823
873 833
873 872
873 875
873 876
873 877
873 893
874 74
874 174
874 274
874 474
874 574
874 674
874 774
874 824
874 834
874 844
874 872
874 873
874 877
874 878
874 894
874 974
875 175
875 475
875 775
875 815
875 845
875 865
875 871
875 874
875 877
875 878
875 885
876 76
876 776
876 806
876 816
876 826
876 856
876 866
876 870
876 872
876 874
876 875
876 878
876 886
876 896
876 976
877 177
877 277
877 677
877 817
877 827
877 837
877 857
877 872
877 876
877 878
877 879
877 897
877 977
878 178
878 278
878 678
878 808
878 828
878 871
878 873
878 879
878 888
878 978
879 79
879 179
879 479
879 679
879 779
879 819
879 839
879 849
879 872
879 873
879 874
879 875
879 876
880 80
880 580
880 780
880 820
880 860
880 882
880 883
880 887
880 889
880 890
880 980
881 181
881 281
881 381
881 481
881 581
881 781
881 811
881 831
881 851
881 861
881 871
881 880
881 884
881 885
881 886
881 888
881 981
882 382
882 682
882 782
882 812
882 852
882 862
882 881
882 884
882 885
882 886
882 888
882 982
883 83
883 483
883 583
883 803
883 813
883 823
883 833
883 873
883 881
883 882
883 884
883 887
883 888
883 893
883 983
884 284
884 484
884 584
884 684
884 804
884 814
884 824
884 834
884 854
884 874
884 880
884 886
884 888
884 889
884 984
885 185
885 785
885 805
885 835
885 845
885 865
885 880
885 883
885 884
885 887
885 888
885 985
886 86
886 186
886 486
886 586
886 806
886 826
886 836
886 846
886 856
886 866
886 880
886 883
886 885
886 986
887 87
887 287
887 487
887 787
887 827
887 847
887 877
887 881
887 882
887 884
887 886
887 888
887 889
887 897
887 987
888 88
888 188
888 488
888 688
888 788
888 808
888 848
888 880
888 886
888 889
888 898
889 389
889 589
889 689
889 789
889 819
889 839
889 849
889 879
889 881
889 882
889 883
889 885
889 886
889 899
890 390
890 490
890 690
890 810
890 820
890 850
890 892
890 893
890 895
890 897
890 990
891 191
891 291
891 391
891 491
891 591
891 791
891 841
891 851
891 861
891 871
891 881
891 890
891 892
891 893
891 894
891 896
891 898
891 991
892 192
892 292
892 492
892 812
892 822
892 832
892 842
892 882
892 894
892 896
892 899
892 992
893 193
893 393
893 593
893 793
893 803
893 813
893 853
893 892
893 895
893 896
894 94
894 194
894 294
894 594
894 794
894 814
894 824
894 854
894 864
894 884
894 890
894 893
894 895
894 896
894 898
894 994
895 95
895 195
895 395
895 595
895 695
895 825
895 835
895 865
895 875
895 885
895 891
895 892
895 897
896 196
896 396
896 496
896 596
896 796
896 816
896 826
896 856
896 886
896 890
896 895
896 897
896 899
896 996
897 97
897 297
897 817
897 837
897 857
897 867
897 891
897 892
897 893
897 894
897 898
897 899
897 997
898 98
898 198
898 298
898 498
898 698
898 798
898 818
898 828
898 838
898 848
898 868
898 878
898 890
898 892
898 893
898 895
898 896
898 899
898 998
899 299
899 399
899 599
899 809
899 829
899 869
899 879
899 890
899 891
899 893
899 894
899 895
899 999
900 0
900 100
900 200
900 300
900 500
900 600
900 902
900 906
900 907
900 909
900 940
900 950
900 980
900 990
901 101
901 401
901 501
901 900
901 907
901 909
901 911
901 941
901 961
901 971
901 991
902 2
902 202
902 502
902 901
902 903
902 906
902 909
902 912
902 922
902 932
902 942
902 972
902 982
903 103
903 203
903 403
903 503
903 603
903 900
903 901
903 904
903 905
903 906
903 907
903 908
903 923
903 933
903 943
903 963
903 993
904 4
904 204
904 504
904 704
904 900
904 901
904 902
904 906
904 907
904 908
904 914
904 934
904 944
904 954
904 964
904 984
905 105
905 205
905 605
905 705
905 900
905 901
905 902
905 904
905 908
905 909
905 925
905 935
905 975
906 106
906 206
906 406
906 606
906 706
906 806
906 901
906 905
906 908
906 909
906 916
906 936
906 976
906 986
907 507
907 607
907 807
907 902
907 905
907 906
907 908
907 957
907 967
907 987
907 997
908 108
908 208
908 308
908 900
908 901
908 902
908 909
908 928
908 938
908 958
908 968
908 978
908 998
909 9
909 109
909 209
909 309
909 409
909 609
909 903
909 904
909 907
909 919
909 939
909 989
910 10
910 110
910 210
910 310
910 510
910 610
910 710
910 810
910 900
910 911
910 912
910 913
910 914
910 916
910 917
910 918
910 920
910 930
910 940
910 950
910 960
910 970
910 980
911 11
911 111
911 211
911 411
911 811
911 912
911 914
911 915
911 916
911 917
911 919
911 931
911 981
911 991
912 12
912 112
912 212
912 312
912 412
912 712
912 812
912 918
912 919
912 922
912 932
912 962
912 972
912 982
913 13
913 213
913 313
913 413
913 513
913 613
913 713
913 813
913 903
913 911
913 912
913 914
913 915
913 916
913 918
913 923
913 933
913 943
913 973
913 983
914 314
914 814
914 912
914 916
914 917
914 924
914 954
914 994
915 15
915 615
915 905
915 910
915 912
915 914
915 916
915 918
915 919
915 955
915 995
916 16
916 416
916 516
916 616
916 716
916 816
916 912
916 917
916 936
916 956
916 966
917 317
917 417
917 517
917 617
917 817
917 907
917 912
917 913
917 915
917 927
917 947
917 977
918 18
918 118
918 218
918 908
918 911
918 914
918 916
918 917
918 928
918 948
918 968
918 988
918 998
919 19
919 219
919 619
919 719
919 910
919 913
919 914
919 916
919 917
919 918
919 929
919 969
919 989
919 999
920 120
920 320
920 420
920 620
920 900
920 922
920 923
920 924
920 926
920 927
920 940
920 970
920 980
921 121
921 221
921 321
921 421
921 521
921 621
921 721
921 821
921 901
921 911
921 920
921 924
921 925
921 926
921 928
921 951
921 961
921 971
922 122
922 322
922 622
922 722
922 822
922 921
922 924
922 926
922 927
922 928
922 929
922 952
922 962
922 972
923 123
923 323
923 623
923 723
923 921
923 922
923 925
923 927
923 928
923 953
923 973
923 983
924 624
924 824
924 904
924 923
924 925
924 927
924 928
924 964
924 974
924 984
925 125
925 225
925 525
925 725
925 915
925 920
925 922
925 926
925 927
925 955
925 965
925 975
926 26
926 126
926 326
926 526
926 906
926 916
926 923
926 924
926 928
926 929
926 936
926 946
926 956
926 966
926 976
926 996
927 227
927 427
927 527
927 627
927 907
927 921
927 926
927 929
927 957
927 967
928 128
928 428
928 528
928 628
928 920
928 925
928 927
928 929
928 938
928 948
928 968
928 978
928 998
929 29
929 129
929 329
929 829
929 909
929 920
929 921
929 923
929 924
929 925
929 939
929 959
929 969
929 999
930 30
930 130
930 630
930 730
930 830
930 900
930 920
930 931
930 933
930 935
930 936
930 938
930 939
930 940
930 950
930 960
930 980
930 990
931 131
931 231
931 431
931 631
931 731
931 901
931 921
931 936
931 941
931 961
931 971
931 981
931 991
932 432
932 732
932 832
932 922
932 930
932 931
932 937
932 939
932 952
932 972
932 982
932 992
933 133
933 333
933 433
933 533
933 833
933 923
933 931
933 932
933 934
933 936
933 938
933 939
933 943
933 953
933 973
934 34
934 334
934 434
934 634
934 834
934 914
934 924
934 930
934 931
934 932
934 935
934 937
934 974
934 994
935 35
935 135
935 235
935 335
935 435
935 535
935 835
935 915
935 925
935 931
935 932
935 933
935 936
935 937
935 938
935 965
935 975
935 985
936 536
936 636
936 736
936 932
936 934
936 937
936 938
936 939
936 946
936 986
937 237
937 337
937 637
937 837
937 907
937 917
937 927
937 930
937 931
937 933
937 939
937 977
938 138
938 338
938 538
938 838
938 918
938 931
938 932
938 934
938 937
938 939
938 958
938 968
938 978
938 988
938 998
939 239
939 339
939 439
939 639
939 919
939 931
939 934
939 935
939 949
939 969
939 979
939 989
940 40
940 140
940 340
940 440
940 540
940 941
940 942
940 943
940 944
940 945
940 950
940 960
940 970
940 990
941 41
941 141
941 341
941 841
941 911
941 921
941 946
941 949
941 951
941 961
941 971
942 742
942 842
942 912
942 922
942 932
942 941
942 943
942 944
942 946
942 947
942 948
942 952
942 982
943 143
943 243
943 343
943 743
943 923
943 941
943 944
943 945
943 946
943 947
943 953
943 963
943 993
944 144
944 344
944 444
944 544
944 644
944 744
944 844
944 914
944 924
944 934
944 941
944 946
944 949
944 954
944 974
944 984
945 545
945 745
945 905
945 915
945 925
945 935
945 941
945 942
945 944
945 946
945 948
945 955
945 965
945 985
945 995
946 46
946 146
946 346
946 646
946 846
946 906
946 916
946 940
946 947
946 948
946 949
946 956
946 966
946 986
946 996
947 147
947 347
947 647
947 747
947 907
947 927
947 937
947 940
947 941
947 944
947 945
947 948
947 957
947 977
947 997
948 148
948 748
948 908
948 938
948 940
948 941
948 943
948 944
948 949
948 958
948 968
948 998
949 49
949 249
949 349
949 549
949 649
949 749
949 909
949 919
949 929
949 940
949 942
949 943
949 945
949 947
949 959
949 969
949 979
949 989
949 999
950 450
950 650
950 750
950 920
950 956
950 958
950 960
950 970
950 990
951 151
951 451
951 751
951 851
951 901
951 911
951 931
951 950
951 952
951 957
951 959
951 981
952 252
952 352
952 452
952 552
952 652
952 752
952 902
952 912
952 950
952 954
952 957
953 53
953 353
953 553
953 653
953 903
953 913
953 950
953 951
953 952
953 956
953 957
953 959
953 983
954 54
954 454
954 654
954 754
954 924
954 934
954 950
954 951
954 953
954 955
954 957
954 974
954 984
954 994
955 55
955 155
955 355
955 555
955 755
955 905
955 935
955 950
955 951
955 952
955 953
955 956
955 957
955 958
955 959
955 975
955 985
955 995
956 156
956 356
956 456
956 556
956 906
956 936
956 951
956 952
956 954
956 957
956 959
956 976
956 986
957 57
957 157
957 457
957 757
957 857
957 917
957 937
957 950
957 959
957 967
957 977
957 987
957 997
958 58
958 158
958 258
958 358
958 658
958 758
958 858
958 918
958 928
958 951
958 952
958 953
958 954
958 956
958 957
958 959
958 988
959 259
959 359
959 459
959 659
959 909
959 919
959 939
959 950
959 952
959 954
959 969
959 979
960 160
960 360
960 900
960 920
960 962
960 963
960 964
960 965
960 966
960 967
960 968
960 980
961 161
961 361
961 561
961 661
961 911
961 951
961 960
961 963
961 964
961 966
961 967
961 968
961 969
961 971
961 981
962 362
962 562
962 862
962 902
962 932
962 942
962 952
962 961
962 965
962 966
962 967
962 968
962 982
963 63
963 363
963 463
963 863
963 913
963 923
963 933
963 953
963 962
963 964
963 965
963 966
963 968
963 969
963 973
963 983
964 164
964 264
964 464
964 764
964 864
964 914
964 934
964 944
964 954
964 962
964 966
964 967
964 968
964 969
964 994
965 365
965 465
965 665
965 905
965 915
965 955
965 961
965 964
965 966
965 968
965 975
965 995
966 66
966 166
966 366
966 466
966 566
966 906
966 936
966 956
966 968
966 969
966 976
967 67
967 267
967 667
967 917
967 937
967 947
967 963
967 965
967 966
967 968
967 997
968 68
968 168
968 268
968 368
968 468
968 668
968 768
968 958
968 969
968 978
968 988
969 169
969 269
969 569
969 769
969 909
969 960
969 962
969 965
969 967
969 979
969 999
970 170
970 570
970 670
970 870
970 900
970 930
970 960
970 971
970 973
970 976
970 978
970 979
970 990
971 71
971 171
971 471
971 571
971 671
971 871
971 911
971 951
971 973
971 975
971 978
971 981
972 172
972 472
972 942
972 952
972 962
972 970
972 971
972 973
972 975
972 979
972 992
973 73
973 173
973 473
973 573
973 873
973 903
973 943
973 953
973 975
973 977
973 978
973 979
973 983
973 993
974 74
974 174
974 374
974 474
974 904
974 914
974 964
974 970
974 971
974 972
974 973
974 975
974 977
974 979
974 984
974 994
975 75
975 175
975 275
975 675
975 875
975 915
975 945
975 970
975 976
975 978
975 985
975 995
976 76
976 276
976 376
976 476
976 576
976 676
976 916
976 936
976 946
976 971
976 972
976 973
976 974
976 979
977 177
977 277
977 377
977 477
977 777
977 907
977 927
977 967
977 970
977 971
977 972
977 975
977 976
977 979
977 987
978 78
978 278
978 478
978 578
978 678
978 918
978 948
978 958
978 972
978 974
978 976
978 977
979 79
979 179
979 379
979 579
979 679
979 779
979 879
979 909
979 919
979 929
979 971
979 975
979 978
979 989
979 999
980 380
980 780
980 940
980 950
980 970
980 981
980 984
980 985
980 989
981 181
981 581
981 681
981 781
981 901
981 921
981 941
981 983
981 984
981 986
981 988
982 82
982 282
982 382
982 582
982 922
982 952
982 972
982 980
982 981
982 984
982 985
982 986
983 83
983 183
983 903
983 933
983 943
983 980
983 982
983 984
983 986
983 987
983 993
984 184
984 284
984 584
984 914
984 934
984 964
984 986
984 987
984 988
985 85
985 385
985 685
985 785
985 905
985 915
985 925
985 965
985 981
985 983
985 984
985 988
986 86
986 286
986 386
986 486
986 586
986 686
986 916
986 926
986 966
986 976
986 980
986 985
986 996
987 87
987 287
987 387
987 487
987 917
987 927
987 937
987 947
987 967
987 980
987 981
987 982
987 985
987 986
987 989
988 188
988 288
988 388
988 588
988 688
988 788
988 888
988 908
988 928
988 948
988 978
988 980
988 982
988 983
988 986
988 987
988 998
989 89
989 389
989 489
989 589
989 789
989 889
989 929
989 959
989 969
989 981
989 982
989 983
989 984
989 985
989 986
989 988
990 90
990 290
990 390
990 490
990 690
990 790
990 910
990 920
990 960
990 980
990 991
990 994
990 996
990 998
991 291
991 491
991 591
991 691
991 791
991 921
991 941
991 951
991 961
991 971
991 981
991 993
991 994
991 996
991 999
992 492
992 692
992 792
992 902
992 912
992 922
992 942
992 952
992 962
992 982
992 990
992 991
992 994
992 995
992 996
992 998
992 999
993 193
993 293
993 393
993 693
993 793
993 893
993 913
993 923
993 933
993 953
993 963
993 990
993 992
993 994
993 998
994 94
994 294
994 594
994 794
994 904
994 924
994 944
994 984
994 997
995 95
995 395
995 595
995 695
995 795
995 895
995 905
995 925
995 935
995 985
995 990
995 991
995 993
995 994
995 998
995 999
996 196
996 396
996 496
996 796
996 906
996 916
996 936
996 956
996 966
996 976
996 993
996 994
996 995
996 998
996 999
997 97
997 197
997 497
997 597
997 697
997 797
997 917
997 927
997 937
997 977
997 987
997 990
997 991
997 992
997 993
997 995
997 996
998 198
998 298
998 398
998 958
998 968
998 978
998 991
998 994
998 997
999 99
999 199
999 299
999 499
999 599
999 909
999 939
999 959
999 989
999 990
999 993
999 994
999 997
999 998
29 34 46 73 91 105 118 157 160 182 200 212 255 268 287 324 333 349 371 396 423 436 441 474 499 526 531 544 579 593 608 610 652 667 685 721 739 743 776 794 802 817 850 865 888 907 915 958 962 980
