2187 30616 222
0 1
0 2
0 3
0 6
0 9
0 18
0 27
0 54
0 81
0 162
0 243
0 486
0 729
0 1458
1 0
1 2
1 4
1 7
1 10
1 19
1 28
1 55
1 82
1 163
1 244
1 487
1 730
1 1459
2 0
2 1
2 5
2 8
2 11
2 20
2 29
2 56
2 83
2 164
2 245
2 488
2 731
2 1460
3 0
3 4
3 5
3 6
3 12
3 21
3 30
3 57
3 84
3 165
3 246
3 489
3 732
3 1461
4 1
4 3
4 5
4 7
4 13
4 22
4 31
4 58
4 85
4 166
4 247
4 490
4 733
4 1462
5 2
5 3
5 4
5 8
5 14
5 23
5 32
5 59
5 86
5 167
5 248
5 491
5 734
5 1463
6 0
6 3
6 7
6 8
6 15
6 24
6 33
6 60
6 87
6 168
6 249
6 492
6 735
6 1464
7 1
7 4
7 6
7 8
7 16
7 25
7 34
7 61
7 88
7 169
7 250
7 493
7 736
7 1465
8 2
8 5
8 6
8 7
8 17
8 26
8 35
8 62
8 89
8 170
8 251
8 494
8 737
8 1466
9 0
9 10
9 11
9 12
9 15
9 18
9 36
9 63
9 90
9 171
9 252
9 495
9 738
9 1467
10 1
10 9
10 11
10 13
10 16
10 19
10 37
10 64
10 91
10 172
10 253
10 496
10 739
10 1468
11 2
11 9
11 10
11 14
11 17
11 20
11 38
11 65
11 92
11 173
11 254
11 497
11 740
11 1469
12 3
12 9
12 13
12 14
12 15
12 21
12 39
12 66
12 93
12 174
12 255
12 498
12 741
12 1470
13 4
13 10
13 12
13 14
13 16
13 22
13 40
13 67
13 94
13 175
13 256
13 499
13 742
13 1471
14 5
14 11
14 12
14 13
14 17
14 23
14 41
14 68
14 95
14 176
14 257
14 500
14 743
14 1472
15 6
15 9
15 12
15 16
15 17
15 24
15 42
15 69
15 96
15 177
15 258
15 501
15 744
15 1473
16 7
16 10
16 13
16 15
16 17
16 25
16 43
16 70
16 97
16 178
16 259
16 502
16 745
16 1474
17 8
17 11
17 14
17 15
17 16
17 26
17 44
17 71
17 98
17 179
17 260
17 503
17 746
17 1475
18 0
18 9
18 19
18 20
18 21
18 24
18 45
18 72
18 99
18 180
18 261
18 504
18 747
18 1476
19 1
19 10
19 18
19 20
19 22
19 25
19 46
19 73
19 100
19 181
19 262
19 505
19 748
19 1477
20 2
20 11
20 18
20 19
20 23
20 26
20 47
20 74
20 101
20 182
20 263
20 506
20 749
20 1478
21 3
21 12
21 18
21 22
21 23
21 24
21 48
21 75
21 102
21 183
21 264
21 507
21 750
21 1479
22 4
22 13
22 19
22 21
22 23
22 25
22 49
22 76
22 103
22 184
22 265
22 508
22 751
22 1480
23 5
23 14
23 20
23 21
23 22
23 26
23 50
23 77
23 104
23 185
23 266
23 509
23 752
23 1481
24 6
24 15
24 18
24 21
24 25
24 26
24 51
24 78
24 105
24 186
24 267
24 510
24 753
24 1482
25 7
25 16
25 19
25 22
25 24
25 26
25 52
25 79
25 106
25 187
25 268
25 511
25 754
25 1483
26 8
26 17
26 20
26 23
26 24
26 25
26 53
26 80
26 107
26 188
26 269
26 512
26 755
26 1484
27 0
27 28
27 29
27 30
27 33
27 36
27 45
27 54
27 108
27 189
27 270
27 513
27 756
27 1485
28 1
28 27
28 29
28 31
28 34
28 37
28 46
28 55
28 109
28 190
28 271
28 514
28 757
28 1486
29 2
29 27
29 28
29 32
29 35
29 38
29 47
29 56
29 110
29 191
29 272
29 515
29 758
29 1487
30 3
30 27
30 31
30 32
30 33
30 39
30 48
30 57
30 111
30 192
30 273
30 516
30 759
30 1488
31 4
31 28
31 30
31 32
31 34
31 40
31 49
31 58
31 112
31 193
31 274
31 517
31 760
31 1489
32 5
32 29
32 30
32 31
32 35
32 41
32 50
32 59
32 113
32 194
32 275
32 518
32 761
32 1490
33 6
33 27
33 30
33 34
33 35
33 42
33 51
33 60
33 114
33 195
33 276
33 519
33 762
33 1491
34 7
34 28
34 31
34 33
34 35
34 43
34 52
34 61
34 115
34 196
34 277
34 520
34 763
34 1492
35 8
35 29
35 32
35 33
35 34
35 44
35 53
35 62
35 116
35 197
35 278
35 521
35 764
35 1493
36 9
36 27
36 37
36 38
36 39
36 42
36 45
36 63
36 117
36 198
36 279
36 522
36 765
36 1494
37 10
37 28
37 36
37 38
37 40
37 43
37 46
37 64
37 118
37 199
37 280
37 523
37 766
37 1495
38 11
38 29
38 36
38 37
38 41
38 44
38 47
38 65
38 119
38 200
38 281
38 524
38 767
38 1496
39 12
39 30
39 36
39 40
39 41
39 42
39 48
39 66
39 120
39 201
39 282
39 525
39 768
39 1497
40 13
40 31
40 37
40 39
40 41
40 43
40 49
40 67
40 121
40 202
40 283
40 526
40 769
40 1498
41 14
41 32
41 38
41 39
41 40
41 44
41 50
41 68
41 122
41 203
41 284
41 527
41 770
41 1499
42 15
42 33
42 36
42 39
42 43
42 44
42 51
42 69
42 123
42 204
42 285
42 528
42 771
42 1500
43 16
43 34
43 37
43 40
43 42
43 44
43 52
43 70
43 124
43 205
43 286
43 529
43 772
43 1501
44 17
44 35
44 38
44 41
44 42
44 43
44 53
44 71
44 125
44 206
44 287
44 530
44 773
44 1502
45 18
45 27
45 36
45 46
45 47
45 48
45 51
45 72
45 126
45 207
45 288
45 531
45 774
45 1503
46 19
46 28
46 37
46 45
46 47
46 49
46 52
46 73
46 127
46 208
46 289
46 532
46 775
46 1504
47 20
47 29
47 38
47 45
47 46
47 50
47 53
47 74
47 128
47 209
47 290
47 533
47 776
47 1505
48 21
48 30
48 39
48 45
48 49
48 50
48 51
48 75
48 129
48 210
48 291
48 534
48 777
48 1506
49 22
49 31
49 40
49 46
49 48
49 50
49 52
49 76
49 130
49 211
49 292
49 535
49 778
49 1507
50 23
50 32
50 41
50 47
50 48
50 49
50 53
50 77
50 131
50 212
50 293
50 536
50 779
50 1508
51 24
51 33
51 42
51 45
51 48
51 52
51 53
51 78
51 132
51 213
51 294
51 537
51 780
51 1509
52 25
52 34
52 43
52 46
52 49
52 51
52 53
52 79
52 133
52 214
52 295
52 538
52 781
52 1510
53 26
53 35
53 44
53 47
53 50
53 51
53 52
53 80
53 134
53 215
53 296
53 539
53 782
53 1511
54 0
54 27
54 55
54 56
54 57
54 60
54 63
54 72
54 135
54 216
54 297
54 540
54 783
54 1512
55 1
55 28
55 54
55 56
55 58
55 61
55 64
55 73
55 136
55 217
55 298
55 541
55 784
55 1513
56 2
56 29
56 54
56 55
56 59
56 62
56 65
56 74
56 137
56 218
56 299
56 542
56 785
56 1514
57 3
57 30
57 54
57 58
57 59
57 60
57 66
57 75
57 138
57 219
57 300
57 543
57 786
57 1515
58 4
58 31
58 55
58 57
58 59
58 61
58 67
58 76
58 139
58 220
58 301
58 544
58 787
58 1516
59 5
59 32
59 56
59 57
59 58
59 62
59 68
59 77
59 140
59 221
59 302
59 545
59 788
59 1517
60 6
60 33
60 54
60 57
60 61
60 62
60 69
60 78
60 141
60 222
60 303
60 546
60 789
60 1518
61 7
61 34
61 55
61 58
61 60
61 62
61 70
61 79
61 142
61 223
61 304
61 547
61 790
61 1519
62 8
62 35
62 56
62 59
62 60
62 61
62 71
62 80
62 143
62 224
62 305
62 548
62 791
62 1520
63 9
63 36
63 54
63 64
63 65
63 66
63 69
63 72
63 144
63 225
63 306
63 549
63 792
63 1521
64 10
64 37
64 55
64 63
64 65
64 67
64 70
64 73
64 145
64 226
64 307
64 550
64 793
64 1522
65 11
65 38
65 56
65 63
65 64
65 68
65 71
65 74
65 146
65 227
65 308
65 551
65 794
65 1523
66 12
66 39
66 57
66 63
66 67
66 68
66 69
66 75
66 147
66 228
66 309
66 552
66 795
66 1524
67 13
67 40
67 58
67 64
67 66
67 68
67 70
67 76
67 148
67 229
67 310
67 553
67 796
67 1525
68 14
68 41
68 59
68 65
68 66
68 67
68 71
68 77
68 149
68 230
68 311
68 554
68 797
68 1526
69 15
69 42
69 60
69 63
69 66
69 70
69 71
69 78
69 150
69 231
69 312
69 555
69 798
69 1527
70 16
70 43
70 61
70 64
70 67
70 69
70 71
70 79
70 151
70 232
70 313
70 556
70 799
70 1528
71 17
71 44
71 62
71 65
71 68
71 69
71 70
71 80
71 152
71 233
71 314
71 557
71 800
71 1529
72 18
72 45
72 54
72 63
72 73
72 74
72 75
72 78
72 153
72 234
72 315
72 558
72 801
72 1530
73 19
73 46
73 55
73 64
73 72
73 74
73 76
73 79
73 154
73 235
73 316
73 559
73 802
73 1531
74 20
74 47
74 56
74 65
74 72
74 73
74 77
74 80
74 155
74 236
74 317
74 560
74 803
74 1532
75 21
75 48
75 57
75 66
75 72
75 76
75 77
75 78
75 156
75 237
75 318
75 561
75 804
75 1533
76 22
76 49
76 58
76 67
76 73
76 75
76 77
76 79
76 157
76 238
76 319
76 562
76 805
76 1534
77 23
77 50
77 59
77 68
77 74
77 75
77 76
77 80
77 158
77 239
77 320
77 563
77 806
77 1535
78 24
78 51
78 60
78 69
78 72
78 75
78 79
78 80
78 159
78 240
78 321
78 564
78 807
78 1536
79 25
79 52
79 61
79 70
79 73
79 76
79 78
79 80
79 160
79 241
79 322
79 565
79 808
79 1537
80 26
80 53
80 62
80 71
80 74
80 77
80 78
80 79
80 161
80 242
80 323
80 566
80 809
80 1538
81 0
81 82
81 83
81 84
81 87
81 90
81 99
81 108
81 135
81 162
81 324
81 567
81 810
81 1539
82 1
82 81
82 83
82 85
82 88
82 91
82 100
82 109
82 136
82 163
82 325
82 568
82 811
82 1540
83 2
83 81
83 82
83 86
83 89
83 92
83 101
83 110
83 137
83 164
83 326
83 569
83 812
83 1541
84 3
84 81
84 85
84 86
84 87
84 93
84 102
84 111
84 138
84 165
84 327
84 570
84 813
84 1542
85 4
85 82
85 84
85 86
85 88
85 94
85 103
85 112
85 139
85 166
85 328
85 571
85 814
85 1543
86 5
86 83
86 84
86 85
86 89
86 95
86 104
86 113
86 140
86 167
86 329
86 572
86 815
86 1544
87 6
87 81
87 84
87 88
87 89
87 96
87 105
87 114
87 141
87 168
87 330
87 573
87 816
87 1545
88 7
88 82
88 85
88 87
88 89
88 97
88 106
88 115
88 142
88 169
88 331
88 574
88 817
88 1546
89 8
89 83
89 86
89 87
89 88
89 98
89 107
89 116
89 143
89 170
89 332
89 575
89 818
89 1547
90 9
90 81
90 91
90 92
90 93
90 96
90 99
90 117
90 144
90 171
90 333
90 576
90 819
90 1548
91 10
91 82
91 90
91 92
91 94
91 97
91 100
91 118
91 145
91 172
91 334
91 577
91 820
91 1549
92 11
92 83
92 90
92 91
92 95
92 98
92 101
92 119
92 146
92 173
92 335
92 578
92 821
92 1550
93 12
93 84
93 90
93 94
93 95
93 96
93 102
93 120
93 147
93 174
93 336
93 579
93 822
93 1551
94 13
94 85
94 91
94 93
94 95
94 97
94 103
94 121
94 148
94 175
94 337
94 580
94 823
94 1552
95 14
95 86
95 92
95 93
95 94
95 98
95 104
95 122
95 149
95 176
95 338
95 581
95 824
95 1553
96 15
96 87
96 90
96 93
96 97
96 98
96 105
96 123
96 150
96 177
96 339
96 582
96 825
96 1554
97 16
97 88
97 91
97 94
97 96
97 98
97 106
97 124
97 151
97 178
97 340
97 583
97 826
97 1555
98 17
98 89
98 92
98 95
98 96
98 97
98 107
98 125
98 152
98 179
98 341
98 584
98 827
98 1556
99 18
99 81
99 90
99 100
99 101
99 102
99 105
99 126
99 153
99 180
99 342
99 585
99 828
99 1557
100 19
100 82
100 91
100 99
100 101
100 103
100 106
100 127
100 154
100 181
100 343
100 586
100 829
100 1558
101 20
101 83
101 92
101 99
101 100
101 104
101 107
101 128
101 155
101 182
101 344
101 587
101 830
101 1559
102 21
102 84
102 93
102 99
102 103
102 104
102 105
102 129
102 156
102 183
102 345
102 588
102 831
102 1560
103 22
103 85
103 94
103 100
103 102
103 104
103 106
103 130
103 157
103 184
103 346
103 589
103 832
103 1561
104 23
104 86
104 95
104 101
104 102
104 103
104 107
104 131
104 158
104 185
104 347
104 590
104 833
104 1562
105 24
105 87
105 96
105 99
105 102
105 106
105 107
105 132
105 159
105 186
105 348
105 591
105 834
105 1563
106 25
106 88
106 97
106 100
106 103
106 105
106 107
106 133
106 160
106 187
106 349
106 592
106 835
106 1564
107 26
107 89
107 98
107 101
107 104
107 105
107 106
107 134
107 161
107 188
107 350
107 593
107 836
107 1565
108 27
108 81
108 109
108 110
108 111
108 114
108 117
108 126
108 135
108 189
108 351
108 594
108 837
108 1566
109 28
109 82
109 108
109 110
109 112
109 115
109 118
109 127
109 136
109 190
109 352
109 595
109 838
109 1567
110 29
110 83
110 108
110 109
110 113
110 116
110 119
110 128
110 137
110 191
110 353
110 596
110 839
110 1568
111 30
111 84
111 108
111 112
111 113
111 114
111 120
111 129
111 138
111 192
111 354
111 597
111 840
111 1569
112 31
112 85
112 109
112 111
112 113
112 115
112 121
112 130
112 139
112 193
112 355
112 598
112 841
112 1570
113 32
113 86
113 110
113 111
113 112
113 116
113 122
113 131
113 140
113 194
113 356
113 599
113 842
113 1571
114 33
114 87
114 108
114 111
114 115
114 116
114 123
114 132
114 141
114 195
114 357
114 600
114 843
114 1572
115 34
115 88
115 109
115 112
115 114
115 116
115 124
115 133
115 142
115 196
115 358
115 601
115 844
115 1573
116 35
116 89
116 110
116 113
116 114
116 115
116 125
116 134
116 143
116 197
116 359
116 602
116 845
116 1574
117 36
117 90
117 108
117 118
117 119
117 120
117 123
117 126
117 144
117 198
117 360
117 603
117 846
117 1575
118 37
118 91
118 109
118 117
118 119
118 121
118 124
118 127
118 145
118 199
118 361
118 604
118 847
118 1576
119 38
119 92
119 110
119 117
119 118
119 122
119 125
119 128
119 146
119 200
119 362
119 605
119 848
119 1577
120 39
120 93
120 111
120 117
120 121
120 122
120 123
120 129
120 147
120 201
120 363
120 606
120 849
120 1578
121 40
121 94
121 112
121 118
121 120
121 122
121 124
121 130
121 148
121 202
121 364
121 607
121 850
121 1579
122 41
122 95
122 113
122 119
122 120
122 121
122 125
122 131
122 149
122 203
122 365
122 608
122 851
122 1580
123 42
123 96
123 114
123 117
123 120
123 124
123 125
123 132
123 150
123 204
123 366
123 609
123 852
123 1581
124 43
124 97
124 115
124 118
124 121
124 123
124 125
124 133
124 151
124 205
124 367
124 610
124 853
124 1582
125 44
125 98
125 116
125 119
125 122
125 123
125 124
125 134
125 152
125 206
125 368
125 611
125 854
125 1583
126 45
126 99
126 108
126 117
126 127
126 128
126 129
126 132
126 153
126 207
126 369
126 612
126 855
126 1584
127 46
127 100
127 109
127 118
127 126
127 128
127 130
127 133
127 154
127 208
127 370
127 613
127 856
127 1585
128 47
128 101
128 110
128 119
128 126
128 127
128 131
128 134
128 155
128 209
128 371
128 614
128 857
128 1586
129 48
129 102
129 111
129 120
129 126
129 130
129 131
129 132
129 156
129 210
129 372
129 615
129 858
129 1587
130 49
130 103
130 112
130 121
130 127
130 129
130 131
130 133
130 157
130 211
130 373
130 616
130 859
130 1588
131 50
131 104
131 113
131 122
131 128
131 129
131 130
131 134
131 158
131 212
131 374
131 617
131 860
131 1589
132 51
132 105
132 114
132 123
132 126
132 129
132 133
132 134
132 159
132 213
132 375
132 618
132 861
132 1590
133 52
133 106
133 115
133 124
133 127
133 130
133 132
133 134
133 160
133 214
133 376
133 619
133 862
133 1591
134 53
134 107
134 116
134 125
134 128
134 131
134 132
134 133
134 161
134 215
134 377
134 620
134 863
134 1592
135 54
135 81
135 108
135 136
135 137
135 138
135 141
135 144
135 153
135 216
135 378
135 621
135 864
135 1593
136 55
136 82
136 109
136 135
136 137
136 139
136 142
136 145
136 154
136 217
136 379
136 622
136 865
136 1594
137 56
137 83
137 110
137 135
137 136
137 140
137 143
137 146
137 155
137 218
137 380
137 623
137 866
137 1595
138 57
138 84
138 111
138 135
138 139
138 140
138 141
138 147
138 156
138 219
138 381
138 624
138 867
138 1596
139 58
139 85
139 112
139 136
139 138
139 140
139 142
139 148
139 157
139 220
139 382
139 625
139 868
139 1597
140 59
140 86
140 113
140 137
140 138
140 139
140 143
140 149
140 158
140 221
140 383
140 626
140 869
140 1598
141 60
141 87
141 114
141 135
141 138
141 142
141 143
141 150
141 159
141 222
141 384
141 627
141 870
141 1599
142 61
142 88
142 115
142 136
142 139
142 141
142 143
142 151
142 160
142 223
142 385
142 628
142 871
142 1600
143 62
143 89
143 116
143 137
143 140
143 141
143 142
143 152
143 161
143 224
143 386
143 629
143 872
143 1601
144 63
144 90
144 117
144 135
144 145
144 146
144 147
144 150
144 153
144 225
144 387
144 630
144 873
144 1602
145 64
145 91
145 118
145 136
145 144
145 146
145 148
145 151
145 154
145 226
145 388
145 631
145 874
145 1603
146 65
146 92
146 119
146 137
146 144
146 145
146 149
146 152
146 155
146 227
146 389
146 632
146 875
146 1604
147 66
147 93
147 120
147 138
147 144
147 148
147 149
147 150
147 156
147 228
147 390
147 633
147 876
147 1605
148 67
148 94
148 121
148 139
148 145
148 147
148 149
148 151
148 157
148 229
148 391
148 634
148 877
148 1606
149 68
149 95
149 122
149 140
149 146
149 147
149 148
149 152
149 158
149 230
149 392
149 635
149 878
149 1607
150 69
150 96
150 123
150 141
150 144
150 147
150 151
150 152
150 159
150 231
150 393
150 636
150 879
150 1608
151 70
151 97
151 124
151 142
151 145
151 148
151 150
151 152
151 160
151 232
151 394
151 637
151 880
151 1609
152 71
152 98
152 125
152 143
152 146
152 149
152 150
152 151
152 161
152 233
152 395
152 638
152 881
152 1610
153 72
153 99
153 126
153 135
153 144
153 154
153 155
153 156
153 159
153 234
153 396
153 639
153 882
153 1611
154 73
154 100
154 127
154 136
154 145
154 153
154 155
154 157
154 160
154 235
154 397
154 640
154 883
154 1612
155 74
155 101
155 128
155 137
155 146
155 153
155 154
155 158
155 161
155 236
155 398
155 641
155 884
155 1613
156 75
156 102
156 129
156 138
156 147
156 153
156 157
156 158
156 159
156 237
156 399
156 642
156 885
156 1614
157 76
157 103
157 130
157 139
157 148
157 154
157 156
157 158
157 160
157 238
157 400
157 643
157 886
157 1615
158 77
158 104
158 131
158 140
158 149
158 155
158 156
158 157
158 161
158 239
158 401
158 644
158 887
158 1616
159 78
159 105
159 132
159 141
159 150
159 153
159 156
159 160
159 161
159 240
159 402
159 645
159 888
159 1617
160 79
160 106
160 133
160 142
160 151
160 154
160 157
160 159
160 161
160 241
160 403
160 646
160 889
160 1618
161 80
161 107
161 134
161 143
161 152
161 155
161 158
161 159
161 160
161 242
161 404
161 647
161 890
161 1619
162 0
162 81
162 163
162 164
162 165
162 168
162 171
162 180
162 189
162 216
162 405
162 648
162 891
162 1620
163 1
163 82
163 162
163 164
163 166
163 169
163 172
163 181
163 190
163 217
163 406
163 649
163 892
163 1621
164 2
164 83
164 162
164 163
164 167
164 170
164 173
164 182
164 191
164 218
164 407
164 650
164 893
164 1622
165 3
165 84
165 162
165 166
165 167
165 168
165 174
165 183
165 192
165 219
165 408
165 651
165 894
165 1623
166 4
166 85
166 163
166 165
166 167
166 169
166 175
166 184
166 193
166 220
166 409
166 652
166 895
166 1624
167 5
167 86
167 164
167 165
167 166
167 170
167 176
167 185
167 194
167 221
167 410
167 653
167 896
167 1625
168 6
168 87
168 162
168 165
168 169
168 170
168 177
168 186
168 195
168 222
168 411
168 654
168 897
168 1626
169 7
169 88
169 163
169 166
169 168
169 170
169 178
169 187
169 196
169 223
169 412
169 655
169 898
169 1627
170 8
170 89
170 164
170 167
170 168
170 169
170 179
170 188
170 197
170 224
170 413
170 656
170 899
170 1628
171 9
171 90
171 162
171 172
171 173
171 174
171 177
171 180
171 198
171 225
171 414
171 657
171 900
171 1629
172 10
172 91
172 163
172 171
172 173
172 175
172 178
172 181
172 199
172 226
172 415
172 658
172 901
172 1630
173 11
173 92
173 164
173 171
173 172
173 176
173 179
173 182
173 200
173 227
173 416
173 659
173 902
173 1631
174 12
174 93
174 165
174 171
174 175
174 176
174 177
174 183
174 201
174 228
174 417
174 660
174 903
174 1632
175 13
175 94
175 166
175 172
175 174
175 176
175 178
175 184
175 202
175 229
175 418
175 661
175 904
175 1633
176 14
176 95
176 167
176 173
176 174
176 175
176 179
176 185
176 203
176 230
176 419
176 662
176 905
176 1634
177 15
177 96
177 168
177 171
177 174
177 178
177 179
177 186
177 204
177 231
177 420
177 663
177 906
177 1635
178 16
178 97
178 169
178 172
178 175
178 177
178 179
178 187
178 205
178 232
178 421
178 664
178 907
178 1636
179 17
179 98
179 170
179 173
179 176
179 177
179 178
179 188
179 206
179 233
179 422
179 665
179 908
179 1637
180 18
180 99
180 162
180 171
180 181
180 182
180 183
180 186
180 207
180 234
180 423
180 666
180 909
180 1638
181 19
181 100
181 163
181 172
181 180
181 182
181 184
181 187
181 208
181 235
181 424
181 667
181 910
181 1639
182 20
182 101
182 164
182 173
182 180
182 181
182 185
182 188
182 209
182 236
182 425
182 668
182 911
182 1640
183 21
183 102
183 165
183 174
183 180
183 184
183 185
183 186
183 210
183 237
183 426
183 669
183 912
183 1641
184 22
184 103
184 166
184 175
184 181
184 183
184 185
184 187
184 211
184 238
184 427
184 670
184 913
184 1642
185 23
185 104
185 167
185 176
185 182
185 183
185 184
185 188
185 212
185 239
185 428
185 671
185 914
185 1643
186 24
186 105
186 168
186 177
186 180
186 183
186 187
186 188
186 213
186 240
186 429
186 672
186 915
186 1644
187 25
187 106
187 169
187 178
187 181
187 184
187 186
187 188
187 214
187 241
187 430
187 673
187 916
187 1645
188 26
188 107
188 170
188 179
188 182
188 185
188 186
188 187
188 215
188 242
188 431
188 674
188 917
188 1646
189 27
189 108
189 162
189 190
189 191
189 192
189 195
189 198
189 207
189 216
189 432
189 675
189 918
189 1647
190 28
190 109
190 163
190 189
190 191
190 193
190 196
190 199
190 208
190 217
190 433
190 676
190 919
190 1648
191 29
191 110
191 164
191 189
191 190
191 194
191 197
191 200
191 209
191 218
191 434
191 677
191 920
191 1649
192 30
192 111
192 165
192 189
192 193
192 194
192 195
192 201
192 210
192 219
192 435
192 678
192 921
192 1650
193 31
193 112
193 166
193 190
193 192
193 194
193 196
193 202
193 211
193 220
193 436
193 679
193 922
193 1651
194 32
194 113
194 167
194 191
194 192
194 193
194 197
194 203
194 212
194 221
194 437
194 680
194 923
194 1652
195 33
195 114
195 168
195 189
195 192
195 196
195 197
195 204
195 213
195 222
195 438
195 681
195 924
195 1653
196 34
196 115
196 169
196 190
196 193
196 195
196 197
196 205
196 214
196 223
196 439
196 682
196 925
196 1654
197 35
197 116
197 170
197 191
197 194
197 195
197 196
197 206
197 215
197 224
197 440
197 683
197 926
197 1655
198 36
198 117
198 171
198 189
198 199
198 200
198 201
198 204
198 207
198 225
198 441
198 684
198 927
198 1656
199 37
199 118
199 172
199 190
199 198
199 200
199 202
199 205
199 208
199 226
199 442
199 685
199 928
199 1657
200 38
200 119
200 173
200 191
200 198
200 199
200 203
200 206
200 209
200 227
200 443
200 686
200 929
200 1658
201 39
201 120
201 174
201 192
201 198
201 202
201 203
201 204
201 210
201 228
201 444
201 687
201 930
201 1659
202 40
202 121
202 175
202 193
202 199
202 201
202 203
202 205
202 211
202 229
202 445
202 688
202 931
202 1660
203 41
203 122
203 176
203 194
203 200
203 201
203 202
203 206
203 212
203 230
203 446
203 689
203 932
203 1661
204 42
204 123
204 177
204 195
204 198
204 201
204 205
204 206
204 213
204 231
204 447
204 690
204 933
204 1662
205 43
205 124
205 178
205 196
205 199
205 202
205 204
205 206
205 214
205 232
205 448
205 691
205 934
205 1663
206 44
206 125
206 179
206 197
206 200
206 203
206 204
206 205
206 215
206 233
206 449
206 692
206 935
206 1664
207 45
207 126
207 180
207 189
207 198
207 208
207 209
207 210
207 213
207 234
207 450
207 693
207 936
207 1665
208 46
208 127
208 181
208 190
208 199
208 207
208 209
208 211
208 214
208 235
208 451
208 694
208 937
208 1666
209 47
209 128
209 182
209 191
209 200
209 207
209 208
209 212
209 215
209 236
209 452
209 695
209 938
209 1667
210 48
210 129
210 183
210 192
210 201
210 207
210 211
210 212
210 213
210 237
210 453
210 696
210 939
210 1668
211 49
211 130
211 184
211 193
211 202
211 208
211 210
211 212
211 214
211 238
211 454
211 697
211 940
211 1669
212 50
212 131
212 185
212 194
212 203
212 209
212 210
212 211
212 215
212 239
212 455
212 698
212 941
212 1670
213 51
213 132
213 186
213 195
213 204
213 207
213 210
213 214
213 215
213 240
213 456
213 699
213 942
213 1671
214 52
214 133
214 187
214 196
214 205
214 208
214 211
214 213
214 215
214 241
214 457
214 700
214 943
214 1672
215 53
215 134
215 188
215 197
215 206
215 209
215 212
215 213
215 214
215 242
215 458
215 701
215 944
215 1673
216 54
216 135
216 162
216 189
216 217
216 218
216 219
216 222
216 225
216 234
216 459
216 702
216 945
216 1674
217 55
217 136
217 163
217 190
217 216
217 218
217 220
217 223
217 226
217 235
217 460
217 703
217 946
217 1675
218 56
218 137
218 164
218 191
218 216
218 217
218 221
218 224
218 227
218 236
218 461
218 704
218 947
218 1676
219 57
219 138
219 165
219 192
219 216
219 220
219 221
219 222
219 228
219 237
219 462
219 705
219 948
219 1677
220 58
220 139
220 166
220 193
220 217
220 219
220 221
220 223
220 229
220 238
220 463
220 706
220 949
220 1678
221 59
221 140
221 167
221 194
221 218
221 219
221 220
221 224
221 230
221 239
221 464
221 707
221 950
221 1679
222 60
222 141
222 168
222 195
222 216
222 219
222 223
222 224
222 231
222 240
222 465
222 708
222 951
222 1680
223 61
223 142
223 169
223 196
223 217
223 220
223 222
223 224
223 232
223 241
223 466
223 709
223 952
223 1681
224 62
224 143
224 170
224 197
224 218
224 221
224 222
224 223
224 233
224 242
224 467
224 710
224 953
224 1682
225 63
225 144
225 171
225 198
225 216
225 226
225 227
225 228
225 231
225 234
225 468
225 711
225 954
225 1683
226 64
226 145
226 172
226 199
226 217
226 225
226 227
226 229
226 232
226 235
226 469
226 712
226 955
226 1684
227 65
227 146
227 173
227 200
227 218
227 225
227 226
227 230
227 233
227 236
227 470
227 713
227 956
227 1685
228 66
228 147
228 174
228 201
228 219
228 225
228 229
228 230
228 231
228 237
228 471
228 714
228 957
228 1686
229 67
229 148
229 175
229 202
229 220
229 226
229 228
229 230
229 232
229 238
229 472
229 715
229 958
229 1687
230 68
230 149
230 176
230 203
230 221
230 227
230 228
230 229
230 233
230 239
230 473
230 716
230 959
230 1688
231 69
231 150
231 177
231 204
231 222
231 225
231 228
231 232
231 233
231 240
231 474
231 717
231 960
231 1689
232 70
232 151
232 178
232 205
232 223
232 226
232 229
232 231
232 233
232 241
232 475
232 718
232 961
232 1690
233 71
233 152
233 179
233 206
233 224
233 227
233 230
233 231
233 232
233 242
233 476
233 719
233 962
233 1691
234 72
234 153
234 180
234 207
234 216
234 225
234 235
234 236
234 237
234 240
234 477
234 720
234 963
234 1692
235 73
235 154
235 181
235 208
235 217
235 226
235 234
235 236
235 238
235 241
235 478
235 721
235 964
235 1693
236 74
236 155
236 182
236 209
236 218
236 227
236 234
236 235
236 239
236 242
236 479
236 722
236 965
236 1694
237 75
237 156
237 183
237 210
237 219
237 228
237 234
237 238
237 239
237 240
237 480
237 723
237 966
237 1695
238 76
238 157
238 184
238 211
238 220
238 229
238 235
238 237
238 239
238 241
238 481
238 724
238 967
238 1696
239 77
239 158
239 185
239 212
239 221
239 230
239 236
239 237
239 238
239 242
239 482
239 725
239 968
239 1697
240 78
240 159
240 186
240 213
240 222
240 231
240 234
240 237
240 241
240 242
240 483
240 726
240 969
240 1698
241 79
241 160
241 187
241 214
241 223
241 232
241 235
241 238
241 240
241 242
241 484
241 727
241 970
241 1699
242 80
242 161
242 188
242 215
242 224
242 233
242 236
242 239
242 240
242 241
242 485
242 728
242 971
242 1700
243 0
243 244
243 245
243 246
243 249
243 252
243 261
243 270
243 297
243 324
243 405
243 486
243 972
243 1701
244 1
244 243
244 245
244 247
244 250
244 253
244 262
244 271
244 298
244 325
244 406
244 487
244 973
244 1702
245 2
245 243
245 244
245 248
245 251
245 254
245 263
245 272
245 299
245 326
245 407
245 488
245 974
245 1703
246 3
246 243
246 247
246 248
246 249
246 255
246 264
246 273
246 300
246 327
246 408
246 489
246 975
246 1704
247 4
247 244
247 246
247 248
247 250
247 256
247 265
247 274
247 301
247 328
247 409
247 490
247 976
247 1705
248 5
248 245
248 246
248 247
248 251
248 257
248 266
248 275
248 302
248 329
248 410
248 491
248 977
248 1706
249 6
249 243
249 246
249 250
249 251
249 258
249 267
249 276
249 303
249 330
249 411
249 492
249 978
249 1707
250 7
250 244
250 247
250 249
250 251
250 259
250 268
250 277
250 304
250 331
250 412
250 493
250 979
250 1708
251 8
251 245
251 248
251 249
251 250
251 260
251 269
251 278
251 305
251 332
251 413
251 494
251 980
251 1709
252 9
252 243
252 253
252 254
252 255
252 258
252 261
252 279
252 306
252 333
252 414
252 495
252 981
252 1710
253 10
253 244
253 252
253 254
253 256
253 259
253 262
253 280
253 307
253 334
253 415
253 496
253 982
253 1711
254 11
254 245
254 252
254 253
254 257
254 260
254 263
254 281
254 308
254 335
254 416
254 497
254 983
254 1712
255 12
255 246
255 252
255 256
255 257
255 258
255 264
255 282
255 309
255 336
255 417
255 498
255 984
255 1713
256 13
256 247
256 253
256 255
256 257
256 259
256 265
256 283
256 310
256 337
256 418
256 499
256 985
256 1714
257 14
257 248
257 254
257 255
257 256
257 260
257 266
257 284
257 311
257 338
257 419
257 500
257 986
257 1715
258 15
258 249
258 252
258 255
258 259
258 260
258 267
258 285
258 312
258 339
258 420
258 501
258 987
258 1716
259 16
259 250
259 253
259 256
259 258
259 260
259 268
259 286
259 313
259 340
259 421
259 502
259 988
259 1717
260 17
260 251
260 254
260 257
260 258
260 259
260 269
260 287
260 314
260 341
260 422
260 503
260 989
260 1718
261 18
261 243
261 252
261 262
261 263
261 264
261 267
261 288
261 315
261 342
261 423
261 504
261 990
261 1719
262 19
262 244
262 253
262 261
262 263
262 265
262 268
262 289
262 316
262 343
262 424
262 505
262 991
262 1720
263 20
263 245
263 254
263 261
263 262
263 266
263 269
263 290
263 317
263 344
263 425
263 506
263 992
263 1721
264 21
264 246
264 255
264 261
264 265
264 266
264 267
264 291
264 318
264 345
264 426
264 507
264 993
264 1722
265 22
265 247
265 256
265 262
265 264
265 266
265 268
265 292
265 319
265 346
265 427
265 508
265 994
265 1723
266 23
266 248
266 257
266 263
266 264
266 265
266 269
266 293
266 320
266 347
266 428
266 509
266 995
266 1724
267 24
267 249
267 258
267 261
267 264
267 268
267 269
267 294
267 321
267 348
267 429
267 510
267 996
267 1725
268 25
268 250
268 259
268 262
268 265
268 267
268 269
268 295
268 322
268 349
268 430
268 511
268 997
268 1726
269 26
269 251
269 260
269 263
269 266
269 267
269 268
269 296
269 323
269 350
269 431
269 512
269 998
269 1727
270 27
270 243
270 271
270 272
270 273
270 276
270 279
270 288
270 297
270 351
270 432
270 513
270 999
270 1728
271 28
271 244
271 270
271 272
271 274
271 277
271 280
271 289
271 298
271 352
271 433
271 514
271 1000
271 1729
272 29
272 245
272 270
272 271
272 275
272 278
272 281
272 290
272 299
272 353
272 434
272 515
272 1001
272 1730
273 30
273 246
273 270
273 274
273 275
273 276
273 282
273 291
273 300
273 354
273 435
273 516
273 1002
273 1731
274 31
274 247
274 271
274 273
274 275
274 277
274 283
274 292
274 301
274 355
274 436
274 517
274 1003
274 1732
275 32
275 248
275 272
275 273
275 274
275 278
275 284
275 293
275 302
275 356
275 437
275 518
275 1004
275 1733
276 33
276 249
276 270
276 273
276 277
276 278
276 285
276 294
276 303
276 357
276 438
276 519
276 1005
276 1734
277 34
277 250
277 271
277 274
277 276
277 278
277 286
277 295
277 304
277 358
277 439
277 520
277 1006
277 1735
278 35
278 251
278 272
278 275
278 276
278 277
278 287
278 296
278 305
278 359
278 440
278 521
278 1007
278 1736
279 36
279 252
279 270
279 280
279 281
279 282
279 285
279 288
279 306
279 360
279 441
279 522
279 1008
279 1737
280 37
280 253
280 271
280 279
280 281
280 283
280 286
280 289
280 307
280 361
280 442
280 523
280 1009
280 1738
281 38
281 254
281 272
281 279
281 280
281 284
281 287
281 290
281 308
281 362
281 443
281 524
281 1010
281 1739
282 39
282 255
282 273
282 279
282 283
282 284
282 285
282 291
282 309
282 363
282 444
282 525
282 1011
282 1740
283 40
283 256
283 274
283 280
283 282
283 284
283 286
283 292
283 310
283 364
283 445
283 526
283 1012
283 1741
284 41
284 257
284 275
284 281
284 282
284 283
284 287
284 293
284 311
284 365
284 446
284 527
284 1013
284 1742
285 42
285 258
285 276
285 279
285 282
285 286
285 287
285 294
285 312
285 366
285 447
285 528
285 1014
285 1743
286 43
286 259
286 277
286 280
286 283
286 285
286 287
286 295
286 313
286 367
286 448
286 529
286 1015
286 1744
287 44
287 260
287 278
287 281
287 284
287 285
287 286
287 296
287 314
287 368
287 449
287 530
287 1016
287 1745
288 45
288 261
288 270
288 279
288 289
288 290
288 291
288 294
288 315
288 369
288 450
288 531
288 1017
288 1746
289 46
289 262
289 271
289 280
289 288
289 290
289 292
289 295
289 316
289 370
289 451
289 532
289 1018
289 1747
290 47
290 263
290 272
290 281
290 288
290 289
290 293
290 296
290 317
290 371
290 452
290 533
290 1019
290 1748
291 48
291 264
291 273
291 282
291 288
291 292
291 293
291 294
291 318
291 372
291 453
291 534
291 1020
291 1749
292 49
292 265
292 274
292 283
292 289
292 291
292 293
292 295
292 319
292 373
292 454
292 535
292 1021
292 1750
293 50
293 266
293 275
293 284
293 290
293 291
293 292
293 296
293 320
293 374
293 455
293 536
293 1022
293 1751
294 51
294 267
294 276
294 285
294 288
294 291
294 295
294 296
294 321
294 375
294 456
294 537
294 1023
294 1752
295 52
295 268
295 277
295 286
295 289
295 292
295 294
295 296
295 322
295 376
295 457
295 538
295 1024
295 1753
296 53
296 269
296 278
296 287
296 290
296 293
296 294
296 295
296 323
296 377
296 458
296 539
296 1025
296 1754
297 54
297 243
297 270
297 298
297 299
297 300
297 303
297 306
297 315
297 378
297 459
297 540
297 1026
297 1755
298 55
298 244
298 271
298 297
298 299
298 301
298 304
298 307
298 316
298 379
298 460
298 541
298 1027
298 1756
299 56
299 245
299 272
299 297
299 298
299 302
299 305
299 308
299 317
299 380
299 461
299 542
299 1028
299 1757
300 57
300 246
300 273
300 297
300 301
300 302
300 303
300 309
300 318
300 381
300 462
300 543
300 1029
300 1758
301 58
301 247
301 274
301 298
301 300
301 302
301 304
301 310
301 319
301 382
301 463
301 544
301 1030
301 1759
302 59
302 248
302 275
302 299
302 300
302 301
302 305
302 311
302 320
302 383
302 464
302 545
302 1031
302 1760
303 60
303 249
303 276
303 297
303 300
303 304
303 305
303 312
303 321
303 384
303 465
303 546
303 1032
303 1761
304 61
304 250
304 277
304 298
304 301
304 303
304 305
304 313
304 322
304 385
304 466
304 547
304 1033
304 1762
305 62
305 251
305 278
305 299
305 302
305 303
305 304
305 314
305 323
305 386
305 467
305 548
305 1034
305 1763
306 63
306 252
306 279
306 297
306 307
306 308
306 309
306 312
306 315
306 387
306 468
306 549
306 1035
306 1764
307 64
307 253
307 280
307 298
307 306
307 308
307 310
307 313
307 316
307 388
307 469
307 550
307 1036
307 1765
308 65
308 254
308 281
308 299
308 306
308 307
308 311
308 314
308 317
308 389
308 470
308 551
308 1037
308 1766
309 66
309 255
309 282
309 300
309 306
309 310
309 311
309 312
309 318
309 390
309 471
309 552
309 1038
309 1767
310 67
310 256
310 283
310 301
310 307
310 309
310 311
310 313
310 319
310 391
310 472
310 553
310 1039
310 1768
311 68
311 257
311 284
311 302
311 308
311 309
311 310
311 314
311 320
311 392
311 473
311 554
311 1040
311 1769
312 69
312 258
312 285
312 303
312 306
312 309
312 313
312 314
312 321
312 393
312 474
312 555
312 1041
312 1770
313 70
313 259
313 286
313 304
313 307
313 310
313 312
313 314
313 322
313 394
313 475
313 556
313 1042
313 1771
314 71
314 260
314 287
314 305
314 308
314 311
314 312
314 313
314 323
314 395
314 476
314 557
314 1043
314 1772
315 72
315 261
315 288
315 297
315 306
315 316
315 317
315 318
315 321
315 396
315 477
315 558
315 1044
315 1773
316 73
316 262
316 289
316 298
316 307
316 315
316 317
316 319
316 322
316 397
316 478
316 559
316 1045
316 1774
317 74
317 263
317 290
317 299
317 308
317 315
317 316
317 320
317 323
317 398
317 479
317 560
317 1046
317 1775
318 75
318 264
318 291
318 300
318 309
318 315
318 319
318 320
318 321
318 399
318 480
318 561
318 1047
318 1776
319 76
319 265
319 292
319 301
319 310
319 316
319 318
319 320
319 322
319 400
319 481
319 562
319 1048
319 1777
320 77
320 266
320 293
320 302
320 311
320 317
320 318
320 319
320 323
320 401
320 482
320 563
320 1049
320 1778
321 78
321 267
321 294
321 303
321 312
321 315
321 318
321 322
321 323
321 402
321 483
321 564
321 1050
321 1779
322 79
322 268
322 295
322 304
322 313
322 316
322 319
322 321
322 323
322 403
322 484
322 565
322 1051
322 1780
323 80
323 269
323 296
323 305
323 314
323 317
323 320
323 321
323 322
323 404
323 485
323 566
323 1052
323 1781
324 81
324 243
324 325
324 326
324 327
324 330
324 333
324 342
324 351
324 378
324 405
324 567
324 1053
324 1782
325 82
325 244
325 324
325 326
325 328
325 331
325 334
325 343
325 352
325 379
325 406
325 568
325 1054
325 1783
326 83
326 245
326 324
326 325
326 329
326 332
326 335
326 344
326 353
326 380
326 407
326 569
326 1055
326 1784
327 84
327 246
327 324
327 328
327 329
327 330
327 336
327 345
327 354
327 381
327 408
327 570
327 1056
327 1785
328 85
328 247
328 325
328 327
328 329
328 331
328 337
328 346
328 355
328 382
328 409
328 571
328 1057
328 1786
329 86
329 248
329 326
329 327
329 328
329 332
329 338
329 347
329 356
329 383
329 410
329 572
329 1058
329 1787
330 87
330 249
330 324
330 327
330 331
330 332
330 339
330 348
330 357
330 384
330 411
330 573
330 1059
330 1788
331 88
331 250
331 325
331 328
331 330
331 332
331 340
331 349
331 358
331 385
331 412
331 574
331 1060
331 1789
332 89
332 251
332 326
332 329
332 330
332 331
332 341
332 350
332 359
332 386
332 413
332 575
332 1061
332 1790
333 90
333 252
333 324
333 334
333 335
333 336
333 339
333 342
333 360
333 387
333 414
333 576
333 1062
333 1791
334 91
334 253
334 325
334 333
334 335
334 337
334 340
334 343
334 361
334 388
334 415
334 577
334 1063
334 1792
335 92
335 254
335 326
335 333
335 334
335 338
335 341
335 344
335 362
335 389
335 416
335 578
335 1064
335 1793
336 93
336 255
336 327
336 333
336 337
336 338
336 339
336 345
336 363
336 390
336 417
336 579
336 1065
336 1794
337 94
337 256
337 328
337 334
337 336
337 338
337 340
337 346
337 364
337 391
337 418
337 580
337 1066
337 1795
338 95
338 257
338 329
338 335
338 336
338 337
338 341
338 347
338 365
338 392
338 419
338 581
338 1067
338 1796
339 96
339 258
339 330
339 333
339 336
339 340
339 341
339 348
339 366
339 393
339 420
339 582
339 1068
339 1797
340 97
340 259
340 331
340 334
340 337
340 339
340 341
340 349
340 367
340 394
340 421
340 583
340 1069
340 1798
341 98
341 260
341 332
341 335
341 338
341 339
341 340
341 350
341 368
341 395
341 422
341 584
341 1070
341 1799
342 99
342 261
342 324
342 333
342 343
342 344
342 345
342 348
342 369
342 396
342 423
342 585
342 1071
342 1800
343 100
343 262
343 325
343 334
343 342
343 344
343 346
343 349
343 370
343 397
343 424
343 586
343 1072
343 1801
344 101
344 263
344 326
344 335
344 342
344 343
344 347
344 350
344 371
344 398
344 425
344 587
344 1073
344 1802
345 102
345 264
345 327
345 336
345 342
345 346
345 347
345 348
345 372
345 399
345 426
345 588
345 1074
345 1803
346 103
346 265
346 328
346 337
346 343
346 345
346 347
346 349
346 373
346 400
346 427
346 589
346 1075
346 1804
347 104
347 266
347 329
347 338
347 344
347 345
347 346
347 350
347 374
347 401
347 428
347 590
347 1076
347 1805
348 105
348 267
348 330
348 339
348 342
348 345
348 349
348 350
348 375
348 402
348 429
348 591
348 1077
348 1806
349 106
349 268
349 331
349 340
349 343
349 346
349 348
349 350
349 376
349 403
349 430
349 592
349 1078
349 1807
350 107
350 269
350 332
350 341
350 344
350 347
350 348
350 349
350 377
350 404
350 431
350 593
350 1079
350 1808
351 108
351 270
351 324
351 352
351 353
351 354
351 357
351 360
351 369
351 378
351 432
351 594
351 1080
351 1809
352 109
352 271
352 325
352 351
352 353
352 355
352 358
352 361
352 370
352 379
352 433
352 595
352 1081
352 1810
353 110
353 272
353 326
353 351
353 352
353 356
353 359
353 362
353 371
353 380
353 434
353 596
353 1082
353 1811
354 111
354 273
354 327
354 351
354 355
354 356
354 357
354 363
354 372
354 381
354 435
354 597
354 1083
354 1812
355 112
355 274
355 328
355 352
355 354
355 356
355 358
355 364
355 373
355 382
355 436
355 598
355 1084
355 1813
356 113
356 275
356 329
356 353
356 354
356 355
356 359
356 365
356 374
356 383
356 437
356 599
356 1085
356 1814
357 114
357 276
357 330
357 351
357 354
357 358
357 359
357 366
357 375
357 384
357 438
357 600
357 1086
357 1815
358 115
358 277
358 331
358 352
358 355
358 357
358 359
358 367
358 376
358 385
358 439
358 601
358 1087
358 1816
359 116
359 278
359 332
359 353
359 356
359 357
359 358
359 368
359 377
359 386
359 440
359 602
359 1088
359 1817
360 117
360 279
360 333
360 351
360 361
360 362
360 363
360 366
360 369
360 387
360 441
360 603
360 1089
360 1818
361 118
361 280
361 334
361 352
361 360
361 362
361 364
361 367
361 370
361 388
361 442
361 604
361 1090
361 1819
362 119
362 281
362 335
362 353
362 360
362 361
362 365
362 368
362 371
362 389
362 443
362 605
362 1091
362 1820
363 120
363 282
363 336
363 354
363 360
363 364
363 365
363 366
363 372
363 390
363 444
363 606
363 1092
363 1821
364 121
364 283
364 337
364 355
364 361
364 363
364 365
364 367
364 373
364 391
364 445
364 607
364 1093
364 1822
365 122
365 284
365 338
365 356
365 362
365 363
365 364
365 368
365 374
365 392
365 446
365 608
365 1094
365 1823
366 123
366 285
366 339
366 357
366 360
366 363
366 367
366 368
366 375
366 393
366 447
366 609
366 1095
366 1824
367 124
367 286
367 340
367 358
367 361
367 364
367 366
367 368
367 376
367 394
367 448
367 610
367 1096
367 1825
368 125
368 287
368 341
368 359
368 362
368 365
368 366
368 367
368 377
368 395
368 449
368 611
368 1097
368 1826
369 126
369 288
369 342
369 351
369 360
369 370
369 371
369 372
369 375
369 396
369 450
369 612
369 1098
369 1827
370 127
370 289
370 343
370 352
370 361
370 369
370 371
370 373
370 376
370 397
370 451
370 613
370 1099
370 1828
371 128
371 290
371 344
371 353
371 362
371 369
371 370
371 374
371 377
371 398
371 452
371 614
371 1100
371 1829
372 129
372 291
372 345
372 354
372 363
372 369
372 373
372 374
372 375
372 399
372 453
372 615
372 1101
372 1830
373 130
373 292
373 346
373 355
373 364
373 370
373 372
373 374
373 376
373 400
373 454
373 616
373 1102
373 1831
374 131
374 293
374 347
374 356
374 365
374 371
374 372
374 373
374 377
374 401
374 455
374 617
374 1103
374 1832
375 132
375 294
375 348
375 357
375 366
375 369
375 372
375 376
375 377
375 402
375 456
375 618
375 1104
375 1833
376 133
376 295
376 349
376 358
376 367
376 370
376 373
376 375
376 377
376 403
376 457
376 619
376 1105
376 1834
377 134
377 296
377 350
377 359
377 368
377 371
377 374
377 375
377 376
377 404
377 458
377 620
377 1106
377 1835
378 135
378 297
378 324
378 351
378 379
378 380
378 381
378 384
378 387
378 396
378 459
378 621
378 1107
378 1836
379 136
379 298
379 325
379 352
379 378
379 380
379 382
379 385
379 388
379 397
379 460
379 622
379 1108
379 1837
380 137
380 299
380 326
380 353
380 378
380 379
380 383
380 386
380 389
380 398
380 461
380 623
380 1109
380 1838
381 138
381 300
381 327
381 354
381 378
381 382
381 383
381 384
381 390
381 399
381 462
381 624
381 1110
381 1839
382 139
382 301
382 328
382 355
382 379
382 381
382 383
382 385
382 391
382 400
382 463
382 625
382 1111
382 1840
383 140
383 302
383 329
383 356
383 380
383 381
383 382
383 386
383 392
383 401
383 464
383 626
383 1112
383 1841
384 141
384 303
384 330
384 357
384 378
384 381
384 385
384 386
384 393
384 402
384 465
384 627
384 1113
384 1842
385 142
385 304
385 331
385 358
385 379
385 382
385 384
385 386
385 394
385 403
385 466
385 628
385 1114
385 1843
386 143
386 305
386 332
386 359
386 380
386 383
386 384
386 385
386 395
386 404
386 467
386 629
386 1115
386 1844
387 144
387 306
387 333
387 360
387 378
387 388
387 389
387 390
387 393
387 396
387 468
387 630
387 1116
387 1845
388 145
388 307
388 334
388 361
388 379
388 387
388 389
388 391
388 394
388 397
388 469
388 631
388 1117
388 1846
389 146
389 308
389 335
389 362
389 380
389 387
389 388
389 392
389 395
389 398
389 470
389 632
389 1118
389 1847
390 147
390 309
390 336
390 363
390 381
390 387
390 391
390 392
390 393
390 399
390 471
390 633
390 1119
390 1848
391 148
391 310
391 337
391 364
391 382
391 388
391 390
391 392
391 394
391 400
391 472
391 634
391 1120
391 1849
392 149
392 311
392 338
392 365
392 383
392 389
392 390
392 391
392 395
392 401
392 473
392 635
392 1121
392 1850
393 150
393 312
393 339
393 366
393 384
393 387
393 390
393 394
393 395
393 402
393 474
393 636
393 1122
393 1851
394 151
394 313
394 340
394 367
394 385
394 388
394 391
394 393
394 395
394 403
394 475
394 637
394 1123
394 1852
395 152
395 314
395 341
395 368
395 386
395 389
395 392
395 393
395 394
395 404
395 476
395 638
395 1124
395 1853
396 153
396 315
396 342
396 369
396 378
396 387
396 397
396 398
396 399
396 402
396 477
396 639
396 1125
396 1854
397 154
397 316
397 343
397 370
397 379
397 388
397 396
397 398
397 400
397 403
397 478
397 640
397 1126
397 1855
398 155
398 317
398 344
398 371
398 380
398 389
398 396
398 397
398 401
398 404
398 479
398 641
398 1127
398 1856
399 156
399 318
399 345
399 372
399 381
399 390
399 396
399 400
399 401
399 402
399 480
399 642
399 1128
399 1857
400 157
400 319
400 346
400 373
400 382
400 391
400 397
400 399
400 401
400 403
400 481
400 643
400 1129
400 1858
401 158
401 320
401 347
401 374
401 383
401 392
401 398
401 399
401 400
401 404
401 482
401 644
401 1130
401 1859
402 159
402 321
402 348
402 375
402 384
402 393
402 396
402 399
402 403
402 404
402 483
402 645
402 1131
402 1860
403 160
403 322
403 349
403 376
403 385
403 394
403 397
403 400
403 402
403 404
403 484
403 646
403 1132
403 1861
404 161
404 323
404 350
404 377
404 386
404 395
404 398
404 401
404 402
404 403
404 485
404 647
404 1133
404 1862
405 162
405 243
405 324
405 406
405 407
405 408
405 411
405 414
405 423
405 432
405 459
405 648
405 1134
405 1863
406 163
406 244
406 325
406 405
406 407
406 409
406 412
406 415
406 424
406 433
406 460
406 649
406 1135
406 1864
407 164
407 245
407 326
407 405
407 406
407 410
407 413
407 416
407 425
407 434
407 461
407 650
407 1136
407 1865
408 165
408 246
408 327
408 405
408 409
408 410
408 411
408 417
408 426
408 435
408 462
408 651
408 1137
408 1866
409 166
409 247
409 328
409 406
409 408
409 410
409 412
409 418
409 427
409 436
409 463
409 652
409 1138
409 1867
410 167
410 248
410 329
410 407
410 408
410 409
410 413
410 419
410 428
410 437
410 464
410 653
410 1139
410 1868
411 168
411 249
411 330
411 405
411 408
411 412
411 413
411 420
411 429
411 438
411 465
411 654
411 1140
411 1869
412 169
412 250
412 331
412 406
412 409
412 411
412 413
412 421
412 430
412 439
412 466
412 655
412 1141
412 1870
413 170
413 251
413 332
413 407
413 410
413 411
413 412
413 422
413 431
413 440
413 467
413 656
413 1142
413 1871
414 171
414 252
414 333
414 405
414 415
414 416
414 417
414 420
414 423
414 441
414 468
414 657
414 1143
414 1872
415 172
415 253
415 334
415 406
415 414
415 416
415 418
415 421
415 424
415 442
415 469
415 658
415 1144
415 1873
416 173
416 254
416 335
416 407
416 414
416 415
416 419
416 422
416 425
416 443
416 470
416 659
416 1145
416 1874
417 174
417 255
417 336
417 408
417 414
417 418
417 419
417 420
417 426
417 444
417 471
417 660
417 1146
417 1875
418 175
418 256
418 337
418 409
418 415
418 417
418 419
418 421
418 427
418 445
418 472
418 661
418 1147
418 1876
419 176
419 257
419 338
419 410
419 416
419 417
419 418
419 422
419 428
419 446
419 473
419 662
419 1148
419 1877
420 177
420 258
420 339
420 411
420 414
420 417
420 421
420 422
420 429
420 447
420 474
420 663
420 1149
420 1878
421 178
421 259
421 340
421 412
421 415
421 418
421 420
421 422
421 430
421 448
421 475
421 664
421 1150
421 1879
422 179
422 260
422 341
422 413
422 416
422 419
422 420
422 421
422 431
422 449
422 476
422 665
422 1151
422 1880
423 180
423 261
423 342
423 405
423 414
423 424
423 425
423 426
423 429
423 450
423 477
423 666
423 1152
423 1881
424 181
424 262
424 343
424 406
424 415
424 423
424 425
424 427
424 430
424 451
424 478
424 667
424 1153
424 1882
425 182
425 263
425 344
425 407
425 416
425 423
425 424
425 428
425 431
425 452
425 479
425 668
425 1154
425 1883
426 183
426 264
426 345
426 408
426 417
426 423
426 427
426 428
426 429
426 453
426 480
426 669
426 1155
426 1884
427 184
427 265
427 346
427 409
427 418
427 424
427 426
427 428
427 430
427 454
427 481
427 670
427 1156
427 1885
428 185
428 266
428 347
428 410
428 419
428 425
428 426
428 427
428 431
428 455
428 482
428 671
428 1157
428 1886
429 186
429 267
429 348
429 411
429 420
429 423
429 426
429 430
429 431
429 456
429 483
429 672
429 1158
429 1887
430 187
430 268
430 349
430 412
430 421
430 424
430 427
430 429
430 431
430 457
430 484
430 673
430 1159
430 1888
431 188
431 269
431 350
431 413
431 422
431 425
431 428
431 429
431 430
431 458
431 485
431 674
431 1160
431 1889
432 189
432 270
432 351
432 405
432 433
432 434
432 435
432 438
432 441
432 450
432 459
432 675
432 1161
432 1890
433 190
433 271
433 352
433 406
433 432
433 434
433 436
433 439
433 442
433 451
433 460
433 676
433 1162
433 1891
434 191
434 272
434 353
434 407
434 432
434 433
434 437
434 440
434 443
434 452
434 461
434 677
434 1163
434 1892
435 192
435 273
435 354
435 408
435 432
435 436
435 437
435 438
435 444
435 453
435 462
435 678
435 1164
435 1893
436 193
436 274
436 355
436 409
436 433
436 435
436 437
436 439
436 445
436 454
436 463
436 679
436 1165
436 1894
437 194
437 275
437 356
437 410
437 434
437 435
437 436
437 440
437 446
437 455
437 464
437 680
437 1166
437 1895
438 195
438 276
438 357
438 411
438 432
438 435
438 439
438 440
438 447
438 456
438 465
438 681
438 1167
438 1896
439 196
439 277
439 358
439 412
439 433
439 436
439 438
439 440
439 448
439 457
439 466
439 682
439 1168
439 1897
440 197
440 278
440 359
440 413
440 434
440 437
440 438
440 439
440 449
440 458
440 467
440 683
440 1169
440 1898
441 198
441 279
441 360
441 414
441 432
441 442
441 443
441 444
441 447
441 450
441 468
441 684
441 1170
441 1899
442 199
442 280
442 361
442 415
442 433
442 441
442 443
442 445
442 448
442 451
442 469
442 685
442 1171
442 1900
443 200
443 281
443 362
443 416
443 434
443 441
443 442
443 446
443 449
443 452
443 470
443 686
443 1172
443 1901
444 201
444 282
444 363
444 417
444 435
444 441
444 445
444 446
444 447
444 453
444 471
444 687
444 1173
444 1902
445 202
445 283
445 364
445 418
445 436
445 442
445 444
445 446
445 448
445 454
445 472
445 688
445 1174
445 1903
446 203
446 284
446 365
446 419
446 437
446 443
446 444
446 445
446 449
446 455
446 473
446 689
446 1175
446 1904
447 204
447 285
447 366
447 420
447 438
447 441
447 444
447 448
447 449
447 456
447 474
447 690
447 1176
447 1905
448 205
448 286
448 367
448 421
448 439
448 442
448 445
448 447
448 449
448 457
448 475
448 691
448 1177
448 1906
449 206
449 287
449 368
449 422
449 440
449 443
449 446
449 447
449 448
449 458
449 476
449 692
449 1178
449 1907
450 207
450 288
450 369
450 423
450 432
450 441
450 451
450 452
450 453
450 456
450 477
450 693
450 1179
450 1908
451 208
451 289
451 370
451 424
451 433
451 442
451 450
451 452
451 454
451 457
451 478
451 694
451 1180
451 1909
452 209
452 290
452 371
452 425
452 434
452 443
452 450
452 451
452 455
452 458
452 479
452 695
452 1181
452 1910
453 210
453 291
453 372
453 426
453 435
453 444
453 450
453 454
453 455
453 456
453 480
453 696
453 1182
453 1911
454 211
454 292
454 373
454 427
454 436
454 445
454 451
454 453
454 455
454 457
454 481
454 697
454 1183
454 1912
455 212
455 293
455 374
455 428
455 437
455 446
455 452
455 453
455 454
455 458
455 482
455 698
455 1184
455 1913
456 213
456 294
456 375
456 429
456 438
456 447
456 450
456 453
456 457
456 458
456 483
456 699
456 1185
456 1914
457 214
457 295
457 376
457 430
457 439
457 448
457 451
457 454
457 456
457 458
457 484
457 700
457 1186
457 1915
458 215
458 296
458 377
458 431
458 440
458 449
458 452
458 455
458 456
458 457
458 485
458 701
458 1187
458 1916
459 216
459 297
459 378
459 405
459 432
459 460
459 461
459 462
459 465
459 468
459 477
459 702
459 1188
459 1917
460 217
460 298
460 379
460 406
460 433
460 459
460 461
460 463
460 466
460 469
460 478
460 703
460 1189
460 1918
461 218
461 299
461 380
461 407
461 434
461 459
461 460
461 464
461 467
461 470
461 479
461 704
461 1190
461 1919
462 219
462 300
462 381
462 408
462 435
462 459
462 463
462 464
462 465
462 471
462 480
462 705
462 1191
462 1920
463 220
463 301
463 382
463 409
463 436
463 460
463 462
463 464
463 466
463 472
463 481
463 706
463 1192
463 1921
464 221
464 302
464 383
464 410
464 437
464 461
464 462
464 463
464 467
464 473
464 482
464 707
464 1193
464 1922
465 222
465 303
465 384
465 411
465 438
465 459
465 462
465 466
465 467
465 474
465 483
465 708
465 1194
465 1923
466 223
466 304
466 385
466 412
466 439
466 460
466 463
466 465
466 467
466 475
466 484
466 709
466 1195
466 1924
467 224
467 305
467 386
467 413
467 440
467 461
467 464
467 465
467 466
467 476
467 485
467 710
467 1196
467 1925
468 225
468 306
468 387
468 414
468 441
468 459
468 469
468 470
468 471
468 474
468 477
468 711
468 1197
468 1926
469 226
469 307
469 388
469 415
469 442
469 460
469 468
469 470
469 472
469 475
469 478
469 712
469 1198
469 1927
470 227
470 308
470 389
470 416
470 443
470 461
470 468
470 469
470 473
470 476
470 479
470 713
470 1199
470 1928
471 228
471 309
471 390
471 417
471 444
471 462
471 468
471 472
471 473
471 474
471 480
471 714
471 1200
471 1929
472 229
472 310
472 391
472 418
472 445
472 463
472 469
472 471
472 473
472 475
472 481
472 715
472 1201
472 1930
473 230
473 311
473 392
473 419
473 446
473 464
473 470
473 471
473 472
473 476
473 482
473 716
473 1202
473 1931
474 231
474 312
474 393
474 420
474 447
474 465
474 468
474 471
474 475
474 476
474 483
474 717
474 1203
474 1932
475 232
475 313
475 394
475 421
475 448
475 466
475 469
475 472
475 474
475 476
475 484
475 718
475 1204
475 1933
476 233
476 314
476 395
476 422
476 449
476 467
476 470
476 473
476 474
476 475
476 485
476 719
476 1205
476 1934
477 234
477 315
477 396
477 423
477 450
477 459
477 468
477 478
477 479
477 480
477 483
477 720
477 1206
477 1935
478 235
478 316
478 397
478 424
478 451
478 460
478 469
478 477
478 479
478 481
478 484
478 721
478 1207
478 1936
479 236
479 317
479 398
479 425
479 452
479 461
479 470
479 477
479 478
479 482
479 485
479 722
479 1208
479 1937
480 237
480 318
480 399
480 426
480 453
480 462
480 471
480 477
480 481
480 482
480 483
480 723
480 1209
480 1938
481 238
481 319
481 400
481 427
481 454
481 463
481 472
481 478
481 480
481 482
481 484
481 724
481 1210
481 1939
482 239
482 320
482 401
482 428
482 455
482 464
482 473
482 479
482 480
482 481
482 485
482 725
482 1211
482 1940
483 240
483 321
483 402
483 429
483 456
483 465
483 474
483 477
483 480
483 484
483 485
483 726
483 1212
483 1941
484 241
484 322
484 403
484 430
484 457
484 466
484 475
484 478
484 481
484 483
484 485
484 727
484 1213
484 1942
485 242
485 323
485 404
485 431
485 458
485 467
485 476
485 479
485 482
485 483
485 484
485 728
485 1214
485 1943
486 0
486 243
486 487
486 488
486 489
486 492
486 495
486 504
486 513
486 540
486 567
486 648
486 1215
486 1944
487 1
487 244
487 486
487 488
487 490
487 493
487 496
487 505
487 514
487 541
487 568
487 649
487 1216
487 1945
488 2
488 245
488 486
488 487
488 491
488 494
488 497
488 506
488 515
488 542
488 569
488 650
488 1217
488 1946
489 3
489 246
489 486
489 490
489 491
489 492
489 498
489 507
489 516
489 543
489 570
489 651
489 1218
489 1947
490 4
490 247
490 487
490 489
490 491
490 493
490 499
490 508
490 517
490 544
490 571
490 652
490 1219
490 1948
491 5
491 248
491 488
491 489
491 490
491 494
491 500
491 509
491 518
491 545
491 572
491 653
491 1220
491 1949
492 6
492 249
492 486
492 489
492 493
492 494
492 501
492 510
492 519
492 546
492 573
492 654
492 1221
492 1950
493 7
493 250
493 487
493 490
493 492
493 494
493 502
493 511
493 520
493 547
493 574
493 655
493 1222
493 1951
494 8
494 251
494 488
494 491
494 492
494 493
494 503
494 512
494 521
494 548
494 575
494 656
494 1223
494 1952
495 9
495 252
495 486
495 496
495 497
495 498
495 501
495 504
495 522
495 549
495 576
495 657
495 1224
495 1953
496 10
496 253
496 487
496 495
496 497
496 499
496 502
496 505
496 523
496 550
496 577
496 658
496 1225
496 1954
497 11
497 254
497 488
497 495
497 496
497 500
497 503
497 506
497 524
497 551
497 578
497 659
497 1226
497 1955
498 12
498 255
498 489
498 495
498 499
498 500
498 501
498 507
498 525
498 552
498 579
498 660
498 1227
498 1956
499 13
499 256
499 490
499 496
499 498
499 500
499 502
499 508
499 526
499 553
499 580
499 661
499 1228
499 1957
500 14
500 257
500 491
500 497
500 498
500 499
500 503
500 509
500 527
500 554
500 581
500 662
500 1229
500 1958
501 15
501 258
501 492
501 495
501 498
501 502
501 503
501 510
501 528
501 555
501 582
501 663
501 1230
501 1959
502 16
502 259
502 493
502 496
502 499
502 501
502 503
502 511
502 529
502 556
502 583
502 664
502 1231
502 1960
503 17
503 260
503 494
503 497
503 500
503 501
503 502
503 512
503 530
503 557
503 584
503 665
503 1232
503 1961
504 18
504 261
504 486
504 495
504 505
504 506
504 507
504 510
504 531
504 558
504 585
504 666
504 1233
504 1962
505 19
505 262
505 487
505 496
505 504
505 506
505 508
505 511
505 532
505 559
505 586
505 667
505 1234
505 1963
506 20
506 263
506 488
506 497
506 504
506 505
506 509
506 512
506 533
506 560
506 587
506 668
506 1235
506 1964
507 21
507 264
507 489
507 498
507 504
507 508
507 509
507 510
507 534
507 561
507 588
507 669
507 1236
507 1965
508 22
508 265
508 490
508 499
508 505
508 507
508 509
508 511
508 535
508 562
508 589
508 670
508 1237
508 1966
509 23
509 266
509 491
509 500
509 506
509 507
509 508
509 512
509 536
509 563
509 590
509 671
509 1238
509 1967
510 24
510 267
510 492
510 501
510 504
510 507
510 511
510 512
510 537
510 564
510 591
510 672
510 1239
510 1968
511 25
511 268
511 493
511 502
511 505
511 508
511 510
511 512
511 538
511 565
511 592
511 673
511 1240
511 1969
512 26
512 269
512 494
512 503
512 506
512 509
512 510
512 511
512 539
512 566
512 593
512 674
512 1241
512 1970
513 27
513 270
513 486
513 514
513 515
513 516
513 519
513 522
513 531
513 540
513 594
513 675
513 1242
513 1971
514 28
514 271
514 487
514 513
514 515
514 517
514 520
514 523
514 532
514 541
514 595
514 676
514 1243
514 1972
515 29
515 272
515 488
515 513
515 514
515 518
515 521
515 524
515 533
515 542
515 596
515 677
515 1244
515 1973
516 30
516 273
516 489
516 513
516 517
516 518
516 519
516 525
516 534
516 543
516 597
516 678
516 1245
516 1974
517 31
517 274
517 490
517 514
517 516
517 518
517 520
517 526
517 535
517 544
517 598
517 679
517 1246
517 1975
518 32
518 275
518 491
518 515
518 516
518 517
518 521
518 527
518 536
518 545
518 599
518 680
518 1247
518 1976
519 33
519 276
519 492
519 513
519 516
519 520
519 521
519 528
519 537
519 546
519 600
519 681
519 1248
519 1977
520 34
520 277
520 493
520 514
520 517
520 519
520 521
520 529
520 538
520 547
520 601
520 682
520 1249
520 1978
521 35
521 278
521 494
521 515
521 518
521 519
521 520
521 530
521 539
521 548
521 602
521 683
521 1250
521 1979
522 36
522 279
522 495
522 513
522 523
522 524
522 525
522 528
522 531
522 549
522 603
522 684
522 1251
522 1980
523 37
523 280
523 496
523 514
523 522
523 524
523 526
523 529
523 532
523 550
523 604
523 685
523 1252
523 1981
524 38
524 281
524 497
524 515
524 522
524 523
524 527
524 530
524 533
524 551
524 605
524 686
524 1253
524 1982
525 39
525 282
525 498
525 516
525 522
525 526
525 527
525 528
525 534
525 552
525 606
525 687
525 1254
525 1983
526 40
526 283
526 499
526 517
526 523
526 525
526 527
526 529
526 535
526 553
526 607
526 688
526 1255
526 1984
527 41
527 284
527 500
527 518
527 524
527 525
527 526
527 530
527 536
527 554
527 608
527 689
527 1256
527 1985
528 42
528 285
528 501
528 519
528 522
528 525
528 529
528 530
528 537
528 555
528 609
528 690
528 1257
528 1986
529 43
529 286
529 502
529 520
529 523
529 526
529 528
529 530
529 538
529 556
529 610
529 691
529 1258
529 1987
530 44
530 287
530 503
530 521
530 524
530 527
530 528
530 529
530 539
530 557
530 611
530 692
530 1259
530 1988
531 45
531 288
531 504
531 513
531 522
531 532
531 533
531 534
531 537
531 558
531 612
531 693
531 1260
531 1989
532 46
532 289
532 505
532 514
532 523
532 531
532 533
532 535
532 538
532 559
532 613
532 694
532 1261
532 1990
533 47
533 290
533 506
533 515
533 524
533 531
533 532
533 536
533 539
533 560
533 614
533 695
533 1262
533 1991
534 48
534 291
534 507
534 516
534 525
534 531
534 535
534 536
534 537
534 561
534 615
534 696
534 1263
534 1992
535 49
535 292
535 508
535 517
535 526
535 532
535 534
535 536
535 538
535 562
535 616
535 697
535 1264
535 1993
536 50
536 293
536 509
536 518
536 527
536 533
536 534
536 535
536 539
536 563
536 617
536 698
536 1265
536 1994
537 51
537 294
537 510
537 519
537 528
537 531
537 534
537 538
537 539
537 564
537 618
537 699
537 1266
537 1995
538 52
538 295
538 511
538 520
538 529
538 532
538 535
538 537
538 539
538 565
538 619
538 700
538 1267
538 1996
539 53
539 296
539 512
539 521
539 530
539 533
539 536
539 537
539 538
539 566
539 620
539 701
539 1268
539 1997
540 54
540 297
540 486
540 513
540 541
540 542
540 543
540 546
540 549
540 558
540 621
540 702
540 1269
540 1998
541 55
541 298
541 487
541 514
541 540
541 542
541 544
541 547
541 550
541 559
541 622
541 703
541 1270
541 1999
542 56
542 299
542 488
542 515
542 540
542 541
542 545
542 548
542 551
542 560
542 623
542 704
542 1271
542 2000
543 57
543 300
543 489
543 516
543 540
543 544
543 545
543 546
543 552
543 561
543 624
543 705
543 1272
543 2001
544 58
544 301
544 490
544 517
544 541
544 543
544 545
544 547
544 553
544 562
544 625
544 706
544 1273
544 2002
545 59
545 302
545 491
545 518
545 542
545 543
545 544
545 548
545 554
545 563
545 626
545 707
545 1274
545 2003
546 60
546 303
546 492
546 519
546 540
546 543
546 547
546 548
546 555
546 564
546 627
546 708
546 1275
546 2004
547 61
547 304
547 493
547 520
547 541
547 544
547 546
547 548
547 556
547 565
547 628
547 709
547 1276
547 2005
548 62
548 305
548 494
548 521
548 542
548 545
548 546
548 547
548 557
548 566
548 629
548 710
548 1277
548 2006
549 63
549 306
549 495
549 522
549 540
549 550
549 551
549 552
549 555
549 558
549 630
549 711
549 1278
549 2007
550 64
550 307
550 496
550 523
550 541
550 549
550 551
550 553
550 556
550 559
550 631
550 712
550 1279
550 2008
551 65
551 308
551 497
551 524
551 542
551 549
551 550
551 554
551 557
551 560
551 632
551 713
551 1280
551 2009
552 66
552 309
552 498
552 525
552 543
552 549
552 553
552 554
552 555
552 561
552 633
552 714
552 1281
552 2010
553 67
553 310
553 499
553 526
553 544
553 550
553 552
553 554
553 556
553 562
553 634
553 715
553 1282
553 2011
554 68
554 311
554 500
554 527
554 545
554 551
554 552
554 553
554 557
554 563
554 635
554 716
554 1283
554 2012
555 69
555 312
555 501
555 528
555 546
555 549
555 552
555 556
555 557
555 564
555 636
555 717
555 1284
555 2013
556 70
556 313
556 502
556 529
556 547
556 550
556 553
556 555
556 557
556 565
556 637
556 718
556 1285
556 2014
557 71
557 314
557 503
557 530
557 548
557 551
557 554
557 555
557 556
557 566
557 638
557 719
557 1286
557 2015
558 72
558 315
558 504
558 531
558 540
558 549
558 559
558 560
558 561
558 564
558 639
558 720
558 1287
558 2016
559 73
559 316
559 505
559 532
559 541
559 550
559 558
559 560
559 562
559 565
559 640
559 721
559 1288
559 2017
560 74
560 317
560 506
560 533
560 542
560 551
560 558
560 559
560 563
560 566
560 641
560 722
560 1289
560 2018
561 75
561 318
561 507
561 534
561 543
561 552
561 558
561 562
561 563
561 564
561 642
561 723
561 1290
561 2019
562 76
562 319
562 508
562 535
562 544
562 553
562 559
562 561
562 563
562 565
562 643
562 724
562 1291
562 2020
563 77
563 320
563 509
563 536
563 545
563 554
563 560
563 561
563 562
563 566
563 644
563 725
563 1292
563 2021
564 78
564 321
564 510
564 537
564 546
564 555
564 558
564 561
564 565
564 566
564 645
564 726
564 1293
564 2022
565 79
565 322
565 511
565 538
565 547
565 556
565 559
565 562
565 564
565 566
565 646
565 727
565 1294
565 2023
566 80
566 323
566 512
566 539
566 548
566 557
566 560
566 563
566 564
566 565
566 647
566 728
566 1295
566 2024
567 81
567 324
567 486
567 568
567 569
567 570
567 573
567 576
567 585
567 594
567 621
567 648
567 1296
567 2025
568 82
568 325
568 487
568 567
568 569
568 571
568 574
568 577
568 586
568 595
568 622
568 649
568 1297
568 2026
569 83
569 326
569 488
569 567
569 568
569 572
569 575
569 578
569 587
569 596
569 623
569 650
569 1298
569 2027
570 84
570 327
570 489
570 567
570 571
570 572
570 573
570 579
570 588
570 597
570 624
570 651
570 1299
570 2028
571 85
571 328
571 490
571 568
571 570
571 572
571 574
571 580
571 589
571 598
571 625
571 652
571 1300
571 2029
572 86
572 329
572 491
572 569
572 570
572 571
572 575
572 581
572 590
572 599
572 626
572 653
572 1301
572 2030
573 87
573 330
573 492
573 567
573 570
573 574
573 575
573 582
573 591
573 600
573 627
573 654
573 1302
573 2031
574 88
574 331
574 493
574 568
574 571
574 573
574 575
574 583
574 592
574 601
574 628
574 655
574 1303
574 2032
575 89
575 332
575 494
575 569
575 572
575 573
575 574
575 584
575 593
575 602
575 629
575 656
575 1304
575 2033
576 90
576 333
576 495
576 567
576 577
576 578
576 579
576 582
576 585
576 603
576 630
576 657
576 1305
576 2034
577 91
577 334
577 496
577 568
577 576
577 578
577 580
577 583
577 586
577 604
577 631
577 658
577 1306
577 2035
578 92
578 335
578 497
578 569
578 576
578 577
578 581
578 584
578 587
578 605
578 632
578 659
578 1307
578 2036
579 93
579 336
579 498
579 570
579 576
579 580
579 581
579 582
579 588
579 606
579 633
579 660
579 1308
579 2037
580 94
580 337
580 499
580 571
580 577
580 579
580 581
580 583
580 589
580 607
580 634
580 661
580 1309
580 2038
581 95
581 338
581 500
581 572
581 578
581 579
581 580
581 584
581 590
581 608
581 635
581 662
581 1310
581 2039
582 96
582 339
582 501
582 573
582 576
582 579
582 583
582 584
582 591
582 609
582 636
582 663
582 1311
582 2040
583 97
583 340
583 502
583 574
583 577
583 580
583 582
583 584
583 592
583 610
583 637
583 664
583 1312
583 2041
584 98
584 341
584 503
584 575
584 578
584 581
584 582
584 583
584 593
584 611
584 638
584 665
584 1313
584 2042
585 99
585 342
585 504
585 567
585 576
585 586
585 587
585 588
585 591
585 612
585 639
585 666
585 1314
585 2043
586 100
586 343
586 505
586 568
586 577
586 585
586 587
586 589
586 592
586 613
586 640
586 667
586 1315
586 2044
587 101
587 344
587 506
587 569
587 578
587 585
587 586
587 590
587 593
587 614
587 641
587 668
587 1316
587 2045
588 102
588 345
588 507
588 570
588 579
588 585
588 589
588 590
588 591
588 615
588 642
588 669
588 1317
588 2046
589 103
589 346
589 508
589 571
589 580
589 586
589 588
589 590
589 592
589 616
589 643
589 670
589 1318
589 2047
590 104
590 347
590 509
590 572
590 581
590 587
590 588
590 589
590 593
590 617
590 644
590 671
590 1319
590 2048
591 105
591 348
591 510
591 573
591 582
591 585
591 588
591 592
591 593
591 618
591 645
591 672
591 1320
591 2049
592 106
592 349
592 511
592 574
592 583
592 586
592 589
592 591
592 593
592 619
592 646
592 673
592 1321
592 2050
593 107
593 350
593 512
593 575
593 584
593 587
593 590
593 591
593 592
593 620
593 647
593 674
593 1322
593 2051
594 108
594 351
594 513
594 567
594 595
594 596
594 597
594 600
594 603
594 612
594 621
594 675
594 1323
594 2052
595 109
595 352
595 514
595 568
595 594
595 596
595 598
595 601
595 604
595 613
595 622
595 676
595 1324
595 2053
596 110
596 353
596 515
596 569
596 594
596 595
596 599
596 602
596 605
596 614
596 623
596 677
596 1325
596 2054
597 111
597 354
597 516
597 570
597 594
597 598
597 599
597 600
597 606
597 615
597 624
597 678
597 1326
597 2055
598 112
598 355
598 517
598 571
598 595
598 597
598 599
598 601
598 607
598 616
598 625
598 679
598 1327
598 2056
599 113
599 356
599 518
599 572
599 596
599 597
599 598
599 602
599 608
599 617
599 626
599 680
599 1328
599 2057
600 114
600 357
600 519
600 573
600 594
600 597
600 601
600 602
600 609
600 618
600 627
600 681
600 1329
600 2058
601 115
601 358
601 520
601 574
601 595
601 598
601 600
601 602
601 610
601 619
601 628
601 682
601 1330
601 2059
602 116
602 359
602 521
602 575
602 596
602 599
602 600
602 601
602 611
602 620
602 629
602 683
602 1331
602 2060
603 117
603 360
603 522
603 576
603 594
603 604
603 605
603 606
603 609
603 612
603 630
603 684
603 1332
603 2061
604 118
604 361
604 523
604 577
604 595
604 603
604 605
604 607
604 610
604 613
604 631
604 685
604 1333
604 2062
605 119
605 362
605 524
605 578
605 596
605 603
605 604
605 608
605 611
605 614
605 632
605 686
605 1334
605 2063
606 120
606 363
606 525
606 579
606 597
606 603
606 607
606 608
606 609
606 615
606 633
606 687
606 1335
606 2064
607 121
607 364
607 526
607 580
607 598
607 604
607 606
607 608
607 610
607 616
607 634
607 688
607 1336
607 2065
608 122
608 365
608 527
608 581
608 599
608 605
608 606
608 607
608 611
608 617
608 635
608 689
608 1337
608 2066
609 123
609 366
609 528
609 582
609 600
609 603
609 606
609 610
609 611
609 618
609 636
609 690
609 1338
609 2067
610 124
610 367
610 529
610 583
610 601
610 604
610 607
610 609
610 611
610 619
610 637
610 691
610 1339
610 2068
611 125
611 368
611 530
611 584
611 602
611 605
611 608
611 609
611 610
611 620
611 638
611 692
611 1340
611 2069
612 126
612 369
612 531
612 585
612 594
612 603
612 613
612 614
612 615
612 618
612 639
612 693
612 1341
612 2070
613 127
613 370
613 532
613 586
613 595
613 604
613 612
613 614
613 616
613 619
613 640
613 694
613 1342
613 2071
614 128
614 371
614 533
614 587
614 596
614 605
614 612
614 613
614 617
614 620
614 641
614 695
614 1343
614 2072
615 129
615 372
615 534
615 588
615 597
615 606
615 612
615 616
615 617
615 618
615 642
615 696
615 1344
615 2073
616 130
616 373
616 535
616 589
616 598
616 607
616 613
616 615
616 617
616 619
616 643
616 697
616 1345
616 2074
617 131
617 374
617 536
617 590
617 599
617 608
617 614
617 615
617 616
617 620
617 644
617 698
617 1346
617 2075
618 132
618 375
618 537
618 591
618 600
618 609
618 612
618 615
618 619
618 620
618 645
618 699
618 1347
618 2076
619 133
619 376
619 538
619 592
619 601
619 610
619 613
619 616
619 618
619 620
619 646
619 700
619 1348
619 2077
620 134
620 377
620 539
620 593
620 602
620 611
620 614
620 617
620 618
620 619
620 647
620 701
620 1349
620 2078
621 135
621 378
621 540
621 567
621 594
621 622
621 623
621 624
621 627
621 630
621 639
621 702
621 1350
621 2079
622 136
622 379
622 541
622 568
622 595
622 621
622 623
622 625
622 628
622 631
622 640
622 703
622 1351
622 2080
623 137
623 380
623 542
623 569
623 596
623 621
623 622
623 626
623 629
623 632
623 641
623 704
623 1352
623 2081
624 138
624 381
624 543
624 570
624 597
624 621
624 625
624 626
624 627
624 633
624 642
624 705
624 1353
624 2082
625 139
625 382
625 544
625 571
625 598
625 622
625 624
625 626
625 628
625 634
625 643
625 706
625 1354
625 2083
626 140
626 383
626 545
626 572
626 599
626 623
626 624
626 625
626 629
626 635
626 644
626 707
626 1355
626 2084
627 141
627 384
627 546
627 573
627 600
627 621
627 624
627 628
627 629
627 636
627 645
627 708
627 1356
627 2085
628 142
628 385
628 547
628 574
628 601
628 622
628 625
628 627
628 629
628 637
628 646
628 709
628 1357
628 2086
629 143
629 386
629 548
629 575
629 602
629 623
629 626
629 627
629 628
629 638
629 647
629 710
629 1358
629 2087
630 144
630 387
630 549
630 576
630 603
630 621
630 631
630 632
630 633
630 636
630 639
630 711
630 1359
630 2088
631 145
631 388
631 550
631 577
631 604
631 622
631 630
631 632
631 634
631 637
631 640
631 712
631 1360
631 2089
632 146
632 389
632 551
632 578
632 605
632 623
632 630
632 631
632 635
632 638
632 641
632 713
632 1361
632 2090
633 147
633 390
633 552
633 579
633 606
633 624
633 630
633 634
633 635
633 636
633 642
633 714
633 1362
633 2091
634 148
634 391
634 553
634 580
634 607
634 625
634 631
634 633
634 635
634 637
634 643
634 715
634 1363
634 2092
635 149
635 392
635 554
635 581
635 608
635 626
635 632
635 633
635 634
635 638
635 644
635 716
635 1364
635 2093
636 150
636 393
636 555
636 582
636 609
636 627
636 630
636 633
636 637
636 638
636 645
636 717
636 1365
636 2094
637 151
637 394
637 556
637 583
637 610
637 628
637 631
637 634
637 636
637 638
637 646
637 718
637 1366
637 2095
638 152
638 395
638 557
638 584
638 611
638 629
638 632
638 635
638 636
638 637
638 647
638 719
638 1367
638 2096
639 153
639 396
639 558
639 585
639 612
639 621
639 630
639 640
639 641
639 642
639 645
639 720
639 1368
639 2097
640 154
640 397
640 559
640 586
640 613
640 622
640 631
640 639
640 641
640 643
640 646
640 721
640 1369
640 2098
641 155
641 398
641 560
641 587
641 614
641 623
641 632
641 639
641 640
641 644
641 647
641 722
641 1370
641 2099
642 156
642 399
642 561
642 588
642 615
642 624
642 633
642 639
642 643
642 644
642 645
642 723
642 1371
642 2100
643 157
643 400
643 562
643 589
643 616
643 625
643 634
643 640
643 642
643 644
643 646
643 724
643 1372
643 2101
644 158
644 401
644 563
644 590
644 617
644 626
644 635
644 641
644 642
644 643
644 647
644 725
644 1373
644 2102
645 159
645 402
645 564
645 591
645 618
645 627
645 636
645 639
645 642
645 646
645 647
645 726
645 1374
645 2103
646 160
646 403
646 565
646 592
646 619
646 628
646 637
646 640
646 643
646 645
646 647
646 727
646 1375
646 2104
647 161
647 404
647 566
647 593
647 620
647 629
647 638
647 641
647 644
647 645
647 646
647 728
647 1376
647 2105
648 162
648 405
648 486
648 567
648 649
648 650
648 651
648 654
648 657
648 666
648 675
648 702
648 1377
648 2106
649 163
649 406
649 487
649 568
649 648
649 650
649 652
649 655
649 658
649 667
649 676
649 703
649 1378
649 2107
650 164
650 407
650 488
650 569
650 648
650 649
650 653
650 656
650 659
650 668
650 677
650 704
650 1379
650 2108
651 165
651 408
651 489
651 570
651 648
651 652
651 653
651 654
651 660
651 669
651 678
651 705
651 1380
651 2109
652 166
652 409
652 490
652 571
652 649
652 651
652 653
652 655
652 661
652 670
652 679
652 706
652 1381
652 2110
653 167
653 410
653 491
653 572
653 650
653 651
653 652
653 656
653 662
653 671
653 680
653 707
653 1382
653 2111
654 168
654 411
654 492
654 573
654 648
654 651
654 655
654 656
654 663
654 672
654 681
654 708
654 1383
654 2112
655 169
655 412
655 493
655 574
655 649
655 652
655 654
655 656
655 664
655 673
655 682
655 709
655 1384
655 2113
656 170
656 413
656 494
656 575
656 650
656 653
656 654
656 655
656 665
656 674
656 683
656 710
656 1385
656 2114
657 171
657 414
657 495
657 576
657 648
657 658
657 659
657 660
657 663
657 666
657 684
657 711
657 1386
657 2115
658 172
658 415
658 496
658 577
658 649
658 657
658 659
658 661
658 664
658 667
658 685
658 712
658 1387
658 2116
659 173
659 416
659 497
659 578
659 650
659 657
659 658
659 662
659 665
659 668
659 686
659 713
659 1388
659 2117
660 174
660 417
660 498
660 579
660 651
660 657
660 661
660 662
660 663
660 669
660 687
660 714
660 1389
660 2118
661 175
661 418
661 499
661 580
661 652
661 658
661 660
661 662
661 664
661 670
661 688
661 715
661 1390
661 2119
662 176
662 419
662 500
662 581
662 653
662 659
662 660
662 661
662 665
662 671
662 689
662 716
662 1391
662 2120
663 177
663 420
663 501
663 582
663 654
663 657
663 660
663 664
663 665
663 672
663 690
663 717
663 1392
663 2121
664 178
664 421
664 502
664 583
664 655
664 658
664 661
664 663
664 665
664 673
664 691
664 718
664 1393
664 2122
665 179
665 422
665 503
665 584
665 656
665 659
665 662
665 663
665 664
665 674
665 692
665 719
665 1394
665 2123
666 180
666 423
666 504
666 585
666 648
666 657
666 667
666 668
666 669
666 672
666 693
666 720
666 1395
666 2124
667 181
667 424
667 505
667 586
667 649
667 658
667 666
667 668
667 670
667 673
667 694
667 721
667 1396
667 2125
668 182
668 425
668 506
668 587
668 650
668 659
668 666
668 667
668 671
668 674
668 695
668 722
668 1397
668 2126
669 183
669 426
669 507
669 588
669 651
669 660
669 666
669 670
669 671
669 672
669 696
669 723
669 1398
669 2127
670 184
670 427
670 508
670 589
670 652
670 661
670 667
670 669
670 671
670 673
670 697
670 724
670 1399
670 2128
671 185
671 428
671 509
671 590
671 653
671 662
671 668
671 669
671 670
671 674
671 698
671 725
671 1400
671 2129
672 186
672 429
672 510
672 591
672 654
672 663
672 666
672 669
672 673
672 674
672 699
672 726
672 1401
672 2130
673 187
673 430
673 511
673 592
673 655
673 664
673 667
673 670
673 672
673 674
673 700
673 727
673 1402
673 2131
674 188
674 431
674 512
674 593
674 656
674 665
674 668
674 671
674 672
674 673
674 701
674 728
674 1403
674 2132
675 189
675 432
675 513
675 594
675 648
675 676
675 677
675 678
675 681
675 684
675 693
675 702
675 1404
675 2133
676 190
676 433
676 514
676 595
676 649
676 675
676 677
676 679
676 682
676 685
676 694
676 703
676 1405
676 2134
677 191
677 434
677 515
677 596
677 650
677 675
677 676
677 680
677 683
677 686
677 695
677 704
677 1406
677 2135
678 192
678 435
678 516
678 597
678 651
678 675
678 679
678 680
678 681
678 687
678 696
678 705
678 1407
678 2136
679 193
679 436
679 517
679 598
679 652
679 676
679 678
679 680
679 682
679 688
679 697
679 706
679 1408
679 2137
680 194
680 437
680 518
680 599
680 653
680 677
680 678
680 679
680 683
680 689
680 698
680 707
680 1409
680 2138
681 195
681 438
681 519
681 600
681 654
681 675
681 678
681 682
681 683
681 690
681 699
681 708
681 1410
681 2139
682 196
682 439
682 520
682 601
682 655
682 676
682 679
682 681
682 683
682 691
682 700
682 709
682 1411
682 2140
683 197
683 440
683 521
683 602
683 656
683 677
683 680
683 681
683 682
683 692
683 701
683 710
683 1412
683 2141
684 198
684 441
684 522
684 603
684 657
684 675
684 685
684 686
684 687
684 690
684 693
684 711
684 1413
684 2142
685 199
685 442
685 523
685 604
685 658
685 676
685 684
685 686
685 688
685 691
685 694
685 712
685 1414
685 2143
686 200
686 443
686 524
686 605
686 659
686 677
686 684
686 685
686 689
686 692
686 695
686 713
686 1415
686 2144
687 201
687 444
687 525
687 606
687 660
687 678
687 684
687 688
687 689
687 690
687 696
687 714
687 1416
687 2145
688 202
688 445
688 526
688 607
688 661
688 679
688 685
688 687
688 689
688 691
688 697
688 715
688 1417
688 2146
689 203
689 446
689 527
689 608
689 662
689 680
689 686
689 687
689 688
689 692
689 698
689 716
689 1418
689 2147
690 204
690 447
690 528
690 609
690 663
690 681
690 684
690 687
690 691
690 692
690 699
690 717
690 1419
690 2148
691 205
691 448
691 529
691 610
691 664
691 682
691 685
691 688
691 690
691 692
691 700
691 718
691 1420
691 2149
692 206
692 449
692 530
692 611
692 665
692 683
692 686
692 689
692 690
692 691
692 701
692 719
692 1421
692 2150
693 207
693 450
693 531
693 612
693 666
693 675
693 684
693 694
693 695
693 696
693 699
693 720
693 1422
693 2151
694 208
694 451
694 532
694 613
694 667
694 676
694 685
694 693
694 695
694 697
694 700
694 721
694 1423
694 2152
695 209
695 452
695 533
695 614
695 668
695 677
695 686
695 693
695 694
695 698
695 701
695 722
695 1424
695 2153
696 210
696 453
696 534
696 615
696 669
696 678
696 687
696 693
696 697
696 698
696 699
696 723
696 1425
696 2154
697 211
697 454
697 535
697 616
697 670
697 679
697 688
697 694
697 696
697 698
697 700
697 724
697 1426
697 2155
698 212
698 455
698 536
698 617
698 671
698 680
698 689
698 695
698 696
698 697
698 701
698 725
698 1427
698 2156
699 213
699 456
699 537
699 618
699 672
699 681
699 690
699 693
699 696
699 700
699 701
699 726
699 1428
699 2157
700 214
700 457
700 538
700 619
700 673
700 682
700 691
700 694
700 697
700 699
700 701
700 727
700 1429
700 2158
701 215
701 458
701 539
701 620
701 674
701 683
701 692
701 695
701 698
701 699
701 700
701 728
701 1430
701 2159
702 216
702 459
702 540
702 621
702 648
702 675
702 703
702 704
702 705
702 708
702 711
702 720
702 1431
702 2160
703 217
703 460
703 541
703 622
703 649
703 676
703 702
703 704
703 706
703 709
703 712
703 721
703 1432
703 2161
704 218
704 461
704 542
704 623
704 650
704 677
704 702
704 703
704 707
704 710
704 713
704 722
704 1433
704 2162
705 219
705 462
705 543
705 624
705 651
705 678
705 702
705 706
705 707
705 708
705 714
705 723
705 1434
705 2163
706 220
706 463
706 544
706 625
706 652
706 679
706 703
706 705
706 707
706 709
706 715
706 724
706 1435
706 2164
707 221
707 464
707 545
707 626
707 653
707 680
707 704
707 705
707 706
707 710
707 716
707 725
707 1436
707 2165
708 222
708 465
708 546
708 627
708 654
708 681
708 702
708 705
708 709
708 710
708 717
708 726
708 1437
708 2166
709 223
709 466
709 547
709 628
709 655
709 682
709 703
709 706
709 708
709 710
709 718
709 727
709 1438
709 2167
710 224
710 467
710 548
710 629
710 656
710 683
710 704
710 707
710 708
710 709
710 719
710 728
710 1439
710 2168
711 225
711 468
711 549
711 630
711 657
711 684
711 702
711 712
711 713
711 714
711 717
711 720
711 1440
711 2169
712 226
712 469
712 550
712 631
712 658
712 685
712 703
712 711
712 713
712 715
712 718
712 721
712 1441
712 2170
713 227
713 470
713 551
713 632
713 659
713 686
713 704
713 711
713 712
713 716
713 719
713 722
713 1442
713 2171
714 228
714 471
714 552
714 633
714 660
714 687
714 705
714 711
714 715
714 716
714 717
714 723
714 1443
714 2172
715 229
715 472
715 553
715 634
715 661
715 688
715 706
715 712
715 714
715 716
715 718
715 724
715 1444
715 2173
716 230
716 473
716 554
716 635
716 662
716 689
716 707
716 713
716 714
716 715
716 719
716 725
716 1445
716 2174
717 231
717 474
717 555
717 636
717 663
717 690
717 708
717 711
717 714
717 718
717 719
717 726
717 1446
717 2175
718 232
718 475
718 556
718 637
718 664
718 691
718 709
718 712
718 715
718 717
718 719
718 727
718 1447
718 2176
719 233
719 476
719 557
719 638
719 665
719 692
719 710
719 713
719 716
719 717
719 718
719 728
719 1448
719 2177
720 234
720 477
720 558
720 639
720 666
720 693
720 702
720 711
720 721
720 722
720 723
720 726
720 1449
720 2178
721 235
721 478
721 559
721 640
721 667
721 694
721 703
721 712
721 720
721 722
721 724
721 727
721 1450
721 2179
722 236
722 479
722 560
722 641
722 668
722 695
722 704
722 713
722 720
722 721
722 725
722 728
722 1451
722 2180
723 237
723 480
723 561
723 642
723 669
723 696
723 705
723 714
723 720
723 724
723 725
723 726
723 1452
723 2181
724 238
724 481
724 562
724 643
724 670
724 697
724 706
724 715
724 721
724 723
724 725
724 727
724 1453
724 2182
725 239
725 482
725 563
725 644
725 671
725 698
725 707
725 716
725 722
725 723
725 724
725 728
725 1454
725 2183
726 240
726 483
726 564
726 645
726 672
726 699
726 708
726 717
726 720
726 723
726 727
726 728
726 1455
726 2184
727 241
727 484
727 565
727 646
727 673
727 700
727 709
727 718
727 721
727 724
727 726
727 728
727 1456
727 2185
728 242
728 485
728 566
728 647
728 674
728 701
728 710
728 719
728 722
728 725
728 726
728 727
728 1457
728 2186
729 0
729 730
729 731
729 732
729 735
729 738
729 747
729 756
729 783
729 810
729 891
729 972
729 1215
729 1458
730 1
730 729
730 731
730 733
730 736
730 739
730 748
730 757
730 784
730 811
730 892
730 973
730 1216
730 1459
731 2
731 729
731 730
731 734
731 737
731 740
731 749
731 758
731 785
731 812
731 893
731 974
731 1217
731 1460
732 3
732 729
732 733
732 734
732 735
732 741
732 750
732 759
732 786
732 813
732 894
732 975
732 1218
732 1461
733 4
733 730
733 732
733 734
733 736
733 742
733 751
733 760
733 787
733 814
733 895
733 976
733 1219
733 1462
734 5
734 731
734 732
734 733
734 737
734 743
734 752
734 761
734 788
734 815
734 896
734 977
734 1220
734 1463
735 6
735 729
735 732
735 736
735 737
735 744
735 753
735 762
735 789
735 816
735 897
735 978
735 1221
735 1464
736 7
736 730
736 733
736 735
736 737
736 745
736 754
736 763
736 790
736 817
736 898
736 979
736 1222
736 1465
737 8
737 731
737 734
737 735
737 736
737 746
737 755
737 764
737 791
737 818
737 899
737 980
737 1223
737 1466
738 9
738 729
738 739
738 740
738 741
738 744
738 747
738 765
738 792
738 819
738 900
738 981
738 1224
738 1467
739 10
739 730
739 738
739 740
739 742
739 745
739 748
739 766
739 793
739 820
739 901
739 982
739 1225
739 1468
740 11
740 731
740 738
740 739
740 743
740 746
740 749
740 767
740 794
740 821
740 902
740 983
740 1226
740 1469
741 12
741 732
741 738
741 742
741 743
741 744
741 750
741 768
741 795
741 822
741 903
741 984
741 1227
741 1470
742 13
742 733
742 739
742 741
742 743
742 745
742 751
742 769
742 796
742 823
742 904
742 985
742 1228
742 1471
743 14
743 734
743 740
743 741
743 742
743 746
743 752
743 770
743 797
743 824
743 905
743 986
743 1229
743 1472
744 15
744 735
744 738
744 741
744 745
744 746
744 753
744 771
744 798
744 825
744 906
744 987
744 1230
744 1473
745 16
745 736
745 739
745 742
745 744
745 746
745 754
745 772
745 799
745 826
745 907
745 988
745 1231
745 1474
746 17
746 737
746 740
746 743
746 744
746 745
746 755
746 773
746 800
746 827
746 908
746 989
746 1232
746 1475
747 18
747 729
747 738
747 748
747 749
747 750
747 753
747 774
747 801
747 828
747 909
747 990
747 1233
747 1476
748 19
748 730
748 739
748 747
748 749
748 751
748 754
748 775
748 802
748 829
748 910
748 991
748 1234
748 1477
749 20
749 731
749 740
749 747
749 748
749 752
749 755
749 776
749 803
749 830
749 911
749 992
749 1235
749 1478
750 21
750 732
750 741
750 747
750 751
750 752
750 753
750 777
750 804
750 831
750 912
750 993
750 1236
750 1479
751 22
751 733
751 742
751 748
751 750
751 752
751 754
751 778
751 805
751 832
751 913
751 994
751 1237
751 1480
752 23
752 734
752 743
752 749
752 750
752 751
752 755
752 779
752 806
752 833
752 914
752 995
752 1238
752 1481
753 24
753 735
753 744
753 747
753 750
753 754
753 755
753 780
753 807
753 834
753 915
753 996
753 1239
753 1482
754 25
754 736
754 745
754 748
754 751
754 753
754 755
754 781
754 808
754 835
754 916
754 997
754 1240
754 1483
755 26
755 737
755 746
755 749
755 752
755 753
755 754
755 782
755 809
755 836
755 917
755 998
755 1241
755 1484
756 27
756 729
756 757
756 758
756 759
756 762
756 765
756 774
756 783
756 837
756 918
756 999
756 1242
756 1485
757 28
757 730
757 756
757 758
757 760
757 763
757 766
757 775
757 784
757 838
757 919
757 1000
757 1243
757 1486
758 29
758 731
758 756
758 757
758 761
758 764
758 767
758 776
758 785
758 839
758 920
758 1001
758 1244
758 1487
759 30
759 732
759 756
759 760
759 761
759 762
759 768
759 777
759 786
759 840
759 921
759 1002
759 1245
759 1488
760 31
760 733
760 757
760 759
760 761
760 763
760 769
760 778
760 787
760 841
760 922
760 1003
760 1246
760 1489
761 32
761 734
761 758
761 759
761 760
761 764
761 770
761 779
761 788
761 842
761 923
761 1004
761 1247
761 1490
762 33
762 735
762 756
762 759
762 763
762 764
762 771
762 780
762 789
762 843
762 924
762 1005
762 1248
762 1491
763 34
763 736
763 757
763 760
763 762
763 764
763 772
763 781
763 790
763 844
763 925
763 1006
763 1249
763 1492
764 35
764 737
764 758
764 761
764 762
764 763
764 773
764 782
764 791
764 845
764 926
764 1007
764 1250
764 1493
765 36
765 738
765 756
765 766
765 767
765 768
765 771
765 774
765 792
765 846
765 927
765 1008
765 1251
765 1494
766 37
766 739
766 757
766 765
766 767
766 769
766 772
766 775
766 793
766 847
766 928
766 1009
766 1252
766 1495
767 38
767 740
767 758
767 765
767 766
767 770
767 773
767 776
767 794
767 848
767 929
767 1010
767 1253
767 1496
768 39
768 741
768 759
768 765
768 769
768 770
768 771
768 777
768 795
768 849
768 930
768 1011
768 1254
768 1497
769 40
769 742
769 760
769 766
769 768
769 770
769 772
769 778
769 796
769 850
769 931
769 1012
769 1255
769 1498
770 41
770 743
770 761
770 767
770 768
770 769
770 773
770 779
770 797
770 851
770 932
770 1013
770 1256
770 1499
771 42
771 744
771 762
771 765
771 768
771 772
771 773
771 780
771 798
771 852
771 933
771 1014
771 1257
771 1500
772 43
772 745
772 763
772 766
772 769
772 771
772 773
772 781
772 799
772 853
772 934
772 1015
772 1258
772 1501
773 44
773 746
773 764
773 767
773 770
773 771
773 772
773 782
773 800
773 854
773 935
773 1016
773 1259
773 1502
774 45
774 747
774 756
774 765
774 775
774 776
774 777
774 780
774 801
774 855
774 936
774 1017
774 1260
774 1503
775 46
775 748
775 757
775 766
775 774
775 776
775 778
775 781
775 802
775 856
775 937
775 1018
775 1261
775 1504
776 47
776 749
776 758
776 767
776 774
776 775
776 779
776 782
776 803
776 857
776 938
776 1019
776 1262
776 1505
777 48
777 750
777 759
777 768
777 774
777 778
777 779
777 780
777 804
777 858
777 939
777 1020
777 1263
777 1506
778 49
778 751
778 760
778 769
778 775
778 777
778 779
778 781
778 805
778 859
778 940
778 1021
778 1264
778 1507
779 50
779 752
779 761
779 770
779 776
779 777
779 778
779 782
779 806
779 860
779 941
779 1022
779 1265
779 1508
780 51
780 753
780 762
780 771
780 774
780 777
780 781
780 782
780 807
780 861
780 942
780 1023
780 1266
780 1509
781 52
781 754
781 763
781 772
781 775
781 778
781 780
781 782
781 808
781 862
781 943
781 1024
781 1267
781 1510
782 53
782 755
782 764
782 773
782 776
782 779
782 780
782 781
782 809
782 863
782 944
782 1025
782 1268
782 1511
783 54
783 729
783 756
783 784
783 785
783 786
783 789
783 792
783 801
783 864
783 945
783 1026
783 1269
783 1512
784 55
784 730
784 757
784 783
784 785
784 787
784 790
784 793
784 802
784 865
784 946
784 1027
784 1270
784 1513
785 56
785 731
785 758
785 783
785 784
785 788
785 791
785 794
785 803
785 866
785 947
785 1028
785 1271
785 1514
786 57
786 732
786 759
786 783
786 787
786 788
786 789
786 795
786 804
786 867
786 948
786 1029
786 1272
786 1515
787 58
787 733
787 760
787 784
787 786
787 788
787 790
787 796
787 805
787 868
787 949
787 1030
787 1273
787 1516
788 59
788 734
788 761
788 785
788 786
788 787
788 791
788 797
788 806
788 869
788 950
788 1031
788 1274
788 1517
789 60
789 735
789 762
789 783
789 786
789 790
789 791
789 798
789 807
789 870
789 951
789 1032
789 1275
789 1518
790 61
790 736
790 763
790 784
790 787
790 789
790 791
790 799
790 808
790 871
790 952
790 1033
790 1276
790 1519
791 62
791 737
791 764
791 785
791 788
791 789
791 790
791 800
791 809
791 872
791 953
791 1034
791 1277
791 1520
792 63
792 738
792 765
792 783
792 793
792 794
792 795
792 798
792 801
792 873
792 954
792 1035
792 1278
792 1521
793 64
793 739
793 766
793 784
793 792
793 794
793 796
793 799
793 802
793 874
793 955
793 1036
793 1279
793 1522
794 65
794 740
794 767
794 785
794 792
794 793
794 797
794 800
794 803
794 875
794 956
794 1037
794 1280
794 1523
795 66
795 741
795 768
795 786
795 792
795 796
795 797
795 798
795 804
795 876
795 957
795 1038
795 1281
795 1524
796 67
796 742
796 769
796 787
796 793
796 795
796 797
796 799
796 805
796 877
796 958
796 1039
796 1282
796 1525
797 68
797 743
797 770
797 788
797 794
797 795
797 796
797 800
797 806
797 878
797 959
797 1040
797 1283
797 1526
798 69
798 744
798 771
798 789
798 792
798 795
798 799
798 800
798 807
798 879
798 960
798 1041
798 1284
798 1527
799 70
799 745
799 772
799 790
799 793
799 796
799 798
799 800
799 808
799 880
799 961
799 1042
799 1285
799 1528
800 71
800 746
800 773
800 791
800 794
800 797
800 798
800 799
800 809
800 881
800 962
800 1043
800 1286
800 1529
801 72
801 747
801 774
801 783
801 792
801 802
801 803
801 804
801 807
801 882
801 963
801 1044
801 1287
801 1530
802 73
802 748
802 775
802 784
802 793
802 801
802 803
802 805
802 808
802 883
802 964
802 1045
802 1288
802 1531
803 74
803 749
803 776
803 785
803 794
803 801
803 802
803 806
803 809
803 884
803 965
803 1046
803 1289
803 1532
804 75
804 750
804 777
804 786
804 795
804 801
804 805
804 806
804 807
804 885
804 966
804 1047
804 1290
804 1533
805 76
805 751
805 778
805 787
805 796
805 802
805 804
805 806
805 808
805 886
805 967
805 1048
805 1291
805 1534
806 77
806 752
806 779
806 788
806 797
806 803
806 804
806 805
806 809
806 887
806 968
806 1049
806 1292
806 1535
807 78
807 753
807 780
807 789
807 798
807 801
807 804
807 808
807 809
807 888
807 969
807 1050
807 1293
807 1536
808 79
808 754
808 781
808 790
808 799
808 802
808 805
808 807
808 809
808 889
808 970
808 1051
808 1294
808 1537
809 80
809 755
809 782
809 791
809 800
809 803
809 806
809 807
809 808
809 890
809 971
809 1052
809 1295
809 1538
810 81
810 729
810 811
810 812
810 813
810 816
810 819
810 828
810 837
810 864
810 891
810 1053
810 1296
810 1539
811 82
811 730
811 810
811 812
811 814
811 817
811 820
811 829
811 838
811 865
811 892
811 1054
811 1297
811 1540
812 83
812 731
812 810
812 811
812 815
812 818
812 821
812 830
812 839
812 866
812 893
812 1055
812 1298
812 1541
813 84
813 732
813 810
813 814
813 815
813 816
813 822
813 831
813 840
813 867
813 894
813 1056
813 1299
813 1542
814 85
814 733
814 811
814 813
814 815
814 817
814 823
814 832
814 841
814 868
814 895
814 1057
814 1300
814 1543
815 86
815 734
815 812
815 813
815 814
815 818
815 824
815 833
815 842
815 869
815 896
815 1058
815 1301
815 1544
816 87
816 735
816 810
816 813
816 817
816 818
816 825
816 834
816 843
816 870
816 897
816 1059
816 1302
816 1545
817 88
817 736
817 811
817 814
817 816
817 818
817 826
817 835
817 844
817 871
817 898
817 1060
817 1303
817 1546
818 89
818 737
818 812
818 815
818 816
818 817
818 827
818 836
818 845
818 872
818 899
818 1061
818 1304
818 1547
819 90
819 738
819 810
819 820
819 821
819 822
819 825
819 828
819 846
819 873
819 900
819 1062
819 1305
819 1548
820 91
820 739
820 811
820 819
820 821
820 823
820 826
820 829
820 847
820 874
820 901
820 1063
820 1306
820 1549
821 92
821 740
821 812
821 819
821 820
821 824
821 827
821 830
821 848
821 875
821 902
821 1064
821 1307
821 1550
822 93
822 741
822 813
822 819
822 823
822 824
822 825
822 831
822 849
822 876
822 903
822 1065
822 1308
822 1551
823 94
823 742
823 814
823 820
823 822
823 824
823 826
823 832
823 850
823 877
823 904
823 1066
823 1309
823 1552
824 95
824 743
824 815
824 821
824 822
824 823
824 827
824 833
824 851
824 878
824 905
824 1067
824 1310
824 1553
825 96
825 744
825 816
825 819
825 822
825 826
825 827
825 834
825 852
825 879
825 906
825 1068
825 1311
825 1554
826 97
826 745
826 817
826 820
826 823
826 825
826 827
826 835
826 853
826 880
826 907
826 1069
826 1312
826 1555
827 98
827 746
827 818
827 821
827 824
827 825
827 826
827 836
827 854
827 881
827 908
827 1070
827 1313
827 1556
828 99
828 747
828 810
828 819
828 829
828 830
828 831
828 834
828 855
828 882
828 909
828 1071
828 1314
828 1557
829 100
829 748
829 811
829 820
829 828
829 830
829 832
829 835
829 856
829 883
829 910
829 1072
829 1315
829 1558
830 101
830 749
830 812
830 821
830 828
830 829
830 833
830 836
830 857
830 884
830 911
830 1073
830 1316
830 1559
831 102
831 750
831 813
831 822
831 828
831 832
831 833
831 834
831 858
831 885
831 912
831 1074
831 1317
831 1560
832 103
832 751
832 814
832 823
832 829
832 831
832 833
832 835
832 859
832 886
832 913
832 1075
832 1318
832 1561
833 104
833 752
833 815
833 824
833 830
833 831
833 832
833 836
833 860
833 887
833 914
833 1076
833 1319
833 1562
834 105
834 753
834 816
834 825
834 828
834 831
834 835
834 836
834 861
834 888
834 915
834 1077
834 1320
834 1563
835 106
835 754
835 817
835 826
835 829
835 832
835 834
835 836
835 862
835 889
835 916
835 1078
835 1321
835 1564
836 107
836 755
836 818
836 827
836 830
836 833
836 834
836 835
836 863
836 890
836 917
836 1079
836 1322
836 1565
837 108
837 756
837 810
837 838
837 839
837 840
837 843
837 846
837 855
837 864
837 918
837 1080
837 1323
837 1566
838 109
838 757
838 811
838 837
838 839
838 841
838 844
838 847
838 856
838 865
838 919
838 1081
838 1324
838 1567
839 110
839 758
839 812
839 837
839 838
839 842
839 845
839 848
839 857
839 866
839 920
839 1082
839 1325
839 1568
840 111
840 759
840 813
840 837
840 841
840 842
840 843
840 849
840 858
840 867
840 921
840 1083
840 1326
840 1569
841 112
841 760
841 814
841 838
841 840
841 842
841 844
841 850
841 859
841 868
841 922
841 1084
841 1327
841 1570
842 113
842 761
842 815
842 839
842 840
842 841
842 845
842 851
842 860
842 869
842 923
842 1085
842 1328
842 1571
843 114
843 762
843 816
843 837
843 840
843 844
843 845
843 852
843 861
843 870
843 924
843 1086
843 1329
843 1572
844 115
844 763
844 817
844 838
844 841
844 843
844 845
844 853
844 862
844 871
844 925
844 1087
844 1330
844 1573
845 116
845 764
845 818
845 839
845 842
845 843
845 844
845 854
845 863
845 872
845 926
845 1088
845 1331
845 1574
846 117
846 765
846 819
846 837
846 847
846 848
846 849
846 852
846 855
846 873
846 927
846 1089
846 1332
846 1575
847 118
847 766
847 820
847 838
847 846
847 848
847 850
847 853
847 856
847 874
847 928
847 1090
847 1333
847 1576
848 119
848 767
848 821
848 839
848 846
848 847
848 851
848 854
848 857
848 875
848 929
848 1091
848 1334
848 1577
849 120
849 768
849 822
849 840
849 846
849 850
849 851
849 852
849 858
849 876
849 930
849 1092
849 1335
849 1578
850 121
850 769
850 823
850 841
850 847
850 849
850 851
850 853
850 859
850 877
850 931
850 1093
850 1336
850 1579
851 122
851 770
851 824
851 842
851 848
851 849
851 850
851 854
851 860
851 878
851 932
851 1094
851 1337
851 1580
852 123
852 771
852 825
852 843
852 846
852 849
852 853
852 854
852 861
852 879
852 933
852 1095
852 1338
852 1581
853 124
853 772
853 826
853 844
853 847
853 850
853 852
853 854
853 862
853 880
853 934
853 1096
853 1339
853 1582
854 125
854 773
854 827
854 845
854 848
854 851
854 852
854 853
854 863
854 881
854 935
854 1097
854 1340
854 1583
855 126
855 774
855 828
855 837
855 846
855 856
855 857
855 858
855 861
855 882
855 936
855 1098
855 1341
855 1584
856 127
856 775
856 829
856 838
856 847
856 855
856 857
856 859
856 862
856 883
856 937
856 1099
856 1342
856 1585
857 128
857 776
857 830
857 839
857 848
857 855
857 856
857 860
857 863
857 884
857 938
857 1100
857 1343
857 1586
858 129
858 777
858 831
858 840
858 849
858 855
858 859
858 860
858 861
858 885
858 939
858 1101
858 1344
858 1587
859 130
859 778
859 832
859 841
859 850
859 856
859 858
859 860
859 862
859 886
859 940
859 1102
859 1345
859 1588
860 131
860 779
860 833
860 842
860 851
860 857
860 858
860 859
860 863
860 887
860 941
860 1103
860 1346
860 1589
861 132
861 780
861 834
861 843
861 852
861 855
861 858
861 862
861 863
861 888
861 942
861 1104
861 1347
861 1590
862 133
862 781
862 835
862 844
862 853
862 856
862 859
862 861
862 863
862 889
862 943
862 1105
862 1591
863 134
863 782
863 836
863 845
863 854
863 857
863 860
863 861
863 862
863 890
863 944
863 1106
863 1349
863 1592
864 135
864 783
864 810
864 837
864 865
864 866
864 867
864 870
864 873
864 882
864 945
864 1107
864 1350
864 1593
865 136
865 784
865 811
865 838
865 864
865 866
865 868
865 871
865 874
865 883
865 946
865 1108
865 1351
865 1594
866 137
866 785
866 812
866 839
866 864
866 865
866 869
866 872
866 875
866 884
866 947
866 1109
866 1352
866 1595
867 138
867 786
867 813
867 840
867 864
867 868
867 869
867 870
867 876
867 885
867 948
867 1110
867 1353
867 1596
868 139
868 787
868 814
868 841
868 865
868 867
868 869
868 871
868 877
868 886
868 949
868 1111
868 1354
868 1597
869 140
869 788
869 815
869 842
869 866
869 867
869 868
869 872
869 878
869 887
869 950
869 1112
869 1355
869 1598
870 141
870 789
870 816
870 843
870 864
870 867
870 871
870 872
870 879
870 888
870 951
870 1113
870 1356
870 1599
871 142
871 790
871 817
871 844
871 865
871 868
871 870
871 872
871 880
871 889
871 952
871 1114
871 1357
871 1600
872 143
872 791
872 818
872 845
872 866
872 869
872 870
872 871
872 881
872 890
872 953
872 1115
872 1358
872 1601
873 144
873 792
873 819
873 846
873 864
873 874
873 875
873 876
873 879
873 882
873 954
873 1116
873 1359
873 1602
874 145
874 793
874 820
874 847
874 865
874 873
874 875
874 877
874 880
874 883
874 955
874 1117
874 1360
874 1603
875 146
875 794
875 821
875 848
875 866
875 873
875 874
875 878
875 881
875 884
875 956
875 1118
875 1361
875 1604
876 147
876 795
876 822
876 849
876 867
876 873
876 877
876 878
876 879
876 885
876 957
876 1119
876 1362
876 1605
877 148
877 796
877 823
877 850
877 868
877 874
877 876
877 878
877 880
877 886
877 958
877 1120
877 1363
877 1606
878 149
878 797
878 824
878 851
878 869
878 875
878 876
878 877
878 881
878 887
878 959
878 1121
878 1364
878 1607
879 150
879 798
879 825
879 852
879 870
879 873
879 876
879 880
879 881
879 888
879 960
879 1122
879 1365
879 1608
880 151
880 799
880 826
880 853
880 871
880 874
880 877
880 879
880 881
880 889
880 961
880 1123
880 1366
880 1609
881 152
881 800
881 827
881 854
881 872
881 875
881 878
881 879
881 880
881 890
881 962
881 1124
881 1367
881 1610
882 153
882 801
882 828
882 855
882 864
882 873
882 883
882 884
882 885
882 888
882 963
882 1125
882 1368
882 1611
883 154
883 802
883 829
883 856
883 865
883 874
883 882
883 884
883 886
883 889
883 964
883 1126
883 1369
883 1612
884 155
884 803
884 830
884 857
884 866
884 875
884 882
884 883
884 887
884 890
884 965
884 1127
884 1370
884 1613
885 156
885 804
885 831
885 858
885 867
885 876
885 882
885 886
885 887
885 888
885 966
885 1128
885 1371
885 1614
886 157
886 805
886 832
886 859
886 868
886 877
886 883
886 885
886 887
886 889
886 967
886 1129
886 1372
886 1615
887 158
887 806
887 833
887 860
887 869
887 878
887 884
887 885
887 886
887 890
887 968
887 1130
887 1373
887 1616
888 159
888 807
888 834
888 861
888 870
888 879
888 882
888 885
888 889
888 890
888 969
888 1131
888 1374
888 1617
889 160
889 808
889 835
889 862
889 871
889 880
889 883
889 886
889 888
889 890
889 970
889 1132
889 1375
889 1618
890 161
890 809
890 836
890 863
890 872
890 881
890 884
890 887
890 888
890 889
890 971
890 1133
890 1376
890 1619
891 162
891 729
891 810
891 892
891 893
891 894
891 897
891 900
891 909
891 918
891 945
891 1134
891 1377
891 1620
892 163
892 730
892 811
892 891
892 893
892 895
892 898
892 901
892 910
892 919
892 946
892 1135
892 1378
892 1621
893 164
893 731
893 812
893 891
893 892
893 896
893 899
893 902
893 911
893 920
893 947
893 1136
893 1379
893 1622
894 165
894 732
894 813
894 891
894 895
894 896
894 897
894 903
894 912
894 921
894 948
894 1137
894 1380
894 1623
895 166
895 733
895 814
895 892
895 894
895 896
895 898
895 904
895 913
895 922
895 949
895 1138
895 1381
895 1624
896 167
896 734
896 815
896 893
896 894
896 895
896 899
896 905
896 914
896 923
896 950
896 1139
896 1382
896 1625
897 168
897 735
897 816
897 891
897 894
897 898
897 899
897 906
897 915
897 924
897 951
897 1140
897 1383
897 1626
898 169
898 736
898 817
898 892
898 895
898 897
898 899
898 907
898 916
898 925
898 952
898 1141
898 1384
898 1627
899 170
899 737
899 818
899 893
899 896
899 897
899 898
899 908
899 917
899 926
899 953
899 1142
899 1385
899 1628
900 171
900 738
900 819
900 891
900 901
900 902
900 903
900 906
900 909
900 927
900 954
900 1143
900 1386
900 1629
901 172
901 739
901 820
901 892
901 900
901 902
901 904
901 907
901 910
901 928
901 955
901 1144
901 1387
901 1630
902 173
902 740
902 821
902 893
902 900
902 901
902 905
902 908
902 911
902 929
902 956
902 1145
902 1388
902 1631
903 174
903 741
903 822
903 894
903 900
903 904
903 905
903 906
903 912
903 930
903 957
903 1146
903 1389
903 1632
904 175
904 742
904 823
904 895
904 901
904 903
904 905
904 907
904 913
904 931
904 958
904 1147
904 1390
904 1633
905 176
905 743
905 824
905 896
905 902
905 903
905 904
905 908
905 914
905 932
905 959
905 1148
905 1391
905 1634
906 177
906 744
906 825
906 897
906 900
906 903
906 907
906 908
906 915
906 933
906 960
906 1149
906 1392
906 1635
907 178
907 745
907 826
907 898
907 901
907 904
907 906
907 908
907 916
907 934
907 961
907 1150
907 1393
907 1636
908 179
908 746
908 827
908 899
908 902
908 905
908 906
908 907
908 917
908 935
908 962
908 1151
908 1394
908 1637
909 180
909 747
909 828
909 891
909 900
909 910
909 911
909 912
909 915
909 936
909 963
909 1152
909 1395
909 1638
910 181
910 748
910 829
910 892
910 901
910 909
910 911
910 913
910 916
910 937
910 964
910 1153
910 1396
910 1639
911 182
911 749
911 830
911 893
911 902
911 909
911 910
911 914
911 917
911 938
911 965
911 1154
911 1397
911 1640
912 183
912 750
912 831
912 894
912 903
912 909
912 913
912 914
912 915
912 939
912 966
912 1155
912 1398
912 1641
913 184
913 751
913 832
913 895
913 904
913 910
913 912
913 914
913 916
913 940
913 967
913 1156
913 1399
913 1642
914 185
914 752
914 833
914 896
914 905
914 911
914 912
914 913
914 917
914 941
914 968
914 1157
914 1400
914 1643
915 186
915 753
915 834
915 897
915 906
915 909
915 912
915 916
915 917
915 942
915 969
915 1158
915 1401
915 1644
916 187
916 754
916 835
916 898
916 907
916 910
916 913
916 915
916 917
916 943
916 970
916 1159
916 1402
916 1645
917 188
917 755
917 836
917 899
917 908
917 911
917 914
917 915
917 916
917 944
917 971
917 1160
917 1403
917 1646
918 189
918 756
918 837
918 891
918 919
918 920
918 921
918 924
918 927
918 936
918 945
918 1161
918 1404
918 1647
919 190
919 757
919 838
919 892
919 918
919 920
919 922
919 925
919 928
919 937
919 946
919 1162
919 1405
919 1648
920 191
920 758
920 839
920 893
920 918
920 919
920 923
920 926
920 929
920 938
920 947
920 1163
920 1406
920 1649
921 192
921 759
921 840
921 894
921 918
921 922
921 923
921 924
921 930
921 939
921 948
921 1164
921 1407
921 1650
922 193
922 760
922 841
922 895
922 919
922 921
922 923
922 925
922 931
922 940
922 949
922 1165
922 1408
922 1651
923 194
923 761
923 842
923 896
923 920
923 921
923 922
923 926
923 932
923 941
923 950
923 1166
923 1409
923 1652
924 195
924 762
924 843
924 897
924 918
924 921
924 925
924 926
924 933
924 942
924 951
924 1167
924 1410
924 1653
925 196
925 763
925 844
925 898
925 919
925 922
925 924
925 926
925 934
925 943
925 952
925 1168
925 1411
925 1654
926 197
926 764
926 845
926 899
926 920
926 923
926 924
926 925
926 935
926 944
926 953
926 1169
926 1412
926 1655
927 198
927 765
927 846
927 900
927 918
927 928
927 929
927 930
927 933
927 936
927 954
927 1170
927 1413
927 1656
928 199
928 766
928 847
928 901
928 919
928 927
928 929
928 931
928 934
928 937
928 955
928 1171
928 1414
928 1657
929 200
929 767
929 848
929 902
929 920
929 927
929 928
929 932
929 935
929 938
929 956
929 1172
929 1415
929 1658
930 201
930 768
930 849
930 903
930 921
930 927
930 931
930 932
930 933
930 939
930 957
930 1173
930 1416
930 1659
931 202
931 769
931 850
931 904
931 922
931 928
931 930
931 932
931 934
931 940
931 958
931 1174
931 1417
931 1660
932 203
932 770
932 851
932 905
932 923
932 929
932 930
932 931
932 935
932 941
932 959
932 1175
932 1418
932 1661
933 204
933 771
933 852
933 906
933 924
933 927
933 930
933 934
933 935
933 942
933 960
933 1176
933 1419
933 1662
934 205
934 772
934 853
934 907
934 925
934 928
934 931
934 933
934 935
934 943
934 961
934 1177
934 1420
934 1663
935 206
935 773
935 854
935 908
935 926
935 929
935 932
935 933
935 934
935 944
935 962
935 1178
935 1421
935 1664
936 207
936 774
936 855
936 909
936 918
936 927
936 937
936 938
936 939
936 942
936 963
936 1179
936 1422
936 1665
937 208
937 775
937 856
937 910
937 919
937 928
937 936
937 938
937 940
937 943
937 964
937 1180
937 1423
937 1666
938 209
938 776
938 857
938 911
938 920
938 929
938 936
938 937
938 941
938 944
938 965
938 1181
938 1424
938 1667
939 210
939 777
939 858
939 912
939 921
939 930
939 936
939 940
939 941
939 942
939 966
939 1182
939 1425
939 1668
940 211
940 778
940 859
940 913
940 922
940 931
940 937
940 939
940 941
940 943
940 967
940 1183
940 1426
940 1669
941 212
941 779
941 860
941 914
941 923
941 932
941 938
941 939
941 940
941 944
941 968
941 1184
941 1427
941 1670
942 213
942 780
942 861
942 915
942 924
942 933
942 936
942 939
942 943
942 944
942 969
942 1185
942 1428
942 1671
943 214
943 781
943 862
943 916
943 925
943 934
943 937
943 940
943 942
943 944
943 970
943 1186
943 1429
943 1672
944 215
944 782
944 863
944 917
944 926
944 935
944 938
944 941
944 942
944 943
944 971
944 1187
944 1430
944 1673
945 216
945 783
945 864
945 891
945 918
945 946
945 947
945 948
945 951
945 954
945 963
945 1188
945 1431
945 1674
946 217
946 784
946 865
946 892
946 919
946 945
946 947
946 949
946 952
946 955
946 964
946 1189
946 1432
946 1675
947 218
947 785
947 866
947 893
947 920
947 945
947 946
947 950
947 953
947 956
947 965
947 1190
947 1433
947 1676
948 219
948 786
948 867
948 894
948 921
948 945
948 949
948 950
948 951
948 957
948 966
948 1191
948 1434
948 1677
949 220
949 787
949 868
949 895
949 922
949 946
949 948
949 950
949 952
949 958
949 967
949 1192
949 1435
949 1678
950 221
950 788
950 869
950 896
950 923
950 947
950 948
950 949
950 953
950 959
950 968
950 1193
950 1436
950 1679
951 222
951 789
951 870
951 897
951 924
951 945
951 948
951 952
951 953
951 960
951 969
951 1194
951 1437
951 1680
952 223
952 790
952 871
952 898
952 925
952 946
952 949
952 951
952 953
952 961
952 970
952 1195
952 1438
952 1681
953 224
953 791
953 872
953 899
953 926
953 947
953 950
953 951
953 952
953 962
953 971
953 1196
953 1439
953 1682
954 225
954 792
954 873
954 900
954 927
954 945
954 955
954 956
954 957
954 960
954 963
954 1197
954 1440
954 1683
955 226
955 793
955 874
955 901
955 928
955 946
955 954
955 956
955 958
955 961
955 964
955 1198
955 1441
955 1684
956 227
956 794
956 875
956 902
956 929
956 947
956 954
956 955
956 959
956 962
956 965
956 1199
956 1442
956 1685
957 228
957 795
957 876
957 903
957 930
957 948
957 954
957 958
957 959
957 960
957 966
957 1200
957 1443
957 1686
958 229
958 796
958 877
958 904
958 931
958 949
958 955
958 957
958 959
958 961
958 967
958 1201
958 1444
958 1687
959 230
959 797
959 878
959 905
959 932
959 950
959 956
959 957
959 958
959 962
959 968
959 1202
959 1445
959 1688
960 231
960 798
960 879
960 906
960 933
960 951
960 954
960 957
960 961
960 962
960 969
960 1203
960 1446
960 1689
961 232
961 799
961 880
961 907
961 934
961 952
961 955
961 958
961 960
961 962
961 970
961 1204
961 1447
961 1690
962 233
962 800
962 881
962 908
962 935
962 953
962 956
962 959
962 960
962 961
962 971
962 1205
962 1448
962 1691
963 234
963 801
963 882
963 909
963 936
963 945
963 954
963 964
963 965
963 966
963 969
963 1206
963 1449
963 1692
964 235
964 802
964 883
964 910
964 937
964 946
964 955
964 963
964 965
964 967
964 970
964 1207
964 1450
964 1693
965 236
965 803
965 884
965 911
965 938
965 947
965 956
965 963
965 964
965 968
965 971
965 1208
965 1451
965 1694
966 237
966 804
966 885
966 912
966 939
966 948
966 957
966 963
966 967
966 968
966 969
966 1209
966 1452
966 1695
967 238
967 805
967 886
967 913
967 940
967 949
967 958
967 964
967 966
967 968
967 970
967 1210
967 1453
967 1696
968 239
968 806
968 887
968 914
968 941
968 950
968 959
968 965
968 966
968 967
968 971
968 1211
968 1454
968 1697
969 240
969 807
969 888
969 915
969 942
969 951
969 960
969 963
969 966
969 970
969 971
969 1212
969 1455
969 1698
970 241
970 808
970 889
970 916
970 943
970 952
970 961
970 964
970 967
970 969
970 971
970 1213
970 1456
970 1699
971 242
971 809
971 890
971 917
971 944
971 953
971 962
971 965
971 968
971 969
971 970
971 1214
971 1457
971 1700
972 243
972 729
972 973
972 974
972 975
972 978
972 981
972 990
972 999
972 1026
972 1053
972 1134
972 1215
972 1701
973 244
973 730
973 972
973 974
973 976
973 979
973 982
973 991
973 1000
973 1027
973 1054
973 1135
973 1216
973 1702
974 245
974 731
974 972
974 973
974 977
974 980
974 983
974 992
974 1001
974 1028
974 1055
974 1136
974 1217
974 1703
975 246
975 732
975 972
975 976
975 977
975 978
975 984
975 993
975 1002
975 1029
975 1056
975 1137
975 1218
975 1704
976 247
976 733
976 973
976 975
976 977
976 979
976 985
976 994
976 1003
976 1030
976 1057
976 1138
976 1219
976 1705
977 248
977 734
977 974
977 975
977 976
977 980
977 986
977 995
977 1004
977 1031
977 1058
977 1139
977 1220
977 1706
978 249
978 735
978 972
978 975
978 979
978 980
978 987
978 996
978 1005
978 1032
978 1059
978 1140
978 1221
978 1707
979 250
979 736
979 973
979 976
979 978
979 980
979 988
979 997
979 1006
979 1033
979 1060
979 1141
979 1222
979 1708
980 251
980 737
980 974
980 977
980 978
980 979
980 989
980 998
980 1007
980 1034
980 1061
980 1142
980 1223
980 1709
981 252
981 738
981 972
981 982
981 983
981 984
981 987
981 990
981 1008
981 1035
981 1062
981 1143
981 1224
981 1710
982 253
982 739
982 973
982 981
982 983
982 985
982 988
982 991
982 1009
982 1036
982 1063
982 1144
982 1225
982 1711
983 254
983 740
983 974
983 981
983 982
983 986
983 989
983 992
983 1010
983 1037
983 1064
983 1145
983 1226
983 1712
984 255
984 741
984 975
984 981
984 985
984 986
984 987
984 993
984 1011
984 1038
984 1065
984 1146
984 1227
984 1713
985 256
985 742
985 976
985 982
985 984
985 986
985 988
985 994
985 1012
985 1039
985 1066
985 1147
985 1228
985 1714
986 257
986 743
986 977
986 983
986 984
986 985
986 989
986 995
986 1013
986 1040
986 1067
986 1148
986 1229
986 1715
987 258
987 744
987 978
987 981
987 984
987 988
987 989
987 996
987 1014
987 1041
987 1068
987 1149
987 1230
987 1716
988 259
988 745
988 979
988 982
988 985
988 987
988 989
988 997
988 1015
988 1042
988 1069
988 1150
988 1231
988 1717
989 260
989 746
989 980
989 983
989 986
989 987
989 988
989 998
989 1016
989 1043
989 1070
989 1151
989 1232
989 1718
990 261
990 747
990 972
990 981
990 991
990 992
990 993
990 996
990 1017
990 1044
990 1071
990 1152
990 1233
990 1719
991 262
991 748
991 973
991 982
991 990
991 992
991 994
991 997
991 1018
991 1045
991 1072
991 1153
991 1234
991 1720
992 263
992 749
992 974
992 983
992 990
992 991
992 995
992 998
992 1019
992 1046
992 1073
992 1154
992 1235
992 1721
993 264
993 750
993 975
993 984
993 990
993 994
993 995
993 996
993 1020
993 1047
993 1074
993 1155
993 1236
993 1722
994 265
994 751
994 976
994 985
994 991
994 993
994 995
994 997
994 1021
994 1048
994 1075
994 1156
994 1237
994 1723
995 266
995 752
995 977
995 986
995 992
995 993
995 994
995 998
995 1022
995 1049
995 1076
995 1157
995 1238
995 1724
996 267
996 753
996 978
996 987
996 990
996 993
996 997
996 998
996 1023
996 1050
996 1077
996 1158
996 1239
996 1725
997 268
997 754
997 979
997 988
997 991
997 994
997 996
997 998
997 1024
997 1051
997 1078
997 1159
997 1240
997 1726
998 269
998 755
998 980
998 989
998 992
998 995
998 996
998 997
998 1025
998 1052
998 1079
998 1160
998 1241
998 1727
999 270
999 756
999 972
999 1000
999 1001
999 1002
999 1005
999 1008
999 1017
999 1026
999 1080
999 1161
999 1242
999 1728
1000 271
1000 757
1000 973
1000 999
1000 1001
1000 1003
1000 1006
1000 1009
1000 1018
1000 1027
1000 1081
1000 1162
1000 1243
1000 1729
1001 272
1001 758
1001 974
1001 999
1001 1000
1001 1004
1001 1007
1001 1010
1001 1019
1001 1028
1001 1082
1001 1163
1001 1244
1001 1730
1002 273
1002 759
1002 975
1002 999
1002 1003
1002 1004
1002 1005
1002 1011
1002 1020
1002 1029
1002 1083
1002 1164
1002 1245
1002 1731
1003 274
1003 760
1003 976
1003 1000
1003 1002
1003 1004
1003 1006
1003 1012
1003 1021
1003 1030
1003 1084
1003 1165
1003 1246
1003 1732
1004 275
1004 761
1004 977
1004 1001
1004 1002
1004 1003
1004 1007
1004 1013
1004 1022
1004 1031
1004 1085
1004 1166
1004 1247
1004 1733
1005 276
1005 762
1005 978
1005 999
1005 1002
1005 1006
1005 1007
1005 1014
1005 1023
1005 1032
1005 1086
1005 1167
1005 1248
1005 1734
1006 277
1006 763
1006 979
1006 1000
1006 1003
1006 1005
1006 1007
1006 1015
1006 1024
1006 1033
1006 1087
1006 1168
1006 1249
1006 1735
1007 278
1007 764
1007 980
1007 1001
1007 1004
1007 1005
1007 1006
1007 1016
1007 1025
1007 1034
1007 1088
1007 1169
1007 1250
1007 1736
1008 279
1008 765
1008 981
1008 999
1008 1009
1008 1010
1008 1011
1008 1014
1008 1017
1008 1035
1008 1089
1008 1170
1008 1251
1008 1737
1009 280
1009 766
1009 982
1009 1000
1009 1008
1009 1010
1009 1012
1009 1015
1009 1018
1009 1036
1009 1090
1009 1171
1009 1252
1009 1738
1010 281
1010 767
1010 983
1010 1001
1010 1008
1010 1009
1010 1013
1010 1016
1010 1019
1010 1037
1010 1091
1010 1172
1010 1253
1010 1739
1011 282
1011 768
1011 984
1011 1002
1011 1008
1011 1012
1011 1013
1011 1014
1011 1020
1011 1038
1011 1092
1011 1173
1011 1254
1011 1740
1012 283
1012 769
1012 985
1012 1003
1012 1009
1012 1011
1012 1013
1012 1015
1012 1021
1012 1039
1012 1093
1012 1174
1012 1255
1012 1741
1013 284
1013 770
1013 986
1013 1004
1013 1010
1013 1011
1013 1012
1013 1016
1013 1022
1013 1040
1013 1094
1013 1175
1013 1256
1013 1742
1014 285
1014 771
1014 987
1014 1005
1014 1008
1014 1011
1014 1015
1014 1016
1014 1023
1014 1041
1014 1095
1014 1176
1014 1257
1014 1743
1015 286
1015 772
1015 988
1015 1006
1015 1009
1015 1012
1015 1014
1015 1016
1015 1024
1015 1042
1015 1096
1015 1177
1015 1258
1015 1744
1016 287
1016 773
1016 989
1016 1007
1016 1010
1016 1013
1016 1014
1016 1015
1016 1025
1016 1043
1016 1097
1016 1178
1016 1259
1016 1745
1017 288
1017 774
1017 990
1017 999
1017 1008
1017 1018
1017 1019
1017 1020
1017 1023
1017 1044
1017 1098
1017 1179
1017 1260
1017 1746
1018 289
1018 775
1018 991
1018 1000
1018 1009
1018 1017
1018 1019
1018 1021
1018 1024
1018 1045
1018 1099
1018 1180
1018 1261
1018 1747
1019 290
1019 776
1019 992
1019 1001
1019 1010
1019 1017
1019 1018
1019 1022
1019 1025
1019 1046
1019 1100
1019 1181
1019 1262
1019 1748
1020 291
1020 777
1020 993
1020 1002
1020 1011
1020 1017
1020 1021
1020 1022
1020 1023
1020 1047
1020 1101
1020 1182
1020 1263
1020 1749
1021 292
1021 778
1021 994
1021 1003
1021 1012
1021 1018
1021 1020
1021 1022
1021 1024
1021 1048
1021 1102
1021 1183
1021 1264
1021 1750
1022 293
1022 779
1022 995
1022 1004
1022 1013
1022 1019
1022 1020
1022 1021
1022 1025
1022 1049
1022 1103
1022 1184
1022 1265
1022 1751
1023 294
1023 780
1023 996
1023 1005
1023 1014
1023 1017
1023 1020
1023 1024
1023 1025
1023 1050
1023 1104
1023 1185
1023 1266
1023 1752
1024 295
1024 781
1024 997
1024 1006
1024 1015
1024 1018
1024 1021
1024 1023
1024 1025
1024 1051
1024 1105
1024 1186
1024 1267
1024 1753
1025 296
1025 782
1025 998
1025 1007
1025 1016
1025 1019
1025 1022
1025 1023
1025 1024
1025 1052
1025 1106
1025 1187
1025 1268
1025 1754
1026 297
1026 783
1026 972
1026 999
1026 1027
1026 1028
1026 1029
1026 1032
1026 1035
1026 1044
1026 1107
1026 1188
1026 1269
1026 1755
1027 298
1027 784
1027 973
1027 1000
1027 1026
1027 1028
1027 1030
1027 1033
1027 1036
1027 1045
1027 1108
1027 1189
1027 1270
1027 1756
1028 299
1028 785
1028 974
1028 1001
1028 1026
1028 1027
1028 1031
1028 1034
1028 1037
1028 1046
1028 1109
1028 1190
1028 1271
1028 1757
1029 300
1029 786
1029 975
1029 1002
1029 1026
1029 1030
1029 1031
1029 1032
1029 1038
1029 1047
1029 1110
1029 1191
1029 1272
1029 1758
1030 301
1030 787
1030 976
1030 1003
1030 1027
1030 1029
1030 1031
1030 1033
1030 1039
1030 1048
1030 1111
1030 1192
1030 1273
1030 1759
1031 302
1031 788
1031 977
1031 1004
1031 1028
1031 1029
1031 1030
1031 1034
1031 1040
1031 1049
1031 1112
1031 1193
1031 1274
1031 1760
1032 303
1032 789
1032 978
1032 1005
1032 1026
1032 1029
1032 1033
1032 1034
1032 1041
1032 1050
1032 1113
1032 1194
1032 1275
1032 1761
1033 304
1033 790
1033 979
1033 1006
1033 1027
1033 1030
1033 1032
1033 1034
1033 1042
1033 1051
1033 1114
1033 1195
1033 1276
1033 1762
1034 305
1034 791
1034 980
1034 1007
1034 1028
1034 1031
1034 1032
1034 1033
1034 1043
1034 1052
1034 1115
1034 1196
1034 1277
1034 1763
1035 306
1035 792
1035 981
1035 1008
1035 1026
1035 1036
1035 1037
1035 1038
1035 1041
1035 1044
1035 1116
1035 1197
1035 1278
1035 1764
1036 307
1036 793
1036 982
1036 1009
1036 1027
1036 1035
1036 1037
1036 1039
1036 1042
1036 1045
1036 1117
1036 1198
1036 1279
1036 1765
1037 308
1037 794
1037 983
1037 1010
1037 1028
1037 1035
1037 1036
1037 1040
1037 1043
1037 1046
1037 1118
1037 1199
1037 1280
1037 1766
1038 309
1038 795
1038 984
1038 1011
1038 1029
1038 1035
1038 1039
1038 1040
1038 1041
1038 1047
1038 1119
1038 1200
1038 1281
1038 1767
1039 310
1039 796
1039 985
1039 1012
1039 1030
1039 1036
1039 1038
1039 1040
1039 1042
1039 1048
1039 1120
1039 1201
1039 1282
1039 1768
1040 311
1040 797
1040 986
1040 1013
1040 1031
1040 1037
1040 1038
1040 1039
1040 1043
1040 1049
1040 1121
1040 1202
1040 1283
1040 1769
1041 312
1041 798
1041 987
1041 1014
1041 1032
1041 1035
1041 1038
1041 1042
1041 1043
1041 1050
1041 1122
1041 1203
1041 1284
1041 1770
1042 313
1042 799
1042 988
1042 1015
1042 1033
1042 1036
1042 1039
1042 1041
1042 1043
1042 1051
1042 1123
1042 1204
1042 1285
1042 1771
1043 314
1043 800
1043 989
1043 1016
1043 1034
1043 1037
1043 1040
1043 1041
1043 1042
1043 1052
1043 1124
1043 1205
1043 1286
1043 1772
1044 315
1044 801
1044 990
1044 1017
1044 1026
1044 1035
1044 1045
1044 1046
1044 1047
1044 1050
1044 1125
1044 1206
1044 1287
1044 1773
1045 316
1045 802
1045 991
1045 1018
1045 1027
1045 1036
1045 1044
1045 1046
1045 1048
1045 1051
1045 1126
1045 1207
1045 1288
1045 1774
1046 317
1046 803
1046 992
1046 1019
1046 1028
1046 1037
1046 1044
1046 1045
1046 1049
1046 1052
1046 1127
1046 1208
1046 1289
1046 1775
1047 318
1047 804
1047 993
1047 1020
1047 1029
1047 1038
1047 1044
1047 1048
1047 1049
1047 1050
1047 1128
1047 1209
1047 1290
1047 1776
1048 319
1048 805
1048 994
1048 1021
1048 1030
1048 1039
1048 1045
1048 1047
1048 1049
1048 1051
1048 1129
1048 1210
1048 1291
1048 1777
1049 320
1049 806
1049 995
1049 1022
1049 1031
1049 1040
1049 1046
1049 1047
1049 1048
1049 1052
1049 1130
1049 1211
1049 1292
1049 1778
1050 321
1050 807
1050 996
1050 1023
1050 1032
1050 1041
1050 1044
1050 1047
1050 1051
1050 1052
1050 1131
1050 1212
1050 1293
1050 1779
1051 322
1051 808
1051 997
1051 1024
1051 1033
1051 1042
1051 1045
1051 1048
1051 1050
1051 1052
1051 1132
1051 1213
1051 1294
1051 1780
1052 323
1052 809
1052 998
1052 1025
1052 1034
1052 1043
1052 1046
1052 1049
1052 1050
1052 1051
1052 1133
1052 1214
1052 1295
1052 1781
1053 324
1053 810
1053 972
1053 1054
1053 1055
1053 1056
1053 1059
1053 1062
1053 1071
1053 1080
1053 1107
1053 1134
1053 1296
1053 1782
1054 325
1054 811
1054 973
1054 1053
1054 1055
1054 1057
1054 1060
1054 1063
1054 1072
1054 1081
1054 1108
1054 1135
1054 1297
1054 1783
1055 326
1055 812
1055 974
1055 1053
1055 1054
1055 1058
1055 1061
1055 1064
1055 1073
1055 1082
1055 1109
1055 1136
1055 1298
1055 1784
1056 327
1056 813
1056 975
1056 1053
1056 1057
1056 1058
1056 1059
1056 1065
1056 1074
1056 1083
1056 1110
1056 1137
1056 1299
1056 1785
1057 328
1057 814
1057 976
1057 1054
1057 1056
1057 1058
1057 1060
1057 1066
1057 1075
1057 1084
1057 1111
1057 1138
1057 1300
1057 1786
1058 329
1058 815
1058 977
1058 1055
1058 1056
1058 1057
1058 1061
1058 1067
1058 1076
1058 1085
1058 1112
1058 1139
1058 1301
1058 1787
1059 330
1059 816
1059 978
1059 1053
1059 1056
1059 1060
1059 1061
1059 1068
1059 1077
1059 1086
1059 1113
1059 1140
1059 1302
1059 1788
1060 331
1060 817
1060 979
1060 1054
1060 1057
1060 1059
1060 1061
1060 1069
1060 1078
1060 1087
1060 1114
1060 1141
1060 1303
1060 1789
1061 332
1061 818
1061 980
1061 1055
1061 1058
1061 1059
1061 1060
1061 1070
1061 1079
1061 1088
1061 1115
1061 1142
1061 1304
1061 1790
1062 333
1062 819
1062 981
1062 1053
1062 1063
1062 1064
1062 1065
1062 1068
1062 1071
1062 1089
1062 1116
1062 1143
1062 1305
1062 1791
1063 334
1063 820
1063 982
1063 1054
1063 1062
1063 1064
1063 1066
1063 1069
1063 1072
1063 1090
1063 1117
1063 1144
1063 1306
1063 1792
1064 335
1064 821
1064 983
1064 1055
1064 1062
1064 1063
1064 1067
1064 1070
1064 1073
1064 1091
1064 1118
1064 1145
1064 1307
1064 1793
1065 336
1065 822
1065 984
1065 1056
1065 1062
1065 1066
1065 1067
1065 1068
1065 1074
1065 1092
1065 1119
1065 1146
1065 1308
1065 1794
1066 337
1066 823
1066 985
1066 1057
1066 1063
1066 1065
1066 1067
1066 1069
1066 1075
1066 1093
1066 1120
1066 1147
1066 1309
1066 1795
1067 338
1067 824
1067 986
1067 1058
1067 1064
1067 1065
1067 1066
1067 1070
1067 1076
1067 1094
1067 1121
1067 1148
1067 1310
1067 1796
1068 339
1068 825
1068 987
1068 1059
1068 1062
1068 1065
1068 1069
1068 1070
1068 1077
1068 1095
1068 1122
1068 1149
1068 1311
1068 1797
1069 340
1069 826
1069 988
1069 1060
1069 1063
1069 1066
1069 1068
1069 1070
1069 1078
1069 1096
1069 1123
1069 1150
1069 1312
1069 1798
1070 341
1070 827
1070 989
1070 1061
1070 1064
1070 1067
1070 1068
1070 1069
1070 1079
1070 1097
1070 1124
1070 1151
1070 1313
1070 1799
1071 342
1071 828
1071 990
1071 1053
1071 1062
1071 1072
1071 1073
1071 1074
1071 1077
1071 1098
1071 1125
1071 1152
1071 1314
1071 1800
1072 343
1072 829
1072 991
1072 1054
1072 1063
1072 1071
1072 1073
1072 1075
1072 1078
1072 1099
1072 1126
1072 1153
1072 1315
1072 1801
1073 344
1073 830
1073 992
1073 1055
1073 1064
1073 1071
1073 1072
1073 1076
1073 1079
1073 1100
1073 1127
1073 1154
1073 1316
1073 1802
1074 345
1074 831
1074 993
1074 1056
1074 1065
1074 1071
1074 1075
1074 1076
1074 1077
1074 1101
1074 1128
1074 1155
1074 1317
1074 1803
1075 346
1075 832
1075 994
1075 1057
1075 1066
1075 1072
1075 1074
1075 1076
1075 1078
1075 1102
1075 1129
1075 1156
1075 1318
1075 1804
1076 347
1076 833
1076 995
1076 1058
1076 1067
1076 1073
1076 1074
1076 1075
1076 1079
1076 1103
1076 1130
1076 1157
1076 1319
1076 1805
1077 348
1077 834
1077 996
1077 1059
1077 1068
1077 1071
1077 1074
1077 1078
1077 1079
1077 1104
1077 1131
1077 1158
1077 1320
1077 1806
1078 349
1078 835
1078 997
1078 1060
1078 1069
1078 1072
1078 1075
1078 1077
1078 1079
1078 1105
1078 1132
1078 1159
1078 1321
1078 1807
1079 350
1079 836
1079 998
1079 1061
1079 1070
1079 1073
1079 1076
1079 1077
1079 1078
1079 1106
1079 1133
1079 1160
1079 1322
1079 1808
1080 351
1080 837
1080 999
1080 1053
1080 1081
1080 1082
1080 1083
1080 1086
1080 1089
1080 1098
1080 1107
1080 1161
1080 1323
1080 1809
1081 352
1081 838
1081 1000
1081 1054
1081 1080
1081 1082
1081 1084
1081 1087
1081 1090
1081 1099
1081 1108
1081 1162
1081 1324
1081 1810
1082 353
1082 839
1082 1001
1082 1055
1082 1080
1082 1081
1082 1085
1082 1088
1082 1091
1082 1100
1082 1109
1082 1163
1082 1325
1082 1811
1083 354
1083 840
1083 1002
1083 1056
1083 1080
1083 1084
1083 1085
1083 1086
1083 1092
1083 1101
1083 1110
1083 1164
1083 1326
1083 1812
1084 355
1084 841
1084 1003
1084 1057
1084 1081
1084 1083
1084 1085
1084 1087
1084 1093
1084 1102
1084 1111
1084 1165
1084 1327
1084 1813
1085 356
1085 842
1085 1004
1085 1058
1085 1082
1085 1083
1085 1084
1085 1088
1085 1094
1085 1103
1085 1112
1085 1166
1085 1328
1085 1814
1086 357
1086 843
1086 1005
1086 1059
1086 1080
1086 1083
1086 1087
1086 1088
1086 1095
1086 1104
1086 1113
1086 1167
1086 1329
1086 1815
1087 358
1087 844
1087 1006
1087 1060
1087 1081
1087 1084
1087 1086
1087 1088
1087 1096
1087 1105
1087 1114
1087 1168
1087 1330
1087 1816
1088 359
1088 845
1088 1007
1088 1061
1088 1082
1088 1085
1088 1086
1088 1087
1088 1097
1088 1106
1088 1115
1088 1169
1088 1331
1088 1817
1089 360
1089 846
1089 1008
1089 1062
1089 1080
1089 1090
1089 1091
1089 1092
1089 1095
1089 1098
1089 1116
1089 1170
1089 1332
1089 1818
1090 361
1090 847
1090 1009
1090 1063
1090 1081
1090 1089
1090 1091
1090 1093
1090 1096
1090 1099
1090 1117
1090 1171
1090 1333
1090 1819
1091 362
1091 848
1091 1010
1091 1064
1091 1082
1091 1089
1091 1090
1091 1094
1091 1097
1091 1100
1091 1118
1091 1172
1091 1334
1091 1820
1092 363
1092 849
1092 1011
1092 1065
1092 1083
1092 1089
1092 1093
1092 1094
1092 1095
1092 1101
1092 1119
1092 1173
1092 1335
1092 1821
1093 364
1093 850
1093 1012
1093 1066
1093 1084
1093 1090
1093 1092
1093 1094
1093 1096
1093 1102
1093 1120
1093 1174
1093 1336
1093 1822
1094 365
1094 851
1094 1013
1094 1067
1094 1085
1094 1091
1094 1092
1094 1093
1094 1097
1094 1103
1094 1121
1094 1175
1094 1337
1094 1823
1095 366
1095 852
1095 1014
1095 1068
1095 1086
1095 1089
1095 1092
1095 1096
1095 1097
1095 1104
1095 1122
1095 1176
1095 1338
1095 1824
1096 367
1096 853
1096 1015
1096 1069
1096 1087
1096 1090
1096 1093
1096 1095
1096 1097
1096 1105
1096 1123
1096 1177
1096 1339
1096 1825
1097 368
1097 854
1097 1016
1097 1070
1097 1088
1097 1091
1097 1094
1097 1095
1097 1096
1097 1106
1097 1124
1097 1178
1097 1340
1097 1826
1098 369
1098 855
1098 1017
1098 1071
1098 1080
1098 1089
1098 1099
1098 1100
1098 1101
1098 1104
1098 1125
1098 1179
1098 1341
1098 1827
1099 370
1099 856
1099 1018
1099 1072
1099 1081
1099 1090
1099 1098
1099 1100
1099 1102
1099 1105
1099 1126
1099 1180
1099 1342
1099 1828
1100 371
1100 857
1100 1019
1100 1073
1100 1082
1100 1091
1100 1098
1100 1099
1100 1103
1100 1106
1100 1127
1100 1181
1100 1343
1100 1829
1101 372
1101 858
1101 1020
1101 1074
1101 1083
1101 1092
1101 1098
1101 1102
1101 1103
1101 1104
1101 1128
1101 1182
1101 1344
1101 1830
1102 373
1102 859
1102 1021
1102 1075
1102 1084
1102 1093
1102 1099
1102 1101
1102 1103
1102 1105
1102 1129
1102 1183
1102 1345
1102 1831
1103 374
1103 860
1103 1022
1103 1076
1103 1085
1103 1094
1103 1100
1103 1101
1103 1102
1103 1106
1103 1130
1103 1184
1103 1346
1103 1832
1104 375
1104 861
1104 1023
1104 1077
1104 1086
1104 1095
1104 1098
1104 1101
1104 1105
1104 1106
1104 1131
1104 1185
1104 1347
1104 1833
1105 376
1105 862
1105 1024
1105 1078
1105 1087
1105 1096
1105 1099
1105 1102
1105 1104
1105 1106
1105 1132
1105 1186
1105 1348
1105 1834
1106 377
1106 863
1106 1025
1106 1079
1106 1088
1106 1097
1106 1100
1106 1103
1106 1104
1106 1105
1106 1133
1106 1187
1106 1349
1106 1835
1107 378
1107 864
1107 1026
1107 1053
1107 1080
1107 1108
1107 1109
1107 1110
1107 1113
1107 1116
1107 1125
1107 1188
1107 1350
1107 1836
1108 379
1108 865
1108 1027
1108 1054
1108 1081
1108 1107
1108 1109
1108 1111
1108 1114
1108 1117
1108 1126
1108 1189
1108 1351
1108 1837
1109 380
1109 866
1109 1028
1109 1055
1109 1082
1109 1107
1109 1108
1109 1112
1109 1115
1109 1118
1109 1127
1109 1190
1109 1352
1109 1838
1110 381
1110 867
1110 1029
1110 1056
1110 1083
1110 1107
1110 1111
1110 1112
1110 1113
1110 1119
1110 1128
1110 1191
1110 1353
1110 1839
1111 382
1111 868
1111 1030
1111 1057
1111 1084
1111 1108
1111 1110
1111 1112
1111 1114
1111 1120
1111 1129
1111 1192
1111 1354
1111 1840
1112 383
1112 869
1112 1031
1112 1058
1112 1085
1112 1109
1112 1110
1112 1111
1112 1115
1112 1121
1112 1130
1112 1193
1112 1355
1112 1841
1113 384
1113 870
1113 1032
1113 1059
1113 1086
1113 1107
1113 1110
1113 1114
1113 1115
1113 1122
1113 1131
1113 1194
1113 1356
1113 1842
1114 385
1114 871
1114 1033
1114 1060
1114 1087
1114 1108
1114 1111
1114 1113
1114 1115
1114 1123
1114 1132
1114 1195
1114 1357
1114 1843
1115 386
1115 872
1115 1034
1115 1061
1115 1088
1115 1109
1115 1112
1115 1113
1115 1114
1115 1124
1115 1133
1115 1196
1115 1358
1115 1844
1116 387
1116 873
1116 1035
1116 1062
1116 1089
1116 1107
1116 1117
1116 1118
1116 1119
1116 1122
1116 1125
1116 1197
1116 1359
1116 1845
1117 388
1117 874
1117 1036
1117 1063
1117 1090
1117 1108
1117 1116
1117 1118
1117 1120
1117 1123
1117 1126
1117 1198
1117 1360
1117 1846
1118 389
1118 875
1118 1037
1118 1064
1118 1091
1118 1109
1118 1116
1118 1117
1118 1121
1118 1124
1118 1127
1118 1199
1118 1361
1118 1847
1119 390
1119 876
1119 1038
1119 1065
1119 1092
1119 1110
1119 1116
1119 1120
1119 1121
1119 1122
1119 1128
1119 1200
1119 1362
1119 1848
1120 391
1120 877
1120 1039
1120 1066
1120 1093
1120 1111
1120 1117
1120 1119
1120 1121
1120 1123
1120 1129
1120 1201
1120 1363
1120 1849
1121 392
1121 878
1121 1040
1121 1067
1121 1094
1121 1112
1121 1118
1121 1119
1121 1120
1121 1124
1121 1130
1121 1202
1121 1364
1121 1850
1122 393
1122 879
1122 1041
1122 1068
1122 1095
1122 1113
1122 1116
1122 1119
1122 1123
1122 1124
1122 1131
1122 1203
1122 1365
1122 1851
1123 394
1123 880
1123 1042
1123 1069
1123 1096
1123 1114
1123 1117
1123 1120
1123 1122
1123 1124
1123 1132
1123 1204
1123 1366
1123 1852
1124 395
1124 881
1124 1043
1124 1070
1124 1097
1124 1115
1124 1118
1124 1121
1124 1122
1124 1123
1124 1133
1124 1205
1124 1367
1124 1853
1125 396
1125 882
1125 1044
1125 1071
1125 1098
1125 1107
1125 1116
1125 1126
1125 1127
1125 1128
1125 1131
1125 1206
1125 1368
1125 1854
1126 397
1126 883
1126 1045
1126 1072
1126 1099
1126 1108
1126 1117
1126 1125
1126 1127
1126 1129
1126 1132
1126 1207
1126 1369
1126 1855
1127 398
1127 884
1127 1046
1127 1073
1127 1100
1127 1109
1127 1118
1127 1125
1127 1126
1127 1130
1127 1133
1127 1208
1127 1370
1127 1856
1128 399
1128 885
1128 1047
1128 1074
1128 1101
1128 1110
1128 1119
1128 1125
1128 1129
1128 1130
1128 1131
1128 1209
1128 1371
1128 1857
1129 400
1129 886
1129 1048
1129 1075
1129 1102
1129 1111
1129 1120
1129 1126
1129 1128
1129 1130
1129 1132
1129 1210
1129 1372
1129 1858
1130 401
1130 887
1130 1049
1130 1076
1130 1103
1130 1112
1130 1121
1130 1127
1130 1128
1130 1129
1130 1133
1130 1211
1130 1373
1130 1859
1131 402
1131 888
1131 1050
1131 1077
1131 1104
1131 1113
1131 1122
1131 1125
1131 1128
1131 1132
1131 1133
1131 1212
1131 1374
1131 1860
1132 403
1132 889
1132 1051
1132 1078
1132 1105
1132 1114
1132 1123
1132 1126
1132 1129
1132 1131
1132 1133
1132 1213
1132 1375
1132 1861
1133 404
1133 890
1133 1052
1133 1079
1133 1106
1133 1115
1133 1124
1133 1127
1133 1130
1133 1131
1133 1132
1133 1214
1133 1376
1133 1862
1134 405
1134 891
1134 972
1134 1053
1134 1135
1134 1136
1134 1137
1134 1140
1134 1143
1134 1152
1134 1161
1134 1188
1134 1377
1134 1863
1135 406
1135 892
1135 973
1135 1054
1135 1134
1135 1136
1135 1138
1135 1141
1135 1144
1135 1153
1135 1162
1135 1189
1135 1378
1135 1864
1136 407
1136 893
1136 974
1136 1055
1136 1134
1136 1135
1136 1139
1136 1142
1136 1145
1136 1154
1136 1163
1136 1190
1136 1379
1136 1865
1137 408
1137 894
1137 975
1137 1056
1137 1134
1137 1138
1137 1139
1137 1140
1137 1146
1137 1155
1137 1164
1137 1191
1137 1380
1137 1866
1138 409
1138 895
1138 976
1138 1057
1138 1135
1138 1137
1138 1139
1138 1141
1138 1147
1138 1156
1138 1165
1138 1192
1138 1381
1138 1867
1139 410
1139 896
1139 977
1139 1058
1139 1136
1139 1137
1139 1138
1139 1142
1139 1148
1139 1157
1139 1166
1139 1193
1139 1382
1139 1868
1140 411
1140 897
1140 978
1140 1059
1140 1134
1140 1137
1140 1141
1140 1142
1140 1149
1140 1158
1140 1167
1140 1194
1140 1383
1140 1869
1141 412
1141 898
1141 979
1141 1060
1141 1135
1141 1138
1141 1140
1141 1142
1141 1150
1141 1159
1141 1168
1141 1195
1141 1384
1141 1870
1142 413
1142 899
1142 980
1142 1061
1142 1136
1142 1139
1142 1140
1142 1141
1142 1151
1142 1160
1142 1169
1142 1196
1142 1385
1142 1871
1143 414
1143 900
1143 981
1143 1062
1143 1134
1143 1144
1143 1145
1143 1146
1143 1149
1143 1152
1143 1170
1143 1197
1143 1386
1143 1872
1144 415
1144 901
1144 982
1144 1063
1144 1135
1144 1143
1144 1145
1144 1147
1144 1150
1144 1153
1144 1171
1144 1198
1144 1387
1144 1873
1145 416
1145 902
1145 983
1145 1064
1145 1136
1145 1143
1145 1144
1145 1148
1145 1151
1145 1154
1145 1172
1145 1199
1145 1388
1145 1874
1146 417
1146 903
1146 984
1146 1065
1146 1137
1146 1143
1146 1147
1146 1148
1146 1149
1146 1155
1146 1173
1146 1200
1146 1389
1146 1875
1147 418
1147 904
1147 985
1147 1066
1147 1138
1147 1144
1147 1146
1147 1148
1147 1150
1147 1156
1147 1174
1147 1201
1147 1390
1147 1876
1148 419
1148 905
1148 986
1148 1067
1148 1139
1148 1145
1148 1146
1148 1147
1148 1151
1148 1157
1148 1175
1148 1202
1148 1391
1148 1877
1149 420
1149 906
1149 987
1149 1068
1149 1140
1149 1143
1149 1146
1149 1150
1149 1151
1149 1158
1149 1176
1149 1203
1149 1392
1149 1878
1150 421
1150 907
1150 988
1150 1069
1150 1141
1150 1144
1150 1147
1150 1149
1150 1151
1150 1159
1150 1177
1150 1204
1150 1393
1150 1879
1151 422
1151 908
1151 989
1151 1070
1151 1142
1151 1145
1151 1148
1151 1149
1151 1150
1151 1160
1151 1178
1151 1205
1151 1394
1151 1880
1152 423
1152 909
1152 990
1152 1071
1152 1134
1152 1143
1152 1153
1152 1154
1152 1155
1152 1158
1152 1179
1152 1206
1152 1395
1152 1881
1153 424
1153 910
1153 991
1153 1072
1153 1135
1153 1144
1153 1152
1153 1154
1153 1156
1153 1159
1153 1180
1153 1207
1153 1396
1153 1882
1154 425
1154 911
1154 992
1154 1073
1154 1136
1154 1145
1154 1152
1154 1153
1154 1157
1154 1160
1154 1181
1154 1208
1154 1397
1154 1883
1155 426
1155 912
1155 993
1155 1074
1155 1137
1155 1146
1155 1152
1155 1156
1155 1157
1155 1158
1155 1182
1155 1209
1155 1398
1155 1884
1156 427
1156 913
1156 994
1156 1075
1156 1138
1156 1147
1156 1153
1156 1155
1156 1157
1156 1159
1156 1183
1156 1210
1156 1399
1156 1885
1157 428
1157 914
1157 995
1157 1076
1157 1139
1157 1148
1157 1154
1157 1155
1157 1156
1157 1160
1157 1184
1157 1211
1157 1400
1157 1886
1158 429
1158 915
1158 996
1158 1077
1158 1140
1158 1149
1158 1152
1158 1155
1158 1159
1158 1160
1158 1185
1158 1212
1158 1401
1158 1887
1159 430
1159 916
1159 997
1159 1078
1159 1141
1159 1150
1159 1153
1159 1156
1159 1158
1159 1160
1159 1186
1159 1213
1159 1402
1159 1888
1160 431
1160 917
1160 998
1160 1079
1160 1142
1160 1151
1160 1154
1160 1157
1160 1158
1160 1159
1160 1187
1160 1214
1160 1403
1160 1889
1161 432
1161 918
1161 999
1161 1080
1161 1134
1161 1162
1161 1163
1161 1164
1161 1167
1161 1170
1161 1179
1161 1188
1161 1404
1161 1890
1162 433
1162 919
1162 1000
1162 1081
1162 1135
1162 1161
1162 1163
1162 1165
1162 1168
1162 1171
1162 1180
1162 1189
1162 1405
1162 1891
1163 434
1163 920
1163 1001
1163 1082
1163 1136
1163 1161
1163 1162
1163 1166
1163 1169
1163 1172
1163 1181
1163 1190
1163 1406
1163 1892
1164 435
1164 921
1164 1002
1164 1083
1164 1137
1164 1161
1164 1165
1164 1166
1164 1167
1164 1173
1164 1182
1164 1191
1164 1407
1164 1893
1165 436
1165 922
1165 1003
1165 1084
1165 1138
1165 1162
1165 1164
1165 1166
1165 1168
1165 1174
1165 1183
1165 1192
1165 1408
1165 1894
1166 437
1166 923
1166 1004
1166 1085
1166 1139
1166 1163
1166 1164
1166 1165
1166 1169
1166 1175
1166 1184
1166 1193
1166 1409
1166 1895
1167 438
1167 924
1167 1005
1167 1086
1167 1140
1167 1161
1167 1164
1167 1168
1167 1169
1167 1176
1167 1185
1167 1194
1167 1410
1167 1896
1168 439
1168 925
1168 1006
1168 1087
1168 1141
1168 1162
1168 1165
1168 1167
1168 1169
1168 1177
1168 1186
1168 1195
1168 1411
1168 1897
1169 440
1169 926
1169 1007
1169 1088
1169 1142
1169 1163
1169 1166
1169 1167
1169 1168
1169 1178
1169 1187
1169 1196
1169 1412
1169 1898
1170 441
1170 927
1170 1008
1170 1089
1170 1143
1170 1161
1170 1171
1170 1172
1170 1173
1170 1176
1170 1179
1170 1197
1170 1413
1170 1899
1171 442
1171 928
1171 1009
1171 1090
1171 1144
1171 1162
1171 1170
1171 1172
1171 1174
1171 1177
1171 1180
1171 1198
1171 1414
1171 1900
1172 443
1172 929
1172 1010
1172 1091
1172 1145
1172 1163
1172 1170
1172 1171
1172 1175
1172 1178
1172 1181
1172 1199
1172 1415
1172 1901
1173 444
1173 930
1173 1011
1173 1092
1173 1146
1173 1164
1173 1170
1173 1174
1173 1175
1173 1176
1173 1182
1173 1200
1173 1416
1173 1902
1174 445
1174 931
1174 1012
1174 1093
1174 1147
1174 1165
1174 1171
1174 1173
1174 1175
1174 1177
1174 1183
1174 1201
1174 1417
1174 1903
1175 446
1175 932
1175 1013
1175 1094
1175 1148
1175 1166
1175 1172
1175 1173
1175 1174
1175 1178
1175 1184
1175 1202
1175 1418
1175 1904
1176 447
1176 933
1176 1014
1176 1095
1176 1149
1176 1167
1176 1170
1176 1173
1176 1177
1176 1178
1176 1185
1176 1203
1176 1419
1176 1905
1177 448
1177 934
1177 1015
1177 1096
1177 1150
1177 1168
1177 1171
1177 1174
1177 1176
1177 1178
1177 1186
1177 1204
1177 1420
1177 1906
1178 449
1178 935
1178 1016
1178 1097
1178 1151
1178 1169
1178 1172
1178 1175
1178 1176
1178 1177
1178 1187
1178 1205
1178 1421
1178 1907
1179 450
1179 936
1179 1017
1179 1098
1179 1152
1179 1161
1179 1170
1179 1180
1179 1181
1179 1182
1179 1185
1179 1206
1179 1422
1179 1908
1180 451
1180 937
1180 1018
1180 1099
1180 1153
1180 1162
1180 1171
1180 1179
1180 1181
1180 1183
1180 1186
1180 1207
1180 1423
1180 1909
1181 452
1181 938
1181 1019
1181 1100
1181 1154
1181 1163
1181 1172
1181 1179
1181 1180
1181 1184
1181 1187
1181 1208
1181 1424
1181 1910
1182 453
1182 939
1182 1020
1182 1101
1182 1155
1182 1164
1182 1173
1182 1179
1182 1183
1182 1184
1182 1185
1182 1209
1182 1425
1182 1911
1183 454
1183 940
1183 1021
1183 1102
1183 1156
1183 1165
1183 1174
1183 1180
1183 1182
1183 1184
1183 1186
1183 1210
1183 1426
1183 1912
1184 455
1184 941
1184 1022
1184 1103
1184 1157
1184 1166
1184 1175
1184 1181
1184 1182
1184 1183
1184 1187
1184 1211
1184 1427
1184 1913
1185 456
1185 942
1185 1023
1185 1104
1185 1158
1185 1167
1185 1176
1185 1179
1185 1182
1185 1186
1185 1187
1185 1212
1185 1428
1185 1914
1186 457
1186 943
1186 1024
1186 1105
1186 1159
1186 1168
1186 1177
1186 1180
1186 1183
1186 1185
1186 1187
1186 1213
1186 1429
1186 1915
1187 458
1187 944
1187 1025
1187 1106
1187 1160
1187 1169
1187 1178
1187 1181
1187 1184
1187 1185
1187 1186
1187 1214
1187 1430
1187 1916
1188 459
1188 945
1188 1026
1188 1107
1188 1134
1188 1161
1188 1189
1188 1190
1188 1191
1188 1194
1188 1197
1188 1206
1188 1431
1188 1917
1189 460
1189 946
1189 1027
1189 1108
1189 1135
1189 1162
1189 1188
1189 1190
1189 1192
1189 1195
1189 1198
1189 1207
1189 1432
1189 1918
1190 461
1190 947
1190 1028
1190 1109
1190 1136
1190 1163
1190 1188
1190 1189
1190 1193
1190 1196
1190 1199
1190 1208
1190 1433
1190 1919
1191 462
1191 948
1191 1029
1191 1110
1191 1137
1191 1164
1191 1188
1191 1192
1191 1193
1191 1194
1191 1200
1191 1209
1191 1434
1191 1920
1192 463
1192 949
1192 1030
1192 1111
1192 1138
1192 1165
1192 1189
1192 1191
1192 1193
1192 1195
1192 1201
1192 1210
1192 1435
1192 1921
1193 464
1193 950
1193 1031
1193 1112
1193 1139
1193 1166
1193 1190
1193 1191
1193 1192
1193 1196
1193 1202
1193 1211
1193 1436
1193 1922
1194 465
1194 951
1194 1032
1194 1113
1194 1140
1194 1167
1194 1188
1194 1191
1194 1195
1194 1196
1194 1203
1194 1212
1194 1437
1194 1923
1195 466
1195 952
1195 1033
1195 1114
1195 1141
1195 1168
1195 1189
1195 1192
1195 1194
1195 1196
1195 1204
1195 1213
1195 1438
1195 1924
1196 467
1196 953
1196 1034
1196 1115
1196 1142
1196 1169
1196 1190
1196 1193
1196 1194
1196 1195
1196 1205
1196 1214
1196 1439
1196 1925
1197 468
1197 954
1197 1035
1197 1116
1197 1143
1197 1170
1197 1188
1197 1198
1197 1199
1197 1200
1197 1203
1197 1206
1197 1440
1197 1926
1198 469
1198 955
1198 1036
1198 1117
1198 1144
1198 1171
1198 1189
1198 1197
1198 1199
1198 1201
1198 1204
1198 1207
1198 1441
1198 1927
1199 470
1199 956
1199 1037
1199 1118
1199 1145
1199 1172
1199 1190
1199 1197
1199 1198
1199 1202
1199 1205
1199 1208
1199 1442
1199 1928
1200 471
1200 957
1200 1038
1200 1119
1200 1146
1200 1173
1200 1191
1200 1197
1200 1201
1200 1202
1200 1203
1200 1209
1200 1443
1200 1929
1201 472
1201 958
1201 1039
1201 1120
1201 1147
1201 1174
1201 1192
1201 1198
1201 1200
1201 1202
1201 1204
1201 1210
1201 1444
1201 1930
1202 473
1202 959
1202 1040
1202 1121
1202 1148
1202 1175
1202 1193
1202 1199
1202 1200
1202 1201
1202 1205
1202 1211
1202 1445
1202 1931
1203 474
1203 960
1203 1041
1203 1122
1203 1149
1203 1176
1203 1194
1203 1197
1203 1200
1203 1204
1203 1205
1203 1212
1203 1446
1203 1932
1204 475
1204 961
1204 1042
1204 1123
1204 1150
1204 1177
1204 1195
1204 1198
1204 1201
1204 1203
1204 1205
1204 1213
1204 1447
1204 1933
1205 476
1205 962
1205 1043
1205 1124
1205 1151
1205 1178
1205 1196
1205 1199
1205 1202
1205 1203
1205 1204
1205 1214
1205 1448
1205 1934
1206 477
1206 963
1206 1044
1206 1125
1206 1152
1206 1179
1206 1188
1206 1197
1206 1207
1206 1208
1206 1209
1206 1212
1206 1449
1206 1935
1207 478
1207 964
1207 1045
1207 1126
1207 1153
1207 1180
1207 1189
1207 1198
1207 1206
1207 1208
1207 1210
1207 1213
1207 1450
1207 1936
1208 479
1208 965
1208 1046
1208 1127
1208 1154
1208 1181
1208 1190
1208 1199
1208 1206
1208 1207
1208 1211
1208 1214
1208 1451
1208 1937
1209 480
1209 966
1209 1047
1209 1128
1209 1155
1209 1182
1209 1191
1209 1200
1209 1206
1209 1210
1209 1211
1209 1212
1209 1452
1209 1938
1210 481
1210 967
1210 1048
1210 1129
1210 1156
1210 1183
1210 1192
1210 1201
1210 1207
1210 1209
1210 1211
1210 1213
1210 1453
1210 1939
1211 482
1211 968
1211 1049
1211 1130
1211 1157
1211 1184
1211 1193
1211 1202
1211 1208
1211 1209
1211 1210
1211 1214
1211 1454
1211 1940
1212 483
1212 969
1212 1050
1212 1131
1212 1158
1212 1185
1212 1194
1212 1203
1212 1206
1212 1209
1212 1213
1212 1214
1212 1455
1212 1941
1213 484
1213 970
1213 1051
1213 1132
1213 1159
1213 1186
1213 1195
1213 1204
1213 1207
1213 1210
1213 1212
1213 1214
1213 1456
1213 1942
1214 485
1214 971
1214 1052
1214 1133
1214 1160
1214 1187
1214 1196
1214 1205
1214 1208
1214 1211
1214 1212
1214 1213
1214 1457
1214 1943
1215 486
1215 729
1215 972
1215 1216
1215 1217
1215 1218
1215 1221
1215 1224
1215 1233
1215 1242
1215 1269
1215 1296
1215 1377
1215 1944
1216 487
1216 730
1216 973
1216 1215
1216 1217
1216 1219
1216 1222
1216 1225
1216 1234
1216 1243
1216 1270
1216 1297
1216 1378
1216 1945
1217 488
1217 731
1217 974
1217 1215
1217 1216
1217 1220
1217 1223
1217 1226
1217 1235
1217 1244
1217 1271
1217 1298
1217 1379
1217 1946
1218 489
1218 732
1218 975
1218 1215
1218 1219
1218 1220
1218 1221
1218 1227
1218 1236
1218 1245
1218 1272
1218 1299
1218 1380
1218 1947
1219 490
1219 733
1219 976
1219 1216
1219 1218
1219 1220
1219 1222
1219 1228
1219 1237
1219 1246
1219 1273
1219 1300
1219 1381
1219 1948
1220 491
1220 734
1220 977
1220 1217
1220 1218
1220 1219
1220 1223
1220 1229
1220 1238
1220 1247
1220 1274
1220 1301
1220 1382
1220 1949
1221 492
1221 735
1221 978
1221 1215
1221 1218
1221 1222
1221 1223
1221 1230
1221 1239
1221 1248
1221 1275
1221 1302
1221 1383
1221 1950
1222 493
1222 736
1222 979
1222 1216
1222 1219
1222 1221
1222 1223
1222 1231
1222 1240
1222 1249
1222 1276
1222 1303
1222 1384
1222 1951
1223 494
1223 737
1223 980
1223 1217
1223 1220
1223 1221
1223 1222
1223 1232
1223 1241
1223 1250
1223 1277
1223 1304
1223 1385
1223 1952
1224 495
1224 738
1224 981
1224 1215
1224 1225
1224 1226
1224 1227
1224 1230
1224 1233
1224 1251
1224 1278
1224 1305
1224 1386
1224 1953
1225 496
1225 739
1225 982
1225 1216
1225 1224
1225 1226
1225 1228
1225 1231
1225 1234
1225 1252
1225 1279
1225 1306
1225 1387
1225 1954
1226 497
1226 740
1226 983
1226 1217
1226 1224
1226 1225
1226 1229
1226 1232
1226 1235
1226 1253
1226 1280
1226 1307
1226 1388
1226 1955
1227 498
1227 741
1227 984
1227 1218
1227 1224
1227 1228
1227 1229
1227 1230
1227 1236
1227 1254
1227 1281
1227 1308
1227 1389
1227 1956
1228 499
1228 742
1228 985
1228 1219
1228 1225
1228 1227
1228 1229
1228 1231
1228 1237
1228 1255
1228 1282
1228 1309
1228 1390
1228 1957
1229 500
1229 743
1229 986
1229 1220
1229 1226
1229 1227
1229 1228
1229 1232
1229 1238
1229 1256
1229 1283
1229 1310
1229 1391
1229 1958
1230 501
1230 744
1230 987
1230 1221
1230 1224
1230 1227
1230 1231
1230 1232
1230 1239
1230 1257
1230 1284
1230 1311
1230 1392
1230 1959
1231 502
1231 745
1231 988
1231 1222
1231 1225
1231 1228
1231 1230
1231 1232
1231 1240
1231 1258
1231 1285
1231 1312
1231 1393
1231 1960
1232 503
1232 746
1232 989
1232 1223
1232 1226
1232 1229
1232 1230
1232 1231
1232 1241
1232 1259
1232 1286
1232 1313
1232 1394
1232 1961
1233 504
1233 747
1233 990
1233 1215
1233 1224
1233 1234
1233 1235
1233 1236
1233 1239
1233 1260
1233 1287
1233 1314
1233 1395
1233 1962
1234 505
1234 748
1234 991
1234 1216
1234 1225
1234 1233
1234 1235
1234 1237
1234 1240
1234 1261
1234 1288
1234 1315
1234 1396
1234 1963
1235 506
1235 749
1235 992
1235 1217
1235 1226
1235 1233
1235 1234
1235 1238
1235 1241
1235 1262
1235 1289
1235 1316
1235 1397
1235 1964
1236 507
1236 750
1236 993
1236 1218
1236 1227
1236 1233
1236 1237
1236 1238
1236 1239
1236 1263
1236 1290
1236 1317
1236 1398
1236 1965
1237 508
1237 751
1237 994
1237 1219
1237 1228
1237 1234
1237 1236
1237 1238
1237 1240
1237 1264
1237 1291
1237 1318
1237 1399
1237 1966
1238 509
1238 752
1238 995
1238 1220
1238 1229
1238 1235
1238 1236
1238 1237
1238 1241
1238 1265
1238 1292
1238 1319
1238 1400
1238 1967
1239 510
1239 753
1239 996
1239 1221
1239 1230
1239 1233
1239 1236
1239 1240
1239 1241
1239 1266
1239 1293
1239 1320
1239 1401
1239 1968
1240 511
1240 754
1240 997
1240 1222
1240 1231
1240 1234
1240 1237
1240 1239
1240 1241
1240 1267
1240 1294
1240 1321
1240 1402
1240 1969
1241 512
1241 755
1241 998
1241 1223
1241 1232
1241 1235
1241 1238
1241 1239
1241 1240
1241 1268
1241 1295
1241 1322
1241 1403
1241 1970
1242 513
1242 756
1242 999
1242 1215
1242 1243
1242 1244
1242 1245
1242 1248
1242 1251
1242 1260
1242 1269
1242 1323
1242 1404
1242 1971
1243 514
1243 757
1243 1000
1243 1216
1243 1242
1243 1244
1243 1246
1243 1249
1243 1252
1243 1261
1243 1270
1243 1324
1243 1405
1243 1972
1244 515
1244 758
1244 1001
1244 1217
1244 1242
1244 1243
1244 1247
1244 1250
1244 1253
1244 1262
1244 1271
1244 1325
1244 1406
1244 1973
1245 516
1245 759
1245 1002
1245 1218
1245 1242
1245 1246
1245 1247
1245 1248
1245 1254
1245 1263
1245 1272
1245 1326
1245 1407
1245 1974
1246 517
1246 760
1246 1003
1246 1219
1246 1243
1246 1245
1246 1247
1246 1249
1246 1255
1246 1264
1246 1273
1246 1327
1246 1408
1246 1975
1247 518
1247 761
1247 1004
1247 1220
1247 1244
1247 1245
1247 1246
1247 1250
1247 1256
1247 1265
1247 1274
1247 1328
1247 1409
1247 1976
1248 519
1248 762
1248 1005
1248 1221
1248 1242
1248 1245
1248 1249
1248 1250
1248 1257
1248 1266
1248 1275
1248 1329
1248 1410
1248 1977
1249 520
1249 763
1249 1006
1249 1222
1249 1243
1249 1246
1249 1248
1249 1250
1249 1258
1249 1267
1249 1276
1249 1330
1249 1411
1249 1978
1250 521
1250 764
1250 1007
1250 1223
1250 1244
1250 1247
1250 1248
1250 1249
1250 1259
1250 1268
1250 1277
1250 1331
1250 1412
1250 1979
1251 522
1251 765
1251 1008
1251 1224
1251 1242
1251 1252
1251 1253
1251 1254
1251 1257
1251 1260
1251 1278
1251 1332
1251 1413
1251 1980
1252 523
1252 766
1252 1009
1252 1225
1252 1243
1252 1251
1252 1253
1252 1255
1252 1258
1252 1261
1252 1279
1252 1333
1252 1414
1252 1981
1253 524
1253 767
1253 1010
1253 1226
1253 1244
1253 1251
1253 1252
1253 1256
1253 1259
1253 1262
1253 1280
1253 1334
1253 1415
1253 1982
1254 525
1254 768
1254 1011
1254 1227
1254 1245
1254 1251
1254 1255
1254 1256
1254 1257
1254 1263
1254 1281
1254 1335
1254 1416
1254 1983
1255 526
1255 769
1255 1012
1255 1228
1255 1246
1255 1252
1255 1254
1255 1256
1255 1258
1255 1264
1255 1282
1255 1336
1255 1417
1255 1984
1256 527
1256 770
1256 1013
1256 1229
1256 1247
1256 1253
1256 1254
1256 1255
1256 1259
1256 1265
1256 1283
1256 1337
1256 1418
1256 1985
1257 528
1257 771
1257 1014
1257 1230
1257 1248
1257 1251
1257 1254
1257 1258
1257 1259
1257 1266
1257 1284
1257 1338
1257 1419
1257 1986
1258 529
1258 772
1258 1015
1258 1231
1258 1249
1258 1252
1258 1255
1258 1257
1258 1259
1258 1267
1258 1285
1258 1339
1258 1420
1258 1987
1259 530
1259 773
1259 1016
1259 1232
1259 1250
1259 1253
1259 1256
1259 1257
1259 1258
1259 1268
1259 1286
1259 1340
1259 1421
1259 1988
1260 531
1260 774
1260 1017
1260 1233
1260 1242
1260 1251
1260 1261
1260 1262
1260 1263
1260 1266
1260 1287
1260 1341
1260 1422
1260 1989
1261 532
1261 775
1261 1018
1261 1234
1261 1243
1261 1252
1261 1260
1261 1262
1261 1264
1261 1267
1261 1288
1261 1342
1261 1423
1261 1990
1262 533
1262 776
1262 1019
1262 1235
1262 1244
1262 1253
1262 1260
1262 1261
1262 1265
1262 1268
1262 1289
1262 1343
1262 1424
1262 1991
1263 534
1263 777
1263 1020
1263 1236
1263 1245
1263 1254
1263 1260
1263 1264
1263 1265
1263 1266
1263 1290
1263 1344
1263 1425
1263 1992
1264 535
1264 778
1264 1021
1264 1237
1264 1246
1264 1255
1264 1261
1264 1263
1264 1265
1264 1267
1264 1291
1264 1345
1264 1426
1264 1993
1265 536
1265 779
1265 1022
1265 1238
1265 1247
1265 1256
1265 1262
1265 1263
1265 1264
1265 1268
1265 1292
1265 1346
1265 1427
1265 1994
1266 537
1266 780
1266 1023
1266 1239
1266 1248
1266 1257
1266 1260
1266 1263
1266 1267
1266 1268
1266 1293
1266 1347
1266 1428
1266 1995
1267 538
1267 781
1267 1024
1267 1240
1267 1249
1267 1258
1267 1261
1267 1264
1267 1266
1267 1268
1267 1294
1267 1348
1267 1429
1267 1996
1268 539
1268 782
1268 1025
1268 1241
1268 1250
1268 1259
1268 1262
1268 1265
1268 1266
1268 1267
1268 1295
1268 1349
1268 1430
1268 1997
1269 540
1269 783
1269 1026
1269 1215
1269 1242
1269 1270
1269 1271
1269 1272
1269 1275
1269 1278
1269 1287
1269 1350
1269 1431
1269 1998
1270 541
1270 784
1270 1027
1270 1216
1270 1243
1270 1269
1270 1271
1270 1273
1270 1276
1270 1279
1270 1288
1270 1351
1270 1432
1270 1999
1271 542
1271 785
1271 1028
1271 1217
1271 1244
1271 1269
1271 1270
1271 1274
1271 1277
1271 1280
1271 1289
1271 1352
1271 1433
1271 2000
1272 543
1272 786
1272 1029
1272 1218
1272 1245
1272 1269
1272 1273
1272 1274
1272 1275
1272 1281
1272 1290
1272 1353
1272 1434
1272 2001
1273 544
1273 787
1273 1030
1273 1219
1273 1246
1273 1270
1273 1272
1273 1274
1273 1276
1273 1282
1273 1291
1273 1354
1273 1435
1273 2002
1274 545
1274 788
1274 1031
1274 1220
1274 1247
1274 1271
1274 1272
1274 1273
1274 1277
1274 1283
1274 1292
1274 1355
1274 1436
1274 2003
1275 546
1275 789
1275 1032
1275 1221
1275 1248
1275 1269
1275 1272
1275 1276
1275 1277
1275 1284
1275 1293
1275 1356
1275 1437
1275 2004
1276 547
1276 790
1276 1033
1276 1222
1276 1249
1276 1270
1276 1273
1276 1275
1276 1277
1276 1285
1276 1294
1276 1357
1276 1438
1276 2005
1277 548
1277 791
1277 1034
1277 1223
1277 1250
1277 1271
1277 1274
1277 1275
1277 1276
1277 1286
1277 1295
1277 1358
1277 1439
1277 2006
1278 549
1278 792
1278 1035
1278 1224
1278 1251
1278 1269
1278 1279
1278 1280
1278 1281
1278 1284
1278 1287
1278 1359
1278 1440
1278 2007
1279 550
1279 793
1279 1036
1279 1225
1279 1252
1279 1270
1279 1278
1279 1280
1279 1282
1279 1285
1279 1288
1279 1360
1279 1441
1279 2008
1280 551
1280 794
1280 1037
1280 1226
1280 1253
1280 1271
1280 1278
1280 1279
1280 1283
1280 1286
1280 1289
1280 1361
1280 1442
1280 2009
1281 552
1281 795
1281 1038
1281 1227
1281 1254
1281 1272
1281 1278
1281 1282
1281 1283
1281 1284
1281 1290
1281 1362
1281 1443
1281 2010
1282 553
1282 796
1282 1039
1282 1228
1282 1255
1282 1273
1282 1279
1282 1281
1282 1283
1282 1285
1282 1291
1282 1363
1282 1444
1282 2011
1283 554
1283 797
1283 1040
1283 1229
1283 1256
1283 1274
1283 1280
1283 1281
1283 1282
1283 1286
1283 1292
1283 1364
1283 1445
1283 2012
1284 555
1284 798
1284 1041
1284 1230
1284 1257
1284 1275
1284 1278
1284 1281
1284 1285
1284 1286
1284 1293
1284 1365
1284 1446
1284 2013
1285 556
1285 799
1285 1042
1285 1231
1285 1258
1285 1276
1285 1279
1285 1282
1285 1284
1285 1286
1285 1294
1285 1366
1285 1447
1285 2014
1286 557
1286 800
1286 1043
1286 1232
1286 1259
1286 1277
1286 1280
1286 1283
1286 1284
1286 1285
1286 1295
1286 1367
1286 1448
1286 2015
1287 558
1287 801
1287 1044
1287 1233
1287 1260
1287 1269
1287 1278
1287 1288
1287 1289
1287 1290
1287 1293
1287 1368
1287 1449
1287 2016
1288 559
1288 802
1288 1045
1288 1234
1288 1261
1288 1270
1288 1279
1288 1287
1288 1289
1288 1291
1288 1294
1288 1369
1288 1450
1288 2017
1289 560
1289 803
1289 1046
1289 1235
1289 1262
1289 1271
1289 1280
1289 1287
1289 1288
1289 1292
1289 1295
1289 1370
1289 1451
1289 2018
1290 561
1290 804
1290 1047
1290 1236
1290 1263
1290 1272
1290 1281
1290 1287
1290 1291
1290 1292
1290 1293
1290 1371
1290 1452
1290 2019
1291 562
1291 805
1291 1048
1291 1237
1291 1264
1291 1273
1291 1282
1291 1288
1291 1290
1291 1292
1291 1294
1291 1372
1291 1453
1291 2020
1292 563
1292 806
1292 1049
1292 1238
1292 1265
1292 1274
1292 1283
1292 1289
1292 1290
1292 1291
1292 1295
1292 1373
1292 1454
1292 2021
1293 564
1293 807
1293 1050
1293 1239
1293 1266
1293 1275
1293 1284
1293 1287
1293 1290
1293 1294
1293 1295
1293 1374
1293 1455
1293 2022
1294 565
1294 808
1294 1051
1294 1240
1294 1267
1294 1276
1294 1285
1294 1288
1294 1291
1294 1293
1294 1295
1294 1375
1294 1456
1294 2023
1295 566
1295 809
1295 1052
1295 1241
1295 1268
1295 1277
1295 1286
1295 1289
1295 1292
1295 1293
1295 1294
1295 1376
1295 1457
1295 2024
1296 567
1296 810
1296 1053
1296 1215
1296 1297
1296 1298
1296 1299
1296 1302
1296 1305
1296 1314
1296 1323
1296 1350
1296 1377
1296 2025
1297 568
1297 811
1297 1054
1297 1216
1297 1296
1297 1298
1297 1300
1297 1303
1297 1306
1297 1315
1297 1324
1297 1351
1297 1378
1297 2026
1298 569
1298 812
1298 1055
1298 1217
1298 1296
1298 1297
1298 1301
1298 1304
1298 1307
1298 1316
1298 1325
1298 1352
1298 1379
1298 2027
1299 570
1299 813
1299 1056
1299 1218
1299 1296
1299 1300
1299 1301
1299 1302
1299 1308
1299 1317
1299 1326
1299 1353
1299 1380
1299 2028
1300 571
1300 814
1300 1057
1300 1219
1300 1297
1300 1299
1300 1301
1300 1303
1300 1309
1300 1318
1300 1327
1300 1354
1300 1381
1300 2029
1301 572
1301 815
1301 1058
1301 1220
1301 1298
1301 1299
1301 1300
1301 1304
1301 1310
1301 1319
1301 1328
1301 1355
1301 1382
1301 2030
1302 573
1302 816
1302 1059
1302 1221
1302 1296
1302 1299
1302 1303
1302 1304
1302 1311
1302 1320
1302 1329
1302 1356
1302 1383
1302 2031
1303 574
1303 817
1303 1060
1303 1222
1303 1297
1303 1300
1303 1302
1303 1304
1303 1312
1303 1321
1303 1330
1303 1357
1303 1384
1303 2032
1304 575
1304 818
1304 1061
1304 1223
1304 1298
1304 1301
1304 1302
1304 1303
1304 1313
1304 1322
1304 1331
1304 1358
1304 1385
1304 2033
1305 576
1305 819
1305 1062
1305 1224
1305 1296
1305 1306
1305 1307
1305 1308
1305 1311
1305 1314
1305 1332
1305 1359
1305 1386
1305 2034
1306 577
1306 820
1306 1063
1306 1225
1306 1297
1306 1305
1306 1307
1306 1309
1306 1312
1306 1315
1306 1333
1306 1360
1306 1387
1306 2035
1307 578
1307 821
1307 1064
1307 1226
1307 1298
1307 1305
1307 1306
1307 1310
1307 1313
1307 1316
1307 1334
1307 1361
1307 1388
1307 2036
1308 579
1308 822
1308 1065
1308 1227
1308 1299
1308 1305
1308 1309
1308 1310
1308 1311
1308 1317
1308 1335
1308 1362
1308 1389
1308 2037
1309 580
1309 823
1309 1066
1309 1228
1309 1300
1309 1306
1309 1308
1309 1310
1309 1312
1309 1318
1309 1336
1309 1363
1309 1390
1309 2038
1310 581
1310 824
1310 1067
1310 1229
1310 1301
1310 1307
1310 1308
1310 1309
1310 1313
1310 1319
1310 1337
1310 1364
1310 1391
1310 2039
1311 582
1311 825
1311 1068
1311 1230
1311 1302
1311 1305
1311 1308
1311 1312
1311 1313
1311 1320
1311 1338
1311 1365
1311 1392
1311 2040
1312 583
1312 826
1312 1069
1312 1231
1312 1303
1312 1306
1312 1309
1312 1311
1312 1313
1312 1321
1312 1339
1312 1366
1312 1393
1312 2041
1313 584
1313 827
1313 1070
1313 1232
1313 1304
1313 1307
1313 1310
1313 1311
1313 1312
1313 1322
1313 1340
1313 1367
1313 1394
1313 2042
1314 585
1314 828
1314 1071
1314 1233
1314 1296
1314 1305
1314 1315
1314 1316
1314 1317
1314 1320
1314 1341
1314 1368
1314 1395
1314 2043
1315 586
1315 829
1315 1072
1315 1234
1315 1297
1315 1306
1315 1314
1315 1316
1315 1318
1315 1321
1315 1342
1315 1369
1315 1396
1315 2044
1316 587
1316 830
1316 1073
1316 1235
1316 1298
1316 1307
1316 1314
1316 1315
1316 1319
1316 1322
1316 1343
1316 1370
1316 1397
1316 2045
1317 588
1317 831
1317 1074
1317 1236
1317 1299
1317 1308
1317 1314
1317 1318
1317 1319
1317 1320
1317 1344
1317 1371
1317 1398
1317 2046
1318 589
1318 832
1318 1075
1318 1237
1318 1300
1318 1309
1318 1315
1318 1317
1318 1319
1318 1321
1318 1345
1318 1372
1318 1399
1318 2047
1319 590
1319 833
1319 1076
1319 1238
1319 1301
1319 1310
1319 1316
1319 1317
1319 1318
1319 1322
1319 1346
1319 1373
1319 1400
1319 2048
1320 591
1320 834
1320 1077
1320 1239
1320 1302
1320 1311
1320 1314
1320 1317
1320 1321
1320 1322
1320 1347
1320 1374
1320 1401
1320 2049
1321 592
1321 835
1321 1078
1321 1240
1321 1303
1321 1312
1321 1315
1321 1318
1321 1320
1321 1322
1321 1348
1321 1375
1321 1402
1321 2050
1322 593
1322 836
1322 1079
1322 1241
1322 1304
1322 1313
1322 1316
1322 1319
1322 1320
1322 1321
1322 1349
1322 1376
1322 1403
1322 2051
1323 594
1323 837
1323 1080
1323 1242
1323 1296
1323 1324
1323 1325
1323 1326
1323 1329
1323 1332
1323 1341
1323 1350
1323 1404
1323 2052
1324 595
1324 838
1324 1081
1324 1243
1324 1297
1324 1323
1324 1325
1324 1327
1324 1330
1324 1333
1324 1342
1324 1351
1324 1405
1324 2053
1325 596
1325 839
1325 1082
1325 1244
1325 1298
1325 1323
1325 1324
1325 1328
1325 1331
1325 1334
1325 1343
1325 1352
1325 1406
1325 2054
1326 597
1326 840
1326 1083
1326 1245
1326 1299
1326 1323
1326 1327
1326 1328
1326 1329
1326 1335
1326 1344
1326 1353
1326 1407
1326 2055
1327 598
1327 841
1327 1084
1327 1246
1327 1300
1327 1324
1327 1326
1327 1328
1327 1330
1327 1336
1327 1345
1327 1354
1327 1408
1327 2056
1328 599
1328 842
1328 1085
1328 1247
1328 1301
1328 1325
1328 1326
1328 1327
1328 1331
1328 1337
1328 1346
1328 1355
1328 1409
1328 2057
1329 600
1329 843
1329 1086
1329 1248
1329 1302
1329 1323
1329 1326
1329 1330
1329 1331
1329 1338
1329 1347
1329 1356
1329 1410
1329 2058
1330 601
1330 844
1330 1087
1330 1249
1330 1303
1330 1324
1330 1327
1330 1329
1330 1331
1330 1339
1330 1348
1330 1357
1330 1411
1330 2059
1331 602
1331 845
1331 1088
1331 1250
1331 1304
1331 1325
1331 1328
1331 1329
1331 1330
1331 1340
1331 1349
1331 1358
1331 1412
1331 2060
1332 603
1332 846
1332 1089
1332 1251
1332 1305
1332 1323
1332 1333
1332 1334
1332 1335
1332 1338
1332 1341
1332 1359
1332 1413
1332 2061
1333 604
1333 847
1333 1090
1333 1252
1333 1306
1333 1324
1333 1332
1333 1334
1333 1336
1333 1339
1333 1342
1333 1360
1333 1414
1333 2062
1334 605
1334 848
1334 1091
1334 1253
1334 1307
1334 1325
1334 1332
1334 1333
1334 1337
1334 1340
1334 1343
1334 1361
1334 1415
1334 2063
1335 606
1335 849
1335 1092
1335 1254
1335 1308
1335 1326
1335 1332
1335 1336
1335 1337
1335 1338
1335 1344
1335 1362
1335 1416
1335 2064
1336 607
1336 850
1336 1093
1336 1255
1336 1309
1336 1327
1336 1333
1336 1335
1336 1337
1336 1339
1336 1345
1336 1363
1336 1417
1336 2065
1337 608
1337 851
1337 1094
1337 1256
1337 1310
1337 1328
1337 1334
1337 1335
1337 1336
1337 1340
1337 1346
1337 1364
1337 1418
1337 2066
1338 609
1338 852
1338 1095
1338 1257
1338 1311
1338 1329
1338 1332
1338 1335
1338 1339
1338 1340
1338 1347
1338 1365
1338 1419
1338 2067
1339 610
1339 853
1339 1096
1339 1258
1339 1312
1339 1330
1339 1333
1339 1336
1339 1338
1339 1340
1339 1348
1339 1366
1339 1420
1339 2068
1340 611
1340 854
1340 1097
1340 1259
1340 1313
1340 1331
1340 1334
1340 1337
1340 1338
1340 1339
1340 1349
1340 1367
1340 1421
1340 2069
1341 612
1341 855
1341 1098
1341 1260
1341 1314
1341 1323
1341 1332
1341 1342
1341 1343
1341 1344
1341 1347
1341 1368
1341 1422
1341 2070
1342 613
1342 856
1342 1099
1342 1261
1342 1315
1342 1324
1342 1333
1342 1341
1342 1343
1342 1345
1342 1348
1342 1369
1342 1423
1342 2071
1343 614
1343 857
1343 1100
1343 1262
1343 1316
1343 1325
1343 1334
1343 1341
1343 1342
1343 1346
1343 1349
1343 1370
1343 1424
1343 2072
1344 615
1344 858
1344 1101
1344 1263
1344 1317
1344 1326
1344 1335
1344 1341
1344 1345
1344 1346
1344 1347
1344 1371
1344 1425
1344 2073
1345 616
1345 859
1345 1102
1345 1264
1345 1318
1345 1327
1345 1336
1345 1342
1345 1344
1345 1346
1345 1348
1345 1372
1345 1426
1345 2074
1346 617
1346 860
1346 1103
1346 1265
1346 1319
1346 1328
1346 1337
1346 1343
1346 1344
1346 1345
1346 1349
1346 1373
1346 1427
1346 2075
1347 618
1347 861
1347 1104
1347 1266
1347 1320
1347 1329
1347 1338
1347 1341
1347 1344
1347 1348
1347 1349
1347 1374
1347 1428
1347 2076
1348 619
1348 1105
1348 1267
1348 1321
1348 1330
1348 1339
1348 1342
1348 1345
1348 1347
1348 1349
1348 1375
1348 1429
1348 2077
1349 620
1349 863
1349 1106
1349 1268
1349 1322
1349 1331
1349 1340
1349 1343
1349 1346
1349 1347
1349 1348
1349 1376
1349 1430
1349 2078
1350 621
1350 864
1350 1107
1350 1269
1350 1296
1350 1323
1350 1351
1350 1352
1350 1353
1350 1356
1350 1359
1350 1368
1350 1431
1350 2079
1351 622
1351 865
1351 1108
1351 1270
1351 1297
1351 1324
1351 1350
1351 1352
1351 1354
1351 1357
1351 1360
1351 1369
1351 1432
1351 2080
1352 623
1352 866
1352 1109
1352 1271
1352 1298
1352 1325
1352 1350
1352 1351
1352 1355
1352 1358
1352 1361
1352 1370
1352 1433
1352 2081
1353 624
1353 867
1353 1110
1353 1272
1353 1299
1353 1326
1353 1350
1353 1354
1353 1355
1353 1356
1353 1362
1353 1371
1353 1434
1353 2082
1354 625
1354 868
1354 1111
1354 1273
1354 1300
1354 1327
1354 1351
1354 1353
1354 1355
1354 1357
1354 1363
1354 1372
1354 1435
1354 2083
1355 626
1355 869
1355 1112
1355 1274
1355 1301
1355 1328
1355 1352
1355 1353
1355 1354
1355 1358
1355 1364
1355 1373
1355 1436
1355 2084
1356 627
1356 870
1356 1113
1356 1275
1356 1302
1356 1329
1356 1350
1356 1353
1356 1357
1356 1358
1356 1365
1356 1374
1356 1437
1356 2085
1357 628
1357 871
1357 1114
1357 1276
1357 1303
1357 1330
1357 1351
1357 1354
1357 1356
1357 1358
1357 1366
1357 1375
1357 1438
1357 2086
1358 629
1358 872
1358 1115
1358 1277
1358 1304
1358 1331
1358 1352
1358 1355
1358 1356
1358 1357
1358 1367
1358 1376
1358 1439
1358 2087
1359 630
1359 873
1359 1116
1359 1278
1359 1305
1359 1332
1359 1350
1359 1360
1359 1361
1359 1362
1359 1365
1359 1368
1359 1440
1359 2088
1360 631
1360 874
1360 1117
1360 1279
1360 1306
1360 1333
1360 1351
1360 1359
1360 1361
1360 1363
1360 1366
1360 1369
1360 1441
1360 2089
1361 632
1361 875
1361 1118
1361 1280
1361 1307
1361 1334
1361 1352
1361 1359
1361 1360
1361 1364
1361 1367
1361 1370
1361 1442
1361 2090
1362 633
1362 876
1362 1119
1362 1281
1362 1308
1362 1335
1362 1353
1362 1359
1362 1363
1362 1364
1362 1365
1362 1371
1362 1443
1362 2091
1363 634
1363 877
1363 1120
1363 1282
1363 1309
1363 1336
1363 1354
1363 1360
1363 1362
1363 1364
1363 1366
1363 1372
1363 1444
1363 2092
1364 635
1364 878
1364 1121
1364 1283
1364 1310
1364 1337
1364 1355
1364 1361
1364 1362
1364 1363
1364 1367
1364 1373
1364 1445
1364 2093
1365 636
1365 879
1365 1122
1365 1284
1365 1311
1365 1338
1365 1356
1365 1359
1365 1362
1365 1366
1365 1367
1365 1374
1365 1446
1365 2094
1366 637
1366 880
1366 1123
1366 1285
1366 1312
1366 1339
1366 1357
1366 1360
1366 1363
1366 1365
1366 1367
1366 1375
1366 1447
1366 2095
1367 638
1367 881
1367 1124
1367 1286
1367 1313
1367 1340
1367 1358
1367 1361
1367 1364
1367 1365
1367 1366
1367 1376
1367 1448
1367 2096
1368 639
1368 882
1368 1125
1368 1287
1368 1314
1368 1341
1368 1350
1368 1359
1368 1369
1368 1370
1368 1371
1368 1374
1368 1449
1368 2097
1369 640
1369 883
1369 1126
1369 1288
1369 1315
1369 1342
1369 1351
1369 1360
1369 1368
1369 1370
1369 1372
1369 1375
1369 1450
1369 2098
1370 641
1370 884
1370 1127
1370 1289
1370 1316
1370 1343
1370 1352
1370 1361
1370 1368
1370 1369
1370 1373
1370 1376
1370 1451
1370 2099
1371 642
1371 885
1371 1128
1371 1290
1371 1317
1371 1344
1371 1353
1371 1362
1371 1368
1371 1372
1371 1373
1371 1374
1371 1452
1371 2100
1372 643
1372 886
1372 1129
1372 1291
1372 1318
1372 1345
1372 1354
1372 1363
1372 1369
1372 1371
1372 1373
1372 1375
1372 1453
1372 2101
1373 644
1373 887
1373 1130
1373 1292
1373 1319
1373 1346
1373 1355
1373 1364
1373 1370
1373 1371
1373 1372
1373 1376
1373 1454
1373 2102
1374 645
1374 888
1374 1131
1374 1293
1374 1320
1374 1347
1374 1356
1374 1365
1374 1368
1374 1371
1374 1375
1374 1376
1374 1455
1374 2103
1375 646
1375 889
1375 1132
1375 1294
1375 1321
1375 1348
1375 1357
1375 1366
1375 1369
1375 1372
1375 1374
1375 1376
1375 1456
1375 2104
1376 647
1376 890
1376 1133
1376 1295
1376 1322
1376 1349
1376 1358
1376 1367
1376 1370
1376 1373
1376 1374
1376 1375
1376 1457
1376 2105
1377 648
1377 891
1377 1134
1377 1215
1377 1296
1377 1378
1377 1379
1377 1380
1377 1383
1377 1386
1377 1395
1377 1404
1377 1431
1377 2106
1378 649
1378 892
1378 1135
1378 1216
1378 1297
1378 1377
1378 1379
1378 1381
1378 1384
1378 1387
1378 1396
1378 1405
1378 1432
1378 2107
1379 650
1379 893
1379 1136
1379 1217
1379 1298
1379 1377
1379 1378
1379 1382
1379 1385
1379 1388
1379 1397
1379 1406
1379 1433
1379 2108
1380 651
1380 894
1380 1137
1380 1218
1380 1299
1380 1377
1380 1381
1380 1382
1380 1383
1380 1389
1380 1398
1380 1407
1380 1434
1380 2109
1381 652
1381 895
1381 1138
1381 1219
1381 1300
1381 1378
1381 1380
1381 1382
1381 1384
1381 1390
1381 1399
1381 1408
1381 1435
1381 2110
1382 653
1382 896
1382 1139
1382 1220
1382 1301
1382 1379
1382 1380
1382 1381
1382 1385
1382 1391
1382 1400
1382 1409
1382 1436
1382 2111
1383 654
1383 897
1383 1140
1383 1221
1383 1302
1383 1377
1383 1380
1383 1384
1383 1385
1383 1392
1383 1401
1383 1410
1383 1437
1383 2112
1384 655
1384 898
1384 1141
1384 1222
1384 1303
1384 1378
1384 1381
1384 1383
1384 1385
1384 1393
1384 1402
1384 1411
1384 1438
1384 2113
1385 656
1385 899
1385 1142
1385 1223
1385 1304
1385 1379
1385 1382
1385 1383
1385 1384
1385 1394
1385 1403
1385 1412
1385 1439
1385 2114
1386 657
1386 900
1386 1143
1386 1224
1386 1305
1386 1377
1386 1387
1386 1388
1386 1389
1386 1392
1386 1395
1386 1413
1386 1440
1386 2115
1387 658
1387 901
1387 1144
1387 1225
1387 1306
1387 1378
1387 1386
1387 1388
1387 1390
1387 1393
1387 1396
1387 1414
1387 1441
1387 2116
1388 659
1388 902
1388 1145
1388 1226
1388 1307
1388 1379
1388 1386
1388 1387
1388 1391
1388 1394
1388 1397
1388 1415
1388 1442
1388 2117
1389 660
1389 903
1389 1146
1389 1227
1389 1308
1389 1380
1389 1386
1389 1390
1389 1391
1389 1392
1389 1398
1389 1416
1389 1443
1389 2118
1390 661
1390 904
1390 1147
1390 1228
1390 1309
1390 1381
1390 1387
1390 1389
1390 1391
1390 1393
1390 1399
1390 1417
1390 1444
1390 2119
1391 662
1391 905
1391 1148
1391 1229
1391 1310
1391 1382
1391 1388
1391 1389
1391 1390
1391 1394
1391 1400
1391 1418
1391 1445
1391 2120
1392 663
1392 906
1392 1149
1392 1230
1392 1311
1392 1383
1392 1386
1392 1389
1392 1393
1392 1394
1392 1401
1392 1419
1392 1446
1392 2121
1393 664
1393 907
1393 1150
1393 1231
1393 1312
1393 1384
1393 1387
1393 1390
1393 1392
1393 1394
1393 1402
1393 1420
1393 1447
1393 2122
1394 665
1394 908
1394 1151
1394 1232
1394 1313
1394 1385
1394 1388
1394 1391
1394 1392
1394 1393
1394 1403
1394 1421
1394 1448
1394 2123
1395 666
1395 909
1395 1152
1395 1233
1395 1314
1395 1377
1395 1386
1395 1396
1395 1397
1395 1398
1395 1401
1395 1422
1395 1449
1395 2124
1396 667
1396 910
1396 1153
1396 1234
1396 1315
1396 1378
1396 1387
1396 1395
1396 1397
1396 1399
1396 1402
1396 1423
1396 1450
1396 2125
1397 668
1397 911
1397 1154
1397 1235
1397 1316
1397 1379
1397 1388
1397 1395
1397 1396
1397 1400
1397 1403
1397 1424
1397 1451
1397 2126
1398 669
1398 912
1398 1155
1398 1236
1398 1317
1398 1380
1398 1389
1398 1395
1398 1399
1398 1400
1398 1401
1398 1425
1398 1452
1398 2127
1399 670
1399 913
1399 1156
1399 1237
1399 1318
1399 1381
1399 1390
1399 1396
1399 1398
1399 1400
1399 1402
1399 1426
1399 1453
1399 2128
1400 671
1400 914
1400 1157
1400 1238
1400 1319
1400 1382
1400 1391
1400 1397
1400 1398
1400 1399
1400 1403
1400 1427
1400 1454
1400 2129
1401 672
1401 915
1401 1158
1401 1239
1401 1320
1401 1383
1401 1392
1401 1395
1401 1398
1401 1402
1401 1403
1401 1428
1401 1455
1401 2130
1402 673
1402 916
1402 1159
1402 1240
1402 1321
1402 1384
1402 1393
1402 1396
1402 1399
1402 1401
1402 1403
1402 1429
1402 1456
1402 2131
1403 674
1403 917
1403 1160
1403 1241
1403 1322
1403 1385
1403 1394
1403 1397
1403 1400
1403 1401
1403 1402
1403 1430
1403 1457
1403 2132
1404 675
1404 918
1404 1161
1404 1242
1404 1323
1404 1377
1404 1405
1404 1406
1404 1407
1404 1410
1404 1413
1404 1422
1404 1431
1404 2133
1405 676
1405 919
1405 1162
1405 1243
1405 1324
1405 1378
1405 1404
1405 1406
1405 1408
1405 1411
1405 1414
1405 1423
1405 1432
1405 2134
1406 677
1406 920
1406 1163
1406 1244
1406 1325
1406 1379
1406 1404
1406 1405
1406 1409
1406 1412
1406 1415
1406 1424
1406 1433
1406 2135
1407 678
1407 921
1407 1164
1407 1245
1407 1326
1407 1380
1407 1404
1407 1408
1407 1409
1407 1410
1407 1416
1407 1425
1407 1434
1407 2136
1408 679
1408 922
1408 1165
1408 1246
1408 1327
1408 1381
1408 1405
1408 1407
1408 1409
1408 1411
1408 1417
1408 1426
1408 1435
1408 2137
1409 680
1409 923
1409 1166
1409 1247
1409 1328
1409 1382
1409 1406
1409 1407
1409 1408
1409 1412
1409 1418
1409 1427
1409 1436
1409 2138
1410 681
1410 924
1410 1167
1410 1248
1410 1329
1410 1383
1410 1404
1410 1407
1410 1411
1410 1412
1410 1419
1410 1428
1410 1437
1410 2139
1411 682
1411 925
1411 1168
1411 1249
1411 1330
1411 1384
1411 1405
1411 1408
1411 1410
1411 1412
1411 1420
1411 1429
1411 1438
1411 2140
1412 683
1412 926
1412 1169
1412 1250
1412 1331
1412 1385
1412 1406
1412 1409
1412 1410
1412 1411
1412 1421
1412 1430
1412 1439
1412 2141
1413 684
1413 927
1413 1170
1413 1251
1413 1332
1413 1386
1413 1404
1413 1414
1413 1415
1413 1416
1413 1419
1413 1422
1413 1440
1413 2142
1414 685
1414 928
1414 1171
1414 1252
1414 1333
1414 1387
1414 1405
1414 1413
1414 1415
1414 1417
1414 1420
1414 1423
1414 1441
1414 2143
1415 686
1415 929
1415 1172
1415 1253
1415 1334
1415 1388
1415 1406
1415 1413
1415 1414
1415 1418
1415 1421
1415 1424
1415 1442
1415 2144
1416 687
1416 930
1416 1173
1416 1254
1416 1335
1416 1389
1416 1407
1416 1413
1416 1417
1416 1418
1416 1419
1416 1425
1416 1443
1416 2145
1417 688
1417 931
1417 1174
1417 1255
1417 1336
1417 1390
1417 1408
1417 1414
1417 1416
1417 1418
1417 1420
1417 1426
1417 1444
1417 2146
1418 689
1418 932
1418 1175
1418 1256
1418 1337
1418 1391
1418 1409
1418 1415
1418 1416
1418 1417
1418 1421
1418 1427
1418 1445
1418 2147
1419 690
1419 933
1419 1176
1419 1257
1419 1338
1419 1392
1419 1410
1419 1413
1419 1416
1419 1420
1419 1421
1419 1428
1419 1446
1419 2148
1420 691
1420 934
1420 1177
1420 1258
1420 1339
1420 1393
1420 1411
1420 1414
1420 1417
1420 1419
1420 1421
1420 1429
1420 1447
1420 2149
1421 692
1421 935
1421 1178
1421 1259
1421 1340
1421 1394
1421 1412
1421 1415
1421 1418
1421 1419
1421 1420
1421 1430
1421 1448
1421 2150
1422 693
1422 936
1422 1179
1422 1260
1422 1341
1422 1395
1422 1404
1422 1413
1422 1423
1422 1424
1422 1425
1422 1428
1422 1449
1422 2151
1423 694
1423 937
1423 1180
1423 1261
1423 1342
1423 1396
1423 1405
1423 1414
1423 1422
1423 1424
1423 1426
1423 1429
1423 1450
1423 2152
1424 695
1424 938
1424 1181
1424 1262
1424 1343
1424 1397
1424 1406
1424 1415
1424 1422
1424 1423
1424 1427
1424 1430
1424 1451
1424 2153
1425 696
1425 939
1425 1182
1425 1263
1425 1344
1425 1398
1425 1407
1425 1416
1425 1422
1425 1426
1425 1427
1425 1428
1425 1452
1425 2154
1426 697
1426 940
1426 1183
1426 1264
1426 1345
1426 1399
1426 1408
1426 1417
1426 1423
1426 1425
1426 1427
1426 1429
1426 1453
1426 2155
1427 698
1427 941
1427 1184
1427 1265
1427 1346
1427 1400
1427 1409
1427 1418
1427 1424
1427 1425
1427 1426
1427 1430
1427 1454
1427 2156
1428 699
1428 942
1428 1185
1428 1266
1428 1347
1428 1401
1428 1410
1428 1419
1428 1422
1428 1425
1428 1429
1428 1430
1428 1455
1428 2157
1429 700
1429 943
1429 1186
1429 1267
1429 1348
1429 1402
1429 1411
1429 1420
1429 1423
1429 1426
1429 1428
1429 1430
1429 1456
1429 2158
1430 701
1430 944
1430 1187
1430 1268
1430 1349
1430 1403
1430 1412
1430 1421
1430 1424
1430 1427
1430 1428
1430 1429
1430 1457
1430 2159
1431 702
1431 945
1431 1188
1431 1269
1431 1350
1431 1377
1431 1404
1431 1432
1431 1433
1431 1434
1431 1437
1431 1440
1431 1449
1431 2160
1432 703
1432 946
1432 1189
1432 1270
1432 1351
1432 1378
1432 1405
1432 1431
1432 1433
1432 1435
1432 1438
1432 1441
1432 1450
1432 2161
1433 704
1433 947
1433 1190
1433 1271
1433 1352
1433 1379
1433 1406
1433 1431
1433 1432
1433 1436
1433 1439
1433 1442
1433 1451
1433 2162
1434 705
1434 948
1434 1191
1434 1272
1434 1353
1434 1380
1434 1407
1434 1431
1434 1435
1434 1436
1434 1437
1434 1443
1434 1452
1434 2163
1435 706
1435 949
1435 1192
1435 1273
1435 1354
1435 1381
1435 1408
1435 1432
1435 1434
1435 1436
1435 1438
1435 1444
1435 1453
1435 2164
1436 707
1436 950
1436 1193
1436 1274
1436 1355
1436 1382
1436 1409
1436 1433
1436 1434
1436 1435
1436 1439
1436 1445
1436 1454
1436 2165
1437 708
1437 951
1437 1194
1437 1275
1437 1356
1437 1383
1437 1410
1437 1431
1437 1434
1437 1438
1437 1439
1437 1446
1437 1455
1437 2166
1438 709
1438 952
1438 1195
1438 1276
1438 1357
1438 1384
1438 1411
1438 1432
1438 1435
1438 1437
1438 1439
1438 1447
1438 1456
1438 2167
1439 710
1439 953
1439 1196
1439 1277
1439 1358
1439 1385
1439 1412
1439 1433
1439 1436
1439 1437
1439 1438
1439 1448
1439 1457
1439 2168
1440 711
1440 954
1440 1197
1440 1278
1440 1359
1440 1386
1440 1413
1440 1431
1440 1441
1440 1442
1440 1443
1440 1446
1440 1449
1440 2169
1441 712
1441 955
1441 1198
1441 1279
1441 1360
1441 1387
1441 1414
1441 1432
1441 1440
1441 1442
1441 1444
1441 1447
1441 1450
1441 2170
1442 713
1442 956
1442 1199
1442 1280
1442 1361
1442 1388
1442 1415
1442 1433
1442 1440
1442 1441
1442 1445
1442 1448
1442 1451
1442 2171
1443 714
1443 957
1443 1200
1443 1281
1443 1362
1443 1389
1443 1416
1443 1434
1443 1440
1443 1444
1443 1445
1443 1446
1443 1452
1443 2172
1444 715
1444 958
1444 1201
1444 1282
1444 1363
1444 1390
1444 1417
1444 1435
1444 1441
1444 1443
1444 1445
1444 1447
1444 1453
1444 2173
1445 716
1445 959
1445 1202
1445 1283
1445 1364
1445 1391
1445 1418
1445 1436
1445 1442
1445 1443
1445 1444
1445 1448
1445 1454
1445 2174
1446 717
1446 960
1446 1203
1446 1284
1446 1365
1446 1392
1446 1419
1446 1437
1446 1440
1446 1443
1446 1447
1446 1448
1446 1455
1446 2175
1447 718
1447 961
1447 1204
1447 1285
1447 1366
1447 1393
1447 1420
1447 1438
1447 1441
1447 1444
1447 1446
1447 1448
1447 1456
1447 2176
1448 719
1448 962
1448 1205
1448 1286
1448 1367
1448 1394
1448 1421
1448 1439
1448 1442
1448 1445
1448 1446
1448 1447
1448 1457
1448 2177
1449 720
1449 963
1449 1206
1449 1287
1449 1368
1449 1395
1449 1422
1449 1431
1449 1440
1449 1450
1449 1451
1449 1452
1449 1455
1449 2178
1450 721
1450 964
1450 1207
1450 1288
1450 1369
1450 1396
1450 1423
1450 1432
1450 1441
1450 1449
1450 1451
1450 1453
1450 1456
1450 2179
1451 722
1451 965
1451 1208
1451 1289
1451 1370
1451 1397
1451 1424
1451 1433
1451 1442
1451 1449
1451 1450
1451 1454
1451 1457
1451 2180
1452 723
1452 966
1452 1209
1452 1290
1452 1371
1452 1398
1452 1425
1452 1434
1452 1443
1452 1449
1452 1453
1452 1454
1452 1455
1452 2181
1453 724
1453 967
1453 1210
1453 1291
1453 1372
1453 1399
1453 1426
1453 1435
1453 1444
1453 1450
1453 1452
1453 1454
1453 1456
1453 2182
1454 725
1454 968
1454 1211
1454 1292
1454 1373
1454 1400
1454 1427
1454 1436
1454 1445
1454 1451
1454 1452
1454 1453
1454 1457
1454 2183
1455 726
1455 969
1455 1212
1455 1293
1455 1374
1455 1401
1455 1428
1455 1437
1455 1446
1455 1449
1455 1452
1455 1456
1455 1457
1455 2184
1456 727
1456 970
1456 1213
1456 1294
1456 1375
1456 1402
1456 1429
1456 1438
1456 1447
1456 1450
1456 1453
1456 1455
1456 1457
1456 2185
1457 728
1457 971
1457 1214
1457 1295
1457 1376
1457 1403
1457 1430
1457 1439
1457 1448
1457 1451
1457 1454
1457 1455
1457 1456
1457 2186
1458 0
1458 729
1458 1459
1458 1460
1458 1461
1458 1464
1458 1467
1458 1476
1458 1485
1458 1512
1458 1539
1458 1620
1458 1701
1458 1944
1459 1
1459 730
1459 1458
1459 1460
1459 1462
1459 1465
1459 1468
1459 1477
1459 1486
1459 1513
1459 1540
1459 1621
1459 1702
1459 1945
1460 2
1460 731
1460 1458
1460 1459
1460 1463
1460 1466
1460 1469
1460 1478
1460 1487
1460 1514
1460 1541
1460 1622
1460 1703
1460 1946
1461 3
1461 732
1461 1458
1461 1462
1461 1463
1461 1464
1461 1470
1461 1479
1461 1488
1461 1515
1461 1542
1461 1623
1461 1704
1461 1947
1462 4
1462 733
1462 1459
1462 1461
1462 1463
1462 1465
1462 1471
1462 1480
1462 1489
1462 1516
1462 1543
1462 1624
1462 1705
1462 1948
1463 5
1463 734
1463 1460
1463 1461
1463 1462
1463 1466
1463 1472
1463 1481
1463 1490
1463 1517
1463 1544
1463 1625
1463 1706
1463 1949
1464 6
1464 735
1464 1458
1464 1461
1464 1465
1464 1466
1464 1473
1464 1482
1464 1491
1464 1518
1464 1545
1464 1626
1464 1707
1464 1950
1465 7
1465 736
1465 1459
1465 1462
1465 1464
1465 1466
1465 1474
1465 1483
1465 1492
1465 1519
1465 1546
1465 1627
1465 1708
1465 1951
1466 8
1466 737
1466 1460
1466 1463
1466 1464
1466 1465
1466 1475
1466 1484
1466 1493
1466 1520
1466 1547
1466 1628
1466 1709
1466 1952
1467 9
1467 738
1467 1458
1467 1468
1467 1469
1467 1470
1467 1473
1467 1476
1467 1494
1467 1521
1467 1548
1467 1629
1467 1710
1467 1953
1468 10
1468 739
1468 1459
1468 1467
1468 1469
1468 1471
1468 1474
1468 1477
1468 1495
1468 1522
1468 1549
1468 1630
1468 1711
1468 1954
1469 11
1469 740
1469 1460
1469 1467
1469 1468
1469 1472
1469 1475
1469 1478
1469 1496
1469 1523
1469 1550
1469 1631
1469 1712
1469 1955
1470 12
1470 741
1470 1461
1470 1467
1470 1471
1470 1472
1470 1473
1470 1479
1470 1497
1470 1524
1470 1551
1470 1632
1470 1713
1470 1956
1471 13
1471 742
1471 1462
1471 1468
1471 1470
1471 1472
1471 1474
1471 1480
1471 1498
1471 1525
1471 1552
1471 1633
1471 1714
1471 1957
1472 14
1472 743
1472 1463
1472 1469
1472 1470
1472 1471
1472 1475
1472 1481
1472 1499
1472 1526
1472 1553
1472 1634
1472 1715
1472 1958
1473 15
1473 744
1473 1464
1473 1467
1473 1470
1473 1474
1473 1475
1473 1482
1473 1500
1473 1527
1473 1554
1473 1635
1473 1716
1473 1959
1474 16
1474 745
1474 1465
1474 1468
1474 1471
1474 1473
1474 1475
1474 1483
1474 1501
1474 1528
1474 1555
1474 1636
1474 1717
1474 1960
1475 17
1475 746
1475 1466
1475 1469
1475 1472
1475 1473
1475 1474
1475 1484
1475 1502
1475 1529
1475 1556
1475 1637
1475 1718
1475 1961
1476 18
1476 747
1476 1458
1476 1467
1476 1477
1476 1478
1476 1479
1476 1482
1476 1503
1476 1530
1476 1557
1476 1638
1476 1719
1476 1962
1477 19
1477 748
1477 1459
1477 1468
1477 1476
1477 1478
1477 1480
1477 1483
1477 1504
1477 1531
1477 1558
1477 1639
1477 1720
1477 1963
1478 20
1478 749
1478 1460
1478 1469
1478 1476
1478 1477
1478 1481
1478 1484
1478 1505
1478 1532
1478 1559
1478 1640
1478 1721
1478 1964
1479 21
1479 750
1479 1461
1479 1470
1479 1476
1479 1480
1479 1481
1479 1482
1479 1506
1479 1533
1479 1560
1479 1641
1479 1722
1479 1965
1480 22
1480 751
1480 1462
1480 1471
1480 1477
1480 1479
1480 1481
1480 1483
1480 1507
1480 1534
1480 1561
1480 1642
1480 1723
1480 1966
1481 23
1481 752
1481 1463
1481 1472
1481 1478
1481 1479
1481 1480
1481 1484
1481 1508
1481 1535
1481 1562
1481 1643
1481 1724
1481 1967
1482 24
1482 753
1482 1464
1482 1473
1482 1476
1482 1479
1482 1483
1482 1484
1482 1509
1482 1536
1482 1563
1482 1644
1482 1725
1482 1968
1483 25
1483 754
1483 1465
1483 1474
1483 1477
1483 1480
1483 1482
1483 1484
1483 1510
1483 1537
1483 1564
1483 1645
1483 1726
1483 1969
1484 26
1484 755
1484 1466
1484 1475
1484 1478
1484 1481
1484 1482
1484 1483
1484 1511
1484 1538
1484 1565
1484 1646
1484 1727
1484 1970
1485 27
1485 756
1485 1458
1485 1486
1485 1487
1485 1488
1485 1491
1485 1494
1485 1503
1485 1512
1485 1566
1485 1647
1485 1728
1485 1971
1486 28
1486 757
1486 1459
1486 1485
1486 1487
1486 1489
1486 1492
1486 1495
1486 1504
1486 1513
1486 1567
1486 1648
1486 1729
1486 1972
1487 29
1487 758
1487 1460
1487 1485
1487 1486
1487 1490
1487 1493
1487 1496
1487 1505
1487 1514
1487 1568
1487 1649
1487 1730
1487 1973
1488 30
1488 759
1488 1461
1488 1485
1488 1489
1488 1490
1488 1491
1488 1497
1488 1506
1488 1515
1488 1569
1488 1650
1488 1731
1488 1974
1489 31
1489 760
1489 1462
1489 1486
1489 1488
1489 1490
1489 1492
1489 1498
1489 1507
1489 1516
1489 1570
1489 1651
1489 1732
1489 1975
1490 32
1490 761
1490 1463
1490 1487
1490 1488
1490 1489
1490 1493
1490 1499
1490 1508
1490 1517
1490 1571
1490 1652
1490 1733
1490 1976
1491 33
1491 762
1491 1464
1491 1485
1491 1488
1491 1492
1491 1493
1491 1500
1491 1509
1491 1518
1491 1572
1491 1653
1491 1734
1491 1977
1492 34
1492 763
1492 1465
1492 1486
1492 1489
1492 1491
1492 1493
1492 1501
1492 1510
1492 1519
1492 1573
1492 1654
1492 1735
1492 1978
1493 35
1493 764
1493 1466
1493 1487
1493 1490
1493 1491
1493 1492
1493 1502
1493 1511
1493 1520
1493 1574
1493 1655
1493 1736
1493 1979
1494 36
1494 765
1494 1467
1494 1485
1494 1495
1494 1496
1494 1497
1494 1500
1494 1503
1494 1521
1494 1575
1494 1656
1494 1737
1494 1980
1495 37
1495 766
1495 1468
1495 1486
1495 1494
1495 1496
1495 1498
1495 1501
1495 1504
1495 1522
1495 1576
1495 1657
1495 1738
1495 1981
1496 38
1496 767
1496 1469
1496 1487
1496 1494
1496 1495
1496 1499
1496 1502
1496 1505
1496 1523
1496 1577
1496 1658
1496 1739
1496 1982
1497 39
1497 768
1497 1470
1497 1488
1497 1494
1497 1498
1497 1499
1497 1500
1497 1506
1497 1524
1497 1578
1497 1659
1497 1740
1497 1983
1498 40
1498 769
1498 1471
1498 1489
1498 1495
1498 1497
1498 1499
1498 1501
1498 1507
1498 1525
1498 1579
1498 1660
1498 1741
1498 1984
1499 41
1499 770
1499 1472
1499 1490
1499 1496
1499 1497
1499 1498
1499 1502
1499 1508
1499 1526
1499 1580
1499 1661
1499 1742
1499 1985
1500 42
1500 771
1500 1473
1500 1491
1500 1494
1500 1497
1500 1501
1500 1502
1500 1509
1500 1527
1500 1581
1500 1662
1500 1743
1500 1986
1501 43
1501 772
1501 1474
1501 1492
1501 1495
1501 1498
1501 1500
1501 1502
1501 1510
1501 1528
1501 1582
1501 1663
1501 1744
1501 1987
1502 44
1502 773
1502 1475
1502 1493
1502 1496
1502 1499
1502 1500
1502 1501
1502 1511
1502 1529
1502 1583
1502 1664
1502 1745
1502 1988
1503 45
1503 774
1503 1476
1503 1485
1503 1494
1503 1504
1503 1505
1503 1506
1503 1509
1503 1530
1503 1584
1503 1665
1503 1746
1503 1989
1504 46
1504 775
1504 1477
1504 1486
1504 1495
1504 1503
1504 1505
1504 1507
1504 1510
1504 1531
1504 1585
1504 1666
1504 1747
1504 1990
1505 47
1505 776
1505 1478
1505 1487
1505 1496
1505 1503
1505 1504
1505 1508
1505 1511
1505 1532
1505 1586
1505 1667
1505 1748
1505 1991
1506 48
1506 777
1506 1479
1506 1488
1506 1497
1506 1503
1506 1507
1506 1508
1506 1509
1506 1533
1506 1587
1506 1668
1506 1749
1506 1992
1507 49
1507 778
1507 1480
1507 1489
1507 1498
1507 1504
1507 1506
1507 1508
1507 1510
1507 1534
1507 1588
1507 1669
1507 1750
1507 1993
1508 50
1508 779
1508 1481
1508 1490
1508 1499
1508 1505
1508 1506
1508 1507
1508 1511
1508 1535
1508 1589
1508 1670
1508 1751
1508 1994
1509 51
1509 780
1509 1482
1509 1491
1509 1500
1509 1503
1509 1506
1509 1510
1509 1511
1509 1536
1509 1590
1509 1671
1509 1752
1509 1995
1510 52
1510 781
1510 1483
1510 1492
1510 1501
1510 1504
1510 1507
1510 1509
1510 1511
1510 1537
1510 1591
1510 1672
1510 1753
1510 1996
1511 53
1511 782
1511 1484
1511 1493
1511 1502
1511 1505
1511 1508
1511 1509
1511 1510
1511 1538
1511 1592
1511 1673
1511 1754
1511 1997
1512 54
1512 783
1512 1458
1512 1485
1512 1513
1512 1514
1512 1515
1512 1518
1512 1521
1512 1530
1512 1593
1512 1674
1512 1755
1512 1998
1513 55
1513 784
1513 1459
1513 1486
1513 1512
1513 1514
1513 1516
1513 1519
1513 1522
1513 1531
1513 1594
1513 1675
1513 1756
1513 1999
1514 56
1514 785
1514 1460
1514 1487
1514 1512
1514 1513
1514 1517
1514 1520
1514 1523
1514 1532
1514 1595
1514 1676
1514 1757
1514 2000
1515 57
1515 786
1515 1461
1515 1488
1515 1512
1515 1516
1515 1517
1515 1518
1515 1524
1515 1533
1515 1596
1515 1677
1515 1758
1515 2001
1516 58
1516 787
1516 1462
1516 1489
1516 1513
1516 1515
1516 1517
1516 1519
1516 1525
1516 1534
1516 1597
1516 1678
1516 1759
1516 2002
1517 59
1517 788
1517 1463
1517 1490
1517 1514
1517 1515
1517 1516
1517 1520
1517 1526
1517 1535
1517 1598
1517 1679
1517 1760
1517 2003
1518 60
1518 789
1518 1464
1518 1491
1518 1512
1518 1515
1518 1519
1518 1520
1518 1527
1518 1536
1518 1599
1518 1680
1518 1761
1518 2004
1519 61
1519 790
1519 1465
1519 1492
1519 1513
1519 1516
1519 1518
1519 1520
1519 1528
1519 1537
1519 1600
1519 1681
1519 1762
1519 2005
1520 62
1520 791
1520 1466
1520 1493
1520 1514
1520 1517
1520 1518
1520 1519
1520 1529
1520 1538
1520 1601
1520 1682
1520 1763
1520 2006
1521 63
1521 792
1521 1467
1521 1494
1521 1512
1521 1522
1521 1523
1521 1524
1521 1527
1521 1530
1521 1602
1521 1683
1521 1764
1521 2007
1522 64
1522 793
1522 1468
1522 1495
1522 1513
1522 1521
1522 1523
1522 1525
1522 1528
1522 1531
1522 1603
1522 1684
1522 1765
1522 2008
1523 65
1523 794
1523 1469
1523 1496
1523 1514
1523 1521
1523 1522
1523 1526
1523 1529
1523 1532
1523 1604
1523 1685
1523 1766
1523 2009
1524 66
1524 795
1524 1470
1524 1497
1524 1515
1524 1521
1524 1525
1524 1526
1524 1527
1524 1533
1524 1605
1524 1686
1524 1767
1524 2010
1525 67
1525 796
1525 1471
1525 1498
1525 1516
1525 1522
1525 1524
1525 1526
1525 1528
1525 1534
1525 1606
1525 1687
1525 1768
1525 2011
1526 68
1526 797
1526 1472
1526 1499
1526 1517
1526 1523
1526 1524
1526 1525
1526 1529
1526 1535
1526 1607
1526 1688
1526 1769
1526 2012
1527 69
1527 798
1527 1473
1527 1500
1527 1518
1527 1521
1527 1524
1527 1528
1527 1529
1527 1536
1527 1608
1527 1689
1527 1770
1527 2013
1528 70
1528 799
1528 1474
1528 1501
1528 1519
1528 1522
1528 1525
1528 1527
1528 1529
1528 1537
1528 1609
1528 1690
1528 1771
1528 2014
1529 71
1529 800
1529 1475
1529 1502
1529 1520
1529 1523
1529 1526
1529 1527
1529 1528
1529 1538
1529 1610
1529 1691
1529 1772
1529 2015
1530 72
1530 801
1530 1476
1530 1503
1530 1512
1530 1521
1530 1531
1530 1532
1530 1533
1530 1536
1530 1611
1530 1692
1530 1773
1530 2016
1531 73
1531 802
1531 1477
1531 1504
1531 1513
1531 1522
1531 1530
1531 1532
1531 1534
1531 1537
1531 1612
1531 1693
1531 1774
1531 2017
1532 74
1532 803
1532 1478
1532 1505
1532 1514
1532 1523
1532 1530
1532 1531
1532 1535
1532 1538
1532 1613
1532 1694
1532 1775
1532 2018
1533 75
1533 804
1533 1479
1533 1506
1533 1515
1533 1524
1533 1530
1533 1534
1533 1535
1533 1536
1533 1614
1533 1695
1533 1776
1533 2019
1534 76
1534 805
1534 1480
1534 1507
1534 1516
1534 1525
1534 1531
1534 1533
1534 1535
1534 1537
1534 1615
1534 1696
1534 1777
1534 2020
1535 77
1535 806
1535 1481
1535 1508
1535 1517
1535 1526
1535 1532
1535 1533
1535 1534
1535 1538
1535 1616
1535 1697
1535 1778
1535 2021
1536 78
1536 807
1536 1482
1536 1509
1536 1518
1536 1527
1536 1530
1536 1533
1536 1537
1536 1538
1536 1617
1536 1698
1536 1779
1536 2022
1537 79
1537 808
1537 1483
1537 1510
1537 1519
1537 1528
1537 1531
1537 1534
1537 1536
1537 1538
1537 1618
1537 1699
1537 1780
1537 2023
1538 80
1538 809
1538 1484
1538 1511
1538 1520
1538 1529
1538 1532
1538 1535
1538 1536
1538 1537
1538 1619
1538 1700
1538 1781
1538 2024
1539 81
1539 810
1539 1458
1539 1540
1539 1541
1539 1542
1539 1545
1539 1548
1539 1557
1539 1566
1539 1593
1539 1620
1539 1782
1539 2025
1540 82
1540 811
1540 1459
1540 1539
1540 1541
1540 1543
1540 1546
1540 1549
1540 1558
1540 1567
1540 1594
1540 1621
1540 1783
1540 2026
1541 83
1541 812
1541 1460
1541 1539
1541 1540
1541 1544
1541 1547
1541 1550
1541 1559
1541 1568
1541 1595
1541 1622
1541 1784
1541 2027
1542 84
1542 813
1542 1461
1542 1539
1542 1543
1542 1544
1542 1545
1542 1551
1542 1560
1542 1569
1542 1596
1542 1623
1542 1785
1542 2028
1543 85
1543 814
1543 1462
1543 1540
1543 1542
1543 1544
1543 1546
1543 1552
1543 1561
1543 1570
1543 1597
1543 1624
1543 1786
1543 2029
1544 86
1544 815
1544 1463
1544 1541
1544 1542
1544 1543
1544 1547
1544 1553
1544 1562
1544 1571
1544 1598
1544 1625
1544 1787
1544 2030
1545 87
1545 816
1545 1464
1545 1539
1545 1542
1545 1546
1545 1547
1545 1554
1545 1563
1545 1572
1545 1599
1545 1626
1545 1788
1545 2031
1546 88
1546 817
1546 1465
1546 1540
1546 1543
1546 1545
1546 1547
1546 1555
1546 1564
1546 1573
1546 1600
1546 1627
1546 1789
1546 2032
1547 89
1547 818
1547 1466
1547 1541
1547 1544
1547 1545
1547 1546
1547 1556
1547 1565
1547 1574
1547 1601
1547 1628
1547 1790
1547 2033
1548 90
1548 819
1548 1467
1548 1539
1548 1549
1548 1550
1548 1551
1548 1554
1548 1557
1548 1575
1548 1602
1548 1629
1548 1791
1548 2034
1549 91
1549 820
1549 1468
1549 1540
1549 1548
1549 1550
1549 1552
1549 1555
1549 1558
1549 1576
1549 1603
1549 1630
1549 1792
1549 2035
1550 92
1550 821
1550 1469
1550 1541
1550 1548
1550 1549
1550 1553
1550 1556
1550 1559
1550 1577
1550 1604
1550 1631
1550 1793
1550 2036
1551 93
1551 822
1551 1470
1551 1542
1551 1548
1551 1552
1551 1553
1551 1554
1551 1560
1551 1578
1551 1605
1551 1632
1551 1794
1551 2037
1552 94
1552 823
1552 1471
1552 1543
1552 1549
1552 1551
1552 1553
1552 1555
1552 1561
1552 1579
1552 1606
1552 1633
1552 1795
1552 2038
1553 95
1553 824
1553 1472
1553 1544
1553 1550
1553 1551
1553 1552
1553 1556
1553 1562
1553 1580
1553 1607
1553 1634
1553 1796
1553 2039
1554 96
1554 825
1554 1473
1554 1545
1554 1548
1554 1551
1554 1555
1554 1556
1554 1563
1554 1581
1554 1608
1554 1635
1554 1797
1554 2040
1555 97
1555 826
1555 1474
1555 1546
1555 1549
1555 1552
1555 1554
1555 1556
1555 1564
1555 1582
1555 1609
1555 1636
1555 1798
1555 2041
1556 98
1556 827
1556 1475
1556 1547
1556 1550
1556 1553
1556 1554
1556 1555
1556 1565
1556 1583
1556 1610
1556 1637
1556 1799
1556 2042
1557 99
1557 828
1557 1476
1557 1539
1557 1548
1557 1558
1557 1559
1557 1560
1557 1563
1557 1584
1557 1611
1557 1638
1557 1800
1557 2043
1558 100
1558 829
1558 1477
1558 1540
1558 1549
1558 1557
1558 1559
1558 1561
1558 1564
1558 1585
1558 1612
1558 1639
1558 1801
1558 2044
1559 101
1559 830
1559 1478
1559 1541
1559 1550
1559 1557
1559 1558
1559 1562
1559 1565
1559 1586
1559 1613
1559 1640
1559 1802
1559 2045
1560 102
1560 831
1560 1479
1560 1542
1560 1551
1560 1557
1560 1561
1560 1562
1560 1563
1560 1587
1560 1614
1560 1641
1560 1803
1560 2046
1561 103
1561 832
1561 1480
1561 1543
1561 1552
1561 1558
1561 1560
1561 1562
1561 1564
1561 1588
1561 1615
1561 1642
1561 1804
1561 2047
1562 104
1562 833
1562 1481
1562 1544
1562 1553
1562 1559
1562 1560
1562 1561
1562 1565
1562 1589
1562 1616
1562 1643
1562 1805
1562 2048
1563 105
1563 834
1563 1482
1563 1545
1563 1554
1563 1557
1563 1560
1563 1564
1563 1565
1563 1590
1563 1617
1563 1644
1563 1806
1563 2049
1564 106
1564 835
1564 1483
1564 1546
1564 1555
1564 1558
1564 1561
1564 1563
1564 1565
1564 1591
1564 1618
1564 1645
1564 1807
1564 2050
1565 107
1565 836
1565 1484
1565 1547
1565 1556
1565 1559
1565 1562
1565 1563
1565 1564
1565 1592
1565 1619
1565 1646
1565 1808
1565 2051
1566 108
1566 837
1566 1485
1566 1539
1566 1567
1566 1568
1566 1569
1566 1572
1566 1575
1566 1584
1566 1593
1566 1647
1566 1809
1566 2052
1567 109
1567 838
1567 1486
1567 1540
1567 1566
1567 1568
1567 1570
1567 1573
1567 1576
1567 1585
1567 1594
1567 1648
1567 1810
1567 2053
1568 110
1568 839
1568 1487
1568 1541
1568 1566
1568 1567
1568 1571
1568 1574
1568 1577
1568 1586
1568 1595
1568 1649
1568 1811
1568 2054
1569 111
1569 840
1569 1488
1569 1542
1569 1566
1569 1570
1569 1571
1569 1572
1569 1578
1569 1587
1569 1596
1569 1650
1569 1812
1569 2055
1570 112
1570 841
1570 1489
1570 1543
1570 1567
1570 1569
1570 1571
1570 1573
1570 1579
1570 1588
1570 1597
1570 1651
1570 1813
1570 2056
1571 113
1571 842
1571 1490
1571 1544
1571 1568
1571 1569
1571 1570
1571 1574
1571 1580
1571 1589
1571 1598
1571 1652
1571 1814
1571 2057
1572 114
1572 843
1572 1491
1572 1545
1572 1566
1572 1569
1572 1573
1572 1574
1572 1581
1572 1590
1572 1599
1572 1653
1572 1815
1572 2058
1573 115
1573 844
1573 1492
1573 1546
1573 1567
1573 1570
1573 1572
1573 1574
1573 1582
1573 1591
1573 1600
1573 1654
1573 1816
1573 2059
1574 116
1574 845
1574 1493
1574 1547
1574 1568
1574 1571
1574 1572
1574 1573
1574 1583
1574 1592
1574 1601
1574 1655
1574 1817
1574 2060
1575 117
1575 846
1575 1494
1575 1548
1575 1566
1575 1576
1575 1577
1575 1578
1575 1581
1575 1584
1575 1602
1575 1656
1575 1818
1575 2061
1576 118
1576 847
1576 1495
1576 1549
1576 1567
1576 1575
1576 1577
1576 1579
1576 1582
1576 1585
1576 1603
1576 1657
1576 1819
1576 2062
1577 119
1577 848
1577 1496
1577 1550
1577 1568
1577 1575
1577 1576
1577 1580
1577 1583
1577 1586
1577 1604
1577 1658
1577 1820
1577 2063
1578 120
1578 849
1578 1497
1578 1551
1578 1569
1578 1575
1578 1579
1578 1580
1578 1581
1578 1587
1578 1605
1578 1659
1578 1821
1578 2064
1579 121
1579 850
1579 1498
1579 1552
1579 1570
1579 1576
1579 1578
1579 1580
1579 1582
1579 1588
1579 1606
1579 1660
1579 1822
1579 2065
1580 122
1580 851
1580 1499
1580 1553
1580 1571
1580 1577
1580 1578
1580 1579
1580 1583
1580 1589
1580 1607
1580 1661
1580 1823
1580 2066
1581 123
1581 852
1581 1500
1581 1554
1581 1572
1581 1575
1581 1578
1581 1582
1581 1583
1581 1590
1581 1608
1581 1662
1581 1824
1581 2067
1582 124
1582 853
1582 1501
1582 1555
1582 1573
1582 1576
1582 1579
1582 1581
1582 1583
1582 1591
1582 1609
1582 1663
1582 1825
1582 2068
1583 125
1583 854
1583 1502
1583 1556
1583 1574
1583 1577
1583 1580
1583 1581
1583 1582
1583 1592
1583 1610
1583 1664
1583 1826
1583 2069
1584 126
1584 855
1584 1503
1584 1557
1584 1566
1584 1575
1584 1585
1584 1586
1584 1587
1584 1590
1584 1611
1584 1665
1584 1827
1584 2070
1585 127
1585 856
1585 1504
1585 1558
1585 1567
1585 1576
1585 1584
1585 1586
1585 1588
1585 1591
1585 1612
1585 1666
1585 1828
1585 2071
1586 128
1586 857
1586 1505
1586 1559
1586 1568
1586 1577
1586 1584
1586 1585
1586 1589
1586 1592
1586 1613
1586 1667
1586 1829
1586 2072
1587 129
1587 858
1587 1506
1587 1560
1587 1569
1587 1578
1587 1584
1587 1588
1587 1589
1587 1590
1587 1614
1587 1668
1587 1830
1587 2073
1588 130
1588 859
1588 1507
1588 1561
1588 1570
1588 1579
1588 1585
1588 1587
1588 1589
1588 1591
1588 1615
1588 1669
1588 1831
1588 2074
1589 131
1589 860
1589 1508
1589 1562
1589 1571
1589 1580
1589 1586
1589 1587
1589 1588
1589 1592
1589 1616
1589 1670
1589 1832
1589 2075
1590 132
1590 861
1590 1509
1590 1563
1590 1572
1590 1581
1590 1584
1590 1587
1590 1591
1590 1592
1590 1617
1590 1671
1590 1833
1590 2076
1591 133
1591 862
1591 1510
1591 1564
1591 1573
1591 1582
1591 1585
1591 1588
1591 1590
1591 1592
1591 1618
1591 1672
1591 1834
1591 2077
1592 134
1592 863
1592 1511
1592 1565
1592 1574
1592 1583
1592 1586
1592 1589
1592 1590
1592 1591
1592 1619
1592 1673
1592 1835
1592 2078
1593 135
1593 864
1593 1512
1593 1539
1593 1566
1593 1594
1593 1595
1593 1596
1593 1599
1593 1602
1593 1611
1593 1674
1593 1836
1593 2079
1594 136
1594 865
1594 1513
1594 1540
1594 1567
1594 1593
1594 1595
1594 1597
1594 1600
1594 1603
1594 1612
1594 1675
1594 1837
1594 2080
1595 137
1595 866
1595 1514
1595 1541
1595 1568
1595 1593
1595 1594
1595 1598
1595 1601
1595 1604
1595 1613
1595 1676
1595 1838
1595 2081
1596 138
1596 867
1596 1515
1596 1542
1596 1569
1596 1593
1596 1597
1596 1598
1596 1599
1596 1605
1596 1614
1596 1677
1596 1839
1596 2082
1597 139
1597 868
1597 1516
1597 1543
1597 1570
1597 1594
1597 1596
1597 1598
1597 1600
1597 1606
1597 1615
1597 1678
1597 1840
1597 2083
1598 140
1598 869
1598 1517
1598 1544
1598 1571
1598 1595
1598 1596
1598 1597
1598 1601
1598 1607
1598 1616
1598 1679
1598 1841
1598 2084
1599 141
1599 870
1599 1518
1599 1545
1599 1572
1599 1593
1599 1596
1599 1600
1599 1601
1599 1608
1599 1617
1599 1680
1599 1842
1599 2085
1600 142
1600 871
1600 1519
1600 1546
1600 1573
1600 1594
1600 1597
1600 1599
1600 1601
1600 1609
1600 1618
1600 1681
1600 1843
1600 2086
1601 143
1601 872
1601 1520
1601 1547
1601 1574
1601 1595
1601 1598
1601 1599
1601 1600
1601 1610
1601 1619
1601 1682
1601 1844
1601 2087
1602 144
1602 873
1602 1521
1602 1548
1602 1575
1602 1593
1602 1603
1602 1604
1602 1605
1602 1608
1602 1611
1602 1683
1602 1845
1602 2088
1603 145
1603 874
1603 1522
1603 1549
1603 1576
1603 1594
1603 1602
1603 1604
1603 1606
1603 1609
1603 1612
1603 1684
1603 1846
1603 2089
1604 146
1604 875
1604 1523
1604 1550
1604 1577
1604 1595
1604 1602
1604 1603
1604 1607
1604 1610
1604 1613
1604 1685
1604 1847
1604 2090
1605 147
1605 876
1605 1524
1605 1551
1605 1578
1605 1596
1605 1602
1605 1606
1605 1607
1605 1608
1605 1614
1605 1686
1605 1848
1605 2091
1606 148
1606 877
1606 1525
1606 1552
1606 1579
1606 1597
1606 1603
1606 1605
1606 1607
1606 1609
1606 1615
1606 1687
1606 1849
1606 2092
1607 149
1607 878
1607 1526
1607 1553
1607 1580
1607 1598
1607 1604
1607 1605
1607 1606
1607 1610
1607 1616
1607 1688
1607 1850
1607 2093
1608 150
1608 879
1608 1527
1608 1554
1608 1581
1608 1599
1608 1602
1608 1605
1608 1609
1608 1610
1608 1617
1608 1689
1608 1851
1608 2094
1609 151
1609 880
1609 1528
1609 1555
1609 1582
1609 1600
1609 1603
1609 1606
1609 1608
1609 1610
1609 1618
1609 1690
1609 1852
1609 2095
1610 152
1610 881
1610 1529
1610 1556
1610 1583
1610 1601
1610 1604
1610 1607
1610 1608
1610 1609
1610 1619
1610 1691
1610 1853
1610 2096
1611 153
1611 882
1611 1530
1611 1557
1611 1584
1611 1593
1611 1602
1611 1612
1611 1613
1611 1614
1611 1617
1611 1692
1611 1854
1611 2097
1612 154
1612 883
1612 1531
1612 1558
1612 1585
1612 1594
1612 1603
1612 1611
1612 1613
1612 1615
1612 1618
1612 1693
1612 1855
1612 2098
1613 155
1613 884
1613 1532
1613 1559
1613 1586
1613 1595
1613 1604
1613 1611
1613 1612
1613 1616
1613 1619
1613 1694
1613 1856
1613 2099
1614 156
1614 885
1614 1533
1614 1560
1614 1587
1614 1596
1614 1605
1614 1611
1614 1615
1614 1616
1614 1617
1614 1695
1614 1857
1614 2100
1615 157
1615 886
1615 1534
1615 1561
1615 1588
1615 1597
1615 1606
1615 1612
1615 1614
1615 1616
1615 1618
1615 1696
1615 1858
1615 2101
1616 158
1616 887
1616 1535
1616 1562
1616 1589
1616 1598
1616 1607
1616 1613
1616 1614
1616 1615
1616 1619
1616 1697
1616 1859
1616 2102
1617 159
1617 888
1617 1536
1617 1563
1617 1590
1617 1599
1617 1608
1617 1611
1617 1614
1617 1618
1617 1619
1617 1698
1617 1860
1617 2103
1618 160
1618 889
1618 1537
1618 1564
1618 1591
1618 1600
1618 1609
1618 1612
1618 1615
1618 1617
1618 1619
1618 1699
1618 1861
1618 2104
1619 161
1619 890
1619 1538
1619 1565
1619 1592
1619 1601
1619 1610
1619 1613
1619 1616
1619 1617
1619 1618
1619 1700
1619 1862
1619 2105
1620 162
1620 891
1620 1458
1620 1539
1620 1621
1620 1622
1620 1623
1620 1626
1620 1629
1620 1638
1620 1647
1620 1674
1620 1863
1620 2106
1621 163
1621 892
1621 1459
1621 1540
1621 1620
1621 1622
1621 1624
1621 1627
1621 1630
1621 1639
1621 1648
1621 1675
1621 1864
1621 2107
1622 164
1622 893
1622 1460
1622 1541
1622 1620
1622 1621
1622 1625
1622 1628
1622 1631
1622 1640
1622 1649
1622 1676
1622 1865
1622 2108
1623 165
1623 894
1623 1461
1623 1542
1623 1620
1623 1624
1623 1625
1623 1626
1623 1632
1623 1641
1623 1650
1623 1677
1623 1866
1623 2109
1624 166
1624 895
1624 1462
1624 1543
1624 1621
1624 1623
1624 1625
1624 1627
1624 1633
1624 1642
1624 1651
1624 1678
1624 1867
1624 2110
1625 167
1625 896
1625 1463
1625 1544
1625 1622
1625 1623
1625 1624
1625 1628
1625 1634
1625 1643
1625 1652
1625 1679
1625 1868
1625 2111
1626 168
1626 897
1626 1464
1626 1545
1626 1620
1626 1623
1626 1627
1626 1628
1626 1635
1626 1644
1626 1653
1626 1680
1626 1869
1626 2112
1627 169
1627 898
1627 1465
1627 1546
1627 1621
1627 1624
1627 1626
1627 1628
1627 1636
1627 1645
1627 1654
1627 1681
1627 1870
1627 2113
1628 170
1628 899
1628 1466
1628 1547
1628 1622
1628 1625
1628 1626
1628 1627
1628 1637
1628 1646
1628 1655
1628 1682
1628 1871
1628 2114
1629 171
1629 900
1629 1467
1629 1548
1629 1620
1629 1630
1629 1631
1629 1632
1629 1635
1629 1638
1629 1656
1629 1683
1629 1872
1629 2115
1630 172
1630 901
1630 1468
1630 1549
1630 1621
1630 1629
1630 1631
1630 1633
1630 1636
1630 1639
1630 1657
1630 1684
1630 1873
1630 2116
1631 173
1631 902
1631 1469
1631 1550
1631 1622
1631 1629
1631 1630
1631 1634
1631 1637
1631 1640
1631 1658
1631 1685
1631 1874
1631 2117
1632 174
1632 903
1632 1470
1632 1551
1632 1623
1632 1629
1632 1633
1632 1634
1632 1635
1632 1641
1632 1659
1632 1686
1632 1875
1632 2118
1633 175
1633 904
1633 1471
1633 1552
1633 1624
1633 1630
1633 1632
1633 1634
1633 1636
1633 1642
1633 1660
1633 1687
1633 1876
1633 2119
1634 176
1634 905
1634 1472
1634 1553
1634 1625
1634 1631
1634 1632
1634 1633
1634 1637
1634 1643
1634 1661
1634 1688
1634 1877
1634 2120
1635 177
1635 906
1635 1473
1635 1554
1635 1626
1635 1629
1635 1632
1635 1636
1635 1637
1635 1644
1635 1662
1635 1689
1635 1878
1635 2121
1636 178
1636 907
1636 1474
1636 1555
1636 1627
1636 1630
1636 1633
1636 1635
1636 1637
1636 1645
1636 1663
1636 1690
1636 1879
1636 2122
1637 179
1637 908
1637 1475
1637 1556
1637 1628
1637 1631
1637 1634
1637 1635
1637 1636
1637 1646
1637 1664
1637 1691
1637 1880
1637 2123
1638 180
1638 909
1638 1476
1638 1557
1638 1620
1638 1629
1638 1639
1638 1640
1638 1641
1638 1644
1638 1665
1638 1692
1638 1881
1638 2124
1639 181
1639 910
1639 1477
1639 1558
1639 1621
1639 1630
1639 1638
1639 1640
1639 1642
1639 1645
1639 1666
1639 1693
1639 1882
1639 2125
1640 182
1640 911
1640 1478
1640 1559
1640 1622
1640 1631
1640 1638
1640 1639
1640 1643
1640 1646
1640 1667
1640 1694
1640 1883
1640 2126
1641 183
1641 912
1641 1479
1641 1560
1641 1623
1641 1632
1641 1638
1641 1642
1641 1643
1641 1644
1641 1668
1641 1695
1641 1884
1641 2127
1642 184
1642 913
1642 1480
1642 1561
1642 1624
1642 1633
1642 1639
1642 1641
1642 1643
1642 1645
1642 1669
1642 1696
1642 1885
1642 2128
1643 185
1643 914
1643 1481
1643 1562
1643 1625
1643 1634
1643 1640
1643 1641
1643 1642
1643 1646
1643 1670
1643 1697
1643 1886
1643 2129
1644 186
1644 915
1644 1482
1644 1563
1644 1626
1644 1635
1644 1638
1644 1641
1644 1645
1644 1646
1644 1671
1644 1698
1644 1887
1644 2130
1645 187
1645 916
1645 1483
1645 1564
1645 1627
1645 1636
1645 1639
1645 1642
1645 1644
1645 1646
1645 1672
1645 1699
1645 1888
1645 2131
1646 188
1646 917
1646 1484
1646 1565
1646 1628
1646 1637
1646 1640
1646 1643
1646 1644
1646 1645
1646 1673
1646 1700
1646 1889
1646 2132
1647 189
1647 918
1647 1485
1647 1566
1647 1620
1647 1648
1647 1649
1647 1650
1647 1653
1647 1656
1647 1665
1647 1674
1647 1890
1647 2133
1648 190
1648 919
1648 1486
1648 1567
1648 1621
1648 1647
1648 1649
1648 1651
1648 1654
1648 1657
1648 1666
1648 1675
1648 1891
1648 2134
1649 191
1649 920
1649 1487
1649 1568
1649 1622
1649 1647
1649 1648
1649 1652
1649 1655
1649 1658
1649 1667
1649 1676
1649 1892
1649 2135
1650 192
1650 921
1650 1488
1650 1569
1650 1623
1650 1647
1650 1651
1650 1652
1650 1653
1650 1659
1650 1668
1650 1677
1650 1893
1650 2136
1651 193
1651 922
1651 1489
1651 1570
1651 1624
1651 1648
1651 1650
1651 1652
1651 1654
1651 1660
1651 1669
1651 1678
1651 1894
1651 2137
1652 194
1652 923
1652 1490
1652 1571
1652 1625
1652 1649
1652 1650
1652 1651
1652 1655
1652 1661
1652 1670
1652 1679
1652 1895
1652 2138
1653 195
1653 924
1653 1491
1653 1572
1653 1626
1653 1647
1653 1650
1653 1654
1653 1655
1653 1662
1653 1671
1653 1680
1653 1896
1653 2139
1654 196
1654 925
1654 1492
1654 1573
1654 1627
1654 1648
1654 1651
1654 1653
1654 1655
1654 1663
1654 1672
1654 1681
1654 1897
1654 2140
1655 197
1655 926
1655 1493
1655 1574
1655 1628
1655 1649
1655 1652
1655 1653
1655 1654
1655 1664
1655 1673
1655 1682
1655 1898
1655 2141
1656 198
1656 927
1656 1494
1656 1575
1656 1629
1656 1647
1656 1657
1656 1658
1656 1659
1656 1662
1656 1665
1656 1683
1656 1899
1656 2142
1657 199
1657 928
1657 1495
1657 1576
1657 1630
1657 1648
1657 1656
1657 1658
1657 1660
1657 1663
1657 1666
1657 1684
1657 1900
1657 2143
1658 200
1658 929
1658 1496
1658 1577
1658 1631
1658 1649
1658 1656
1658 1657
1658 1661
1658 1664
1658 1667
1658 1685
1658 1901
1658 2144
1659 201
1659 930
1659 1497
1659 1578
1659 1632
1659 1650
1659 1656
1659 1660
1659 1661
1659 1662
1659 1668
1659 1686
1659 1902
1659 2145
1660 202
1660 931
1660 1498
1660 1579
1660 1633
1660 1651
1660 1657
1660 1659
1660 1661
1660 1663
1660 1669
1660 1687
1660 1903
1660 2146
1661 203
1661 932
1661 1499
1661 1580
1661 1634
1661 1652
1661 1658
1661 1659
1661 1660
1661 1664
1661 1670
1661 1688
1661 1904
1661 2147
1662 204
1662 933
1662 1500
1662 1581
1662 1635
1662 1653
1662 1656
1662 1659
1662 1663
1662 1664
1662 1671
1662 1689
1662 1905
1662 2148
1663 205
1663 934
1663 1501
1663 1582
1663 1636
1663 1654
1663 1657
1663 1660
1663 1662
1663 1664
1663 1672
1663 1690
1663 1906
1663 2149
1664 206
1664 935
1664 1502
1664 1583
1664 1637
1664 1655
1664 1658
1664 1661
1664 1662
1664 1663
1664 1673
1664 1691
1664 1907
1664 2150
1665 207
1665 936
1665 1503
1665 1584
1665 1638
1665 1647
1665 1656
1665 1666
1665 1667
1665 1668
1665 1671
1665 1692
1665 1908
1665 2151
1666 208
1666 937
1666 1504
1666 1585
1666 1639
1666 1648
1666 1657
1666 1665
1666 1667
1666 1669
1666 1672
1666 1693
1666 1909
1666 2152
1667 209
1667 938
1667 1505
1667 1586
1667 1640
1667 1649
1667 1658
1667 1665
1667 1666
1667 1670
1667 1673
1667 1694
1667 1910
1667 2153
1668 210
1668 939
1668 1506
1668 1587
1668 1641
1668 1650
1668 1659
1668 1665
1668 1669
1668 1670
1668 1671
1668 1695
1668 1911
1668 2154
1669 211
1669 940
1669 1507
1669 1588
1669 1642
1669 1651
1669 1660
1669 1666
1669 1668
1669 1670
1669 1672
1669 1696
1669 1912
1669 2155
1670 212
1670 941
1670 1508
1670 1589
1670 1643
1670 1652
1670 1661
1670 1667
1670 1668
1670 1669
1670 1673
1670 1697
1670 1913
1670 2156
1671 213
1671 942
1671 1509
1671 1590
1671 1644
1671 1653
1671 1662
1671 1665
1671 1668
1671 1672
1671 1673
1671 1698
1671 1914
1671 2157
1672 214
1672 943
1672 1510
1672 1591
1672 1645
1672 1654
1672 1663
1672 1666
1672 1669
1672 1671
1672 1673
1672 1699
1672 1915
1672 2158
1673 215
1673 944
1673 1511
1673 1592
1673 1646
1673 1655
1673 1664
1673 1667
1673 1670
1673 1671
1673 1672
1673 1700
1673 1916
1673 2159
1674 216
1674 945
1674 1512
1674 1593
1674 1620
1674 1647
1674 1675
1674 1676
1674 1677
1674 1680
1674 1683
1674 1692
1674 1917
1674 2160
1675 217
1675 946
1675 1513
1675 1594
1675 1621
1675 1648
1675 1674
1675 1676
1675 1678
1675 1681
1675 1684
1675 1693
1675 1918
1675 2161
1676 218
1676 947
1676 1514
1676 1595
1676 1622
1676 1649
1676 1674
1676 1675
1676 1679
1676 1682
1676 1685
1676 1694
1676 1919
1676 2162
1677 219
1677 948
1677 1515
1677 1596
1677 1623
1677 1650
1677 1674
1677 1678
1677 1679
1677 1680
1677 1686
1677 1695
1677 1920
1677 2163
1678 220
1678 949
1678 1516
1678 1597
1678 1624
1678 1651
1678 1675
1678 1677
1678 1679
1678 1681
1678 1687
1678 1696
1678 1921
1678 2164
1679 221
1679 950
1679 1517
1679 1598
1679 1625
1679 1652
1679 1676
1679 1677
1679 1678
1679 1682
1679 1688
1679 1697
1679 1922
1679 2165
1680 222
1680 951
1680 1518
1680 1599
1680 1626
1680 1653
1680 1674
1680 1677
1680 1681
1680 1682
1680 1689
1680 1698
1680 1923
1680 2166
1681 223
1681 952
1681 1519
1681 1600
1681 1627
1681 1654
1681 1675
1681 1678
1681 1680
1681 1682
1681 1690
1681 1699
1681 1924
1681 2167
1682 224
1682 953
1682 1520
1682 1601
1682 1628
1682 1655
1682 1676
1682 1679
1682 1680
1682 1681
1682 1691
1682 1700
1682 1925
1682 2168
1683 225
1683 954
1683 1521
1683 1602
1683 1629
1683 1656
1683 1674
1683 1684
1683 1685
1683 1686
1683 1689
1683 1692
1683 1926
1683 2169
1684 226
1684 955
1684 1522
1684 1603
1684 1630
1684 1657
1684 1675
1684 1683
1684 1685
1684 1687
1684 1690
1684 1693
1684 1927
1684 2170
1685 227
1685 956
1685 1523
1685 1604
1685 1631
1685 1658
1685 1676
1685 1683
1685 1684
1685 1688
1685 1691
1685 1694
1685 1928
1685 2171
1686 228
1686 957
1686 1524
1686 1605
1686 1632
1686 1659
1686 1677
1686 1683
1686 1687
1686 1688
1686 1689
1686 1695
1686 1929
1686 2172
1687 229
1687 958
1687 1525
1687 1606
1687 1633
1687 1660
1687 1678
1687 1684
1687 1686
1687 1688
1687 1690
1687 1696
1687 1930
1687 2173
1688 230
1688 959
1688 1526
1688 1607
1688 1634
1688 1661
1688 1679
1688 1685
1688 1686
1688 1687
1688 1691
1688 1697
1688 1931
1688 2174
1689 231
1689 960
1689 1527
1689 1608
1689 1635
1689 1662
1689 1680
1689 1683
1689 1686
1689 1690
1689 1691
1689 1698
1689 1932
1689 2175
1690 232
1690 961
1690 1528
1690 1609
1690 1636
1690 1663
1690 1681
1690 1684
1690 1687
1690 1689
1690 1691
1690 1699
1690 1933
1690 2176
1691 233
1691 962
1691 1529
1691 1610
1691 1637
1691 1664
1691 1682
1691 1685
1691 1688
1691 1689
1691 1690
1691 1700
1691 1934
1691 2177
1692 234
1692 963
1692 1530
1692 1611
1692 1638
1692 1665
1692 1674
1692 1683
1692 1693
1692 1694
1692 1695
1692 1698
1692 1935
1692 2178
1693 235
1693 964
1693 1531
1693 1612
1693 1639
1693 1666
1693 1675
1693 1684
1693 1692
1693 1694
1693 1696
1693 1699
1693 1936
1693 2179
1694 236
1694 965
1694 1532
1694 1613
1694 1640
1694 1667
1694 1676
1694 1685
1694 1692
1694 1693
1694 1697
1694 1700
1694 1937
1694 2180
1695 237
1695 966
1695 1533
1695 1614
1695 1641
1695 1668
1695 1677
1695 1686
1695 1692
1695 1696
1695 1697
1695 1698
1695 1938
1695 2181
1696 238
1696 967
1696 1534
1696 1615
1696 1642
1696 1669
1696 1678
1696 1687
1696 1693
1696 1695
1696 1697
1696 1699
1696 1939
1696 2182
1697 239
1697 968
1697 1535
1697 1616
1697 1643
1697 1670
1697 1679
1697 1688
1697 1694
1697 1695
1697 1696
1697 1700
1697 1940
1697 2183
1698 240
1698 969
1698 1536
1698 1617
1698 1644
1698 1671
1698 1680
1698 1689
1698 1692
1698 1695
1698 1699
1698 1700
1698 1941
1698 2184
1699 241
1699 970
1699 1537
1699 1618
1699 1645
1699 1672
1699 1681
1699 1690
1699 1693
1699 1696
1699 1698
1699 1700
1699 1942
1699 2185
1700 242
1700 971
1700 1538
1700 1619
1700 1646
1700 1673
1700 1682
1700 1691
1700 1694
1700 1697
1700 1698
1700 1699
1700 1943
1700 2186
1701 243
1701 972
1701 1458
1701 1702
1701 1703
1701 1704
1701 1707
1701 1710
1701 1719
1701 1728
1701 1755
1701 1782
1701 1863
1701 1944
1702 244
1702 973
1702 1459
1702 1701
1702 1703
1702 1705
1702 1708
1702 1711
1702 1720
1702 1729
1702 1756
1702 1783
1702 1864
1702 1945
1703 245
1703 974
1703 1460
1703 1701
1703 1702
1703 1706
1703 1709
1703 1712
1703 1721
1703 1730
1703 1757
1703 1784
1703 1865
1703 1946
1704 246
1704 975
1704 1461
1704 1701
1704 1705
1704 1706
1704 1707
1704 1713
1704 1722
1704 1731
1704 1758
1704 1785
1704 1866
1704 1947
1705 247
1705 976
1705 1462
1705 1702
1705 1704
1705 1706
1705 1708
1705 1714
1705 1723
1705 1732
1705 1759
1705 1786
1705 1867
1705 1948
1706 248
1706 977
1706 1463
1706 1703
1706 1704
1706 1705
1706 1709
1706 1715
1706 1724
1706 1733
1706 1760
1706 1787
1706 1868
1706 1949
1707 249
1707 978
1707 1464
1707 1701
1707 1704
1707 1708
1707 1709
1707 1716
1707 1725
1707 1734
1707 1761
1707 1788
1707 1869
1707 1950
1708 250
1708 979
1708 1465
1708 1702
1708 1705
1708 1707
1708 1709
1708 1717
1708 1726
1708 1735
1708 1762
1708 1789
1708 1870
1708 1951
1709 251
1709 980
1709 1466
1709 1703
1709 1706
1709 1707
1709 1708
1709 1718
1709 1727
1709 1736
1709 1763
1709 1790
1709 1871
1709 1952
1710 252
1710 981
1710 1467
1710 1701
1710 1711
1710 1712
1710 1713
1710 1716
1710 1719
1710 1737
1710 1764
1710 1791
1710 1872
1710 1953
1711 253
1711 982
1711 1468
1711 1702
1711 1710
1711 1712
1711 1714
1711 1717
1711 1720
1711 1738
1711 1765
1711 1792
1711 1873
1711 1954
1712 254
1712 983
1712 1469
1712 1703
1712 1710
1712 1711
1712 1715
1712 1718
1712 1721
1712 1739
1712 1766
1712 1793
1712 1874
1712 1955
1713 255
1713 984
1713 1470
1713 1704
1713 1710
1713 1714
1713 1715
1713 1716
1713 1722
1713 1740
1713 1767
1713 1794
1713 1875
1713 1956
1714 256
1714 985
1714 1471
1714 1705
1714 1711
1714 1713
1714 1715
1714 1717
1714 1723
1714 1741
1714 1768
1714 1795
1714 1876
1714 1957
1715 257
1715 986
1715 1472
1715 1706
1715 1712
1715 1713
1715 1714
1715 1718
1715 1724
1715 1742
1715 1769
1715 1796
1715 1877
1715 1958
1716 258
1716 987
1716 1473
1716 1707
1716 1710
1716 1713
1716 1717
1716 1718
1716 1725
1716 1743
1716 1770
1716 1797
1716 1878
1716 1959
1717 259
1717 988
1717 1474
1717 1708
1717 1711
1717 1714
1717 1716
1717 1718
1717 1726
1717 1744
1717 1771
1717 1798
1717 1879
1717 1960
1718 260
1718 989
1718 1475
1718 1709
1718 1712
1718 1715
1718 1716
1718 1717
1718 1727
1718 1745
1718 1772
1718 1799
1718 1880
1718 1961
1719 261
1719 990
1719 1476
1719 1701
1719 1710
1719 1720
1719 1721
1719 1722
1719 1725
1719 1746
1719 1773
1719 1800
1719 1881
1719 1962
1720 262
1720 991
1720 1477
1720 1702
1720 1711
1720 1719
1720 1721
1720 1723
1720 1726
1720 1747
1720 1774
1720 1801
1720 1882
1720 1963
1721 263
1721 992
1721 1478
1721 1703
1721 1712
1721 1719
1721 1720
1721 1724
1721 1727
1721 1748
1721 1775
1721 1802
1721 1883
1721 1964
1722 264
1722 993
1722 1479
1722 1704
1722 1713
1722 1719
1722 1723
1722 1724
1722 1725
1722 1749
1722 1776
1722 1803
1722 1884
1722 1965
1723 265
1723 994
1723 1480
1723 1705
1723 1714
1723 1720
1723 1722
1723 1724
1723 1726
1723 1750
1723 1777
1723 1804
1723 1885
1723 1966
1724 266
1724 995
1724 1481
1724 1706
1724 1715
1724 1721
1724 1722
1724 1723
1724 1727
1724 1751
1724 1778
1724 1805
1724 1886
1724 1967
1725 267
1725 996
1725 1482
1725 1707
1725 1716
1725 1719
1725 1722
1725 1726
1725 1727
1725 1752
1725 1779
1725 1806
1725 1887
1725 1968
1726 268
1726 997
1726 1483
1726 1708
1726 1717
1726 1720
1726 1723
1726 1725
1726 1727
1726 1753
1726 1780
1726 1807
1726 1888
1726 1969
1727 269
1727 998
1727 1484
1727 1709
1727 1718
1727 1721
1727 1724
1727 1725
1727 1726
1727 1754
1727 1781
1727 1808
1727 1889
1727 1970
1728 270
1728 999
1728 1485
1728 1701
1728 1729
1728 1730
1728 1731
1728 1734
1728 1737
1728 1746
1728 1755
1728 1809
1728 1890
1728 1971
1729 271
1729 1000
1729 1486
1729 1702
1729 1728
1729 1730
1729 1732
1729 1735
1729 1738
1729 1747
1729 1756
1729 1810
1729 1891
1729 1972
1730 272
1730 1001
1730 1487
1730 1703
1730 1728
1730 1729
1730 1733
1730 1736
1730 1739
1730 1748
1730 1757
1730 1811
1730 1892
1730 1973
1731 273
1731 1002
1731 1488
1731 1704
1731 1728
1731 1732
1731 1733
1731 1734
1731 1740
1731 1749
1731 1758
1731 1812
1731 1893
1731 1974
1732 274
1732 1003
1732 1489
1732 1705
1732 1729
1732 1731
1732 1733
1732 1735
1732 1741
1732 1750
1732 1759
1732 1813
1732 1894
1732 1975
1733 275
1733 1004
1733 1490
1733 1706
1733 1730
1733 1731
1733 1732
1733 1736
1733 1742
1733 1751
1733 1760
1733 1814
1733 1895
1733 1976
1734 276
1734 1005
1734 1491
1734 1707
1734 1728
1734 1731
1734 1735
1734 1736
1734 1743
1734 1752
1734 1761
1734 1815
1734 1896
1734 1977
1735 277
1735 1006
1735 1492
1735 1708
1735 1729
1735 1732
1735 1734
1735 1736
1735 1744
1735 1753
1735 1762
1735 1816
1735 1897
1735 1978
1736 278
1736 1007
1736 1493
1736 1709
1736 1730
1736 1733
1736 1734
1736 1735
1736 1745
1736 1754
1736 1763
1736 1817
1736 1898
1736 1979
1737 279
1737 1008
1737 1494
1737 1710
1737 1728
1737 1738
1737 1739
1737 1740
1737 1743
1737 1746
1737 1764
1737 1818
1737 1899
1737 1980
1738 280
1738 1009
1738 1495
1738 1711
1738 1729
1738 1737
1738 1739
1738 1741
1738 1744
1738 1747
1738 1765
1738 1819
1738 1900
1738 1981
1739 281
1739 1010
1739 1496
1739 1712
1739 1730
1739 1737
1739 1738
1739 1742
1739 1745
1739 1748
1739 1766
1739 1820
1739 1901
1739 1982
1740 282
1740 1011
1740 1497
1740 1713
1740 1731
1740 1737
1740 1741
1740 1742
1740 1743
1740 1749
1740 1767
1740 1821
1740 1902
1740 1983
1741 283
1741 1012
1741 1498
1741 1714
1741 1732
1741 1738
1741 1740
1741 1742
1741 1744
1741 1750
1741 1768
1741 1822
1741 1903
1741 1984
1742 284
1742 1013
1742 1499
1742 1715
1742 1733
1742 1739
1742 1740
1742 1741
1742 1745
1742 1751
1742 1769
1742 1823
1742 1904
1742 1985
1743 285
1743 1014
1743 1500
1743 1716
1743 1734
1743 1737
1743 1740
1743 1744
1743 1745
1743 1752
1743 1770
1743 1824
1743 1905
1743 1986
1744 286
1744 1015
1744 1501
1744 1717
1744 1735
1744 1738
1744 1741
1744 1743
1744 1745
1744 1753
1744 1771
1744 1825
1744 1906
1744 1987
1745 287
1745 1016
1745 1502
1745 1718
1745 1736
1745 1739
1745 1742
1745 1743
1745 1744
1745 1754
1745 1772
1745 1826
1745 1907
1745 1988
1746 288
1746 1017
1746 1503
1746 1719
1746 1728
1746 1737
1746 1747
1746 1748
1746 1749
1746 1752
1746 1773
1746 1827
1746 1908
1746 1989
1747 289
1747 1018
1747 1504
1747 1720
1747 1729
1747 1738
1747 1746
1747 1748
1747 1750
1747 1753
1747 1774
1747 1828
1747 1909
1747 1990
1748 290
1748 1019
1748 1505
1748 1721
1748 1730
1748 1739
1748 1746
1748 1747
1748 1751
1748 1754
1748 1775
1748 1829
1748 1910
1748 1991
1749 291
1749 1020
1749 1506
1749 1722
1749 1731
1749 1740
1749 1746
1749 1750
1749 1751
1749 1752
1749 1776
1749 1830
1749 1911
1749 1992
1750 292
1750 1021
1750 1507
1750 1723
1750 1732
1750 1741
1750 1747
1750 1749
1750 1751
1750 1753
1750 1777
1750 1831
1750 1912
1750 1993
1751 293
1751 1022
1751 1508
1751 1724
1751 1733
1751 1742
1751 1748
1751 1749
1751 1750
1751 1754
1751 1778
1751 1832
1751 1913
1751 1994
1752 294
1752 1023
1752 1509
1752 1725
1752 1734
1752 1743
1752 1746
1752 1749
1752 1753
1752 1754
1752 1779
1752 1833
1752 1914
1752 1995
1753 295
1753 1024
1753 1510
1753 1726
1753 1735
1753 1744
1753 1747
1753 1750
1753 1752
1753 1754
1753 1780
1753 1834
1753 1915
1753 1996
1754 296
1754 1025
1754 1511
1754 1727
1754 1736
1754 1745
1754 1748
1754 1751
1754 1752
1754 1753
1754 1781
1754 1835
1754 1916
1754 1997
1755 297
1755 1026
1755 1512
1755 1701
1755 1728
1755 1756
1755 1757
1755 1758
1755 1761
1755 1764
1755 1773
1755 1836
1755 1917
1755 1998
1756 298
1756 1027
1756 1513
1756 1702
1756 1729
1756 1755
1756 1757
1756 1759
1756 1762
1756 1765
1756 1774
1756 1837
1756 1918
1756 1999
1757 299
1757 1028
1757 1514
1757 1703
1757 1730
1757 1755
1757 1756
1757 1760
1757 1763
1757 1766
1757 1775
1757 1838
1757 1919
1757 2000
1758 300
1758 1029
1758 1515
1758 1704
1758 1731
1758 1755
1758 1759
1758 1760
1758 1761
1758 1767
1758 1776
1758 1839
1758 1920
1758 2001
1759 301
1759 1030
1759 1516
1759 1705
1759 1732
1759 1756
1759 1758
1759 1760
1759 1762
1759 1768
1759 1777
1759 1840
1759 1921
1759 2002
1760 302
1760 1031
1760 1517
1760 1706
1760 1733
1760 1757
1760 1758
1760 1759
1760 1763
1760 1769
1760 1778
1760 1841
1760 1922
1760 2003
1761 303
1761 1032
1761 1518
1761 1707
1761 1734
1761 1755
1761 1758
1761 1762
1761 1763
1761 1770
1761 1779
1761 1842
1761 1923
1761 2004
1762 304
1762 1033
1762 1519
1762 1708
1762 1735
1762 1756
1762 1759
1762 1761
1762 1763
1762 1771
1762 1780
1762 1843
1762 1924
1762 2005
1763 305
1763 1034
1763 1520
1763 1709
1763 1736
1763 1757
1763 1760
1763 1761
1763 1762
1763 1772
1763 1781
1763 1844
1763 1925
1763 2006
1764 306
1764 1035
1764 1521
1764 1710
1764 1737
1764 1755
1764 1765
1764 1766
1764 1767
1764 1770
1764 1773
1764 1845
1764 1926
1764 2007
1765 307
1765 1036
1765 1522
1765 1711
1765 1738
1765 1756
1765 1764
1765 1766
1765 1768
1765 1771
1765 1774
1765 1846
1765 1927
1765 2008
1766 308
1766 1037
1766 1523
1766 1712
1766 1739
1766 1757
1766 1764
1766 1765
1766 1769
1766 1772
1766 1775
1766 1847
1766 1928
1766 2009
1767 309
1767 1038
1767 1524
1767 1713
1767 1740
1767 1758
1767 1764
1767 1768
1767 1769
1767 1770
1767 1776
1767 1848
1767 1929
1767 2010
1768 310
1768 1039
1768 1525
1768 1714
1768 1741
1768 1759
1768 1765
1768 1767
1768 1769
1768 1771
1768 1777
1768 1849
1768 1930
1768 2011
1769 311
1769 1040
1769 1526
1769 1715
1769 1742
1769 1760
1769 1766
1769 1767
1769 1768
1769 1772
1769 1778
1769 1850
1769 1931
1769 2012
1770 312
1770 1041
1770 1527
1770 1716
1770 1743
1770 1761
1770 1764
1770 1767
1770 1771
1770 1772
1770 1779
1770 1851
1770 1932
1770 2013
1771 313
1771 1042
1771 1528
1771 1717
1771 1744
1771 1762
1771 1765
1771 1768
1771 1770
1771 1772
1771 1780
1771 1852
1771 1933
1771 2014
1772 314
1772 1043
1772 1529
1772 1718
1772 1745
1772 1763
1772 1766
1772 1769
1772 1770
1772 1771
1772 1781
1772 1853
1772 1934
1772 2015
1773 315
1773 1044
1773 1530
1773 1719
1773 1746
1773 1755
1773 1764
1773 1774
1773 1775
1773 1776
1773 1779
1773 1854
1773 1935
1773 2016
1774 316
1774 1045
1774 1531
1774 1720
1774 1747
1774 1756
1774 1765
1774 1773
1774 1775
1774 1777
1774 1780
1774 1855
1774 1936
1774 2017
1775 317
1775 1046
1775 1532
1775 1721
1775 1748
1775 1757
1775 1766
1775 1773
1775 1774
1775 1778
1775 1781
1775 1856
1775 1937
1775 2018
1776 318
1776 1047
1776 1533
1776 1722
1776 1749
1776 1758
1776 1767
1776 1773
1776 1777
1776 1778
1776 1779
1776 1857
1776 1938
1776 2019
1777 319
1777 1048
1777 1534
1777 1723
1777 1750
1777 1759
1777 1768
1777 1774
1777 1776
1777 1778
1777 1780
1777 1858
1777 1939
1777 2020
1778 320
1778 1049
1778 1535
1778 1724
1778 1751
1778 1760
1778 1769
1778 1775
1778 1776
1778 1777
1778 1781
1778 1859
1778 1940
1778 2021
1779 321
1779 1050
1779 1536
1779 1725
1779 1752
1779 1761
1779 1770
1779 1773
1779 1776
1779 1780
1779 1781
1779 1860
1779 1941
1779 2022
1780 322
1780 1051
1780 1537
1780 1726
1780 1753
1780 1762
1780 1771
1780 1774
1780 1777
1780 1779
1780 1781
1780 1861
1780 1942
1780 2023
1781 323
1781 1052
1781 1538
1781 1727
1781 1754
1781 1763
1781 1772
1781 1775
1781 1778
1781 1779
1781 1780
1781 1862
1781 1943
1781 2024
1782 324
1782 1053
1782 1539
1782 1701
1782 1783
1782 1784
1782 1785
1782 1788
1782 1791
1782 1800
1782 1809
1782 1836
1782 1863
1782 2025
1783 325
1783 1054
1783 1540
1783 1702
1783 1782
1783 1784
1783 1786
1783 1789
1783 1792
1783 1801
1783 1810
1783 1837
1783 1864
1783 2026
1784 326
1784 1055
1784 1541
1784 1703
1784 1782
1784 1783
1784 1787
1784 1790
1784 1793
1784 1802
1784 1811
1784 1838
1784 1865
1784 2027
1785 327
1785 1056
1785 1542
1785 1704
1785 1782
1785 1786
1785 1787
1785 1788
1785 1794
1785 1803
1785 1812
1785 1839
1785 1866
1785 2028
1786 328
1786 1057
1786 1543
1786 1705
1786 1783
1786 1785
1786 1787
1786 1789
1786 1795
1786 1804
1786 1813
1786 1840
1786 1867
1786 2029
1787 329
1787 1058
1787 1544
1787 1706
1787 1784
1787 1785
1787 1786
1787 1790
1787 1796
1787 1805
1787 1814
1787 1841
1787 1868
1787 2030
1788 330
1788 1059
1788 1545
1788 1707
1788 1782
1788 1785
1788 1789
1788 1790
1788 1797
1788 1806
1788 1815
1788 1842
1788 1869
1788 2031
1789 331
1789 1060
1789 1546
1789 1708
1789 1783
1789 1786
1789 1788
1789 1790
1789 1798
1789 1807
1789 1816
1789 1843
1789 1870
1789 2032
1790 332
1790 1061
1790 1547
1790 1709
1790 1784
1790 1787
1790 1788
1790 1789
1790 1799
1790 1808
1790 1817
1790 1844
1790 1871
1790 2033
1791 333
1791 1062
1791 1548
1791 1710
1791 1782
1791 1792
1791 1793
1791 1794
1791 1797
1791 1800
1791 1818
1791 1845
1791 1872
1791 2034
1792 334
1792 1063
1792 1549
1792 1711
1792 1783
1792 1791
1792 1793
1792 1795
1792 1798
1792 1801
1792 1819
1792 1846
1792 1873
1792 2035
1793 335
1793 1064
1793 1550
1793 1712
1793 1784
1793 1791
1793 1792
1793 1796
1793 1799
1793 1802
1793 1820
1793 1847
1793 1874
1793 2036
1794 336
1794 1065
1794 1551
1794 1713
1794 1785
1794 1791
1794 1795
1794 1796
1794 1797
1794 1803
1794 1821
1794 1848
1794 1875
1794 2037
1795 337
1795 1066
1795 1552
1795 1714
1795 1786
1795 1792
1795 1794
1795 1796
1795 1798
1795 1804
1795 1822
1795 1849
1795 1876
1795 2038
1796 338
1796 1067
1796 1553
1796 1715
1796 1787
1796 1793
1796 1794
1796 1795
1796 1799
1796 1805
1796 1823
1796 1850
1796 1877
1796 2039
1797 339
1797 1068
1797 1554
1797 1716
1797 1788
1797 1791
1797 1794
1797 1798
1797 1799
1797 1806
1797 1824
1797 1851
1797 1878
1797 2040
1798 340
1798 1069
1798 1555
1798 1717
1798 1789
1798 1792
1798 1795
1798 1797
1798 1799
1798 1807
1798 1825
1798 1852
1798 1879
1798 2041
1799 341
1799 1070
1799 1556
1799 1718
1799 1790
1799 1793
1799 1796
1799 1797
1799 1798
1799 1808
1799 1826
1799 1853
1799 1880
1799 2042
1800 342
1800 1071
1800 1557
1800 1719
1800 1782
1800 1791
1800 1801
1800 1802
1800 1803
1800 1806
1800 1827
1800 1854
1800 1881
1800 2043
1801 343
1801 1072
1801 1558
1801 1720
1801 1783
1801 1792
1801 1800
1801 1802
1801 1804
1801 1807
1801 1828
1801 1855
1801 1882
1801 2044
1802 344
1802 1073
1802 1559
1802 1721
1802 1784
1802 1793
1802 1800
1802 1801
1802 1805
1802 1808
1802 1829
1802 1856
1802 1883
1802 2045
1803 345
1803 1074
1803 1560
1803 1722
1803 1785
1803 1794
1803 1800
1803 1804
1803 1805
1803 1806
1803 1830
1803 1857
1803 1884
1803 2046
1804 346
1804 1075
1804 1561
1804 1723
1804 1786
1804 1795
1804 1801
1804 1803
1804 1805
1804 1807
1804 1831
1804 1858
1804 1885
1804 2047
1805 347
1805 1076
1805 1562
1805 1724
1805 1787
1805 1796
1805 1802
1805 1803
1805 1804
1805 1808
1805 1832
1805 1859
1805 1886
1805 2048
1806 348
1806 1077
1806 1563
1806 1725
1806 1788
1806 1797
1806 1800
1806 1803
1806 1807
1806 1808
1806 1833
1806 1860
1806 1887
1806 2049
1807 349
1807 1078
1807 1564
1807 1726
1807 1789
1807 1798
1807 1801
1807 1804
1807 1806
1807 1808
1807 1834
1807 1861
1807 1888
1807 2050
1808 350
1808 1079
1808 1565
1808 1727
1808 1790
1808 1799
1808 1802
1808 1805
1808 1806
1808 1807
1808 1835
1808 1862
1808 1889
1808 2051
1809 351
1809 1080
1809 1566
1809 1728
1809 1782
1809 1810
1809 1811
1809 1812
1809 1815
1809 1818
1809 1827
1809 1836
1809 1890
1809 2052
1810 352
1810 1081
1810 1567
1810 1729
1810 1783
1810 1809
1810 1811
1810 1813
1810 1816
1810 1819
1810 1828
1810 1837
1810 1891
1810 2053
1811 353
1811 1082
1811 1568
1811 1730
1811 1784
1811 1809
1811 1810
1811 1814
1811 1817
1811 1820
1811 1829
1811 1838
1811 1892
1811 2054
1812 354
1812 1083
1812 1569
1812 1731
1812 1785
1812 1809
1812 1813
1812 1814
1812 1815
1812 1821
1812 1830
1812 1839
1812 1893
1812 2055
1813 355
1813 1084
1813 1570
1813 1732
1813 1786
1813 1810
1813 1812
1813 1814
1813 1816
1813 1822
1813 1831
1813 1840
1813 1894
1813 2056
1814 356
1814 1085
1814 1571
1814 1733
1814 1787
1814 1811
1814 1812
1814 1813
1814 1817
1814 1823
1814 1832
1814 1841
1814 1895
1814 2057
1815 357
1815 1086
1815 1572
1815 1734
1815 1788
1815 1809
1815 1812
1815 1816
1815 1817
1815 1824
1815 1833
1815 1842
1815 1896
1815 2058
1816 358
1816 1087
1816 1573
1816 1735
1816 1789
1816 1810
1816 1813
1816 1815
1816 1817
1816 1825
1816 1834
1816 1843
1816 1897
1816 2059
1817 359
1817 1088
1817 1574
1817 1736
1817 1790
1817 1811
1817 1814
1817 1815
1817 1816
1817 1826
1817 1835
1817 1844
1817 1898
1817 2060
1818 360
1818 1089
1818 1575
1818 1737
1818 1791
1818 1809
1818 1819
1818 1820
1818 1821
1818 1824
1818 1827
1818 1845
1818 1899
1818 2061
1819 361
1819 1090
1819 1576
1819 1738
1819 1792
1819 1810
1819 1818
1819 1820
1819 1822
1819 1825
1819 1828
1819 1846
1819 1900
1819 2062
1820 362
1820 1091
1820 1577
1820 1739
1820 1793
1820 1811
1820 1818
1820 1819
1820 1823
1820 1826
1820 1829
1820 1847
1820 1901
1820 2063
1821 363
1821 1092
1821 1578
1821 1740
1821 1794
1821 1812
1821 1818
1821 1822
1821 1823
1821 1824
1821 1830
1821 1848
1821 1902
1821 2064
1822 364
1822 1093
1822 1579
1822 1741
1822 1795
1822 1813
1822 1819
1822 1821
1822 1823
1822 1825
1822 1831
1822 1849
1822 1903
1822 2065
1823 365
1823 1094
1823 1580
1823 1742
1823 1796
1823 1814
1823 1820
1823 1821
1823 1822
1823 1826
1823 1832
1823 1850
1823 1904
1823 2066
1824 366
1824 1095
1824 1581
1824 1743
1824 1797
1824 1815
1824 1818
1824 1821
1824 1825
1824 1826
1824 1833
1824 1851
1824 1905
1824 2067
1825 367
1825 1096
1825 1582
1825 1744
1825 1798
1825 1816
1825 1819
1825 1822
1825 1824
1825 1826
1825 1834
1825 1852
1825 1906
1825 2068
1826 368
1826 1097
1826 1583
1826 1745
1826 1799
1826 1817
1826 1820
1826 1823
1826 1824
1826 1825
1826 1835
1826 1853
1826 1907
1826 2069
1827 369
1827 1098
1827 1584
1827 1746
1827 1800
1827 1809
1827 1818
1827 1828
1827 1829
1827 1830
1827 1833
1827 1854
1827 1908
1827 2070
1828 370
1828 1099
1828 1585
1828 1747
1828 1801
1828 1810
1828 1819
1828 1827
1828 1829
1828 1831
1828 1834
1828 1855
1828 1909
1828 2071
1829 371
1829 1100
1829 1586
1829 1748
1829 1802
1829 1811
1829 1820
1829 1827
1829 1828
1829 1832
1829 1835
1829 1856
1829 1910
1829 2072
1830 372
1830 1101
1830 1587
1830 1749
1830 1803
1830 1812
1830 1821
1830 1827
1830 1831
1830 1832
1830 1833
1830 1857
1830 1911
1830 2073
1831 373
1831 1102
1831 1588
1831 1750
1831 1804
1831 1813
1831 1822
1831 1828
1831 1830
1831 1832
1831 1834
1831 1858
1831 1912
1831 2074
1832 374
1832 1103
1832 1589
1832 1751
1832 1805
1832 1814
1832 1823
1832 1829
1832 1830
1832 1831
1832 1835
1832 1859
1832 1913
1832 2075
1833 375
1833 1104
1833 1590
1833 1752
1833 1806
1833 1815
1833 1824
1833 1827
1833 1830
1833 1834
1833 1835
1833 1860
1833 1914
1833 2076
1834 376
1834 1105
1834 1591
1834 1753
1834 1807
1834 1816
1834 1825
1834 1828
1834 1831
1834 1833
1834 1835
1834 1861
1834 1915
1834 2077
1835 377
1835 1106
1835 1592
1835 1754
1835 1808
1835 1817
1835 1826
1835 1829
1835 1832
1835 1833
1835 1834
1835 1862
1835 1916
1835 2078
1836 378
1836 1107
1836 1593
1836 1755
1836 1782
1836 1809
1836 1837
1836 1838
1836 1839
1836 1842
1836 1845
1836 1854
1836 1917
1836 2079
1837 379
1837 1108
1837 1594
1837 1756
1837 1783
1837 1810
1837 1836
1837 1838
1837 1840
1837 1843
1837 1846
1837 1855
1837 1918
1837 2080
1838 380
1838 1109
1838 1595
1838 1757
1838 1784
1838 1811
1838 1836
1838 1837
1838 1841
1838 1844
1838 1847
1838 1856
1838 1919
1838 2081
1839 381
1839 1110
1839 1596
1839 1758
1839 1785
1839 1812
1839 1836
1839 1840
1839 1841
1839 1842
1839 1848
1839 1857
1839 1920
1839 2082
1840 382
1840 1111
1840 1597
1840 1759
1840 1786
1840 1813
1840 1837
1840 1839
1840 1841
1840 1843
1840 1849
1840 1858
1840 1921
1840 2083
1841 383
1841 1112
1841 1598
1841 1760
1841 1787
1841 1814
1841 1838
1841 1839
1841 1840
1841 1844
1841 1850
1841 1859
1841 1922
1841 2084
1842 384
1842 1113
1842 1599
1842 1761
1842 1788
1842 1815
1842 1836
1842 1839
1842 1843
1842 1844
1842 1851
1842 1860
1842 1923
1842 2085
1843 385
1843 1114
1843 1600
1843 1762
1843 1789
1843 1816
1843 1837
1843 1840
1843 1842
1843 1844
1843 1852
1843 1861
1843 1924
1843 2086
1844 386
1844 1115
1844 1601
1844 1763
1844 1790
1844 1817
1844 1838
1844 1841
1844 1842
1844 1843
1844 1853
1844 1862
1844 1925
1844 2087
1845 387
1845 1116
1845 1602
1845 1764
1845 1791
1845 1818
1845 1836
1845 1846
1845 1847
1845 1848
1845 1851
1845 1854
1845 1926
1845 2088
1846 388
1846 1117
1846 1603
1846 1765
1846 1792
1846 1819
1846 1837
1846 1845
1846 1847
1846 1849
1846 1852
1846 1855
1846 1927
1846 2089
1847 389
1847 1118
1847 1604
1847 1766
1847 1793
1847 1820
1847 1838
1847 1845
1847 1846
1847 1850
1847 1853
1847 1856
1847 1928
1847 2090
1848 390
1848 1119
1848 1605
1848 1767
1848 1794
1848 1821
1848 1839
1848 1845
1848 1849
1848 1850
1848 1851
1848 1857
1848 1929
1848 2091
1849 391
1849 1120
1849 1606
1849 1768
1849 1795
1849 1822
1849 1840
1849 1846
1849 1848
1849 1850
1849 1852
1849 1858
1849 1930
1849 2092
1850 392
1850 1121
1850 1607
1850 1769
1850 1796
1850 1823
1850 1841
1850 1847
1850 1848
1850 1849
1850 1853
1850 1859
1850 1931
1850 2093
1851 393
1851 1122
1851 1608
1851 1770
1851 1797
1851 1824
1851 1842
1851 1845
1851 1848
1851 1852
1851 1853
1851 1860
1851 1932
1851 2094
1852 394
1852 1123
1852 1609
1852 1771
1852 1798
1852 1825
1852 1843
1852 1846
1852 1849
1852 1851
1852 1853
1852 1861
1852 1933
1852 2095
1853 395
1853 1124
1853 1610
1853 1772
1853 1799
1853 1826
1853 1844
1853 1847
1853 1850
1853 1851
1853 1852
1853 1862
1853 1934
1853 2096
1854 396
1854 1125
1854 1611
1854 1773
1854 1800
1854 1827
1854 1836
1854 1845
1854 1855
1854 1856
1854 1857
1854 1860
1854 1935
1854 2097
1855 397
1855 1126
1855 1612
1855 1774
1855 1801
1855 1828
1855 1837
1855 1846
1855 1854
1855 1856
1855 1858
1855 1861
1855 1936
1855 2098
1856 398
1856 1127
1856 1613
1856 1775
1856 1802
1856 1829
1856 1838
1856 1847
1856 1854
1856 1855
1856 1859
1856 1862
1856 1937
1856 2099
1857 399
1857 1128
1857 1614
1857 1776
1857 1803
1857 1830
1857 1839
1857 1848
1857 1854
1857 1858
1857 1859
1857 1860
1857 1938
1857 2100
1858 400
1858 1129
1858 1615
1858 1777
1858 1804
1858 1831
1858 1840
1858 1849
1858 1855
1858 1857
1858 1859
1858 1861
1858 1939
1858 2101
1859 401
1859 1130
1859 1616
1859 1778
1859 1805
1859 1832
1859 1841
1859 1850
1859 1856
1859 1857
1859 1858
1859 1862
1859 1940
1859 2102
1860 402
1860 1131
1860 1617
1860 1779
1860 1806
1860 1833
1860 1842
1860 1851
1860 1854
1860 1857
1860 1861
1860 1862
1860 1941
1860 2103
1861 403
1861 1132
1861 1618
1861 1780
1861 1807
1861 1834
1861 1843
1861 1852
1861 1855
1861 1858
1861 1860
1861 1862
1861 1942
1861 2104
1862 404
1862 1133
1862 1619
1862 1781
1862 1808
1862 1835
1862 1844
1862 1853
1862 1856
1862 1859
1862 1860
1862 1861
1862 1943
1862 2105
1863 405
1863 1134
1863 1620
1863 1701
1863 1782
1863 1864
1863 1865
1863 1866
1863 1869
1863 1872
1863 1881
1863 1890
1863 1917
1863 2106
1864 406
1864 1135
1864 1621
1864 1702
1864 1783
1864 1863
1864 1865
1864 1867
1864 1870
1864 1873
1864 1882
1864 1891
1864 1918
1864 2107
1865 407
1865 1136
1865 1622
1865 1703
1865 1784
1865 1863
1865 1864
1865 1868
1865 1871
1865 1874
1865 1883
1865 1892
1865 1919
1865 2108
1866 408
1866 1137
1866 1623
1866 1704
1866 1785
1866 1863
1866 1867
1866 1868
1866 1869
1866 1875
1866 1884
1866 1893
1866 1920
1866 2109
1867 409
1867 1138
1867 1624
1867 1705
1867 1786
1867 1864
1867 1866
1867 1868
1867 1870
1867 1876
1867 1885
1867 1894
1867 1921
1867 2110
1868 410
1868 1139
1868 1625
1868 1706
1868 1787
1868 1865
1868 1866
1868 1867
1868 1871
1868 1877
1868 1886
1868 1895
1868 1922
1868 2111
1869 411
1869 1140
1869 1626
1869 1707
1869 1788
1869 1863
1869 1866
1869 1870
1869 1871
1869 1878
1869 1887
1869 1896
1869 1923
1869 2112
1870 412
1870 1141
1870 1627
1870 1708
1870 1789
1870 1864
1870 1867
1870 1869
1870 1871
1870 1879
1870 1888
1870 1897
1870 1924
1870 2113
1871 413
1871 1142
1871 1628
1871 1709
1871 1790
1871 1865
1871 1868
1871 1869
1871 1870
1871 1880
1871 1889
1871 1898
1871 1925
1871 2114
1872 414
1872 1143
1872 1629
1872 1710
1872 1791
1872 1863
1872 1873
1872 1874
1872 1875
1872 1878
1872 1881
1872 1899
1872 1926
1872 2115
1873 415
1873 1144
1873 1630
1873 1711
1873 1792
1873 1864
1873 1872
1873 1874
1873 1876
1873 1879
1873 1882
1873 1900
1873 1927
1873 2116
1874 416
1874 1145
1874 1631
1874 1712
1874 1793
1874 1865
1874 1872
1874 1873
1874 1877
1874 1880
1874 1883
1874 1901
1874 1928
1874 2117
1875 417
1875 1146
1875 1632
1875 1713
1875 1794
1875 1866
1875 1872
1875 1876
1875 1877
1875 1878
1875 1884
1875 1902
1875 1929
1875 2118
1876 418
1876 1147
1876 1633
1876 1714
1876 1795
1876 1867
1876 1873
1876 1875
1876 1877
1876 1879
1876 1885
1876 1903
1876 1930
1876 2119
1877 419
1877 1148
1877 1634
1877 1715
1877 1796
1877 1868
1877 1874
1877 1875
1877 1876
1877 1880
1877 1886
1877 1904
1877 1931
1877 2120
1878 420
1878 1149
1878 1635
1878 1716
1878 1797
1878 1869
1878 1872
1878 1875
1878 1879
1878 1880
1878 1887
1878 1905
1878 1932
1878 2121
1879 421
1879 1150
1879 1636
1879 1717
1879 1798
1879 1870
1879 1873
1879 1876
1879 1878
1879 1880
1879 1888
1879 1906
1879 1933
1879 2122
1880 422
1880 1151
1880 1637
1880 1718
1880 1799
1880 1871
1880 1874
1880 1877
1880 1878
1880 1879
1880 1889
1880 1907
1880 1934
1880 2123
1881 423
1881 1152
1881 1638
1881 1719
1881 1800
1881 1863
1881 1872
1881 1882
1881 1883
1881 1884
1881 1887
1881 1908
1881 1935
1881 2124
1882 424
1882 1153
1882 1639
1882 1720
1882 1801
1882 1864
1882 1873
1882 1881
1882 1883
1882 1885
1882 1888
1882 1909
1882 1936
1882 2125
1883 425
1883 1154
1883 1640
1883 1721
1883 1802
1883 1865
1883 1874
1883 1881
1883 1882
1883 1886
1883 1889
1883 1910
1883 1937
1883 2126
1884 426
1884 1155
1884 1641
1884 1722
1884 1803
1884 1866
1884 1875
1884 1881
1884 1885
1884 1886
1884 1887
1884 1911
1884 1938
1884 2127
1885 427
1885 1156
1885 1642
1885 1723
1885 1804
1885 1867
1885 1876
1885 1882
1885 1884
1885 1886
1885 1888
1885 1912
1885 1939
1885 2128
1886 428
1886 1157
1886 1643
1886 1724
1886 1805
1886 1868
1886 1877
1886 1883
1886 1884
1886 1885
1886 1889
1886 1913
1886 1940
1886 2129
1887 429
1887 1158
1887 1644
1887 1725
1887 1806
1887 1869
1887 1878
1887 1881
1887 1884
1887 1888
1887 1889
1887 1914
1887 1941
1887 2130
1888 430
1888 1159
1888 1645
1888 1726
1888 1807
1888 1870
1888 1879
1888 1882
1888 1885
1888 1887
1888 1889
1888 1915
1888 1942
1888 2131
1889 431
1889 1160
1889 1646
1889 1727
1889 1808
1889 1871
1889 1880
1889 1883
1889 1886
1889 1887
1889 1888
1889 1916
1889 1943
1889 2132
1890 432
1890 1161
1890 1647
1890 1728
1890 1809
1890 1863
1890 1891
1890 1892
1890 1893
1890 1896
1890 1899
1890 1908
1890 1917
1890 2133
1891 433
1891 1162
1891 1648
1891 1729
1891 1810
1891 1864
1891 1890
1891 1892
1891 1894
1891 1897
1891 1900
1891 1909
1891 1918
1891 2134
1892 434
1892 1163
1892 1649
1892 1730
1892 1811
1892 1865
1892 1890
1892 1891
1892 1895
1892 1898
1892 1901
1892 1910
1892 1919
1892 2135
1893 435
1893 1164
1893 1650
1893 1731
1893 1812
1893 1866
1893 1890
1893 1894
1893 1895
1893 1896
1893 1902
1893 1911
1893 1920
1893 2136
1894 436
1894 1165
1894 1651
1894 1732
1894 1813
1894 1867
1894 1891
1894 1893
1894 1895
1894 1897
1894 1903
1894 1912
1894 1921
1894 2137
1895 437
1895 1166
1895 1652
1895 1733
1895 1814
1895 1868
1895 1892
1895 1893
1895 1894
1895 1898
1895 1904
1895 1913
1895 1922
1895 2138
1896 438
1896 1167
1896 1653
1896 1734
1896 1815
1896 1869
1896 1890
1896 1893
1896 1897
1896 1898
1896 1905
1896 1914
1896 1923
1896 2139
1897 439
1897 1168
1897 1654
1897 1735
1897 1816
1897 1870
1897 1891
1897 1894
1897 1896
1897 1898
1897 1906
1897 1915
1897 1924
1897 2140
1898 440
1898 1169
1898 1655
1898 1736
1898 1817
1898 1871
1898 1892
1898 1895
1898 1896
1898 1897
1898 1907
1898 1916
1898 1925
1898 2141
1899 441
1899 1170
1899 1656
1899 1737
1899 1818
1899 1872
1899 1890
1899 1900
1899 1901
1899 1902
1899 1905
1899 1908
1899 1926
1899 2142
1900 442
1900 1171
1900 1657
1900 1738
1900 1819
1900 1873
1900 1891
1900 1899
1900 1901
1900 1903
1900 1906
1900 1909
1900 1927
1900 2143
1901 443
1901 1172
1901 1658
1901 1739
1901 1820
1901 1874
1901 1892
1901 1899
1901 1900
1901 1904
1901 1907
1901 1910
1901 1928
1901 2144
1902 444
1902 1173
1902 1659
1902 1740
1902 1821
1902 1875
1902 1893
1902 1899
1902 1903
1902 1904
1902 1905
1902 1911
1902 1929
1902 2145
1903 445
1903 1174
1903 1660
1903 1741
1903 1822
1903 1876
1903 1894
1903 1900
1903 1902
1903 1904
1903 1906
1903 1912
1903 1930
1903 2146
1904 446
1904 1175
1904 1661
1904 1742
1904 1823
1904 1877
1904 1895
1904 1901
1904 1902
1904 1903
1904 1907
1904 1913
1904 1931
1904 2147
1905 447
1905 1176
1905 1662
1905 1743
1905 1824
1905 1878
1905 1896
1905 1899
1905 1902
1905 1906
1905 1907
1905 1914
1905 1932
1905 2148
1906 448
1906 1177
1906 1663
1906 1744
1906 1825
1906 1879
1906 1897
1906 1900
1906 1903
1906 1905
1906 1907
1906 1915
1906 1933
1906 2149
1907 449
1907 1178
1907 1664
1907 1745
1907 1826
1907 1880
1907 1898
1907 1901
1907 1904
1907 1905
1907 1906
1907 1916
1907 1934
1907 2150
1908 450
1908 1179
1908 1665
1908 1746
1908 1827
1908 1881
1908 1890
1908 1899
1908 1909
1908 1910
1908 1911
1908 1914
1908 1935
1908 2151
1909 451
1909 1180
1909 1666
1909 1747
1909 1828
1909 1882
1909 1891
1909 1900
1909 1908
1909 1910
1909 1912
1909 1915
1909 1936
1909 2152
1910 452
1910 1181
1910 1667
1910 1748
1910 1829
1910 1883
1910 1892
1910 1901
1910 1908
1910 1909
1910 1913
1910 1916
1910 1937
1910 2153
1911 453
1911 1182
1911 1668
1911 1749
1911 1830
1911 1884
1911 1893
1911 1902
1911 1908
1911 1912
1911 1913
1911 1914
1911 1938
1911 2154
1912 454
1912 1183
1912 1669
1912 1750
1912 1831
1912 1885
1912 1894
1912 1903
1912 1909
1912 1911
1912 1913
1912 1915
1912 1939
1912 2155
1913 455
1913 1184
1913 1670
1913 1751
1913 1832
1913 1886
1913 1895
1913 1904
1913 1910
1913 1911
1913 1912
1913 1916
1913 1940
1913 2156
1914 456
1914 1185
1914 1671
1914 1752
1914 1833
1914 1887
1914 1896
1914 1905
1914 1908
1914 1911
1914 1915
1914 1916
1914 1941
1914 2157
1915 457
1915 1186
1915 1672
1915 1753
1915 1834
1915 1888
1915 1897
1915 1906
1915 1909
1915 1912
1915 1914
1915 1916
1915 1942
1915 2158
1916 458
1916 1187
1916 1673
1916 1754
1916 1835
1916 1889
1916 1898
1916 1907
1916 1910
1916 1913
1916 1914
1916 1915
1916 1943
1916 2159
1917 459
1917 1188
1917 1674
1917 1755
1917 1836
1917 1863
1917 1890
1917 1918
1917 1919
1917 1920
1917 1923
1917 1926
1917 1935
1917 2160
1918 460
1918 1189
1918 1675
1918 1756
1918 1837
1918 1864
1918 1891
1918 1917
1918 1919
1918 1921
1918 1924
1918 1927
1918 1936
1918 2161
1919 461
1919 1190
1919 1676
1919 1757
1919 1838
1919 1865
1919 1892
1919 1917
1919 1918
1919 1922
1919 1925
1919 1928
1919 1937
1919 2162
1920 462
1920 1191
1920 1677
1920 1758
1920 1839
1920 1866
1920 1893
1920 1917
1920 1921
1920 1922
1920 1923
1920 1929
1920 1938
1920 2163
1921 463
1921 1192
1921 1678
1921 1759
1921 1840
1921 1867
1921 1894
1921 1918
1921 1920
1921 1922
1921 1924
1921 1930
1921 1939
1921 2164
1922 464
1922 1193
1922 1679
1922 1760
1922 1841
1922 1868
1922 1895
1922 1919
1922 1920
1922 1921
1922 1925
1922 1931
1922 1940
1922 2165
1923 465
1923 1194
1923 1680
1923 1761
1923 1842
1923 1869
1923 1896
1923 1917
1923 1920
1923 1924
1923 1925
1923 1932
1923 1941
1923 2166
1924 466
1924 1195
1924 1681
1924 1762
1924 1843
1924 1870
1924 1897
1924 1918
1924 1921
1924 1923
1924 1925
1924 1933
1924 1942
1924 2167
1925 467
1925 1196
1925 1682
1925 1763
1925 1844
1925 1871
1925 1898
1925 1919
1925 1922
1925 1923
1925 1924
1925 1934
1925 1943
1925 2168
1926 468
1926 1197
1926 1683
1926 1764
1926 1845
1926 1872
1926 1899
1926 1917
1926 1927
1926 1928
1926 1929
1926 1932
1926 1935
1926 2169
1927 469
1927 1198
1927 1684
1927 1765
1927 1846
1927 1873
1927 1900
1927 1918
1927 1926
1927 1928
1927 1930
1927 1933
1927 1936
1927 2170
1928 470
1928 1199
1928 1685
1928 1766
1928 1847
1928 1874
1928 1901
1928 1919
1928 1926
1928 1927
1928 1931
1928 1934
1928 1937
1928 2171
1929 471
1929 1200
1929 1686
1929 1767
1929 1848
1929 1875
1929 1902
1929 1920
1929 1926
1929 1930
1929 1931
1929 1932
1929 1938
1929 2172
1930 472
1930 1201
1930 1687
1930 1768
1930 1849
1930 1876
1930 1903
1930 1921
1930 1927
1930 1929
1930 1931
1930 1933
1930 1939
1930 2173
1931 473
1931 1202
1931 1688
1931 1769
1931 1850
1931 1877
1931 1904
1931 1922
1931 1928
1931 1929
1931 1930
1931 1934
1931 1940
1931 2174
1932 474
1932 1203
1932 1689
1932 1770
1932 1851
1932 1878
1932 1905
1932 1923
1932 1926
1932 1929
1932 1933
1932 1934
1932 1941
1932 2175
1933 475
1933 1204
1933 1690
1933 1771
1933 1852
1933 1879
1933 1906
1933 1924
1933 1927
1933 1930
1933 1932
1933 1934
1933 1942
1933 2176
1934 476
1934 1205
1934 1691
1934 1772
1934 1853
1934 1880
1934 1907
1934 1925
1934 1928
1934 1931
1934 1932
1934 1933
1934 1943
1934 2177
1935 477
1935 1206
1935 1692
1935 1773
1935 1854
1935 1881
1935 1908
1935 1917
1935 1926
1935 1936
1935 1937
1935 1938
1935 1941
1935 2178
1936 478
1936 1207
1936 1693
1936 1774
1936 1855
1936 1882
1936 1909
1936 1918
1936 1927
1936 1935
1936 1937
1936 1939
1936 1942
1936 2179
1937 479
1937 1208
1937 1694
1937 1775
1937 1856
1937 1883
1937 1910
1937 1919
1937 1928
1937 1935
1937 1936
1937 1940
1937 1943
1937 2180
1938 480
1938 1209
1938 1695
1938 1776
1938 1857
1938 1884
1938 1911
1938 1920
1938 1929
1938 1935
1938 1939
1938 1940
1938 1941
1938 2181
1939 481
1939 1210
1939 1696
1939 1777
1939 1858
1939 1885
1939 1912
1939 1921
1939 1930
1939 1936
1939 1938
1939 1940
1939 1942
1939 2182
1940 482
1940 1211
1940 1697
1940 1778
1940 1859
1940 1886
1940 1913
1940 1922
1940 1931
1940 1937
1940 1938
1940 1939
1940 1943
1940 2183
1941 483
1941 1212
1941 1698
1941 1779
1941 1860
1941 1887
1941 1914
1941 1923
1941 1932
1941 1935
1941 1938
1941 1942
1941 1943
1941 2184
1942 484
1942 1213
1942 1699
1942 1780
1942 1861
1942 1888
1942 1915
1942 1924
1942 1933
1942 1936
1942 1939
1942 1941
1942 1943
1942 2185
1943 485
1943 1214
1943 1700
1943 1781
1943 1862
1943 1889
1943 1916
1943 1925
1943 1934
1943 1937
1943 1940
1943 1941
1943 1942
1943 2186
1944 486
1944 1215
1944 1458
1944 1701
1944 1945
1944 1946
1944 1947
1944 1950
1944 1953
1944 1962
1944 1971
1944 1998
1944 2025
1944 2106
1945 487
1945 1216
1945 1459
1945 1702
1945 1944
1945 1946
1945 1948
1945 1951
1945 1954
1945 1963
1945 1972
1945 1999
1945 2026
1945 2107
1946 488
1946 1217
1946 1460
1946 1703
1946 1944
1946 1945
1946 1949
1946 1952
1946 1955
1946 1964
1946 1973
1946 2000
1946 2027
1946 2108
1947 489
1947 1218
1947 1461
1947 1704
1947 1944
1947 1948
1947 1949
1947 1950
1947 1956
1947 1965
1947 1974
1947 2001
1947 2028
1947 2109
1948 490
1948 1219
1948 1462
1948 1705
1948 1945
1948 1947
1948 1949
1948 1951
1948 1957
1948 1966
1948 1975
1948 2002
1948 2029
1948 2110
1949 491
1949 1220
1949 1463
1949 1706
1949 1946
1949 1947
1949 1948
1949 1952
1949 1958
1949 1967
1949 1976
1949 2003
1949 2030
1949 2111
1950 492
1950 1221
1950 1464
1950 1707
1950 1944
1950 1947
1950 1951
1950 1952
1950 1959
1950 1968
1950 1977
1950 2004
1950 2031
1950 2112
1951 493
1951 1222
1951 1465
1951 1708
1951 1945
1951 1948
1951 1950
1951 1952
1951 1960
1951 1969
1951 1978
1951 2005
1951 2032
1951 2113
1952 494
1952 1223
1952 1466
1952 1709
1952 1946
1952 1949
1952 1950
1952 1951
1952 1961
1952 1970
1952 1979
1952 2006
1952 2033
1952 2114
1953 495
1953 1224
1953 1467
1953 1710
1953 1944
1953 1954
1953 1955
1953 1956
1953 1959
1953 1962
1953 1980
1953 2007
1953 2034
1953 2115
1954 496
1954 1225
1954 1468
1954 1711
1954 1945
1954 1953
1954 1955
1954 1957
1954 1960
1954 1963
1954 1981
1954 2008
1954 2035
1954 2116
1955 497
1955 1226
1955 1469
1955 1712
1955 1946
1955 1953
1955 1954
1955 1958
1955 1961
1955 1964
1955 1982
1955 2009
1955 2036
1955 2117
1956 498
1956 1227
1956 1470
1956 1713
1956 1947
1956 1953
1956 1957
1956 1958
1956 1959
1956 1965
1956 1983
1956 2010
1956 2037
1956 2118
1957 499
1957 1228
1957 1471
1957 1714
1957 1948
1957 1954
1957 1956
1957 1958
1957 1960
1957 1966
1957 1984
1957 2011
1957 2038
1957 2119
1958 500
1958 1229
1958 1472
1958 1715
1958 1949
1958 1955
1958 1956
1958 1957
1958 1961
1958 1967
1958 1985
1958 2012
1958 2039
1958 2120
1959 501
1959 1230
1959 1473
1959 1716
1959 1950
1959 1953
1959 1956
1959 1960
1959 1961
1959 1968
1959 1986
1959 2013
1959 2040
1959 2121
1960 502
1960 1231
1960 1474
1960 1717
1960 1951
1960 1954
1960 1957
1960 1959
1960 1961
1960 1969
1960 1987
1960 2014
1960 2041
1960 2122
1961 503
1961 1232
1961 1475
1961 1718
1961 1952
1961 1955
1961 1958
1961 1959
1961 1960
1961 1970
1961 1988
1961 2015
1961 2042
1961 2123
1962 504
1962 1233
1962 1476
1962 1719
1962 1944
1962 1953
1962 1963
1962 1964
1962 1965
1962 1968
1962 1989
1962 2016
1962 2043
1962 2124
1963 505
1963 1234
1963 1477
1963 1720
1963 1945
1963 1954
1963 1962
1963 1964
1963 1966
1963 1969
1963 1990
1963 2017
1963 2044
1963 2125
1964 506
1964 1235
1964 1478
1964 1721
1964 1946
1964 1955
1964 1962
1964 1963
1964 1967
1964 1970
1964 1991
1964 2018
1964 2045
1964 2126
1965 507
1965 1236
1965 1479
1965 1722
1965 1947
1965 1956
1965 1962
1965 1966
1965 1967
1965 1968
1965 1992
1965 2019
1965 2046
1965 2127
1966 508
1966 1237
1966 1480
1966 1723
1966 1948
1966 1957
1966 1963
1966 1965
1966 1967
1966 1969
1966 1993
1966 2020
1966 2047
1966 2128
1967 509
1967 1238
1967 1481
1967 1724
1967 1949
1967 1958
1967 1964
1967 1965
1967 1966
1967 1970
1967 1994
1967 2021
1967 2048
1967 2129
1968 510
1968 1239
1968 1482
1968 1725
1968 1950
1968 1959
1968 1962
1968 1965
1968 1969
1968 1970
1968 1995
1968 2022
1968 2049
1968 2130
1969 511
1969 1240
1969 1483
1969 1726
1969 1951
1969 1960
1969 1963
1969 1966
1969 1968
1969 1970
1969 1996
1969 2023
1969 2050
1969 2131
1970 512
1970 1241
1970 1484
1970 1727
1970 1952
1970 1961
1970 1964
1970 1967
1970 1968
1970 1969
1970 1997
1970 2024
1970 2051
1970 2132
1971 513
1971 1242
1971 1485
1971 1728
1971 1944
1971 1972
1971 1973
1971 1974
1971 1977
1971 1980
1971 1989
1971 1998
1971 2052
1971 2133
1972 514
1972 1243
1972 1486
1972 1729
1972 1945
1972 1971
1972 1973
1972 1975
1972 1978
1972 1981
1972 1990
1972 1999
1972 2053
1972 2134
1973 515
1973 1244
1973 1487
1973 1730
1973 1946
1973 1971
1973 1972
1973 1976
1973 1979
1973 1982
1973 1991
1973 2000
1973 2054
1973 2135
1974 516
1974 1245
1974 1488
1974 1731
1974 1947
1974 1971
1974 1975
1974 1976
1974 1977
1974 1983
1974 1992
1974 2001
1974 2055
1974 2136
1975 517
1975 1246
1975 1489
1975 1732
1975 1948
1975 1972
1975 1974
1975 1976
1975 1978
1975 1984
1975 1993
1975 2002
1975 2056
1975 2137
1976 518
1976 1247
1976 1490
1976 1733
1976 1949
1976 1973
1976 1974
1976 1975
1976 1979
1976 1985
1976 1994
1976 2003
1976 2057
1976 2138
1977 519
1977 1248
1977 1491
1977 1734
1977 1950
1977 1971
1977 1974
1977 1978
1977 1979
1977 1986
1977 1995
1977 2004
1977 2058
1977 2139
1978 520
1978 1249
1978 1492
1978 1735
1978 1951
1978 1972
1978 1975
1978 1977
1978 1979
1978 1987
1978 1996
1978 2005
1978 2059
1978 2140
1979 521
1979 1250
1979 1493
1979 1736
1979 1952
1979 1973
1979 1976
1979 1977
1979 1978
1979 1988
1979 1997
1979 2006
1979 2060
1979 2141
1980 522
1980 1251
1980 1494
1980 1737
1980 1953
1980 1971
1980 1981
1980 1982
1980 1983
1980 1986
1980 1989
1980 2007
1980 2061
1980 2142
1981 523
1981 1252
1981 1495
1981 1738
1981 1954
1981 1972
1981 1980
1981 1982
1981 1984
1981 1987
1981 1990
1981 2008
1981 2062
1981 2143
1982 524
1982 1253
1982 1496
1982 1739
1982 1955
1982 1973
1982 1980
1982 1981
1982 1985
1982 1988
1982 1991
1982 2009
1982 2063
1982 2144
1983 525
1983 1254
1983 1497
1983 1740
1983 1956
1983 1974
1983 1980
1983 1984
1983 1985
1983 1986
1983 1992
1983 2010
1983 2064
1983 2145
1984 526
1984 1255
1984 1498
1984 1741
1984 1957
1984 1975
1984 1981
1984 1983
1984 1985
1984 1987
1984 1993
1984 2011
1984 2065
1984 2146
1985 527
1985 1256
1985 1499
1985 1742
1985 1958
1985 1976
1985 1982
1985 1983
1985 1984
1985 1988
1985 1994
1985 2012
1985 2066
1985 2147
1986 528
1986 1257
1986 1500
1986 1743
1986 1959
1986 1977
1986 1980
1986 1983
1986 1987
1986 1988
1986 1995
1986 2013
1986 2067
1986 2148
1987 529
1987 1258
1987 1501
1987 1744
1987 1960
1987 1978
1987 1981
1987 1984
1987 1986
1987 1988
1987 1996
1987 2014
1987 2068
1987 2149
1988 530
1988 1259
1988 1502
1988 1745
1988 1961
1988 1979
1988 1982
1988 1985
1988 1986
1988 1987
1988 1997
1988 2015
1988 2069
1988 2150
1989 531
1989 1260
1989 1503
1989 1746
1989 1962
1989 1971
1989 1980
1989 1990
1989 1991
1989 1992
1989 1995
1989 2016
1989 2070
1989 2151
1990 532
1990 1261
1990 1504
1990 1747
1990 1963
1990 1972
1990 1981
1990 1989
1990 1991
1990 1993
1990 1996
1990 2017
1990 2071
1990 2152
1991 533
1991 1262
1991 1505
1991 1748
1991 1964
1991 1973
1991 1982
1991 1989
1991 1990
1991 1994
1991 1997
1991 2018
1991 2072
1991 2153
1992 534
1992 1263
1992 1506
1992 1749
1992 1965
1992 1974
1992 1983
1992 1989
1992 1993
1992 1994
1992 1995
1992 2019
1992 2073
1992 2154
1993 535
1993 1264
1993 1507
1993 1750
1993 1966
1993 1975
1993 1984
1993 1990
1993 1992
1993 1994
1993 1996
1993 2020
1993 2074
1993 2155
1994 536
1994 1265
1994 1508
1994 1751
1994 1967
1994 1976
1994 1985
1994 1991
1994 1992
1994 1993
1994 1997
1994 2021
1994 2075
1994 2156
1995 537
1995 1266
1995 1509
1995 1752
1995 1968
1995 1977
1995 1986
1995 1989
1995 1992
1995 1996
1995 1997
1995 2022
1995 2076
1995 2157
1996 538
1996 1267
1996 1510
1996 1753
1996 1969
1996 1978
1996 1987
1996 1990
1996 1993
1996 1995
1996 1997
1996 2023
1996 2077
1996 2158
1997 539
1997 1268
1997 1511
1997 1754
1997 1970
1997 1979
1997 1988
1997 1991
1997 1994
1997 1995
1997 1996
1997 2024
1997 2078
1997 2159
1998 540
1998 1269
1998 1512
1998 1755
1998 1944
1998 1971
1998 1999
1998 2000
1998 2001
1998 2004
1998 2007
1998 2016
1998 2079
1998 2160
1999 541
1999 1270
1999 1513
1999 1756
1999 1945
1999 1972
1999 1998
1999 2000
1999 2002
1999 2005
1999 2008
1999 2017
1999 2080
1999 2161
2000 542
2000 1271
2000 1514
2000 1757
2000 1946
2000 1973
2000 1998
2000 1999
2000 2003
2000 2006
2000 2009
2000 2018
2000 2081
2000 2162
2001 543
2001 1272
2001 1515
2001 1758
2001 1947
2001 1974
2001 1998
2001 2002
2001 2003
2001 2004
2001 2010
2001 2019
2001 2082
2001 2163
2002 544
2002 1273
2002 1516
2002 1759
2002 1948
2002 1975
2002 1999
2002 2001
2002 2003
2002 2005
2002 2011
2002 2020
2002 2083
2002 2164
2003 545
2003 1274
2003 1517
2003 1760
2003 1949
2003 1976
2003 2000
2003 2001
2003 2002
2003 2006
2003 2012
2003 2021
2003 2084
2003 2165
2004 546
2004 1275
2004 1518
2004 1761
2004 1950
2004 1977
2004 1998
2004 2001
2004 2005
2004 2006
2004 2013
2004 2022
2004 2085
2004 2166
2005 547
2005 1276
2005 1519
2005 1762
2005 1951
2005 1978
2005 1999
2005 2002
2005 2004
2005 2006
2005 2014
2005 2023
2005 2086
2005 2167
2006 548
2006 1277
2006 1520
2006 1763
2006 1952
2006 1979
2006 2000
2006 2003
2006 2004
2006 2005
2006 2015
2006 2024
2006 2087
2006 2168
2007 549
2007 1278
2007 1521
2007 1764
2007 1953
2007 1980
2007 1998
2007 2008
2007 2009
2007 2010
2007 2013
2007 2016
2007 2088
2007 2169
2008 550
2008 1279
2008 1522
2008 1765
2008 1954
2008 1981
2008 1999
2008 2007
2008 2009
2008 2011
2008 2014
2008 2017
2008 2089
2008 2170
2009 551
2009 1280
2009 1523
2009 1766
2009 1955
2009 1982
2009 2000
2009 2007
2009 2008
2009 2012
2009 2015
2009 2018
2009 2090
2009 2171
2010 552
2010 1281
2010 1524
2010 1767
2010 1956
2010 1983
2010 2001
2010 2007
2010 2011
2010 2012
2010 2013
2010 2019
2010 2091
2010 2172
2011 553
2011 1282
2011 1525
2011 1768
2011 1957
2011 1984
2011 2002
2011 2008
2011 2010
2011 2012
2011 2014
2011 2020
2011 2092
2011 2173
2012 554
2012 1283
2012 1526
2012 1769
2012 1958
2012 1985
2012 2003
2012 2009
2012 2010
2012 2011
2012 2015
2012 2021
2012 2093
2012 2174
2013 555
2013 1284
2013 1527
2013 1770
2013 1959
2013 1986
2013 2004
2013 2007
2013 2010
2013 2014
2013 2015
2013 2022
2013 2094
2013 2175
2014 556
2014 1285
2014 1528
2014 1771
2014 1960
2014 1987
2014 2005
2014 2008
2014 2011
2014 2013
2014 2015
2014 2023
2014 2095
2014 2176
2015 557
2015 1286
2015 1529
2015 1772
2015 1961
2015 1988
2015 2006
2015 2009
2015 2012
2015 2013
2015 2014
2015 2024
2015 2096
2015 2177
2016 558
2016 1287
2016 1530
2016 1773
2016 1962
2016 1989
2016 1998
2016 2007
2016 2017
2016 2018
2016 2019
2016 2022
2016 2097
2016 2178
2017 559
2017 1288
2017 1531
2017 1774
2017 1963
2017 1990
2017 1999
2017 2008
2017 2016
2017 2018
2017 2020
2017 2023
2017 2098
2017 2179
2018 560
2018 1289
2018 1532
2018 1775
2018 1964
2018 1991
2018 2000
2018 2009
2018 2016
2018 2017
2018 2021
2018 2024
2018 2099
2018 2180
2019 561
2019 1290
2019 1533
2019 1776
2019 1965
2019 1992
2019 2001
2019 2010
2019 2016
2019 2020
2019 2021
2019 2022
2019 2100
2019 2181
2020 562
2020 1291
2020 1534
2020 1777
2020 1966
2020 1993
2020 2002
2020 2011
2020 2017
2020 2019
2020 2021
2020 2023
2020 2101
2020 2182
2021 563
2021 1292
2021 1535
2021 1778
2021 1967
2021 1994
2021 2003
2021 2012
2021 2018
2021 2019
2021 2020
2021 2024
2021 2102
2021 2183
2022 564
2022 1293
2022 1536
2022 1779
2022 1968
2022 1995
2022 2004
2022 2013
2022 2016
2022 2019
2022 2023
2022 2024
2022 2103
2022 2184
2023 565
2023 1294
2023 1537
2023 1780
2023 1969
2023 1996
2023 2005
2023 2014
2023 2017
2023 2020
2023 2022
2023 2024
2023 2104
2023 2185
2024 566
2024 1295
2024 1538
2024 1781
2024 1970
2024 1997
2024 2006
2024 2015
2024 2018
2024 2021
2024 2022
2024 2023
2024 2105
2024 2186
2025 567
2025 1296
2025 1539
2025 1782
2025 1944
2025 2026
2025 2027
2025 2028
2025 2031
2025 2034
2025 2043
2025 2052
2025 2079
2025 2106
2026 568
2026 1297
2026 1540
2026 1783
2026 1945
2026 2025
2026 2027
2026 2029
2026 2032
2026 2035
2026 2044
2026 2053
2026 2080
2026 2107
2027 569
2027 1298
2027 1541
2027 1784
2027 1946
2027 2025
2027 2026
2027 2030
2027 2033
2027 2036
2027 2045
2027 2054
2027 2081
2027 2108
2028 570
2028 1299
2028 1542
2028 1785
2028 1947
2028 2025
2028 2029
2028 2030
2028 2031
2028 2037
2028 2046
2028 2055
2028 2082
2028 2109
2029 571
2029 1300
2029 1543
2029 1786
2029 1948
2029 2026
2029 2028
2029 2030
2029 2032
2029 2038
2029 2047
2029 2056
2029 2083
2029 2110
2030 572
2030 1301
2030 1544
2030 1787
2030 1949
2030 2027
2030 2028
2030 2029
2030 2033
2030 2039
2030 2048
2030 2057
2030 2084
2030 2111
2031 573
2031 1302
2031 1545
2031 1788
2031 1950
2031 2025
2031 2028
2031 2032
2031 2033
2031 2040
2031 2049
2031 2058
2031 2085
2031 2112
2032 574
2032 1303
2032 1546
2032 1789
2032 1951
2032 2026
2032 2029
2032 2031
2032 2033
2032 2041
2032 2050
2032 2059
2032 2086
2032 2113
2033 575
2033 1304
2033 1547
2033 1790
2033 1952
2033 2027
2033 2030
2033 2031
2033 2032
2033 2042
2033 2051
2033 2060
2033 2087
2033 2114
2034 576
2034 1305
2034 1548
2034 1791
2034 1953
2034 2025
2034 2035
2034 2036
2034 2037
2034 2040
2034 2043
2034 2061
2034 2088
2034 2115
2035 577
2035 1306
2035 1549
2035 1792
2035 1954
2035 2026
2035 2034
2035 2036
2035 2038
2035 2041
2035 2044
2035 2062
2035 2089
2035 2116
2036 578
2036 1307
2036 1550
2036 1793
2036 1955
2036 2027
2036 2034
2036 2035
2036 2039
2036 2042
2036 2045
2036 2063
2036 2090
2036 2117
2037 579
2037 1308
2037 1551
2037 1794
2037 1956
2037 2028
2037 2034
2037 2038
2037 2039
2037 2040
2037 2046
2037 2064
2037 2091
2037 2118
2038 580
2038 1309
2038 1552
2038 1795
2038 1957
2038 2029
2038 2035
2038 2037
2038 2039
2038 2041
2038 2047
2038 2065
2038 2092
2038 2119
2039 581
2039 1310
2039 1553
2039 1796
2039 1958
2039 2030
2039 2036
2039 2037
2039 2038
2039 2042
2039 2048
2039 2066
2039 2093
2039 2120
2040 582
2040 1311
2040 1554
2040 1797
2040 1959
2040 2031
2040 2034
2040 2037
2040 2041
2040 2042
2040 2049
2040 2067
2040 2094
2040 2121
2041 583
2041 1312
2041 1555
2041 1798
2041 1960
2041 2032
2041 2035
2041 2038
2041 2040
2041 2042
2041 2050
2041 2068
2041 2095
2041 2122
2042 584
2042 1313
2042 1556
2042 1799
2042 1961
2042 2033
2042 2036
2042 2039
2042 2040
2042 2041
2042 2051
2042 2069
2042 2096
2042 2123
2043 585
2043 1314
2043 1557
2043 1800
2043 1962
2043 2025
2043 2034
2043 2044
2043 2045
2043 2046
2043 2049
2043 2070
2043 2097
2043 2124
2044 586
2044 1315
2044 1558
2044 1801
2044 1963
2044 2026
2044 2035
2044 2043
2044 2045
2044 2047
2044 2050
2044 2071
2044 2098
2044 2125
2045 587
2045 1316
2045 1559
2045 1802
2045 1964
2045 2027
2045 2036
2045 2043
2045 2044
2045 2048
2045 2051
2045 2072
2045 2099
2045 2126
2046 588
2046 1317
2046 1560
2046 1803
2046 1965
2046 2028
2046 2037
2046 2043
2046 2047
2046 2048
2046 2049
2046 2073
2046 2100
2046 2127
2047 589
2047 1318
2047 1561
2047 1804
2047 1966
2047 2029
2047 2038
2047 2044
2047 2046
2047 2048
2047 2050
2047 2074
2047 2101
2047 2128
2048 590
2048 1319
2048 1562
2048 1805
2048 1967
2048 2030
2048 2039
2048 2045
2048 2046
2048 2047
2048 2051
2048 2075
2048 2102
2048 2129
2049 591
2049 1320
2049 1563
2049 1806
2049 1968
2049 2031
2049 2040
2049 2043
2049 2046
2049 2050
2049 2051
2049 2076
2049 2103
2049 2130
2050 592
2050 1321
2050 1564
2050 1807
2050 1969
2050 2032
2050 2041
2050 2044
2050 2047
2050 2049
2050 2051
2050 2077
2050 2104
2050 2131
2051 593
2051 1322
2051 1565
2051 1808
2051 1970
2051 2033
2051 2042
2051 2045
2051 2048
2051 2049
2051 2050
2051 2078
2051 2105
2051 2132
2052 594
2052 1323
2052 1566
2052 1809
2052 1971
2052 2025
2052 2053
2052 2054
2052 2055
2052 2058
2052 2061
2052 2070
2052 2079
2052 2133
2053 595
2053 1324
2053 1567
2053 1810
2053 1972
2053 2026
2053 2052
2053 2054
2053 2056
2053 2059
2053 2062
2053 2071
2053 2080
2053 2134
2054 596
2054 1325
2054 1568
2054 1811
2054 1973
2054 2027
2054 2052
2054 2053
2054 2057
2054 2060
2054 2063
2054 2072
2054 2081
2054 2135
2055 597
2055 1326
2055 1569
2055 1812
2055 1974
2055 2028
2055 2052
2055 2056
2055 2057
2055 2058
2055 2064
2055 2073
2055 2082
2055 2136
2056 598
2056 1327
2056 1570
2056 1813
2056 1975
2056 2029
2056 2053
2056 2055
2056 2057
2056 2059
2056 2065
2056 2074
2056 2083
2056 2137
2057 599
2057 1328
2057 1571
2057 1814
2057 1976
2057 2030
2057 2054
2057 2055
2057 2056
2057 2060
2057 2066
2057 2075
2057 2084
2057 2138
2058 600
2058 1329
2058 1572
2058 1815
2058 1977
2058 2031
2058 2052
2058 2055
2058 2059
2058 2060
2058 2067
2058 2076
2058 2085
2058 2139
2059 601
2059 1330
2059 1573
2059 1816
2059 1978
2059 2032
2059 2053
2059 2056
2059 2058
2059 2060
2059 2068
2059 2077
2059 2086
2059 2140
2060 602
2060 1331
2060 1574
2060 1817
2060 1979
2060 2033
2060 2054
2060 2057
2060 2058
2060 2059
2060 2069
2060 2078
2060 2087
2060 2141
2061 603
2061 1332
2061 1575
2061 1818
2061 1980
2061 2034
2061 2052
2061 2062
2061 2063
2061 2064
2061 2067
2061 2070
2061 2088
2061 2142
2062 604
2062 1333
2062 1576
2062 1819
2062 1981
2062 2035
2062 2053
2062 2061
2062 2063
2062 2065
2062 2068
2062 2071
2062 2089
2062 2143
2063 605
2063 1334
2063 1577
2063 1820
2063 1982
2063 2036
2063 2054
2063 2061
2063 2062
2063 2066
2063 2069
2063 2072
2063 2090
2063 2144
2064 606
2064 1335
2064 1578
2064 1821
2064 1983
2064 2037
2064 2055
2064 2061
2064 2065
2064 2066
2064 2067
2064 2073
2064 2091
2064 2145
2065 607
2065 1336
2065 1579
2065 1822
2065 1984
2065 2038
2065 2056
2065 2062
2065 2064
2065 2066
2065 2068
2065 2074
2065 2092
2065 2146
2066 608
2066 1337
2066 1580
2066 1823
2066 1985
2066 2039
2066 2057
2066 2063
2066 2064
2066 2065
2066 2069
2066 2075
2066 2093
2066 2147
2067 609
2067 1338
2067 1581
2067 1824
2067 1986
2067 2040
2067 2058
2067 2061
2067 2064
2067 2068
2067 2069
2067 2076
2067 2094
2067 2148
2068 610
2068 1339
2068 1582
2068 1825
2068 1987
2068 2041
2068 2059
2068 2062
2068 2065
2068 2067
2068 2069
2068 2077
2068 2095
2068 2149
2069 611
2069 1340
2069 1583
2069 1826
2069 1988
2069 2042
2069 2060
2069 2063
2069 2066
2069 2067
2069 2068
2069 2078
2069 2096
2069 2150
2070 612
2070 1341
2070 1584
2070 1827
2070 1989
2070 2043
2070 2052
2070 2061
2070 2071
2070 2072
2070 2073
2070 2076
2070 2097
2070 2151
2071 613
2071 1342
2071 1585
2071 1828
2071 1990
2071 2044
2071 2053
2071 2062
2071 2070
2071 2072
2071 2074
2071 2077
2071 2098
2071 2152
2072 614
2072 1343
2072 1586
2072 1829
2072 1991
2072 2045
2072 2054
2072 2063
2072 2070
2072 2071
2072 2075
2072 2078
2072 2099
2072 2153
2073 615
2073 1344
2073 1587
2073 1830
2073 1992
2073 2046
2073 2055
2073 2064
2073 2070
2073 2074
2073 2075
2073 2076
2073 2100
2073 2154
2074 616
2074 1345
2074 1588
2074 1831
2074 1993
2074 2047
2074 2056
2074 2065
2074 2071
2074 2073
2074 2075
2074 2077
2074 2101
2074 2155
2075 617
2075 1346
2075 1589
2075 1832
2075 1994
2075 2048
2075 2057
2075 2066
2075 2072
2075 2073
2075 2074
2075 2078
2075 2102
2075 2156
2076 618
2076 1347
2076 1590
2076 1833
2076 1995
2076 2049
2076 2058
2076 2067
2076 2070
2076 2073
2076 2077
2076 2078
2076 2103
2076 2157
2077 619
2077 1348
2077 1591
2077 1834
2077 1996
2077 2050
2077 2059
2077 2068
2077 2071
2077 2074
2077 2076
2077 2078
2077 2104
2077 2158
2078 620
2078 1349
2078 1592
2078 1835
2078 1997
2078 2051
2078 2060
2078 2069
2078 2072
2078 2075
2078 2076
2078 2077
2078 2105
2078 2159
2079 621
2079 1350
2079 1593
2079 1836
2079 1998
2079 2025
2079 2052
2079 2080
2079 2081
2079 2082
2079 2085
2079 2088
2079 2097
2079 2160
2080 622
2080 1351
2080 1594
2080 1837
2080 1999
2080 2026
2080 2053
2080 2079
2080 2081
2080 2083
2080 2086
2080 2089
2080 2098
2080 2161
2081 623
2081 1352
2081 1595
2081 1838
2081 2000
2081 2027
2081 2054
2081 2079
2081 2080
2081 2084
2081 2087
2081 2090
2081 2099
2081 2162
2082 624
2082 1353
2082 1596
2082 1839
2082 2001
2082 2028
2082 2055
2082 2079
2082 2083
2082 2084
2082 2085
2082 2091
2082 2100
2082 2163
2083 625
2083 1354
2083 1597
2083 1840
2083 2002
2083 2029
2083 2056
2083 2080
2083 2082
2083 2084
2083 2086
2083 2092
2083 2101
2083 2164
2084 626
2084 1355
2084 1598
2084 1841
2084 2003
2084 2030
2084 2057
2084 2081
2084 2082
2084 2083
2084 2087
2084 2093
2084 2102
2084 2165
2085 627
2085 1356
2085 1599
2085 1842
2085 2004
2085 2031
2085 2058
2085 2079
2085 2082
2085 2086
2085 2087
2085 2094
2085 2103
2085 2166
2086 628
2086 1357
2086 1600
2086 1843
2086 2005
2086 2032
2086 2059
2086 2080
2086 2083
2086 2085
2086 2087
2086 2095
2086 2104
2086 2167
2087 629
2087 1358
2087 1601
2087 1844
2087 2006
2087 2033
2087 2060
2087 2081
2087 2084
2087 2085
2087 2086
2087 2096
2087 2105
2087 2168
2088 630
2088 1359
2088 1602
2088 1845
2088 2007
2088 2034
2088 2061
2088 2079
2088 2089
2088 2090
2088 2091
2088 2094
2088 2097
2088 2169
2089 631
2089 1360
2089 1603
2089 1846
2089 2008
2089 2035
2089 2062
2089 2080
2089 2088
2089 2090
2089 2092
2089 2095
2089 2098
2089 2170
2090 632
2090 1361
2090 1604
2090 1847
2090 2009
2090 2036
2090 2063
2090 2081
2090 2088
2090 2089
2090 2093
2090 2096
2090 2099
2090 2171
2091 633
2091 1362
2091 1605
2091 1848
2091 2010
2091 2037
2091 2064
2091 2082
2091 2088
2091 2092
2091 2093
2091 2094
2091 2100
2091 2172
2092 634
2092 1363
2092 1606
2092 1849
2092 2011
2092 2038
2092 2065
2092 2083
2092 2089
2092 2091
2092 2093
2092 2095
2092 2101
2092 2173
2093 635
2093 1364
2093 1607
2093 1850
2093 2012
2093 2039
2093 2066
2093 2084
2093 2090
2093 2091
2093 2092
2093 2096
2093 2102
2093 2174
2094 636
2094 1365
2094 1608
2094 1851
2094 2013
2094 2040
2094 2067
2094 2085
2094 2088
2094 2091
2094 2095
2094 2096
2094 2103
2094 2175
2095 637
2095 1366
2095 1609
2095 1852
2095 2014
2095 2041
2095 2068
2095 2086
2095 2089
2095 2092
2095 2094
2095 2096
2095 2104
2095 2176
2096 638
2096 1367
2096 1610
2096 1853
2096 2015
2096 2042
2096 2069
2096 2087
2096 2090
2096 2093
2096 2094
2096 2095
2096 2105
2096 2177
2097 639
2097 1368
2097 1611
2097 1854
2097 2016
2097 2043
2097 2070
2097 2079
2097 2088
2097 2098
2097 2099
2097 2100
2097 2103
2097 2178
2098 640
2098 1369
2098 1612
2098 1855
2098 2017
2098 2044
2098 2071
2098 2080
2098 2089
2098 2097
2098 2099
2098 2101
2098 2104
2098 2179
2099 641
2099 1370
2099 1613
2099 1856
2099 2018
2099 2045
2099 2072
2099 2081
2099 2090
2099 2097
2099 2098
2099 2102
2099 2105
2099 2180
2100 642
2100 1371
2100 1614
2100 1857
2100 2019
2100 2046
2100 2073
2100 2082
2100 2091
2100 2097
2100 2101
2100 2102
2100 2103
2100 2181
2101 643
2101 1372
2101 1615
2101 1858
2101 2020
2101 2047
2101 2074
2101 2083
2101 2092
2101 2098
2101 2100
2101 2102
2101 2104
2101 2182
2102 644
2102 1373
2102 1616
2102 1859
2102 2021
2102 2048
2102 2075
2102 2084
2102 2093
2102 2099
2102 2100
2102 2101
2102 2105
2102 2183
2103 645
2103 1374
2103 1617
2103 1860
2103 2022
2103 2049
2103 2076
2103 2085
2103 2094
2103 2097
2103 2100
2103 2104
2103 2105
2103 2184
2104 646
2104 1375
2104 1618
2104 1861
2104 2023
2104 2050
2104 2077
2104 2086
2104 2095
2104 2098
2104 2101
2104 2103
2104 2105
2104 2185
2105 647
2105 1376
2105 1619
2105 1862
2105 2024
2105 2051
2105 2078
2105 2087
2105 2096
2105 2099
2105 2102
2105 2103
2105 2104
2105 2186
2106 648
2106 1377
2106 1620
2106 1863
2106 1944
2106 2025
2106 2107
2106 2108
2106 2109
2106 2112
2106 2115
2106 2124
2106 2133
2106 2160
2107 649
2107 1378
2107 1621
2107 1864
2107 1945
2107 2026
2107 2106
2107 2108
2107 2110
2107 2113
2107 2116
2107 2125
2107 2134
2107 2161
2108 650
2108 1379
2108 1622
2108 1865
2108 1946
2108 2027
2108 2106
2108 2107
2108 2111
2108 2114
2108 2117
2108 2126
2108 2135
2108 2162
2109 651
2109 1380
2109 1623
2109 1866
2109 1947
2109 2028
2109 2106
2109 2110
2109 2111
2109 2112
2109 2118
2109 2127
2109 2136
2109 2163
2110 652
2110 1381
2110 1624
2110 1867
2110 1948
2110 2029
2110 2107
2110 2109
2110 2111
2110 2113
2110 2119
2110 2128
2110 2137
2110 2164
2111 653
2111 1382
2111 1625
2111 1868
2111 1949
2111 2030
2111 2108
2111 2109
2111 2110
2111 2114
2111 2120
2111 2129
2111 2138
2111 2165
2112 654
2112 1383
2112 1626
2112 1869
2112 1950
2112 2031
2112 2106
2112 2109
2112 2113
2112 2114
2112 2121
2112 2130
2112 2139
2112 2166
2113 655
2113 1384
2113 1627
2113 1870
2113 1951
2113 2032
2113 2107
2113 2110
2113 2112
2113 2114
2113 2122
2113 2131
2113 2140
2113 2167
2114 656
2114 1385
2114 1628
2114 1871
2114 1952
2114 2033
2114 2108
2114 2111
2114 2112
2114 2113
2114 2123
2114 2132
2114 2141
2114 2168
2115 657
2115 1386
2115 1629
2115 1872
2115 1953
2115 2034
2115 2106
2115 2116
2115 2117
2115 2118
2115 2121
2115 2124
2115 2142
2115 2169
2116 658
2116 1387
2116 1630
2116 1873
2116 1954
2116 2035
2116 2107
2116 2115
2116 2117
2116 2119
2116 2122
2116 2125
2116 2143
2116 2170
2117 659
2117 1388
2117 1631
2117 1874
2117 1955
2117 2036
2117 2108
2117 2115
2117 2116
2117 2120
2117 2123
2117 2126
2117 2144
2117 2171
2118 660
2118 1389
2118 1632
2118 1875
2118 1956
2118 2037
2118 2109
2118 2115
2118 2119
2118 2120
2118 2121
2118 2127
2118 2145
2118 2172
2119 661
2119 1390
2119 1633
2119 1876
2119 1957
2119 2038
2119 2110
2119 2116
2119 2118
2119 2120
2119 2122
2119 2128
2119 2146
2119 2173
2120 662
2120 1391
2120 1634
2120 1877
2120 1958
2120 2039
2120 2111
2120 2117
2120 2118
2120 2119
2120 2123
2120 2129
2120 2147
2120 2174
2121 663
2121 1392
2121 1635
2121 1878
2121 1959
2121 2040
2121 2112
2121 2115
2121 2118
2121 2122
2121 2123
2121 2130
2121 2148
2121 2175
2122 664
2122 1393
2122 1636
2122 1879
2122 1960
2122 2041
2122 2113
2122 2116
2122 2119
2122 2121
2122 2123
2122 2131
2122 2149
2122 2176
2123 665
2123 1394
2123 1637
2123 1880
2123 1961
2123 2042
2123 2114
2123 2117
2123 2120
2123 2121
2123 2122
2123 2132
2123 2150
2123 2177
2124 666
2124 1395
2124 1638
2124 1881
2124 1962
2124 2043
2124 2106
2124 2115
2124 2125
2124 2126
2124 2127
2124 2130
2124 2151
2124 2178
2125 667
2125 1396
2125 1639
2125 1882
2125 1963
2125 2044
2125 2107
2125 2116
2125 2124
2125 2126
2125 2128
2125 2131
2125 2152
2125 2179
2126 668
2126 1397
2126 1640
2126 1883
2126 1964
2126 2045
2126 2108
2126 2117
2126 2124
2126 2125
2126 2129
2126 2132
2126 2153
2126 2180
2127 669
2127 1398
2127 1641
2127 1884
2127 1965
2127 2046
2127 2109
2127 2118
2127 2124
2127 2128
2127 2129
2127 2130
2127 2154
2127 2181
2128 670
2128 1399
2128 1642
2128 1885
2128 1966
2128 2047
2128 2110
2128 2119
2128 2125
2128 2127
2128 2129
2128 2131
2128 2155
2128 2182
2129 671
2129 1400
2129 1643
2129 1886
2129 1967
2129 2048
2129 2111
2129 2120
2129 2126
2129 2127
2129 2128
2129 2132
2129 2156
2129 2183
2130 672
2130 1401
2130 1644
2130 1887
2130 1968
2130 2049
2130 2112
2130 2121
2130 2124
2130 2127
2130 2131
2130 2132
2130 2157
2130 2184
2131 673
2131 1402
2131 1645
2131 1888
2131 1969
2131 2050
2131 2113
2131 2122
2131 2125
2131 2128
2131 2130
2131 2132
2131 2158
2131 2185
2132 674
2132 1403
2132 1646
2132 1889
2132 1970
2132 2051
2132 2114
2132 2123
2132 2126
2132 2129
2132 2130
2132 2131
2132 2159
2132 2186
2133 675
2133 1404
2133 1647
2133 1890
2133 1971
2133 2052
2133 2106
2133 2134
2133 2135
2133 2136
2133 2139
2133 2142
2133 2151
2133 2160
2134 676
2134 1405
2134 1648
2134 1891
2134 1972
2134 2053
2134 2107
2134 2133
2134 2135
2134 2137
2134 2140
2134 2143
2134 2152
2134 2161
2135 677
2135 1406
2135 1649
2135 1892
2135 1973
2135 2054
2135 2108
2135 2133
2135 2134
2135 2138
2135 2141
2135 2144
2135 2153
2135 2162
2136 678
2136 1407
2136 1650
2136 1893
2136 1974
2136 2055
2136 2109
2136 2133
2136 2137
2136 2138
2136 2139
2136 2145
2136 2154
2136 2163
2137 679
2137 1408
2137 1651
2137 1894
2137 1975
2137 2056
2137 2110
2137 2134
2137 2136
2137 2138
2137 2140
2137 2146
2137 2155
2137 2164
2138 680
2138 1409
2138 1652
2138 1895
2138 1976
2138 2057
2138 2111
2138 2135
2138 2136
2138 2137
2138 2141
2138 2147
2138 2156
2138 2165
2139 681
2139 1410
2139 1653
2139 1896
2139 1977
2139 2058
2139 2112
2139 2133
2139 2136
2139 2140
2139 2141
2139 2148
2139 2157
2139 2166
2140 682
2140 1411
2140 1654
2140 1897
2140 1978
2140 2059
2140 2113
2140 2134
2140 2137
2140 2139
2140 2141
2140 2149
2140 2158
2140 2167
2141 683
2141 1412
2141 1655
2141 1898
2141 1979
2141 2060
2141 2114
2141 2135
2141 2138
2141 2139
2141 2140
2141 2150
2141 2159
2141 2168
2142 684
2142 1413
2142 1656
2142 1899
2142 1980
2142 2061
2142 2115
2142 2133
2142 2143
2142 2144
2142 2145
2142 2148
2142 2151
2142 2169
2143 685
2143 1414
2143 1657
2143 1900
2143 1981
2143 2062
2143 2116
2143 2134
2143 2142
2143 2144
2143 2146
2143 2149
2143 2152
2143 2170
2144 686
2144 1415
2144 1658
2144 1901
2144 1982
2144 2063
2144 2117
2144 2135
2144 2142
2144 2143
2144 2147
2144 2150
2144 2153
2144 2171
2145 687
2145 1416
2145 1659
2145 1902
2145 1983
2145 2064
2145 2118
2145 2136
2145 2142
2145 2146
2145 2147
2145 2148
2145 2154
2145 2172
2146 688
2146 1417
2146 1660
2146 1903
2146 1984
2146 2065
2146 2119
2146 2137
2146 2143
2146 2145
2146 2147
2146 2149
2146 2155
2146 2173
2147 689
2147 1418
2147 1661
2147 1904
2147 1985
2147 2066
2147 2120
2147 2138
2147 2144
2147 2145
2147 2146
2147 2150
2147 2156
2147 2174
2148 690
2148 1419
2148 1662
2148 1905
2148 1986
2148 2067
2148 2121
2148 2139
2148 2142
2148 2145
2148 2149
2148 2150
2148 2157
2148 2175
2149 691
2149 1420
2149 1663
2149 1906
2149 1987
2149 2068
2149 2122
2149 2140
2149 2143
2149 2146
2149 2148
2149 2150
2149 2158
2149 2176
2150 692
2150 1421
2150 1664
2150 1907
2150 1988
2150 2069
2150 2123
2150 2141
2150 2144
2150 2147
2150 2148
2150 2149
2150 2159
2150 2177
2151 693
2151 1422
2151 1665
2151 1908
2151 1989
2151 2070
2151 2124
2151 2133
2151 2142
2151 2152
2151 2153
2151 2154
2151 2157
2151 2178
2152 694
2152 1423
2152 1666
2152 1909
2152 1990
2152 2071
2152 2125
2152 2134
2152 2143
2152 2151
2152 2153
2152 2155
2152 2158
2152 2179
2153 695
2153 1424
2153 1667
2153 1910
2153 1991
2153 2072
2153 2126
2153 2135
2153 2144
2153 2151
2153 2152
2153 2156
2153 2159
2153 2180
2154 696
2154 1425
2154 1668
2154 1911
2154 1992
2154 2073
2154 2127
2154 2136
2154 2145
2154 2151
2154 2155
2154 2156
2154 2157
2154 2181
2155 697
2155 1426
2155 1669
2155 1912
2155 1993
2155 2074
2155 2128
2155 2137
2155 2146
2155 2152
2155 2154
2155 2156
2155 2158
2155 2182
2156 698
2156 1427
2156 1670
2156 1913
2156 1994
2156 2075
2156 2129
2156 2138
2156 2147
2156 2153
2156 2154
2156 2155
2156 2159
2156 2183
2157 699
2157 1428
2157 1671
2157 1914
2157 1995
2157 2076
2157 2130
2157 2139
2157 2148
2157 2151
2157 2154
2157 2158
2157 2159
2157 2184
2158 700
2158 1429
2158 1672
2158 1915
2158 1996
2158 2077
2158 2131
2158 2140
2158 2149
2158 2152
2158 2155
2158 2157
2158 2159
2158 2185
2159 701
2159 1430
2159 1673
2159 1916
2159 1997
2159 2078
2159 2132
2159 2141
2159 2150
2159 2153
2159 2156
2159 2157
2159 2158
2159 2186
2160 702
2160 1431
2160 1674
2160 1917
2160 1998
2160 2079
2160 2106
2160 2133
2160 2161
2160 2162
2160 2163
2160 2166
2160 2169
2160 2178
2161 703
2161 1432
2161 1675
2161 1918
2161 1999
2161 2080
2161 2107
2161 2134
2161 2160
2161 2162
2161 2164
2161 2167
2161 2170
2161 2179
2162 704
2162 1433
2162 1676
2162 1919
2162 2000
2162 2081
2162 2108
2162 2135
2162 2160
2162 2161
2162 2165
2162 2168
2162 2171
2162 2180
2163 705
2163 1434
2163 1677
2163 1920
2163 2001
2163 2082
2163 2109
2163 2136
2163 2160
2163 2164
2163 2165
2163 2166
2163 2172
2163 2181
2164 706
2164 1435
2164 1678
2164 1921
2164 2002
2164 2083
2164 2110
2164 2137
2164 2161
2164 2163
2164 2165
2164 2167
2164 2173
2164 2182
2165 707
2165 1436
2165 1679
2165 1922
2165 2003
2165 2084
2165 2111
2165 2138
2165 2162
2165 2163
2165 2164
2165 2168
2165 2174
2165 2183
2166 708
2166 1437
2166 1680
2166 1923
2166 2004
2166 2085
2166 2112
2166 2139
2166 2160
2166 2163
2166 2167
2166 2168
2166 2175
2166 2184
2167 709
2167 1438
2167 1681
2167 1924
2167 2005
2167 2086
2167 2113
2167 2140
2167 2161
2167 2164
2167 2166
2167 2168
2167 2176
2167 2185
2168 710
2168 1439
2168 1682
2168 1925
2168 2006
2168 2087
2168 2114
2168 2141
2168 2162
2168 2165
2168 2166
2168 2167
2168 2177
2168 2186
2169 711
2169 1440
2169 1683
2169 1926
2169 2007
2169 2088
2169 2115
2169 2142
2169 2160
2169 2170
2169 2171
2169 2172
2169 2175
2169 2178
2170 712
2170 1441
2170 1684
2170 1927
2170 2008
2170 2089
2170 2116
2170 2143
2170 2161
2170 2169
2170 2171
2170 2173
2170 2176
2170 2179
2171 713
2171 1442
2171 1685
2171 1928
2171 2009
2171 2090
2171 2117
2171 2144
2171 2162
2171 2169
2171 2170
2171 2174
2171 2177
2171 2180
2172 714
2172 1443
2172 1686
2172 1929
2172 2010
2172 2091
2172 2118
2172 2145
2172 2163
2172 2169
2172 2173
2172 2174
2172 2175
2172 2181
2173 715
2173 1444
2173 1687
2173 1930
2173 2011
2173 2092
2173 2119
2173 2146
2173 2164
2173 2170
2173 2172
2173 2174
2173 2176
2173 2182
2174 716
2174 1445
2174 1688
2174 1931
2174 2012
2174 2093
2174 2120
2174 2147
2174 2165
2174 2171
2174 2172
2174 2173
2174 2177
2174 2183
2175 717
2175 1446
2175 1689
2175 1932
2175 2013
2175 2094
2175 2121
2175 2148
2175 2166
2175 2169
2175 2172
2175 2176
2175 2177
2175 2184
2176 718
2176 1447
2176 1690
2176 1933
2176 2014
2176 2095
2176 2122
2176 2149
2176 2167
2176 2170
2176 2173
2176 2175
2176 2177
2176 2185
2177 719
2177 1448
2177 1691
2177 1934
2177 2015
2177 2096
2177 2123
2177 2150
2177 2168
2177 2171
2177 2174
2177 2175
2177 2176
2177 2186
2178 720
2178 1449
2178 1692
2178 1935
2178 2016
2178 2097
2178 2124
2178 2151
2178 2160
2178 2169
2178 2179
2178 2180
2178 2181
2178 2184
2179 721
2179 1450
2179 1693
2179 1936
2179 2017
2179 2098
2179 2125
2179 2152
2179 2161
2179 2170
2179 2178
2179 2180
2179 2182
2179 2185
2180 722
2180 1451
2180 1694
2180 1937
2180 2018
2180 2099
2180 2126
2180 2153
2180 2162
2180 2171
2180 2178
2180 2179
2180 2183
2180 2186
2181 723
2181 1452
2181 1695
2181 1938
2181 2019
2181 2100
2181 2127
2181 2154
2181 2163
2181 2172
2181 2178
2181 2182
2181 2183
2181 2184
2182 724
2182 1453
2182 1696
2182 1939
2182 2020
2182 2101
2182 2128
2182 2155
2182 2164
2182 2173
2182 2179
2182 2181
2182 2183
2182 2185
2183 725
2183 1454
2183 1697
2183 1940
2183 2021
2183 2102
2183 2129
2183 2156
2183 2165
2183 2174
2183 2180
2183 2181
2183 2182
2183 2186
2184 726
2184 1455
2184 1698
2184 1941
2184 2022
2184 2103
2184 2130
2184 2157
2184 2166
2184 2175
2184 2178
2184 2181
2184 2185
2184 2186
2185 727
2185 1456
2185 1699
2185 1942
2185 2023
2185 2104
2185 2131
2185 2158
2185 2167
2185 2176
2185 2179
2185 2182
2185 2184
2185 2186
2186 728
2186 1457
2186 1700
2186 1943
2186 2024
2186 2105
2186 2132
2186 2159
2186 2168
2186 2177
2186 2180
2186 2183
2186 2184
2186 2185
8 22 28 43 49 63 75 77 85 96 119 121 129 141 160 176 180 192 202 205 215 217 218 246 255 260 281 284 294 304 316 326 334 344 351 359 364 388 398 399 415 430 432 455 464 474 481 493 495 506 519 537 540 553 566 574 588 599 613 626 630 638 652 653 654 656 679 687 691 694 713 726 729 739 753 768 776 787 800 815 833 838 845 854 862 876 880 882 889 898 900 905 924 938 949 951 967 988 989 990 1003 1006 1019 1028 1047 1059 1075 1080 1089 1095 1105 1108 1113 1121 1130 1136 1139 1155 1168 1182 1198 1201 1214 1215 1229 1251 1252 1265 1277 1284 1291 1307 1309 1322 1326 1348 1351 1368 1392 1396 1403 1406 1418 1423 1434 1442 1447 1469 1471 1473 1490 1503 1511 1519 1531 1536 1539 1558 1565 1573 1587 1593 1595 1604 1607 1623 1640 1645 1652 1656 1657 1686 1691 1702 1707 1724 1734 1740 1764 1769 1771 1780 1794 1796 1798 1806 1814 1828 1840 1844 1864 1887 1901 1907 1912 1917 1935 1948 1965 1969 1973 1975 1981 1988 2001 2018 2025 2039 2062 2067 2072 2078 2094 2101 2114 2115 2119 2136 2157 2161 2167 2183
